{"PREVALENCE_BY_GENDER_AGE_YEAR":{"TRELLIS_NAME":["60-69","0-9","60-69","10-19","60-69","50-59","10-19","0-9","70-79","40-49","40-49","50-59","70-79","70-79","50-59","80-89","60-69","60-69","10-19","60-69","70-79","80-89","60-69","10-19","40-49","50-59","70-79","0-9","10-19","60-69","60-69","70-79","40-49","10-19","50-59","0-9","10-19","70-79","50-59","70-79","0-9","70-79","0-9","60-69","60-69","50-59","60-69","60-69","70-79","10-19","70-79","40-49","50-59","0-9","70-79","0-9","60-69","60-69","20-29","70-79","10-19","70-79","50-59","0-9","10-19","60-69","60-69"],"SERIES_NAME":["MALE","MALE","FEMALE","FEMALE","FEMALE","FEMALE","MALE","MALE","FEMALE","FEMALE","FEMALE","FEMALE","FEMALE","MALE","MALE","MALE","MALE","FEMALE","MALE","FEMALE","FEMALE","FEMALE","FEMALE","FEMALE","FEMALE","FEMALE","MALE","FEMALE","MALE","FEMALE","MALE","FEMALE","FEMALE","FEMALE","MALE","FEMALE","MALE","MALE","FEMALE","FEMALE","MALE","MALE","FEMALE","MALE","FEMALE","FEMALE","MALE","FEMALE","MALE","FEMALE","FEMALE","FEMALE","FEMALE","MALE","MALE","FEMALE","FEMALE","MALE","MALE","FEMALE","FEMALE","MALE","FEMALE","MALE","MALE","FEMALE","MALE"],"X_CALENDAR_YEAR":[2004,2004,2004,2004,2005,2005,2005,2005,2005,2005,2006,2006,2006,2006,2006,2006,2006,2006,2006,2007,2007,2008,2008,2009,2009,2009,2009,2009,2009,2010,2010,2010,2010,2010,2010,2010,2010,2010,2010,2011,2011,2011,2011,2011,2011,2012,2012,2012,2012,2012,2013,2013,2013,2013,2013,2013,2013,2013,2013,2014,2014,2014,2014,2014,2014,2014,2015],"Y_PREVALENCE_1000PP":[0.66275,0.38421,0.48675,0.36445,0.4481,0.48896,1.02828,0.33107,0.75758,0.33398,0.27357,0.22242,0.48293,0.60854,0.46083,1.14987,0.46732,0.50312,0.30477,0.42451,0.53558,0.89837,0.31529,0.24491,0.1929,0.20509,0.62544,0.2665,0.31236,0.33537,0.36798,0.68957,0.25864,0.29169,0.38839,0.23298,0.58965,0.60592,0.23957,0.43325,0.20907,0.67009,0.27535,0.72228,0.24895,0.29175,0.371,0.33691,0.52478,0.26082,0.4862,0.23313,0.3056,0.22434,0.81693,0.25268,0.43118,0.37558,0.32739,0.64387,0.32373,0.46915,0.3347,0.45451,0.3524,0.27203,0.85616]},"PREVALENCE_BY_MONTH":{"X_CALENDAR_MONTH":["200401","200403","200405","200406","200408","200409","200410","200411","200412","200502","200503","200504","200505","200506","200507","200508","200509","200510","200511","200512","200601","200602","200603","200604","200605","200606","200607","200608","200609","200610","200611","200612","200701","200702","200703","200704","200706","200709","200711","200712","200804","200807","200810","200812","200901","200902","200904","200907","200908","200909","200910","200911","200912","201003","201004","201005","201006","201007","201008","201009","201010","201011","201012","201101","201102","201103","201104","201105","201106","201108","201109","201110","201111","201201","201202","201203","201204","201205","201206","201207","201208","201211","201212","201301","201302","201303","201304","201305","201306","201307","201308","201309","201310","201311","201312","201401","201402","201403","201404","201405","201406","201407","201408","201409","201410","201411","201412","201501","201502","201503","201504","201505"],"Y_PREVALENCE_1000PP":[0.13897,0.08878,0.06789,0.05476,0.04231,0.06292,0.04886,0.05201,0.04017,0.03325,0.03224,0.03599,0.04835,0.06459,0.05092,0.06662,0.04922,0.04444,0.0319,0.03554,0.02722,0.05398,0.04553,0.03767,0.04091,0.05535,0.02936,0.03636,0.02529,0.02503,0.02843,0.02832,0.02804,0.02445,0.03109,0.02752,0.02717,0.02678,0.02975,0.0198,0.01942,0.01922,0.01901,0.02521,0.02827,0.02196,0.01872,0.02492,0.03741,0.01867,0.02484,0.02484,0.01863,0.0495,0.03407,0.05271,0.02791,0.03417,0.05599,0.04052,0.04989,0.03438,0.02196,0.04089,0.02207,0.02517,0.038,0.03175,0.02552,0.0322,0.02914,0.03568,0.02604,0.02296,0.02963,0.04287,0.03654,0.0367,0.0202,0.02713,0.02726,0.03125,0.03145,0.02107,0.0284,0.03575,0.04324,0.02909,0.03316,0.04466,0.04526,0.04966,0.05017,0.0747,0.03594,0.04466,0.02486,0.02516,0.03431,0.03961,0.04083,0.05157,0.03896,0.04543,0.05276,0.05091,0.05393,0.07831,0.06489,0.0482,0.1179,0.13961]},"CONDITIONS_BY_TYPE":{"CONCEPT_NAME":["Primary Condition","Secondary Condition"],"COUNT_VALUE":[1686,231]},"AGE_AT_FIRST_DIAGNOSIS":{"CATEGORY":["FEMALE","MALE"],"MIN_VALUE":[0,0],"P10_VALUE":[9,7],"P25_VALUE":[27,16],"MEDIAN_VALUE":[53,50],"P75_VALUE":[71,69],"P90_VALUE":[82,79],"MAX_VALUE":[101,94]}}
