{"PREVALENCE_BY_GENDER_AGE_YEAR":{"TRELLIS_NAME":["40-49","20-29","30-39","30-39","20-29","60-69","30-39","40-49","30-39","40-49","30-39","20-29","40-49","20-29","30-39","40-49","10-19","20-29","30-39","20-29","10-19","40-49","0-9","50-59","30-39","20-29","0-9","10-19","60-69","70-79","50-59","40-49","30-39","20-29","60-69","30-39","40-49","50-59","10-19","0-9","0-9","10-19","50-59","40-49","60-69","20-29","30-39","20-29","0-9","50-59","10-19","40-49","30-39"],"SERIES_NAME":["FEMALE","FEMALE","FEMALE","FEMALE","FEMALE","FEMALE","FEMALE","FEMALE","FEMALE","FEMALE","FEMALE","FEMALE","FEMALE","FEMALE","FEMALE","FEMALE","FEMALE","FEMALE","FEMALE","FEMALE","FEMALE","FEMALE","FEMALE","FEMALE","FEMALE","FEMALE","FEMALE","FEMALE","FEMALE","FEMALE","FEMALE","FEMALE","FEMALE","FEMALE","FEMALE","FEMALE","FEMALE","FEMALE","FEMALE","FEMALE","FEMALE","FEMALE","FEMALE","FEMALE","FEMALE","FEMALE","FEMALE","FEMALE","FEMALE","FEMALE","FEMALE","FEMALE","FEMALE"],"X_CALENDAR_YEAR":[2004,2004,2004,2005,2005,2006,2006,2007,2007,2008,2008,2008,2009,2009,2009,2010,2010,2010,2010,2011,2011,2011,2011,2011,2011,2012,2012,2012,2012,2012,2012,2012,2012,2013,2013,2013,2013,2013,2013,2013,2014,2014,2014,2014,2014,2014,2014,2015,2015,2015,2015,2015,2015],"Y_PREVALENCE_1000PP":[0.46187,0.38583,0.27726,0.22683,0.37845,0.30187,0.29959,0.30076,0.19977,0.35626,0.2147,0.15415,0.28934,0.22207,0.20867,0.3233,0.25002,0.20005,0.23628,0.44458,0.4288,0.33738,0.74738,0.38398,0.32721,0.52719,0.48168,0.39124,0.25268,0.42853,0.40115,0.46578,0.52874,0.94234,0.25871,0.68251,0.23313,0.4584,0.74568,0.92651,1.11493,0.80932,0.83675,0.79653,0.49873,1.15932,0.84101,1.00902,0.66418,0.5149,0.57186,0.89796,0.95426]},"PREVALENCE_BY_MONTH":{"X_CALENDAR_MONTH":["200411","200412","200508","200510","200810","200903","201011","201101","201102","201103","201104","201105","201106","201107","201108","201109","201111","201112","201201","201202","201203","201204","201205","201206","201207","201208","201209","201210","201211","201212","201301","201302","201303","201304","201305","201306","201308","201309","201310","201311","201312","201401","201402","201403","201404","201405","201406","201407","201408","201409","201410","201411","201412","201501","201502","201503","201504","201505"],"Y_PREVALENCE_1000PP":[0.03121,0.03013,0.03331,0.02424,0.01901,0.01873,0.02501,0.02516,0.01892,0.02832,0.03166,0.03492,0.02233,0.03529,0.01932,0.02266,0.02604,0.02943,0.02952,0.02305,0.02968,0.03986,0.03003,0.04713,0.03052,0.03749,0.02748,0.02759,0.02431,0.05591,0.04565,0.03905,0.0429,0.04324,0.03637,0.05527,0.0528,0.05348,0.04245,0.05897,0.04792,0.04466,0.04972,0.05031,0.04718,0.06162,0.07259,0.05626,0.05845,0.08077,0.1108,0.09051,0.12583,0.11095,0.09372,0.12051,0.17685,0.27923]},"CONDITIONS_BY_TYPE":{"CONCEPT_NAME":["Primary Condition","Secondary Condition"],"COUNT_VALUE":[644,395]},"AGE_AT_FIRST_DIAGNOSIS":{"CATEGORY":"FEMALE","MIN_VALUE":0,"P10_VALUE":7,"P25_VALUE":23,"MEDIAN_VALUE":34,"P75_VALUE":48,"P90_VALUE":64,"MAX_VALUE":96}}
