{"PREVALENCE_BY_GENDER_AGE_YEAR":{"TRELLIS_NAME":["30-39","10-19","0-9","20-29","0-9","10-19","10-19","0-9","0-9","40-49","10-19","20-29","0-9","10-19","0-9","20-29","0-9","10-19","0-9","0-9","10-19","0-9","10-19"],"SERIES_NAME":["FEMALE","MALE","MALE","MALE","FEMALE","FEMALE","MALE","MALE","FEMALE","MALE","FEMALE","MALE","MALE","MALE","FEMALE","MALE","FEMALE","MALE","MALE","MALE","MALE","FEMALE","FEMALE"],"X_CALENDAR_YEAR":[2005,2006,2006,2006,2006,2006,2007,2007,2007,2007,2007,2007,2008,2008,2008,2009,2009,2009,2009,2010,2014,2014,2014],"Y_PREVALENCE_1000PP":[0.19443,0.40636,0.56997,0.4949,0.60329,0.2711,0.32969,0.74752,0.48432,0.38405,0.29724,0.3917,0.75781,0.45583,0.30878,0.35723,0.22843,0.44623,0.40826,0.20521,0.3524,0.32519,0.37768]},"PREVALENCE_BY_MONTH":{"X_CALENDAR_MONTH":["200511","200606","200609","200610","200611","200612","200701","200703","200704","200706","200709","200710","200711","200712","200805","200806","200807","200808","200809","200812","200903","200904","200905","200907","200908"],"Y_PREVALENCE_1000PP":[0.02393,0.02214,0.05419,0.06793,0.07106,0.0354,0.02103,0.0449,0.02752,0.02377,0.04018,0.0232,0.02314,0.0231,0.01937,0.01931,0.01922,0.04162,0.03186,0.01891,0.01873,0.02496,0.01867,0.02803,0.0187]},"CONDITIONS_BY_TYPE":{"CONCEPT_NAME":["Primary Condition","Secondary Condition"],"COUNT_VALUE":[330,141]},"AGE_AT_FIRST_DIAGNOSIS":{"CATEGORY":["FEMALE","MALE"],"MIN_VALUE":[0,0],"P10_VALUE":[2,2],"P25_VALUE":[5,4],"MEDIAN_VALUE":[19,16],"P75_VALUE":[48,33],"P90_VALUE":[74,51],"MAX_VALUE":[100,96]}}
