{"PREVALENCE_BY_GENDER_AGE_YEAR":{"TRELLIS_NAME":["0-9","70-79","0-9","0-9"],"SERIES_NAME":["MALE","FEMALE","MALE","MALE"],"X_CALENDAR_YEAR":[2006,2006,2009,2013],"Y_PREVALENCE_1000PP":[0.30399,0.41394,0.23815,0.26173]},"PREVALENCE_BY_MONTH":{"X_CALENDAR_MONTH":["200403","200410","200507","200509","200612","200911","201010","201012","201110","201111","201306","201503"],"Y_PREVALENCE_1000PP":[0.05919,0.04343,0.02546,0.02871,0.02124,0.01863,0.01871,0.01882,0.01946,0.0293,0.02579,0.0482]},"CONDITIONS_BY_TYPE":{"CONCEPT_NAME":["Primary Condition","Secondary Condition"],"COUNT_VALUE":[374,52]},"AGE_AT_FIRST_DIAGNOSIS":{"CATEGORY":["MALE","FEMALE"],"MIN_VALUE":[0,0],"P10_VALUE":[1,3],"P25_VALUE":[3,13],"MEDIAN_VALUE":[20,32],"P75_VALUE":[55,62],"P90_VALUE":[67,73],"MAX_VALUE":[94,93]}}
