{"PREVALENCE_BY_GENDER_AGE_YEAR":{"TRELLIS_NAME":["10-19","10-19","20-29","10-19","0-9","10-19","20-29","10-19","20-29","10-19","10-19","20-29"],"SERIES_NAME":["FEMALE","FEMALE","FEMALE","FEMALE","MALE","FEMALE","FEMALE","FEMALE","FEMALE","FEMALE","MALE","FEMALE"],"X_CALENDAR_YEAR":[2005,2006,2008,2008,2010,2011,2011,2012,2012,2013,2014,2014],"Y_PREVALENCE_1000PP":[0.35395,0.31628,0.15415,0.24785,0.20521,0.38592,0.15691,0.43471,0.27747,0.32623,0.3524,0.26499]},"PREVALENCE_BY_MONTH":{"X_CALENDAR_MONTH":["200507","200806","201308"],"Y_PREVALENCE_1000PP":[0.02546,0.02575,0.0264]},"CONDITIONS_BY_TYPE":{"CONCEPT_NAME":["Primary Condition","Secondary Condition"],"COUNT_VALUE":[119,167]},"AGE_AT_FIRST_DIAGNOSIS":{"CATEGORY":["FEMALE","MALE"],"MIN_VALUE":[0,0],"P10_VALUE":[5,1],"P25_VALUE":[16,15],"MEDIAN_VALUE":[19,19],"P75_VALUE":[27,23],"P90_VALUE":[36,39],"MAX_VALUE":[94,62]}}
