{"PREVALENCE_BY_GENDER_AGE_YEAR":{"TRELLIS_NAME":["20-29","60-69","40-49","50-59","60-69","30-39","40-49","30-39","40-49","50-59","50-59","20-29","40-49","40-49","30-39","20-29","50-59","20-29","70-79","40-49","20-29","60-69","40-49","50-59","30-39","20-29","30-39","20-29","20-29","60-69","40-49","50-59","30-39","20-29","60-69","60-69","30-39","70-79","50-59","40-49","70-79","70-79","40-49","70-79","50-59","40-49","20-29","60-69","20-29","30-39","20-29","50-59"],"SERIES_NAME":["MALE","MALE","MALE","FEMALE","FEMALE","MALE","MALE","MALE","MALE","FEMALE","MALE","MALE","MALE","FEMALE","MALE","FEMALE","FEMALE","MALE","FEMALE","MALE","MALE","FEMALE","FEMALE","FEMALE","MALE","MALE","FEMALE","FEMALE","MALE","FEMALE","MALE","FEMALE","FEMALE","MALE","MALE","FEMALE","MALE","FEMALE","FEMALE","FEMALE","MALE","FEMALE","MALE","MALE","FEMALE","FEMALE","FEMALE","MALE","MALE","MALE","MALE","FEMALE"],"X_CALENDAR_YEAR":[2004,2004,2004,2004,2005,2005,2005,2006,2007,2007,2007,2007,2008,2008,2008,2008,2009,2009,2010,2010,2010,2011,2011,2011,2011,2011,2011,2012,2012,2012,2012,2012,2012,2013,2013,2013,2013,2013,2013,2013,2013,2014,2014,2014,2014,2014,2014,2014,2014,2014,2015,2015],"Y_PREVALENCE_1000PP":[0.65311,0.85211,0.84724,0.30378,0.39209,0.67996,0.46845,0.47609,0.65836,0.21553,0.37355,0.3917,0.4872,0.2591,0.42628,0.15415,0.23928,0.40827,0.43882,0.43328,0.50208,0.37343,0.23617,0.20945,0.36406,0.50322,0.21814,0.19423,0.46332,0.2948,0.4795,0.21881,0.235,0.81846,0.59019,0.4743,0.51951,0.54698,0.2292,0.27198,0.4456,0.45071,0.59299,0.46915,0.29286,0.26551,0.33124,0.50882,0.62069,1.0142,1.27779,0.44134]},"PREVALENCE_BY_MONTH":{"X_CALENDAR_MONTH":["200401","200402","200404","200406","200407","200408","200409","200410","200411","200412","200501","200502","200503","200504","200505","200507","200508","200509","200512","200604","200606","200612","200701","200702","200703","200705","200706","200707","200710","200711","200712","200801","200803","200804","200806","200807","200808","200809","200810","200901","200907","200908","200909","200912","201001","201002","201003","201004","201005","201006","201007","201008","201010","201101","201103","201104","201105","201106","201107","201108","201109","201110","201111","201201","201202","201203","201204","201205","201206","201207","201208","201209","201210","201212","201301","201302","201303","201304","201305","201306","201307","201308","201309","201310","201311","201312","201401","201403","201404","201405","201407","201408","201409","201410","201411","201412","201501","201502","201503","201504","201505"],"Y_PREVALENCE_1000PP":[0.23823,0.13063,0.0678,0.11636,0.09615,0.0544,0.0572,0.03257,0.04681,0.03515,0.03894,0.0285,0.03685,0.04499,0.04835,0.02546,0.02498,0.03281,0.03159,0.02637,0.04059,0.02478,0.02454,0.02095,0.0449,0.02046,0.03056,0.02367,0.03646,0.02314,0.03299,0.02619,0.01949,0.02266,0.01931,0.02563,0.02881,0.0223,0.02851,0.02513,0.02492,0.02182,0.01867,0.02173,0.01863,0.02175,0.03713,0.02478,0.02171,0.0217,0.03417,0.028,0.02806,0.02202,0.02203,0.04433,0.02222,0.03828,0.03529,0.03864,0.03237,0.03244,0.01953,0.02624,0.03293,0.02638,0.04651,0.03337,0.03366,0.02035,0.03067,0.02748,0.03794,0.02446,0.02809,0.0284,0.03218,0.03603,0.02909,0.06633,0.03349,0.03771,0.02674,0.06175,0.04718,0.03994,0.04872,0.03354,0.04718,0.08363,0.0422,0.03409,0.06562,0.08442,0.05657,0.06591,0.09789,0.05768,0.08034,0.1179,0.20942]},"CONDITIONS_BY_TYPE":{"CONCEPT_NAME":["Primary Condition","Secondary Condition"],"COUNT_VALUE":[1177,274]},"AGE_AT_FIRST_DIAGNOSIS":{"CATEGORY":["MALE","FEMALE"],"MIN_VALUE":[4,7],"P10_VALUE":[20,22],"P25_VALUE":[28,32],"MEDIAN_VALUE":[42,52],"P75_VALUE":[60,67],"P90_VALUE":[71,79],"MAX_VALUE":[88,92]}}
