{"PREVALENCE_BY_GENDER_AGE_YEAR":{"TRELLIS_NAME":["0-9","0-9","10-19","0-9","0-9","0-9","10-19","0-9","10-19","0-9","0-9","10-19","10-19","0-9","0-9","0-9","10-19","0-9","10-19","0-9","0-9","0-9","0-9","10-19","0-9","10-19","0-9","0-9","0-9","0-9","0-9","0-9","0-9"],"SERIES_NAME":["MALE","FEMALE","FEMALE","MALE","FEMALE","FEMALE","FEMALE","MALE","MALE","MALE","FEMALE","MALE","FEMALE","FEMALE","MALE","FEMALE","MALE","MALE","FEMALE","MALE","FEMALE","MALE","FEMALE","FEMALE","MALE","MALE","FEMALE","FEMALE","MALE","FEMALE","MALE","MALE","FEMALE"],"X_CALENDAR_YEAR":[2004,2004,2005,2005,2005,2006,2006,2006,2006,2007,2007,2008,2008,2008,2008,2009,2009,2009,2010,2010,2010,2011,2011,2011,2012,2012,2012,2013,2013,2014,2014,2015,2015],"Y_PREVALENCE_1000PP":[0.96052,3.42504,0.40451,1.57259,3.36339,3.57666,0.2711,1.51993,0.30477,1.45944,3.47096,0.68375,0.37178,3.43523,1.6534,2.36047,0.31236,1.05467,0.33336,0.68402,1.74737,0.87111,2.67485,0.4288,0.74813,0.28329,2.00698,2.52685,0.93475,2.36923,0.90902,0.87636,1.41137]},"PREVALENCE_BY_MONTH":{"X_CALENDAR_MONTH":["200401","200402","200403","200404","200405","200406","200407","200408","200409","200410","200411","200412","200501","200502","200503","200504","200505","200506","200507","200508","200509","200510","200511","200512","200601","200602","200603","200604","200605","200606","200607","200608","200609","200610","200611","200612","200701","200702","200703","200704","200705","200706","200707","200708","200709","200710","200711","200712","200801","200802","200803","200804","200805","200806","200807","200808","200809","200810","200811","200812","200901","200902","200903","200904","200905","200906","200907","200908","200909","200910","200911","200912","201001","201002","201003","201004","201005","201006","201007","201008","201009","201010","201011","201012","201101","201102","201103","201104","201105","201106","201107","201108","201109","201110","201111","201112","201201","201202","201203","201204","201205","201208","201209","201210","201211","201301","201303","201304","201305","201306","201307","201308","201309","201310","201311","201401","201402","201403","201404","201405","201406","201407","201408","201409","201410","201412","201501","201502","201505"],"Y_PREVALENCE_1000PP":[0.27793,0.13063,0.06905,0.09323,0.12069,0.1232,0.07051,0.04231,0.07435,0.07057,0.04681,0.03515,0.06815,0.04275,0.0829,0.07649,0.06593,0.05167,0.07638,0.04996,0.04102,0.0404,0.05981,0.05528,0.04667,0.07326,0.04553,0.04144,0.02975,0.06273,0.06972,0.05818,0.06141,0.05005,0.08528,0.04247,0.03506,0.03143,0.04145,0.04816,0.05796,0.04754,0.04395,0.04372,0.05357,0.04641,0.05949,0.04289,0.0622,0.04244,0.03897,0.05179,0.0355,0.04185,0.05767,0.03842,0.0669,0.08236,0.04749,0.07249,0.0534,0.05333,0.03434,0.04057,0.03734,0.03111,0.03426,0.04676,0.04667,0.04968,0.03416,0.04347,0.03105,0.02486,0.03713,0.02787,0.02171,0.0217,0.01864,0.03422,0.02806,0.04677,0.04064,0.02823,0.04718,0.04729,0.0535,0.05699,0.02222,0.03509,0.04171,0.01932,0.03885,0.0519,0.03256,0.02616,0.03608,0.02634,0.03297,0.02658,0.02669,0.03749,0.02061,0.02069,0.02778,0.05969,0.03933,0.04684,0.05455,0.04053,0.02977,0.04148,0.02674,0.03088,0.03931,0.04466,0.02901,0.03354,0.03002,0.03521,0.05898,0.03751,0.0828,0.04543,0.07387,0.03595,0.05221,0.05047,0.13961]},"CONDITIONS_BY_TYPE":{"CONCEPT_NAME":["Primary Condition","Secondary Condition"],"COUNT_VALUE":[1965,151]},"AGE_AT_FIRST_DIAGNOSIS":{"CATEGORY":["MALE","FEMALE"],"MIN_VALUE":[0,0],"P10_VALUE":[0,0],"P25_VALUE":[0,0],"MEDIAN_VALUE":[0,0],"P75_VALUE":[4,2],"P90_VALUE":[11,7],"MAX_VALUE":[22,61]}}
