{"PREVALENCE_BY_GENDER_AGE_YEAR":{"TRELLIS_NAME":["0-9","0-9","0-9","0-9","0-9","0-9","0-9","0-9","0-9","0-9","0-9","0-9","0-9","20-29","0-9","0-9","0-9"],"SERIES_NAME":["MALE","MALE","FEMALE","MALE","FEMALE","MALE","FEMALE","MALE","FEMALE","MALE","FEMALE","FEMALE","MALE","FEMALE","FEMALE","MALE","FEMALE"],"X_CALENDAR_YEAR":[2006,2007,2008,2009,2009,2010,2010,2011,2011,2012,2012,2013,2013,2013,2014,2014,2015],"Y_PREVALENCE_1000PP":[0.30399,0.24917,0.30878,0.20413,0.2665,0.37621,0.3883,0.73173,0.62938,0.81938,1.24433,1.1792,1.04692,0.17669,0.97556,1.15693,0.66418]},"PREVALENCE_BY_MONTH":{"X_CALENDAR_MONTH":["200606","200607","200708","200806","200807","200907","201007","201008","201103","201105","201106","201107","201203","201205","201206","201207","201208","201212","201301","201304","201305","201306","201307","201308","201309","201404","201406","201407","201408","201505"],"Y_PREVALENCE_1000PP":[0.02214,0.02936,0.02018,0.01931,0.01922,0.02492,0.02485,0.02489,0.02517,0.01905,0.03509,0.04813,0.02308,0.02669,0.04376,0.06104,0.03067,0.02446,0.02107,0.02162,0.02546,0.0479,0.07071,0.04526,0.02292,0.03431,0.04537,0.07502,0.05358,0.08377]},"CONDITIONS_BY_TYPE":{"CONCEPT_NAME":["Primary Condition","Secondary Condition"],"COUNT_VALUE":[249,231]},"AGE_AT_FIRST_DIAGNOSIS":{"CATEGORY":["MALE","FEMALE"],"MIN_VALUE":[0,0],"P10_VALUE":[0,0],"P25_VALUE":[0,0],"MEDIAN_VALUE":[1,2],"P75_VALUE":[18,28],"P90_VALUE":[39,52],"MAX_VALUE":[89,96]}}
