{"PREVALENCE_BY_GENDER_AGE_YEAR":{"TRELLIS_NAME":["60-69","60-69","40-49","50-59","70-79","60-69"],"SERIES_NAME":["MALE","FEMALE","MALE","FEMALE","FEMALE","MALE"],"X_CALENDAR_YEAR":[2014,2014,2014,2014,2015,2015],"Y_PREVALENCE_1000PP":[0.7915,0.54407,0.59299,0.25103,0.72592,0.57078]},"PREVALENCE_BY_MONTH":{"X_CALENDAR_MONTH":["201312","201403","201404","201405","201406","201408","201409","201410","201411","201412","201501","201502","201503","201504","201505"],"Y_PREVALENCE_1000PP":[0.02396,0.02516,0.0386,0.03961,0.0499,0.03409,0.04543,0.03166,0.06222,0.05393,0.05874,0.06489,0.08034,0.06878,0.11169]},"CONDITIONS_BY_TYPE":{"CONCEPT_NAME":["Primary Condition","Secondary Condition"],"COUNT_VALUE":[14,284]},"AGE_AT_FIRST_DIAGNOSIS":{"CATEGORY":["MALE","FEMALE"],"MIN_VALUE":[0,4],"P10_VALUE":[22,27],"P25_VALUE":[43,51],"MEDIAN_VALUE":[60,63],"P75_VALUE":[69,74],"P90_VALUE":[78,82],"MAX_VALUE":[87,93]}}
