{"PREVALENCE_BY_GENDER_AGE_YEAR":{"TRELLIS_NAME":["10-19","10-19","10-19","10-19"],"SERIES_NAME":["MALE","MALE","MALE","FEMALE"],"X_CALENDAR_YEAR":[2010,2011,2012,2012],"Y_PREVALENCE_1000PP":[0.36286,0.37058,0.28329,0.30429]},"PREVALENCE_BY_MONTH":{"X_CALENDAR_MONTH":["200909","201001","201005","201206","201208","201301","201307","201410"],"Y_PREVALENCE_1000PP":[0.01867,0.02484,0.02171,0.02356,0.02386,0.02107,0.02233,0.03166]},"CONDITIONS_BY_TYPE":{"CONCEPT_NAME":["Primary Condition","Secondary Condition"],"COUNT_VALUE":[193,98]},"AGE_AT_FIRST_DIAGNOSIS":{"CATEGORY":["MALE","FEMALE"],"MIN_VALUE":[0,2],"P10_VALUE":[6,8],"P25_VALUE":[9,10],"MEDIAN_VALUE":[14,24],"P75_VALUE":[29,52],"P90_VALUE":[62,74],"MAX_VALUE":[88,87]}}
