{"PREVALENCE_BY_GENDER_AGE_YEAR":{"TRELLIS_NAME":["0-9","0-9","10-19","10-19","30-39","0-9","0-9","10-19","10-19","10-19","0-9","70-79","10-19","0-9","0-9","10-19","0-9","10-19","0-9","0-9","70-79","80-89","60-69","10-19","0-9","0-9","70-79","70-79","0-9","0-9","0-9","0-9","10-19","60-69","0-9","0-9","10-19","10-19","20-29","0-9","10-19","0-9","0-9","0-9","10-19","30-39","20-29"],"SERIES_NAME":["MALE","FEMALE","MALE","FEMALE","MALE","FEMALE","MALE","MALE","FEMALE","FEMALE","FEMALE","FEMALE","MALE","MALE","MALE","MALE","FEMALE","MALE","FEMALE","MALE","FEMALE","FEMALE","MALE","MALE","MALE","FEMALE","FEMALE","FEMALE","MALE","FEMALE","MALE","FEMALE","MALE","FEMALE","MALE","FEMALE","MALE","FEMALE","MALE","FEMALE","MALE","MALE","FEMALE","MALE","MALE","MALE","MALE"],"X_CALENDAR_YEAR":[2004,2004,2004,2004,2005,2005,2005,2005,2005,2006,2006,2006,2006,2006,2007,2007,2007,2008,2008,2008,2008,2009,2009,2009,2009,2009,2009,2010,2010,2010,2011,2011,2011,2011,2012,2012,2012,2012,2012,2013,2013,2013,2014,2014,2014,2014,2014],"Y_PREVALENCE_1000PP":[1.68091,1.49155,1.33315,0.72891,0.45331,0.70071,1.73812,1.77092,0.40451,0.36147,0.73257,0.41394,0.71113,0.60797,0.35596,0.61228,0.28252,0.31908,0.34738,0.48224,0.45322,0.86374,0.38302,0.44623,0.54435,0.53301,0.37893,0.43882,0.61562,0.5048,0.3136,0.4327,0.27793,0.33194,0.4275,0.44154,0.37771,0.30429,0.30888,0.46326,0.50746,0.33651,0.27873,0.28923,0.41114,0.43466,0.43449]},"PREVALENCE_BY_MONTH":{"X_CALENDAR_MONTH":["200401","200402","200403","200404","200405","200406","200407","200408","200409","200410","200411","200412","200501","200502","200503","200504","200505","200506","200507","200508","200509","200510","200511","200512","200601","200602","200603","200604","200605","200606","200607","200608","200609","200610","200612","200701","200705","200706","200707","200708","200709","200710","200711","200712","200804","200805","200807","200808","200809","200810","200811","200812","200901","200902","200903","200904","200905","200906","200907","200908","200909","200910","200912","201002","201003","201004","201005","201006","201007","201008","201009","201010","201011","201012","201102","201103","201104","201105","201106","201107","201108","201109","201111","201112","201201","201202","201203","201204","201205","201206","201207","201208","201209","201211","201212","201301","201302","201303","201304","201305","201306","201307","201308","201309","201310","201311","201312","201401","201402","201403","201404","201406","201407","201408","201409","201410","201411","201503","201504","201505"],"Y_PREVALENCE_1000PP":[0.11911,0.11757,0.10851,0.11018,0.12069,0.14374,0.05769,0.09671,0.09723,0.08686,0.04161,0.03515,0.04381,0.06176,0.03224,0.03599,0.05275,0.09473,0.05092,0.07495,0.06153,0.07273,0.07178,0.03159,0.03111,0.02699,0.05691,0.05274,0.03719,0.0369,0.04403,0.03636,0.03974,0.03575,0.02478,0.02103,0.02046,0.02717,0.03043,0.03363,0.02678,0.02652,0.03636,0.0198,0.01942,0.02905,0.01922,0.02241,0.0223,0.05068,0.02216,0.02837,0.02199,0.0251,0.02809,0.03745,0.04979,0.04666,0.04049,0.03741,0.04667,0.03105,0.01863,0.02486,0.01856,0.02478,0.02481,0.03721,0.02796,0.03422,0.02494,0.01871,0.02813,0.01882,0.02207,0.02832,0.03166,0.01905,0.02233,0.04492,0.04508,0.03237,0.02604,0.01962,0.02952,0.03293,0.03627,0.02325,0.04671,0.04713,0.0407,0.02726,0.02748,0.03125,0.02796,0.02107,0.0213,0.02503,0.05405,0.03637,0.04053,0.05954,0.04903,0.0382,0.05017,0.04718,0.02396,0.03248,0.03729,0.03774,0.0386,0.02722,0.02813,0.03409,0.04038,0.03693,0.0396,0.07231,0.08843,0.09773]},"CONDITIONS_BY_TYPE":{"CONCEPT_NAME":["Primary Condition","Secondary Condition"],"COUNT_VALUE":[2331,273]},"AGE_AT_FIRST_DIAGNOSIS":{"CATEGORY":["FEMALE","MALE"],"MIN_VALUE":[0,0],"P10_VALUE":[3,4],"P25_VALUE":[7,6],"MEDIAN_VALUE":[29,14],"P75_VALUE":[66,37],"P90_VALUE":[79,59],"MAX_VALUE":[98,92]}}
