{"PREVALENCE_BY_GENDER_AGE_YEAR":{"TRELLIS_NAME":["0-9","10-19","0-9","0-9","10-19","10-19","10-19","0-9","10-19","0-9","0-9","10-19","0-9","0-9","10-19","0-9","10-19","0-9","10-19","10-19","0-9","10-19","0-9"],"SERIES_NAME":["MALE","MALE","FEMALE","MALE","MALE","MALE","MALE","MALE","MALE","FEMALE","MALE","MALE","MALE","MALE","MALE","MALE","MALE","MALE","MALE","MALE","MALE","MALE","MALE"],"X_CALENDAR_YEAR":[2004,2004,2005,2005,2005,2006,2007,2007,2008,2008,2008,2009,2009,2010,2010,2011,2011,2012,2012,2013,2013,2014,2014],"Y_PREVALENCE_1000PP":[0.52829,0.49116,0.28028,0.28969,0.51414,0.66033,0.47099,0.28477,0.547,0.23159,0.4478,0.53548,0.20413,0.27361,0.54429,0.3136,0.50954,0.39188,0.3305,0.45671,0.33651,0.41114,0.33055]},"PREVALENCE_BY_MONTH":{"X_CALENDAR_MONTH":["200401","200403","200405","200408","200409","200411","200412","200504","200509","200601","200602","200705","200801","200803","200805","200806","200812","200906","200912","201005","201006","201008","201010","201107","201109","201110","201303","201304","201307","201409"],"Y_PREVALENCE_1000PP":[0.13897,0.05919,0.06035,0.03626,0.03432,0.03121,0.03013,0.02699,0.02461,0.02722,0.02699,0.02387,0.02946,0.01949,0.01937,0.01931,0.02206,0.01867,0.01863,0.0186,0.02791,0.02489,0.02183,0.02246,0.01942,0.02595,0.02145,0.02162,0.02977,0.03029]},"CONDITIONS_BY_TYPE":{"CONCEPT_NAME":["Primary Condition","Secondary Condition"],"COUNT_VALUE":[863,87]},"AGE_AT_FIRST_DIAGNOSIS":{"CATEGORY":["MALE","FEMALE"],"MIN_VALUE":[1,1],"P10_VALUE":[4,5],"P25_VALUE":[6,7],"MEDIAN_VALUE":[9,16],"P75_VALUE":[17,36],"P90_VALUE":[51,62],"MAX_VALUE":[84,75]}}
