{"PREVALENCE_BY_GENDER_AGE_YEAR":{"TRELLIS_NAME":["70-79","70-79","70-79","50-59","80-89","60-69","60-69","60-69","50-59","70-79","80-89","70-79","60-69","60-69"],"SERIES_NAME":["FEMALE","MALE","FEMALE","MALE","FEMALE","MALE","FEMALE","MALE","MALE","MALE","FEMALE","FEMALE","MALE","FEMALE"],"X_CALENDAR_YEAR":[2004,2007,2007,2007,2007,2008,2008,2009,2009,2010,2011,2012,2014,2014],"Y_PREVALENCE_1000PP":[0.728,0.48952,0.87032,0.37355,0.71031,0.57156,0.31529,0.3283,0.34539,0.53018,0.62604,0.6734,0.45228,0.27203]},"PREVALENCE_BY_MONTH":{"X_CALENDAR_MONTH":["200611","200705","200707","200712","200804","200912","201006","201203","201205","201206"],"Y_PREVALENCE_1000PP":[0.02132,0.03069,0.04395,0.02969,0.01942,0.01863,0.0248,0.02308,0.03003,0.02356]},"CONDITIONS_BY_TYPE":{"CONCEPT_NAME":"Secondary Condition","COUNT_VALUE":448},"AGE_AT_FIRST_DIAGNOSIS":{"CATEGORY":["FEMALE","MALE"],"MIN_VALUE":[11,13],"P10_VALUE":[42,43],"P25_VALUE":[58,56],"MEDIAN_VALUE":[71,65],"P75_VALUE":[80,75],"P90_VALUE":[87,82],"MAX_VALUE":[98,93]}}
