{"PREVALENCE_BY_GENDER_AGE_YEAR":{"TRELLIS_NAME":["70-79","50-59","40-49","80-89","60-69","30-39","10-19","40-49","70-79","50-59","30-39","80-89","60-69","20-29","80-89","60-69","50-59","40-49","70-79","30-39","70-79","50-59","40-49","60-69","80-89","20-29","30-39","60-69","70-79","50-59","40-49","80-89","30-39","60-69","0-9","40-49","70-79","50-59","80-89","30-39","70-79","40-49","0-9","50-59","60-69","80-89","30-39","60-69","20-29","80-89","10-19","40-49","70-79","30-39","50-59","10-19","60-69","20-29","80-89","70-79","50-59","40-49","30-39","20-29","60-69","80-89","30-39","10-19","70-79","40-49","50-59","60-69","80-89","70-79","10-19","50-59","40-49","20-29","30-39","20-29","80-89","60-69","30-39","50-59","40-49","70-79"],"SERIES_NAME":["FEMALE","FEMALE","FEMALE","FEMALE","FEMALE","FEMALE","FEMALE","FEMALE","FEMALE","FEMALE","FEMALE","FEMALE","FEMALE","FEMALE","FEMALE","FEMALE","FEMALE","FEMALE","FEMALE","FEMALE","FEMALE","FEMALE","FEMALE","FEMALE","FEMALE","FEMALE","FEMALE","FEMALE","FEMALE","FEMALE","FEMALE","FEMALE","FEMALE","FEMALE","FEMALE","FEMALE","FEMALE","FEMALE","FEMALE","FEMALE","FEMALE","FEMALE","FEMALE","FEMALE","FEMALE","FEMALE","FEMALE","FEMALE","FEMALE","FEMALE","FEMALE","FEMALE","FEMALE","FEMALE","FEMALE","FEMALE","FEMALE","FEMALE","FEMALE","FEMALE","FEMALE","FEMALE","FEMALE","FEMALE","FEMALE","FEMALE","FEMALE","FEMALE","FEMALE","FEMALE","FEMALE","FEMALE","FEMALE","FEMALE","FEMALE","FEMALE","FEMALE","FEMALE","FEMALE","FEMALE","FEMALE","FEMALE","FEMALE","FEMALE","FEMALE","FEMALE"],"X_CALENDAR_YEAR":[2004,2004,2004,2004,2004,2004,2005,2005,2005,2005,2005,2005,2005,2006,2006,2006,2006,2006,2006,2006,2007,2007,2007,2007,2007,2007,2007,2008,2008,2008,2008,2008,2008,2009,2009,2009,2009,2009,2009,2009,2010,2010,2010,2010,2010,2010,2010,2011,2011,2011,2011,2011,2011,2011,2011,2012,2012,2012,2012,2012,2012,2012,2012,2013,2013,2013,2013,2013,2013,2013,2013,2014,2014,2014,2014,2014,2014,2014,2014,2015,2015,2015,2015,2015,2015,2015],"Y_PREVALENCE_1000PP":[3.003,1.46828,1.24706,1.68209,3.2682,0.55452,0.35395,1.03904,4.01515,1.7521,0.42126,2.36637,3.41679,0.28817,3.28823,2.9684,1.59401,1.06008,4.13936,0.44938,2.81181,2.08348,1.00254,2.59422,2.13093,0.24455,0.34247,2.34213,3.1078,2.12581,1.10118,2.47052,0.5099,2.83798,0.22843,1.02877,2.21043,1.57238,1.18765,0.54776,2.13139,0.61427,0.23298,1.77966,1.97032,2.33645,0.3413,2.44803,0.26152,2.71285,0.34304,0.64103,2.5376,0.32721,1.98974,0.34777,3.20067,0.22198,2.98699,2.6936,1.93283,0.93157,0.41124,0.26503,3.40635,2.32893,0.52739,0.60586,2.978,1.08793,2.3684,3.40044,2.68222,3.28376,0.48559,2.3429,1.01779,0.29811,0.52563,0.44145,2.40207,3.73497,0.44532,2.20669,1.06122,3.11107]},"PREVALENCE_BY_MONTH":{"X_CALENDAR_MONTH":["200401","200402","200403","200404","200405","200406","200407","200408","200409","200410","200411","200412","200501","200502","200503","200504","200505","200506","200507","200508","200509","200510","200511","200512","200601","200602","200603","200604","200605","200606","200607","200608","200609","200610","200611","200612","200701","200702","200703","200704","200705","200706","200707","200708","200709","200710","200711","200712","200801","200802","200803","200804","200805","200806","200807","200808","200809","200810","200811","200812","200901","200902","200903","200904","200905","200906","200907","200908","200909","200910","200911","200912","201001","201002","201003","201004","201005","201006","201007","201008","201009","201010","201011","201012","201101","201102","201103","201104","201105","201106","201107","201108","201109","201110","201111","201112","201201","201202","201203","201204","201205","201206","201207","201208","201209","201210","201211","201212","201301","201302","201303","201304","201305","201306","201307","201308","201309","201310","201311","201312","201401","201402","201403","201404","201405","201406","201407","201408","201409","201410","201411","201412","201501","201502","201503","201504","201505","201506"],"Y_PREVALENCE_1000PP":[0.8735,0.58785,0.57215,0.4831,0.37716,0.33539,0.28205,0.27803,0.24594,0.24428,0.21846,0.24603,0.19957,0.22327,0.27634,0.22496,0.21098,0.23682,0.19519,0.25398,0.19278,0.19798,0.21932,0.20531,0.20222,0.21978,0.1935,0.20344,0.18596,0.21403,0.19448,0.20001,0.24565,0.22524,0.20964,0.22653,0.19631,0.18508,0.16926,0.2064,0.20798,0.20036,0.20286,0.21859,0.1674,0.18231,0.17848,0.15837,0.19316,0.16975,0.19486,0.22334,0.20657,0.19959,0.21787,0.2049,0.21345,0.21223,0.21211,0.18595,0.17906,0.18509,0.18105,0.17475,0.15248,0.16799,0.18377,0.19326,0.19602,0.21424,0.22048,0.17697,0.18941,0.19886,0.19182,0.17963,0.15504,0.20154,0.17396,0.14932,0.15586,0.12784,0.17505,0.16312,0.13838,0.15447,0.17307,0.17415,0.17778,0.19777,0.19573,0.22217,0.2169,0.23031,0.23766,0.21585,0.23286,0.22719,0.23411,0.24251,0.23689,0.20198,0.24757,0.24197,0.22669,0.27591,0.26042,0.2586,0.26686,0.23077,0.24668,0.26303,0.30185,0.25426,0.26794,0.3017,0.27888,0.28946,0.25554,0.29554,0.25579,0.2652,0.32704,0.34742,0.3345,0.3584,0.35633,0.34581,0.36345,0.42736,0.36769,0.40745,0.41768,0.56955,0.53829,0.84495,0.96334,0.53631]},"CONDITIONS_BY_TYPE":{"CONCEPT_NAME":["Primary Condition","Secondary Condition"],"COUNT_VALUE":[21950,1732]},"AGE_AT_FIRST_DIAGNOSIS":{"CATEGORY":"FEMALE","MIN_VALUE":0,"P10_VALUE":37,"P25_VALUE":50,"MEDIAN_VALUE":61,"P75_VALUE":71,"P90_VALUE":78,"MAX_VALUE":101}}
