{"PREVALENCE_BY_GENDER_AGE_YEAR":{"TRELLIS_NAME":["20-29","0-9","0-9","40-49","20-29","10-19","30-39","40-49","20-29","30-39","20-29","20-29","0-9","10-19","40-49","50-59","30-39","20-29","0-9","40-49","10-19","30-39","20-29","50-59","40-49","0-9","0-9","20-29","30-39","0-9","0-9","50-59","40-49","30-39","20-29","50-59","0-9","30-39","20-29","20-29","0-9","0-9","40-49","0-9","20-29","20-29","60-69","20-29","10-19","0-9","0-9"],"SERIES_NAME":["MALE","MALE","FEMALE","MALE","MALE","MALE","MALE","MALE","MALE","MALE","MALE","FEMALE","MALE","MALE","MALE","MALE","FEMALE","MALE","MALE","MALE","MALE","MALE","MALE","MALE","MALE","FEMALE","MALE","MALE","MALE","MALE","FEMALE","MALE","MALE","MALE","MALE","MALE","MALE","MALE","MALE","FEMALE","MALE","FEMALE","MALE","FEMALE","MALE","FEMALE","MALE","MALE","MALE","MALE","MALE"],"X_CALENDAR_YEAR":[2004,2004,2004,2004,2005,2005,2006,2006,2006,2007,2007,2007,2007,2007,2007,2007,2008,2008,2008,2008,2008,2009,2009,2009,2009,2009,2009,2010,2010,2010,2010,2010,2010,2011,2011,2011,2011,2012,2012,2012,2012,2012,2012,2013,2013,2013,2014,2014,2014,2014,2015],"Y_PREVALENCE_1000PP":[1.39951,0.48026,0.55243,0.59307,0.71741,0.34276,0.47609,0.35545,0.43303,0.81633,0.72744,0.16303,0.56954,0.51809,0.32918,0.32019,0.16102,0.37367,0.34446,0.37893,0.36466,0.5334,0.6124,0.29605,0.32149,0.22843,0.4763,0.75313,0.41181,0.27361,0.23298,0.29129,0.54159,0.72811,0.60386,0.34405,0.27876,0.56183,0.56628,0.16648,0.46313,0.28098,0.59938,0.37903,0.70934,0.20614,0.39575,0.74483,0.58734,0.49583,0.51121]},"PREVALENCE_BY_MONTH":{"X_CALENDAR_MONTH":["200402","200403","200405","200406","200407","200408","200409","200410","200503","200504","200506","200509","200511","200604","200608","200611","200702","200703","200704","200705","200706","200707","200709","200710","200711","200712","200802","200804","200806","200807","200808","200809","200810","200812","200901","200903","200904","200905","200907","200908","200909","200910","200911","200912","201002","201003","201004","201005","201006","201007","201009","201011","201012","201103","201105","201106","201108","201109","201111","201112","201201","201204","201206","201207","201208","201209","201210","201211","201212","201301","201302","201303","201304","201306","201307","201308","201309","201311","201312","201401","201404","201405","201406","201407","201408","201409","201410","201412","201502","201504"],"Y_PREVALENCE_1000PP":[0.07838,0.08878,0.06035,0.08214,0.04487,0.0544,0.06864,0.038,0.02763,0.03149,0.02583,0.03281,0.02393,0.03391,0.02182,0.02487,0.02445,0.02073,0.02408,0.04091,0.03056,0.02705,0.02678,0.02652,0.03305,0.0231,0.02612,0.02589,0.02253,0.01922,0.02561,0.0223,0.02217,0.02837,0.03456,0.03434,0.02496,0.02489,0.0218,0.02182,0.01867,0.02484,0.02484,0.03726,0.01864,0.02475,0.03716,0.02481,0.0217,0.02174,0.02494,0.02188,0.01882,0.03147,0.01905,0.02233,0.02576,0.0259,0.03256,0.02289,0.03936,0.01993,0.02356,0.05426,0.03749,0.02061,0.02069,0.02778,0.04892,0.03862,0.0213,0.02145,0.02522,0.02579,0.04094,0.02263,0.02292,0.03145,0.03195,0.04872,0.03002,0.03081,0.03629,0.03282,0.04383,0.04543,0.04221,0.04794,0.05047,0.06878]},"CONDITIONS_BY_TYPE":{"CONCEPT_NAME":["Primary Condition","Secondary Condition"],"COUNT_VALUE":[630,304]},"AGE_AT_FIRST_DIAGNOSIS":{"CATEGORY":["FEMALE","MALE"],"MIN_VALUE":[1,0],"P10_VALUE":[4,3],"P25_VALUE":[19,16],"MEDIAN_VALUE":[38,29],"P75_VALUE":[72,48],"P90_VALUE":[86,70],"MAX_VALUE":[100,113]}}
