{"PREVALENCE_BY_GENDER_AGE_YEAR":{"TRELLIS_NAME":["30-39","70-79","50-59","70-79","40-49","50-59","80-89","20-29","60-69","60-69","50-59","70-79","40-49","70-79","60-69","80-89","60-69","80-89","60-69","50-59","0-9","70-79","60-69","80-89","70-79","40-49","50-59","50-59","80-89","60-69","70-79","50-59","50-59","40-49","70-79","80-89","60-69","30-39","40-49","50-59","70-79","50-59","70-79","60-69","60-69","80-89","0-9","70-79","70-79","50-59","50-59","50-59","50-59","70-79","0-9","90-99","60-69","60-69","80-89","20-29","80-89","30-39","70-79","50-59","50-59","0-9","60-69","0-9","60-69","80-89","70-79","50-59","0-9","70-79","50-59","40-49","30-39","80-89","80-89","60-69","60-69","60-69","90-99","80-89","70-79","70-79","50-59","50-59","40-49","50-59","60-69","70-79","80-89"],"SERIES_NAME":["MALE","MALE","FEMALE","FEMALE","FEMALE","MALE","FEMALE","FEMALE","MALE","FEMALE","FEMALE","MALE","FEMALE","FEMALE","MALE","FEMALE","FEMALE","FEMALE","FEMALE","FEMALE","FEMALE","FEMALE","FEMALE","FEMALE","FEMALE","FEMALE","FEMALE","MALE","FEMALE","FEMALE","MALE","MALE","FEMALE","FEMALE","FEMALE","FEMALE","MALE","MALE","MALE","MALE","FEMALE","FEMALE","MALE","FEMALE","FEMALE","FEMALE","FEMALE","MALE","FEMALE","MALE","FEMALE","FEMALE","MALE","FEMALE","FEMALE","FEMALE","FEMALE","MALE","MALE","FEMALE","FEMALE","FEMALE","FEMALE","FEMALE","MALE","FEMALE","FEMALE","MALE","MALE","FEMALE","MALE","MALE","FEMALE","FEMALE","FEMALE","FEMALE","FEMALE","MALE","FEMALE","FEMALE","MALE","FEMALE","FEMALE","FEMALE","FEMALE","MALE","MALE","FEMALE","FEMALE","MALE","FEMALE","MALE","FEMALE"],"X_CALENDAR_YEAR":[2004,2004,2004,2004,2004,2004,2004,2004,2004,2004,2005,2005,2005,2005,2005,2005,2005,2006,2006,2006,2006,2006,2007,2007,2007,2007,2007,2007,2008,2008,2008,2008,2008,2008,2008,2009,2009,2009,2009,2009,2009,2009,2009,2009,2010,2010,2010,2010,2010,2010,2010,2011,2011,2011,2011,2011,2011,2011,2011,2011,2011,2012,2012,2012,2012,2012,2012,2012,2012,2012,2013,2013,2013,2013,2013,2013,2013,2013,2013,2013,2014,2014,2014,2014,2014,2014,2014,2014,2014,2015,2015,2015,2015],"Y_PREVALENCE_1000PP":[0.55607,1.03022,0.75946,2.366,0.55425,0.66523,1.85029,0.2315,0.56807,1.7384,0.77418,0.57488,0.40819,1.21212,0.84188,2.08797,1.34431,1.13823,0.60374,0.44484,0.25855,0.96585,0.28301,0.71031,0.53558,0.23393,0.39514,0.32019,0.89837,0.58553,0.55157,0.30276,0.38334,0.29149,0.45322,2.05139,0.3283,0.3556,0.32149,0.34539,0.82102,0.51273,0.46908,0.85999,0.71267,0.84962,0.31064,0.45444,0.81494,0.29129,0.44492,0.34908,0.54065,0.99028,0.23602,2.73473,0.37343,0.36114,1.04493,0.18306,1.56511,0.17625,0.97949,0.21881,0.40781,0.36126,0.46326,0.21375,0.371,1.28014,0.59413,0.69348,0.25268,0.72931,0.573,0.4274,0.31023,1.20536,1.99623,0.60366,1.07417,0.86144,2.61552,2.21574,1.09459,1.0165,0.6426,0.41838,0.53102,0.86263,0.97109,0.90791,1.66297]},"PREVALENCE_BY_MONTH":{"X_CALENDAR_MONTH":["200401","200402","200403","200404","200405","200406","200407","200408","200409","200410","200411","200412","200501","200502","200503","200504","200505","200506","200507","200508","200509","200510","200511","200601","200602","200603","200604","200605","200606","200607","200608","200609","200610","200611","200612","200703","200705","200707","200708","200709","200710","200711","200712","200801","200802","200804","200805","200806","200807","200808","200809","200810","200811","200812","200901","200902","200903","200904","200905","200906","200907","200908","200909","200910","200911","200912","201001","201002","201003","201004","201005","201006","201008","201010","201011","201012","201101","201102","201103","201104","201105","201106","201107","201108","201109","201110","201111","201112","201201","201202","201203","201204","201205","201206","201207","201208","201209","201210","201211","201212","201301","201302","201303","201304","201305","201306","201307","201308","201309","201310","201311","201312","201401","201402","201403","201404","201405","201406","201407","201408","201409","201410","201411","201412","201501","201502","201503","201504","201505"],"Y_PREVALENCE_1000PP":[0.31764,0.15676,0.1677,0.08475,0.12069,0.08214,0.09615,0.07857,0.07435,0.09228,0.07802,0.05523,0.06328,0.04275,0.06909,0.09448,0.06154,0.08181,0.03819,0.06662,0.05743,0.05657,0.05184,0.02722,0.02699,0.02656,0.03391,0.02231,0.02214,0.02569,0.04364,0.0289,0.0286,0.03553,0.02124,0.038,0.04773,0.03043,0.0269,0.02678,0.02652,0.03636,0.03299,0.04256,0.03591,0.02589,0.02905,0.02575,0.02563,0.03202,0.0223,0.01901,0.02533,0.03467,0.04712,0.04078,0.04058,0.03433,0.04357,0.04355,0.04672,0.02494,0.028,0.05589,0.03105,0.04036,0.04037,0.03107,0.04641,0.04336,0.03721,0.0248,0.03111,0.03118,0.03438,0.03137,0.03145,0.03153,0.04406,0.04433,0.05397,0.04466,0.0385,0.05474,0.03237,0.03244,0.04558,0.01962,0.03608,0.0461,0.02308,0.04983,0.0367,0.06733,0.03052,0.04771,0.03435,0.03794,0.03472,0.03145,0.05267,0.03195,0.05363,0.04324,0.06546,0.05159,0.05954,0.03394,0.0573,0.07333,0.0629,0.05991,0.05278,0.07044,0.08386,0.0772,0.06162,0.06805,0.07971,0.0828,0.05048,0.09497,0.07354,0.10786,0.10442,0.06489,0.19282,0.14738,0.19546]},"CONDITIONS_BY_TYPE":{"CONCEPT_NAME":["Primary Condition","Secondary Condition"],"COUNT_VALUE":[995,1122]},"AGE_AT_FIRST_DIAGNOSIS":{"CATEGORY":["MALE","FEMALE"],"MIN_VALUE":[0,0],"P10_VALUE":[15,26],"P25_VALUE":[42,49],"MEDIAN_VALUE":[59,63],"P75_VALUE":[74,76],"P90_VALUE":[83,86],"MAX_VALUE":[102,105]}}
