{"PREVALENCE_BY_GENDER_AGE_YEAR":{"TRELLIS_NAME":["60-69","50-59","40-49","40-49","60-69","40-49","50-59","40-49","50-59","60-69","50-59","40-49","40-49","60-69","50-59","40-49","50-59","60-69"],"SERIES_NAME":["MALE","MALE","MALE","MALE","FEMALE","MALE","MALE","MALE","MALE","MALE","FEMALE","FEMALE","MALE","MALE","MALE","MALE","MALE","MALE"],"X_CALENDAR_YEAR":[2004,2005,2005,2007,2009,2009,2010,2011,2011,2011,2012,2012,2012,2012,2013,2013,2014,2014],"Y_PREVALENCE_1000PP":[0.66275,0.38979,0.46845,0.38405,0.258,0.48224,0.29129,0.39548,0.5898,0.51592,0.29175,0.21498,0.53944,0.371,0.58679,0.58181,0.46734,0.56536]},"PREVALENCE_BY_MONTH":{"X_CALENDAR_MONTH":["200501","200505","200710","200902","201005","201012","201101","201103","201106","201108","201110","201112","201201","201203","201205","201209","201211","201304","201305","201306","201307","201309","201404","201405","201406","201407"],"Y_PREVALENCE_1000PP":[0.02921,0.03516,0.0232,0.01882,0.0186,0.02196,0.01887,0.01888,0.02233,0.02254,0.02595,0.01962,0.02296,0.02308,0.02336,0.02061,0.02431,0.02883,0.02909,0.02211,0.02233,0.02292,0.02573,0.03081,0.02722,0.0422]},"CONDITIONS_BY_TYPE":{"CONCEPT_NAME":["Primary Condition","Secondary Condition"],"COUNT_VALUE":[864,335]},"AGE_AT_FIRST_DIAGNOSIS":{"CATEGORY":["FEMALE","MALE"],"MIN_VALUE":[27,18],"P10_VALUE":[41,31],"P25_VALUE":[50,43],"MEDIAN_VALUE":[62,53],"P75_VALUE":[68,64],"P90_VALUE":[74,73],"MAX_VALUE":[87,95]}}
