{"PREVALENCE_BY_GENDER_AGE_YEAR":{"TRELLIS_NAME":["60-69","70-79","70-79","60-69","60-69","60-69"],"SERIES_NAME":["MALE","MALE","MALE","FEMALE","FEMALE","MALE"],"X_CALENDAR_YEAR":[2011,2011,2012,2012,2013,2015],"Y_PREVALENCE_1000PP":[0.30955,0.44673,0.52478,0.25268,0.30183,0.57078]},"PREVALENCE_BY_MONTH":{"X_CALENDAR_MONTH":["200712","200809","201201","201211","201303","201401","201501","201504"],"Y_PREVALENCE_1000PP":[0.0231,0.01911,0.02296,0.03125,0.02145,0.02436,0.06526,0.06878]},"CONDITIONS_BY_TYPE":{"CONCEPT_NAME":["Primary Condition","Secondary Condition"],"COUNT_VALUE":[303,196]},"AGE_AT_FIRST_DIAGNOSIS":{"CATEGORY":["MALE","FEMALE"],"MIN_VALUE":[2,4],"P10_VALUE":[23,25],"P25_VALUE":[41,54],"MEDIAN_VALUE":[66,65],"P75_VALUE":[73,77],"P90_VALUE":[83,84],"MAX_VALUE":[90,91]}}
