{"PREVALENCE_BY_GENDER_AGE_YEAR":{"TRELLIS_NAME":["20-29","20-29","20-29","10-19","30-39","20-29","10-19","30-39","20-29","40-49","10-19","20-29","30-39","10-19","20-29","10-19","40-49","10-19","20-29","10-19","20-29","30-39","20-29","10-19","30-39","20-29"],"SERIES_NAME":["FEMALE","FEMALE","FEMALE","FEMALE","FEMALE","FEMALE","FEMALE","FEMALE","FEMALE","FEMALE","FEMALE","FEMALE","FEMALE","FEMALE","FEMALE","FEMALE","FEMALE","FEMALE","FEMALE","FEMALE","FEMALE","FEMALE","FEMALE","FEMALE","FEMALE","FEMALE"],"X_CALENDAR_YEAR":[2005,2006,2007,2007,2008,2008,2008,2009,2009,2009,2009,2010,2010,2010,2011,2011,2011,2012,2012,2013,2013,2014,2014,2014,2015,2015],"Y_PREVALENCE_1000PP":[0.22076,0.25935,0.24455,0.59448,0.16102,0.20553,0.37178,0.18259,0.14805,0.1929,0.449,0.30007,0.21003,0.37503,0.18306,0.4288,0.20243,0.26082,0.19423,0.27963,0.50062,0.35042,0.43061,0.37768,0.3817,0.37838]},"PREVALENCE_BY_MONTH":{"X_CALENDAR_MONTH":["200911","201008","201102","201308","201406"],"Y_PREVALENCE_1000PP":[0.01863,0.01866,0.02522,0.02263,0.03629]},"CONDITIONS_BY_TYPE":{"CONCEPT_NAME":["Primary Condition","Secondary Condition"],"COUNT_VALUE":[249,116]},"AGE_AT_FIRST_DIAGNOSIS":{"CATEGORY":"FEMALE","MIN_VALUE":12,"P10_VALUE":14,"P25_VALUE":19,"MEDIAN_VALUE":26,"P75_VALUE":36,"P90_VALUE":44,"MAX_VALUE":81}}
