{"PREVALENCE_BY_GENDER_AGE_YEAR":{"TRELLIS_NAME":["10-19","0-9","0-9","10-19","10-19","10-19","0-9","0-9","10-19","0-9","0-9","10-19","10-19","0-9","0-9","10-19","10-19","0-9"],"SERIES_NAME":["FEMALE","FEMALE","MALE","MALE","FEMALE","FEMALE","FEMALE","MALE","MALE","MALE","FEMALE","FEMALE","FEMALE","FEMALE","MALE","MALE","MALE","FEMALE"],"X_CALENDAR_YEAR":[2004,2005,2005,2005,2005,2006,2006,2006,2006,2007,2007,2007,2008,2008,2009,2009,2010,2010],"Y_PREVALENCE_1000PP":[0.54668,0.74742,0.49661,0.45701,1.06184,0.63257,0.51711,0.45598,0.66033,0.42715,0.48432,0.38217,0.28916,0.23159,0.20413,0.5801,0.3175,0.27181]},"PREVALENCE_BY_MONTH":{"X_CALENDAR_MONTH":["200504","200506","200507","200508","200509","200510","200511","200601","200603","200604","200605","200606","200607","200609","200610","200611","200705","200707","200708","200711","200712","200804","200808","200903","200907","200910","200911","201002"],"Y_PREVALENCE_1000PP":[0.02699,0.03014,0.0297,0.02915,0.02461,0.02828,0.03589,0.02333,0.02276,0.03014,0.02231,0.04059,0.02936,0.02167,0.03575,0.02843,0.0341,0.02705,0.02018,0.01983,0.02639,0.02266,0.01921,0.02185,0.01869,0.01863,0.02484,0.01864]},"CONDITIONS_BY_TYPE":{"CONCEPT_NAME":["Primary Condition","Secondary Condition"],"COUNT_VALUE":[367,221]},"AGE_AT_FIRST_DIAGNOSIS":{"CATEGORY":["MALE","FEMALE"],"MIN_VALUE":[0,0],"P10_VALUE":[1,2],"P25_VALUE":[6,8],"MEDIAN_VALUE":[12,15],"P75_VALUE":[19,33],"P90_VALUE":[52,55],"MAX_VALUE":[78,78]}}
