{"PREVALENCE_BY_GENDER_AGE_YEAR":{"TRELLIS_NAME":"20-29","SERIES_NAME":"MALE","X_CALENDAR_YEAR":2007,"Y_PREVALENCE_1000PP":0.3917},"PREVALENCE_BY_MONTH":{"X_CALENDAR_MONTH":["200608","200707","200708","200709","200710","200711","200712","200801","201203","201205"],"Y_PREVALENCE_1000PP":[0.02182,0.03719,0.02354,0.02009,0.02983,0.02314,0.0198,0.03274,0.01978,0.02002]},"CONDITIONS_BY_TYPE":{"CONCEPT_NAME":["Primary Condition","Secondary Condition"],"COUNT_VALUE":[520,8]},"AGE_AT_FIRST_DIAGNOSIS":{"CATEGORY":["FEMALE","MALE"],"MIN_VALUE":[3,5],"P10_VALUE":[20,14],"P25_VALUE":[27,20],"MEDIAN_VALUE":[42,34],"P75_VALUE":[60,48],"P90_VALUE":[72,68],"MAX_VALUE":[85,86]}}
