{"PREVALENCE_BY_GENDER_AGE_YEAR":{"TRELLIS_NAME":["10-19","70-79","50-59","40-49","50-59","70-79","60-69","40-49","60-69","30-39","20-29"],"SERIES_NAME":["MALE","FEMALE","FEMALE","FEMALE","FEMALE","FEMALE","FEMALE","FEMALE","FEMALE","FEMALE","MALE"],"X_CALENDAR_YEAR":[2004,2004,2004,2006,2007,2007,2010,2010,2012,2012,2014],"Y_PREVALENCE_1000PP":[0.42099,0.728,0.30378,0.20518,0.21553,0.46863,0.25153,0.19398,0.2948,0.17625,0.37242]},"PREVALENCE_BY_MONTH":{"X_CALENDAR_MONTH":["200402","200403","200405","200406","200407","200408","200409","200410","200411","200502","200503","200504","200505","200602","200603","200611","200704","200705","200809","200810","200811","200907","201001","201006","201008","201012","201103","201107","201108","201204","201206","201208","201210","201211","201212","201301","201304","201305","201307","201401","201403","201404","201405","201406","201407","201408","201505"],"Y_PREVALENCE_1000PP":[0.07838,0.05919,0.06035,0.04107,0.05128,0.07857,0.08007,0.04886,0.04161,0.04275,0.04606,0.02699,0.02637,0.02313,0.02656,0.02132,0.02752,0.02046,0.03186,0.01901,0.01899,0.01869,0.02174,0.0248,0.02178,0.01882,0.02203,0.02567,0.01932,0.01993,0.02356,0.02045,0.02759,0.02778,0.02446,0.02458,0.02162,0.03273,0.02233,0.05278,0.02935,0.04289,0.04841,0.0499,0.02813,0.03409,0.08377]},"CONDITIONS_BY_TYPE":{"CONCEPT_NAME":["Primary Condition","Secondary Condition"],"COUNT_VALUE":[1447,876]},"AGE_AT_FIRST_DIAGNOSIS":{"CATEGORY":["MALE","FEMALE"],"MIN_VALUE":[0,0],"P10_VALUE":[8,16],"P25_VALUE":[26,37],"MEDIAN_VALUE":[44,56],"P75_VALUE":[61,71],"P90_VALUE":[74,80],"MAX_VALUE":[89,96]}}
