{"PREVALENCE_BY_GENDER_AGE_YEAR":{"TRELLIS_NAME":["60-69","60-69","30-39","60-69","70-79","50-59","60-69","10-19"],"SERIES_NAME":["MALE","FEMALE","FEMALE","FEMALE","FEMALE","FEMALE","FEMALE","MALE"],"X_CALENDAR_YEAR":[2007,2007,2010,2011,2011,2012,2012,2014],"Y_PREVALENCE_1000PP":[0.36726,0.33017,0.15752,0.24895,0.37136,0.32822,0.33691,0.3524]},"PREVALENCE_BY_MONTH":{"X_CALENDAR_MONTH":["200406","200603","200702","200706","200707","200807","200811","200907","200911","201103","201110","201111","201210","201211"],"Y_PREVALENCE_1000PP":[0.04107,0.02656,0.02445,0.02038,0.02029,0.01922,0.01899,0.02803,0.01863,0.02203,0.01946,0.02279,0.02414,0.02431]},"CONDITIONS_BY_TYPE":{"CONCEPT_NAME":["Primary Condition","Secondary Condition"],"COUNT_VALUE":[132,355]},"AGE_AT_FIRST_DIAGNOSIS":{"CATEGORY":["FEMALE","MALE"],"MIN_VALUE":[6,1],"P10_VALUE":[22,14],"P25_VALUE":[34,30],"MEDIAN_VALUE":[50,45],"P75_VALUE":[63,61],"P90_VALUE":[72,70],"MAX_VALUE":[92,88]}}
