{"PREVALENCE_BY_GENDER_AGE_YEAR":{"TRELLIS_NAME":["0-9","0-9","0-9","0-9","0-9","0-9","0-9","0-9","0-9","0-9","0-9","0-9","0-9","0-9"],"SERIES_NAME":["MALE","MALE","FEMALE","FEMALE","MALE","MALE","FEMALE","FEMALE","FEMALE","MALE","FEMALE","MALE","FEMALE","MALE"],"X_CALENDAR_YEAR":[2007,2008,2008,2009,2009,2011,2011,2012,2013,2013,2014,2014,2015,2015],"Y_PREVALENCE_1000PP":[0.24917,0.27557,0.27019,0.2665,0.23815,0.38329,0.35402,0.4014,0.50537,0.33651,0.92911,1.5288,0.99626,0.43818]},"PREVALENCE_BY_MONTH":{"X_CALENDAR_MONTH":["200610","200811","200905","201106","201110","201306","201310","201406","201407","201408","201410","201411","201504","201505"],"Y_PREVALENCE_1000PP":[0.02145,0.01899,0.03112,0.02552,0.01946,0.03685,0.02316,0.07712,0.07033,0.03896,0.06331,0.03394,0.0786,0.23734]},"CONDITIONS_BY_TYPE":{"CONCEPT_NAME":["Primary Condition","Secondary Condition"],"COUNT_VALUE":[292,111]},"AGE_AT_FIRST_DIAGNOSIS":{"CATEGORY":["MALE","FEMALE"],"MIN_VALUE":[0,0],"P10_VALUE":[0,1],"P25_VALUE":[1,1],"MEDIAN_VALUE":[4,11],"P75_VALUE":[16,43],"P90_VALUE":[56,59],"MAX_VALUE":[86,94]}}
