{"PREVALENCE_BY_GENDER_AGE_YEAR":{"TRELLIS_NAME":["50-59","30-39","0-9","0-9","0-9","0-9","0-9","0-9","0-9","0-9","0-9"],"SERIES_NAME":["FEMALE","FEMALE","MALE","MALE","FEMALE","FEMALE","MALE","FEMALE","MALE","FEMALE","MALE"],"X_CALENDAR_YEAR":[2004,2006,2011,2012,2012,2013,2013,2014,2014,2015,2015],"Y_PREVALENCE_1000PP":[0.40504,0.17975,0.34844,0.49875,0.4014,0.5896,0.67302,0.32519,0.6611,0.83022,0.51121]},"PREVALENCE_BY_MONTH":{"X_CALENDAR_MONTH":["200411","200611","200804","200908","200911","201106","201203","201205","201309","201312","201403","201404","201503","201504","201505"],"Y_PREVALENCE_1000PP":[0.03641,0.02132,0.02589,0.0187,0.01863,0.01914,0.02308,0.02336,0.0382,0.03594,0.02516,0.02573,0.05624,0.0786,0.08377]},"CONDITIONS_BY_TYPE":{"CONCEPT_NAME":["Primary Condition","Secondary Condition"],"COUNT_VALUE":[201,229]},"AGE_AT_FIRST_DIAGNOSIS":{"CATEGORY":["FEMALE","MALE"],"MIN_VALUE":[0,0],"P10_VALUE":[0,0],"P25_VALUE":[1,0],"MEDIAN_VALUE":[39,1],"P75_VALUE":[63,46],"P90_VALUE":[79,67],"MAX_VALUE":[92,93]}}
