{"PREVALENCE_BY_GENDER_AGE_YEAR":{"TRELLIS_NAME":["60-69","0-9","0-9","70-79","80-89","60-69","0-9","70-79","0-9","50-59","70-79","50-59","70-79","70-79","0-9","0-9","90-99","80-89","60-69","0-9","60-69","60-69","80-89","70-79","70-79","80-89","90-99","60-69","0-9","70-79","10-19","70-79","50-59","60-69","70-79","60-69","0-9","0-9","60-69","80-89","60-69","0-9","0-9","70-79","70-79","50-59","0-9","70-79","0-9","50-59","70-79","40-49","60-69","80-89","60-69","30-39","70-79","50-59","40-49","50-59","0-9","70-79","40-49","60-69","0-9","60-69","80-89","80-89","40-49","70-79","50-59","0-9","0-9","10-19","70-79","50-59","30-39","80-89","60-69","60-69","90-99","80-89","80-89","60-69","20-29","0-9","10-19","60-69","80-89","50-59","70-79","40-49","70-79","50-59","0-9","50-59","0-9","0-9"],"SERIES_NAME":["FEMALE","MALE","FEMALE","FEMALE","FEMALE","FEMALE","FEMALE","MALE","MALE","MALE","FEMALE","FEMALE","MALE","FEMALE","FEMALE","MALE","FEMALE","FEMALE","FEMALE","MALE","MALE","FEMALE","FEMALE","FEMALE","MALE","FEMALE","FEMALE","MALE","MALE","MALE","MALE","FEMALE","FEMALE","MALE","FEMALE","FEMALE","MALE","FEMALE","MALE","FEMALE","FEMALE","MALE","FEMALE","MALE","FEMALE","FEMALE","MALE","MALE","FEMALE","MALE","FEMALE","FEMALE","MALE","FEMALE","FEMALE","MALE","FEMALE","FEMALE","FEMALE","MALE","FEMALE","MALE","MALE","FEMALE","MALE","MALE","FEMALE","MALE","MALE","MALE","MALE","FEMALE","MALE","MALE","FEMALE","FEMALE","MALE","FEMALE","FEMALE","MALE","FEMALE","MALE","MALE","MALE","MALE","MALE","MALE","FEMALE","FEMALE","FEMALE","FEMALE","MALE","MALE","MALE","FEMALE","MALE","MALE","FEMALE"],"X_CALENDAR_YEAR":[2004,2004,2004,2004,2005,2005,2005,2005,2005,2005,2005,2006,2006,2006,2006,2006,2006,2006,2006,2007,2007,2007,2007,2007,2007,2008,2008,2008,2008,2008,2008,2008,2008,2009,2009,2009,2009,2009,2010,2010,2010,2010,2010,2010,2010,2011,2011,2011,2011,2011,2011,2011,2011,2011,2011,2012,2012,2012,2012,2012,2012,2012,2012,2012,2012,2012,2012,2012,2013,2013,2013,2013,2013,2013,2013,2013,2013,2013,2013,2013,2013,2013,2014,2014,2014,2014,2014,2014,2014,2014,2014,2014,2014,2014,2014,2015,2015,2015],"Y_PREVALENCE_1000PP":[0.41722,0.33618,0.49718,1.092,1.67038,0.4481,0.327,0.95813,0.53799,0.51972,0.83333,0.40777,0.86934,0.68989,0.38783,0.60797,3.30033,1.51764,0.30187,0.67633,0.67332,0.33017,1.89416,0.87032,0.65269,1.01067,3.08483,0.57156,0.48224,0.63037,0.31908,0.7122,0.27879,0.38302,0.37893,0.301,0.57837,0.53301,0.73595,0.74342,0.46114,0.61562,0.46597,0.7574,0.37613,0.48871,0.6272,0.52118,0.5507,0.2949,0.8665,0.20243,0.77387,1.04341,0.58089,0.43698,0.73462,0.43762,0.21498,0.61171,0.4014,0.67471,0.4795,0.63171,0.64125,1.007,1.17346,0.89485,0.51716,1.41107,1.01355,0.37903,0.56085,0.45671,0.60775,0.573,0.45457,2.66164,0.99172,0.6975,2.53807,0.90402,1.43039,1.01764,0.37242,0.74374,0.58734,0.99746,1.63265,0.54389,1.41652,0.74123,0.62554,0.75943,0.55747,1.07828,0.51121,0.58115]},"PREVALENCE_BY_MONTH":{"X_CALENDAR_MONTH":["200401","200403","200405","200408","200409","200411","200412","200501","200502","200503","200505","200506","200507","200508","200509","200510","200511","200512","200601","200603","200604","200605","200606","200607","200608","200609","200610","200611","200612","200701","200702","200703","200704","200705","200706","200707","200708","200710","200711","200712","200801","200802","200803","200804","200805","200806","200807","200808","200809","200810","200811","200812","200901","200903","200904","200905","200906","200907","200908","200909","200911","200912","201001","201002","201003","201004","201005","201006","201007","201008","201009","201010","201011","201012","201101","201102","201103","201104","201105","201106","201108","201109","201110","201111","201112","201201","201202","201203","201204","201205","201206","201207","201208","201209","201210","201211","201212","201301","201302","201303","201304","201305","201306","201307","201308","201309","201310","201311","201312","201401","201402","201403","201404","201405","201406","201407","201408","201409","201410","201411","201412","201501","201502","201503","201504","201505"],"Y_PREVALENCE_1000PP":[0.13897,0.10851,0.04526,0.03626,0.03432,0.03121,0.06527,0.04868,0.038,0.03685,0.06154,0.04306,0.05941,0.0458,0.05743,0.03232,0.04785,0.05133,0.04278,0.04173,0.03391,0.05579,0.05535,0.03669,0.05818,0.03974,0.03575,0.02132,0.0354,0.02804,0.02445,0.05872,0.02408,0.06137,0.04415,0.04057,0.02018,0.03978,0.03636,0.03629,0.03601,0.03264,0.05521,0.04855,0.02905,0.03219,0.03524,0.03202,0.0223,0.03484,0.04115,0.02837,0.01885,0.02809,0.05305,0.03734,0.03733,0.03738,0.05611,0.04356,0.02484,0.04657,0.01863,0.03729,0.03403,0.05575,0.02481,0.03101,0.04349,0.03422,0.04364,0.04365,0.03126,0.05333,0.04403,0.03783,0.05035,0.05066,0.04444,0.05742,0.03542,0.07122,0.05839,0.04883,0.05233,0.06559,0.04939,0.05276,0.05647,0.06006,0.05723,0.06783,0.0852,0.06526,0.04484,0.05903,0.04892,0.05267,0.04615,0.06078,0.07567,0.09092,0.0737,0.10048,0.09051,0.07258,0.06947,0.10221,0.12381,0.0812,0.09116,0.08805,0.08578,0.04401,0.08166,0.11721,0.12176,0.1262,0.12663,0.10182,0.15579,0.13052,0.08651,0.21692,0.14738,0.25131]},"CONDITIONS_BY_TYPE":{"CONCEPT_NAME":["Primary Condition","Secondary Condition"],"COUNT_VALUE":[278,1988]},"AGE_AT_FIRST_DIAGNOSIS":{"CATEGORY":["FEMALE","MALE"],"MIN_VALUE":[0,0],"P10_VALUE":[6,2],"P25_VALUE":[43,17],"MEDIAN_VALUE":[65,57],"P75_VALUE":[78,70],"P90_VALUE":[86,80],"MAX_VALUE":[102,97]}}
