{"PREVALENCE_BY_GENDER_AGE_YEAR":{"TRELLIS_NAME":["80-89","80-89","70-79","70-79","80-89","60-69","80-89","90-99","20-29","100-109","40-49","50-59","40-49","70-79","50-59","90-99","60-69","70-79","20-29","60-69","100-109","90-99","80-89","60-69","80-89","90-99","50-59","70-79","70-79","50-59","40-49","50-59","50-59","40-49","70-79","70-79","90-99","80-89","60-69","80-89","60-69","90-99","70-79","50-59","50-59","70-79","60-69","80-89","60-69","90-99","80-89","90-99","100-109","70-79","50-59","40-49","70-79","50-59","90-99","80-89","60-69","60-69","80-89","90-99","90-99","80-89","60-69","60-69","80-89","90-99","70-79","40-49","70-79","50-59","50-59","50-59","70-79","60-69","90-99","70-79","80-89","90-99","60-69","80-89"],"SERIES_NAME":["MALE","FEMALE","MALE","FEMALE","FEMALE","MALE","MALE","MALE","MALE","FEMALE","MALE","MALE","FEMALE","FEMALE","FEMALE","FEMALE","FEMALE","MALE","MALE","FEMALE","FEMALE","FEMALE","FEMALE","MALE","MALE","MALE","FEMALE","MALE","FEMALE","MALE","MALE","FEMALE","MALE","MALE","FEMALE","MALE","MALE","MALE","MALE","FEMALE","FEMALE","FEMALE","FEMALE","FEMALE","MALE","MALE","FEMALE","MALE","MALE","MALE","FEMALE","FEMALE","FEMALE","MALE","MALE","MALE","FEMALE","FEMALE","FEMALE","FEMALE","MALE","FEMALE","MALE","MALE","MALE","MALE","MALE","FEMALE","FEMALE","FEMALE","FEMALE","MALE","MALE","MALE","FEMALE","FEMALE","FEMALE","FEMALE","FEMALE","MALE","MALE","MALE","MALE","FEMALE"],"X_CALENDAR_YEAR":[2008,2008,2008,2008,2009,2009,2009,2009,2009,2009,2009,2009,2009,2009,2009,2009,2009,2009,2010,2010,2010,2010,2010,2010,2010,2010,2010,2010,2010,2010,2010,2011,2011,2011,2011,2011,2011,2011,2011,2011,2011,2011,2012,2012,2012,2012,2012,2012,2012,2012,2012,2012,2013,2013,2013,2013,2013,2013,2013,2013,2013,2013,2013,2013,2014,2014,2014,2014,2014,2014,2014,2014,2014,2014,2014,2015,2015,2015,2015,2015,2015,2015,2015,2015],"Y_PREVALENCE_1000PP":[1.67196,2.02134,0.63037,0.51797,9.06932,1.80565,6.57051,14.47527,0.40827,58.33333,0.42866,0.5921,0.32149,2.77883,0.376,19.5,1.33299,3.5181,0.40167,1.17381,47.61905,26.71756,9.23959,2.41813,8.78139,28.66972,0.27379,3.78702,2.75827,0.92242,0.54159,0.4538,1.03214,0.62147,2.29003,3.276,24.07222,5.52321,1.75411,8.76461,1.0373,27.8031,2.38751,0.54703,0.81562,2.84879,1.09497,6.26398,2.01399,14.91146,6.93407,26.02064,64,2.59933,0.80017,0.64645,2.00559,0.6112,21.15059,6.5432,1.66327,1.25043,6.32816,14.31127,14.61187,5.56262,1.92221,0.95212,5.94752,18.30863,2.83304,0.81536,2.033,1.05152,0.41838,0.44134,1.55553,0.97109,8.09171,1.03761,2.06825,11.14206,0.66591,4.06504]},"PREVALENCE_BY_MONTH":{"X_CALENDAR_MONTH":["200810","200811","200812","200901","200902","200903","200904","200905","200906","200907","200908","200909","200910","200911","200912","201001","201002","201003","201004","201005","201006","201007","201008","201009","201010","201011","201012","201101","201102","201103","201104","201105","201106","201107","201108","201109","201110","201111","201112","201201","201202","201203","201204","201205","201206","201207","201208","201209","201210","201211","201212","201301","201302","201303","201304","201305","201306","201307","201308","201309","201310","201311","201312","201401","201402","201403","201404","201405","201406","201407","201408","201409","201410","201411","201412","201501","201502","201503","201504","201505"],"Y_PREVALENCE_1000PP":[0.10137,0.06332,0.0914,0.06597,0.08784,0.11237,0.14042,0.09958,0.08088,0.13082,0.1278,0.12135,0.10867,0.1149,0.16455,0.15215,0.09322,0.12994,0.11769,0.12093,0.13643,0.14911,0.17732,0.11534,0.12784,0.10003,0.18508,0.1258,0.14186,0.12273,0.12032,0.13333,0.14354,0.10588,0.13523,0.11654,0.11678,0.1172,0.16025,0.11807,0.10207,0.11211,0.09302,0.10343,0.09426,0.13565,0.14995,0.11335,0.12071,0.12848,0.13279,0.11938,0.13846,0.1287,0.1153,0.11274,0.10686,0.12281,0.13577,0.11843,0.17753,0.08649,0.17972,0.09744,0.12017,0.11321,0.17156,0.15405,0.1361,0.08908,0.15099,0.10601,0.19522,0.20365,0.21571,0.09137,0.21628,0.18478,0.3144,0.33507]},"CONDITIONS_BY_TYPE":{"CONCEPT_NAME":"Secondary Condition","COUNT_VALUE":2985},"AGE_AT_FIRST_DIAGNOSIS":{"CATEGORY":["MALE","FEMALE"],"MIN_VALUE":[0,0],"P10_VALUE":[45,57],"P25_VALUE":[61,70],"MEDIAN_VALUE":[74,82],"P75_VALUE":[84,89],"P90_VALUE":[90,95],"MAX_VALUE":[106,107]}}
