{"PREVALENCE_BY_GENDER_AGE_YEAR":{"TRELLIS_NAME":["40-49","50-59","50-59","30-39","40-49","20-29","50-59"],"SERIES_NAME":["FEMALE","FEMALE","MALE","MALE","MALE","FEMALE","MALE"],"X_CALENDAR_YEAR":[2004,2004,2004,2004,2007,2012,2014],"Y_PREVALENCE_1000PP":[0.27712,0.35441,0.58207,0.74143,0.32918,0.19423,0.52576]},"PREVALENCE_BY_MONTH":{"X_CALENDAR_MONTH":["200404","200405","200406","200407","200409","200411","201104","201204","201209","201210","201211","201212","201411"],"Y_PREVALENCE_1000PP":[0.05933,0.04526,0.05476,0.04487,0.04004,0.03121,0.019,0.02658,0.03778,0.02069,0.02431,0.02097,0.03394]},"CONDITIONS_BY_TYPE":{"CONCEPT_NAME":["Primary Condition","Secondary Condition"],"COUNT_VALUE":[363,95]},"AGE_AT_FIRST_DIAGNOSIS":{"CATEGORY":["FEMALE","MALE"],"MIN_VALUE":[17,13],"P10_VALUE":[24,25],"P25_VALUE":[41,36],"MEDIAN_VALUE":[51,47],"P75_VALUE":[66,57],"P90_VALUE":[73,66],"MAX_VALUE":[92,83]}}
