{"PREVALENCE_BY_GENDER_AGE_YEAR":{"TRELLIS_NAME":["30-39","40-49","20-29","40-49","30-39","20-29","20-29","40-49","40-49","30-39","30-39","40-49","50-59","30-39","20-29","40-49","50-59","30-39","20-29","50-59","40-49","10-19","60-69","20-29","20-29","30-39","50-59","40-49","30-39","20-29","20-29","50-59","40-49","30-39","0-9","40-49","20-29","50-59","30-39","20-29","20-29","30-39","40-49","50-59","40-49","20-29","30-39","30-39","40-49"],"SERIES_NAME":["MALE","MALE","MALE","MALE","MALE","MALE","MALE","MALE","FEMALE","MALE","FEMALE","MALE","MALE","MALE","MALE","MALE","MALE","MALE","MALE","MALE","MALE","FEMALE","FEMALE","FEMALE","MALE","MALE","MALE","MALE","MALE","MALE","FEMALE","MALE","MALE","MALE","MALE","MALE","MALE","MALE","MALE","MALE","FEMALE","MALE","MALE","MALE","MALE","MALE","FEMALE","MALE","MALE"],"X_CALENDAR_YEAR":[2004,2004,2004,2005,2005,2005,2006,2006,2006,2006,2006,2007,2007,2007,2007,2008,2008,2008,2008,2009,2009,2009,2009,2009,2009,2009,2010,2010,2010,2010,2010,2011,2011,2011,2012,2012,2012,2012,2012,2013,2013,2013,2013,2013,2014,2014,2014,2014,2015],"Y_PREVALENCE_1000PP":[0.92678,0.59307,1.02631,0.46845,0.60441,1.07612,0.55676,0.41469,0.23937,0.54411,0.17975,0.6035,0.58701,0.75353,0.95126,0.92026,0.45413,1.15705,0.85411,0.64144,0.96448,0.24491,0.258,0.24675,0.71447,0.94826,0.29129,0.70407,0.7648,0.55229,0.22505,0.3932,0.96045,0.84946,0.21375,0.65931,0.72072,0.40781,0.99881,0.49108,0.17669,0.84421,0.51716,0.32007,0.96361,0.37242,0.21025,0.57954,0.86894]},"PREVALENCE_BY_MONTH":{"X_CALENDAR_MONTH":["200402","200403","200404","200406","200407","200408","200501","200508","200509","200510","200511","200512","200603","200606","200607","200608","200610","200611","200703","200705","200706","200707","200708","200709","200710","200711","200712","200801","200803","200804","200805","200806","200807","200808","200809","200810","200811","200812","200902","200903","200904","200905","200906","200907","200909","200910","200911","200912","201001","201002","201003","201004","201005","201006","201007","201009","201107","201108","201109","201112","201201","201202","201203","201204","201206","201207","201208","201209","201210","201211","201302","201306","201308","201309","201310","201311","201401","201404","201405","201407","201408","201409","201501"],"Y_PREVALENCE_1000PP":[0.11757,0.07892,0.09323,0.0616,0.03846,0.03626,0.02921,0.04996,0.02461,0.02424,0.02393,0.02369,0.03035,0.02214,0.03669,0.02909,0.02145,0.02132,0.02073,0.02046,0.02377,0.03381,0.03027,0.02678,0.03315,0.02314,0.03959,0.03929,0.03897,0.01942,0.02259,0.01931,0.02243,0.03842,0.03504,0.02851,0.02216,0.02521,0.03137,0.03434,0.02808,0.02801,0.03733,0.04984,0.03111,0.05278,0.02484,0.02173,0.03726,0.01864,0.03094,0.03407,0.02791,0.0248,0.01864,0.0187,0.01925,0.02576,0.0259,0.02616,0.02296,0.02963,0.03627,0.02325,0.0303,0.05426,0.02726,0.02404,0.03449,0.02083,0.0213,0.02579,0.03017,0.02292,0.02702,0.02359,0.03248,0.03002,0.02641,0.0422,0.03409,0.03534,0.04568]},"CONDITIONS_BY_TYPE":{"CONCEPT_NAME":["Primary Condition","Secondary Condition"],"COUNT_VALUE":[1107,120]},"AGE_AT_FIRST_DIAGNOSIS":{"CATEGORY":["FEMALE","MALE"],"MIN_VALUE":[1,0],"P10_VALUE":[13,21],"P25_VALUE":[24,27],"MEDIAN_VALUE":[38,37],"P75_VALUE":[58,47],"P90_VALUE":[75,58],"MAX_VALUE":[94,91]}}
