{"PREVALENCE_BY_GENDER_AGE_YEAR":{"TRELLIS_NAME":["20-29","40-49","30-39","20-29","20-29","0-9","10-19","10-19","0-9","50-59","30-39","0-9","10-19","0-9","20-29","20-29","0-9","40-49","10-19","10-19","0-9","20-29","20-29","30-39","0-9","0-9","10-19","40-49","20-29","20-29","50-59","30-39","0-9","0-9","10-19","40-49","10-19","20-29","20-29","10-19","40-49","0-9","10-19","0-9","30-39","20-29","20-29","20-29","0-9","10-19","10-19","0-9","50-59","30-39","20-29","20-29","30-39","10-19","0-9","0-9","10-19","0-9","10-19","0-9","10-19","20-29","30-39","30-39","20-29","20-29","10-19"],"SERIES_NAME":["MALE","MALE","MALE","FEMALE","MALE","MALE","MALE","FEMALE","FEMALE","MALE","MALE","FEMALE","MALE","MALE","MALE","FEMALE","MALE","MALE","MALE","FEMALE","FEMALE","MALE","FEMALE","MALE","FEMALE","MALE","MALE","FEMALE","FEMALE","MALE","FEMALE","MALE","MALE","FEMALE","MALE","MALE","FEMALE","FEMALE","MALE","FEMALE","FEMALE","MALE","MALE","FEMALE","MALE","MALE","MALE","FEMALE","MALE","MALE","FEMALE","FEMALE","FEMALE","MALE","MALE","FEMALE","MALE","MALE","MALE","FEMALE","FEMALE","FEMALE","FEMALE","MALE","MALE","MALE","MALE","FEMALE","MALE","FEMALE","FEMALE"],"X_CALENDAR_YEAR":[2004,2005,2005,2005,2006,2006,2006,2006,2006,2006,2006,2007,2007,2007,2007,2007,2008,2008,2008,2008,2008,2008,2008,2008,2009,2009,2009,2009,2009,2009,2010,2010,2010,2010,2010,2010,2010,2010,2010,2011,2011,2011,2011,2011,2011,2011,2012,2012,2012,2012,2012,2012,2012,2012,2013,2013,2013,2013,2013,2013,2013,2014,2014,2014,2014,2014,2014,2014,2015,2015,2015],"Y_PREVALENCE_1000PP":[0.55981,0.66921,0.52886,0.22076,0.61862,0.26599,0.40636,0.36147,0.34474,0.46083,0.40808,0.32288,0.51809,0.35596,0.33574,0.21737,0.34446,0.37893,0.68375,0.37178,0.27019,0.69396,0.2826,0.42628,0.38072,0.57837,0.62472,0.1929,0.17272,1.02067,0.20535,0.5883,0.37621,0.23298,0.49893,0.54159,0.37503,0.20005,0.50208,0.30016,0.20243,0.24391,0.60219,0.27535,0.54608,0.60386,0.7722,0.19423,0.35625,0.47214,0.34777,0.52182,0.25528,0.43698,0.60021,0.20614,0.51951,0.96417,0.44868,0.71594,0.60586,0.51101,0.37768,0.53715,0.99847,1.11725,0.5071,0.21025,0.89445,0.44145,0.57186]},"PREVALENCE_BY_MONTH":{"X_CALENDAR_MONTH":["200408","200411","200504","200505","200507","200604","200605","200606","200607","200608","200609","200612","200705","200706","200707","200708","200709","200710","200711","200712","200802","200803","200805","200806","200807","200809","200810","200811","200812","200901","200903","200905","200906","200907","200908","200909","200910","200911","200912","201001","201003","201004","201005","201006","201007","201008","201009","201012","201102","201103","201104","201106","201107","201108","201109","201110","201202","201203","201204","201205","201206","201207","201208","201209","201210","201211","201212","201302","201303","201304","201305","201306","201307","201308","201309","201310","201311","201312","201402","201403","201405","201406","201407","201408","201409","201410","201411","201502","201503","201504","201505"],"Y_PREVALENCE_1000PP":[0.04835,0.03641,0.02699,0.02637,0.02546,0.02637,0.02975,0.02583,0.03669,0.04,0.0289,0.02478,0.02046,0.03056,0.03043,0.03027,0.02678,0.0232,0.02314,0.0198,0.02612,0.02598,0.02582,0.03541,0.03524,0.02867,0.03484,0.02533,0.02521,0.02513,0.01873,0.02801,0.01867,0.03426,0.04676,0.03423,0.02173,0.04347,0.02173,0.03105,0.01856,0.03407,0.02171,0.0217,0.03728,0.03111,0.03429,0.03764,0.02837,0.04091,0.02533,0.0319,0.02567,0.02576,0.03885,0.02595,0.02305,0.03297,0.03654,0.0367,0.02693,0.02374,0.02726,0.05152,0.02414,0.03472,0.03145,0.03195,0.02145,0.03243,0.04728,0.02948,0.04466,0.03017,0.04584,0.04631,0.05111,0.02796,0.03315,0.02935,0.05722,0.05444,0.07502,0.02922,0.06562,0.03693,0.0396,0.0793,0.08838,0.1179,0.11169]},"CONDITIONS_BY_TYPE":{"CONCEPT_NAME":["Primary Condition","Secondary Condition"],"COUNT_VALUE":[568,489]},"AGE_AT_FIRST_DIAGNOSIS":{"CATEGORY":["FEMALE","MALE"],"MIN_VALUE":[0,0],"P10_VALUE":[4,6],"P25_VALUE":[11,13],"MEDIAN_VALUE":[23,24],"P75_VALUE":[41,39],"P90_VALUE":[60,55],"MAX_VALUE":[99,100]}}
