{"PREVALENCE_BY_GENDER_AGE_YEAR":{"TRELLIS_NAME":["50-59","30-39","50-59","60-69","60-69","50-59","40-49","50-59","20-29","50-59","40-49","40-49","50-59","30-39","60-69","60-69","10-19","50-59","40-49"],"SERIES_NAME":["FEMALE","MALE","FEMALE","FEMALE","MALE","FEMALE","FEMALE","MALE","MALE","MALE","MALE","FEMALE","FEMALE","MALE","MALE","FEMALE","MALE","FEMALE","FEMALE"],"X_CALENDAR_YEAR":[2009,2009,2011,2011,2011,2012,2012,2012,2012,2013,2013,2013,2013,2013,2013,2013,2014,2014,2014],"Y_PREVALENCE_1000PP":[0.20509,0.3556,0.27926,0.33194,0.30955,0.43762,0.32247,0.40781,0.36036,1.12024,0.58181,0.23313,0.2292,0.38964,0.32192,0.34495,0.3524,0.29286,0.30976]},"PREVALENCE_BY_MONTH":{"X_CALENDAR_MONTH":["201004","201106","201110","201111","201201","201203","201205","201206","201207","201210","201211","201212","201301","201302","201304","201305","201306","201308","201310","201311","201312","201405","201407","201409","201410","201411","201412","201501","201504"],"Y_PREVALENCE_1000PP":[0.02168,0.01914,0.02919,0.03256,0.02624,0.02638,0.02002,0.0202,0.03052,0.03104,0.02083,0.02446,0.0316,0.0284,0.02883,0.03637,0.02211,0.0264,0.02316,0.03145,0.02796,0.03521,0.02813,0.04038,0.03166,0.03394,0.05393,0.04568,0.08843]},"CONDITIONS_BY_TYPE":{"CONCEPT_NAME":["Primary Condition","Secondary Condition"],"COUNT_VALUE":[99,372]},"AGE_AT_FIRST_DIAGNOSIS":{"CATEGORY":["MALE","FEMALE"],"MIN_VALUE":[9,13],"P10_VALUE":[19,26],"P25_VALUE":[30,39],"MEDIAN_VALUE":[44,52],"P75_VALUE":[56,61],"P90_VALUE":[63,69],"MAX_VALUE":[83,80]}}
