{"PREVALENCE_BY_GENDER_AGE_YEAR":{"TRELLIS_NAME":["30-39","20-29","40-49","30-39","20-29","20-29","30-39","40-49","30-39","20-29","40-49","30-39","20-29","30-39","30-39","20-29","40-49","20-29","30-39","20-29","30-39","40-49","30-39","20-29","40-49","40-49","30-39","20-29","20-29","30-39","40-49"],"SERIES_NAME":["FEMALE","FEMALE","FEMALE","FEMALE","FEMALE","FEMALE","FEMALE","FEMALE","FEMALE","FEMALE","FEMALE","FEMALE","FEMALE","FEMALE","FEMALE","FEMALE","FEMALE","FEMALE","FEMALE","FEMALE","FEMALE","FEMALE","FEMALE","FEMALE","FEMALE","FEMALE","FEMALE","FEMALE","FEMALE","FEMALE","FEMALE"],"X_CALENDAR_YEAR":[2004,2004,2005,2005,2005,2006,2006,2006,2007,2007,2008,2008,2009,2009,2010,2010,2011,2011,2011,2012,2012,2012,2013,2013,2013,2014,2014,2014,2015,2015,2015],"Y_PREVALENCE_1000PP":[0.99022,0.57875,0.29687,0.90732,0.34692,0.25935,0.47934,0.34196,0.62785,0.40758,0.29149,0.67092,0.17272,0.59993,0.63009,0.17504,0.64103,0.41843,1.03616,0.69367,1.70373,0.6091,1.7373,0.64786,0.66053,0.70803,2.38287,0.76184,0.44145,1.65405,0.73469]},"PREVALENCE_BY_MONTH":{"X_CALENDAR_MONTH":["200401","200403","200504","200506","200511","200601","200602","200610","200801","201101","201102","201107","201108","201109","201110","201111","201112","201201","201202","201203","201204","201205","201206","201207","201208","201209","201210","201211","201212","201301","201302","201303","201304","201305","201306","201308","201309","201310","201311","201312","201401","201402","201403","201404","201405","201406","201407","201408","201409","201410","201411","201412","201503","201504","201505"],"Y_PREVALENCE_1000PP":[0.11911,0.05919,0.03149,0.03014,0.02791,0.02722,0.02313,0.02145,0.01964,0.02202,0.01892,0.01925,0.03542,0.04856,0.03568,0.05209,0.02943,0.04592,0.0461,0.04946,0.03986,0.05338,0.03703,0.0373,0.05453,0.03091,0.02414,0.03472,0.02097,0.03862,0.0426,0.05363,0.03603,0.04728,0.02579,0.04148,0.04584,0.02702,0.03931,0.03594,0.04466,0.04558,0.05031,0.05147,0.06162,0.05444,0.04689,0.09254,0.03534,0.05804,0.05091,0.09587,0.11248,0.13755,0.26527]},"CONDITIONS_BY_TYPE":{"CONCEPT_NAME":["Primary Condition","Secondary Condition"],"COUNT_VALUE":[478,525]},"AGE_AT_FIRST_DIAGNOSIS":{"CATEGORY":"FEMALE","MIN_VALUE":15,"P10_VALUE":25,"P25_VALUE":30,"MEDIAN_VALUE":34,"P75_VALUE":38,"P90_VALUE":42,"MAX_VALUE":51}}
