{"PREVALENCE_BY_GENDER_AGE_YEAR":{"TRELLIS_NAME":["50-59","40-49","50-59","40-49","30-39","40-49","20-29","50-59","30-39","40-49","60-69","50-59","30-39","40-49","50-59","20-29","40-49","50-59","50-59","60-69","40-49","50-59","30-39","60-69","30-39","40-49","50-59"],"SERIES_NAME":["MALE","MALE","MALE","MALE","MALE","MALE","MALE","MALE","MALE","FEMALE","MALE","MALE","MALE","MALE","MALE","MALE","MALE","MALE","MALE","MALE","MALE","MALE","MALE","MALE","MALE","MALE","MALE"],"X_CALENDAR_YEAR":[2004,2004,2005,2005,2006,2006,2006,2007,2008,2008,2009,2009,2010,2010,2010,2011,2011,2011,2012,2012,2012,2013,2013,2013,2014,2014,2014],"Y_PREVALENCE_1000PP":[0.66523,1.01669,0.51972,0.60229,0.40808,0.35545,0.4949,0.42692,0.42628,0.19433,0.38302,0.34539,0.35298,0.64991,0.33984,0.30193,0.50847,0.3932,0.50976,0.371,0.65931,0.37341,0.38964,0.53654,0.43466,0.44474,0.46734]},"PREVALENCE_BY_MONTH":{"X_CALENDAR_MONTH":["200407","200412","200507","200510","200603","200606","200608","200702","200705","200803","200804","200812","200904","200905","200909","201004","201007","201009","201104","201108","201109","201201","201203","201205","201212","201305","201306","201310","201311","201401","201404","201405","201408","201504","201505"],"Y_PREVALENCE_1000PP":[0.0641,0.04017,0.02546,0.02424,0.03415,0.02952,0.02182,0.02445,0.02046,0.02598,0.02913,0.01891,0.02184,0.02801,0.01867,0.02787,0.02796,0.02494,0.02216,0.02254,0.02914,0.0328,0.03297,0.02002,0.02446,0.02182,0.02211,0.03473,0.02752,0.02436,0.02573,0.02641,0.02922,0.05895,0.08377]},"CONDITIONS_BY_TYPE":{"CONCEPT_NAME":["Primary Condition","Secondary Condition"],"COUNT_VALUE":[163,546]},"AGE_AT_FIRST_DIAGNOSIS":{"CATEGORY":["FEMALE","MALE"],"MIN_VALUE":[3,4],"P10_VALUE":[18,22],"P25_VALUE":[34,34],"MEDIAN_VALUE":[45,46],"P75_VALUE":[60,58],"P90_VALUE":[72,69],"MAX_VALUE":[87,97]}}
