{"PREVALENCE_BY_GENDER_AGE_YEAR":{"TRELLIS_NAME":["60-69","80-89","60-69","80-89","70-79","70-79","40-49","50-59","50-59","80-89","80-89","60-69","60-69","90-99","50-59","50-59","40-49","70-79","70-79","50-59","40-49","70-79","70-79","50-59","80-89","60-69","80-89","60-69","80-89","60-69","60-69","90-99","80-89","70-79","70-79","50-59","50-59","80-89","90-99","60-69","80-89","60-69","70-79","50-59","50-59","70-79","80-89","60-69","80-89","50-59","40-49","50-59","70-79","70-79","60-69","60-69","80-89","80-89","60-69","50-59","70-79","70-79","50-59","70-79","50-59","60-69","60-69","70-79","50-59","70-79","60-69","80-89","60-69","80-89","40-49","50-59","70-79","70-79","50-59","40-49","80-89","60-69","60-69","80-89","60-69","70-79","50-59"],"SERIES_NAME":["FEMALE","FEMALE","MALE","MALE","MALE","FEMALE","MALE","MALE","FEMALE","FEMALE","MALE","MALE","FEMALE","FEMALE","FEMALE","MALE","MALE","FEMALE","MALE","FEMALE","MALE","FEMALE","MALE","MALE","MALE","MALE","FEMALE","FEMALE","MALE","MALE","FEMALE","FEMALE","FEMALE","MALE","FEMALE","FEMALE","MALE","FEMALE","FEMALE","MALE","MALE","FEMALE","MALE","MALE","FEMALE","FEMALE","MALE","MALE","FEMALE","FEMALE","MALE","MALE","FEMALE","MALE","FEMALE","MALE","MALE","FEMALE","FEMALE","FEMALE","MALE","FEMALE","MALE","MALE","MALE","FEMALE","MALE","FEMALE","MALE","MALE","FEMALE","MALE","MALE","FEMALE","MALE","MALE","MALE","FEMALE","FEMALE","FEMALE","MALE","MALE","FEMALE","FEMALE","MALE","MALE","MALE"],"X_CALENDAR_YEAR":[2004,2004,2004,2004,2004,2004,2004,2004,2004,2005,2005,2005,2005,2005,2005,2005,2005,2005,2005,2006,2006,2006,2006,2006,2006,2006,2006,2006,2007,2007,2007,2007,2007,2007,2007,2007,2007,2008,2008,2008,2008,2008,2008,2008,2008,2008,2009,2009,2009,2009,2009,2009,2009,2009,2009,2010,2010,2010,2010,2010,2010,2010,2010,2011,2011,2011,2011,2012,2012,2012,2012,2012,2012,2012,2013,2013,2013,2013,2013,2013,2013,2013,2013,2013,2014,2014,2014],"Y_PREVALENCE_1000PP":[0.90397,2.18671,2.55633,3.80331,3.89194,1.729,1.10141,1.49676,0.60756,1.94878,2.59235,2.4491,1.12026,3.64299,0.32597,1.42922,0.53537,1.51515,3.44927,0.25949,0.53318,1.79372,3.30349,1.38249,2.87466,1.80252,2.27646,1.15717,1.95382,1.40785,0.94335,3.18302,1.77578,1.71331,1.07117,0.43107,1.17402,1.57215,3.08483,1.31459,1.50477,0.45041,1.49712,0.80735,0.24394,0.97119,1.12179,1.20376,1.61952,0.30764,0.53582,1.08551,1.32626,1.25088,0.43,0.89366,1.23248,1.06202,0.41922,0.27379,0.83314,1.00301,0.92242,0.96791,1.03214,0.33194,0.56751,0.73462,0.81562,0.67471,0.37903,1.19314,1.06,0.9601,0.51716,0.9602,1.48533,0.91163,0.4584,0.27198,1.65738,1.18038,0.4743,0.66541,0.56536,1.17288,0.6426]},"PREVALENCE_BY_MONTH":{"X_CALENDAR_MONTH":["200401","200402","200403","200404","200405","200406","200407","200408","200409","200410","200411","200501","200502","200503","200504","200505","200506","200507","200508","200509","200510","200511","200512","200601","200602","200603","200604","200605","200606","200607","200608","200609","200610","200611","200612","200701","200702","200703","200704","200705","200706","200707","200708","200709","200710","200711","200712","200801","200802","200803","200804","200805","200806","200807","200808","200809","200810","200811","200812","200902","200903","200904","200905","200906","200907","200908","200909","200910","200911","200912","201001","201002","201003","201004","201005","201006","201007","201008","201009","201012","201102","201103","201104","201105","201107","201109","201110","201111","201112","201201","201203","201204","201205","201206","201208","201210","201211","201212","201301","201302","201303","201304","201305","201306","201307","201308","201309","201310","201311","201312","201404","201406","201407","201408","201502","201505"],"Y_PREVALENCE_1000PP":[0.25808,0.22208,0.18743,0.1017,0.11315,0.15058,0.16026,0.09671,0.14871,0.09228,0.10923,0.12656,0.05225,0.14738,0.05399,0.06154,0.10334,0.04668,0.06245,0.05743,0.05657,0.05981,0.05923,0.05055,0.07712,0.04932,0.07911,0.10414,0.06273,0.0477,0.06182,0.06502,0.04648,0.07462,0.10973,0.0666,0.06635,0.0449,0.02408,0.0341,0.04754,0.0541,0.03027,0.04352,0.04972,0.02975,0.04289,0.05566,0.04244,0.03572,0.03237,0.01937,0.04185,0.03524,0.02241,0.0446,0.03168,0.04432,0.02837,0.03451,0.03746,0.04369,0.0529,0.03111,0.02803,0.03741,0.06223,0.05589,0.0559,0.05589,0.05589,0.0435,0.0526,0.02478,0.0186,0.03721,0.03417,0.03422,0.02806,0.02196,0.02207,0.02517,0.02216,0.02857,0.02246,0.02266,0.02595,0.0293,0.01962,0.03936,0.03957,0.02658,0.02669,0.03366,0.0409,0.02759,0.02083,0.03495,0.0316,0.0497,0.05005,0.04684,0.09092,0.05896,0.02977,0.04148,0.0382,0.02316,0.04718,0.02796,0.03002,0.02722,0.04689,0.02922,0.04326,0.08377]},"CONDITIONS_BY_TYPE":{"CONCEPT_NAME":["Primary Condition","Secondary Condition"],"COUNT_VALUE":[48,1644]},"AGE_AT_FIRST_DIAGNOSIS":{"CATEGORY":["MALE","FEMALE"],"MIN_VALUE":[19,24],"P10_VALUE":[50,51],"P25_VALUE":[57,61],"MEDIAN_VALUE":[67,71],"P75_VALUE":[75,80],"P90_VALUE":[82,88],"MAX_VALUE":[94,101]}}
