{"PREVALENCE_BY_GENDER_AGE_YEAR":{"TRELLIS_NAME":["70-79","60-69","60-69","80-89","70-79","70-79","60-69","80-89","60-69","70-79","60-69","80-89","70-79","70-79","60-69","80-89","80-89","70-79","50-59","70-79","80-89","60-69","70-79","60-69","80-89","80-89","70-79","70-79","80-89","60-69","60-69","60-69","80-89","80-89","50-59","70-79","70-79","80-89"],"SERIES_NAME":["MALE","MALE","MALE","FEMALE","MALE","FEMALE","MALE","MALE","FEMALE","MALE","MALE","MALE","FEMALE","MALE","MALE","MALE","FEMALE","MALE","MALE","MALE","MALE","FEMALE","MALE","MALE","FEMALE","MALE","MALE","FEMALE","MALE","MALE","FEMALE","MALE","MALE","FEMALE","MALE","MALE","MALE","MALE"],"X_CALENDAR_YEAR":[2006,2006,2007,2007,2007,2007,2008,2008,2008,2008,2009,2009,2009,2009,2010,2010,2010,2010,2011,2011,2011,2012,2012,2012,2012,2012,2013,2013,2013,2013,2013,2014,2014,2014,2014,2014,2015,2015],"Y_PREVALENCE_1000PP":[0.69547,0.53408,0.5509,0.8287,0.89745,0.53558,0.34294,1.67196,0.27025,0.63037,0.38302,1.28205,0.5684,0.70362,0.47311,1.38654,0.63721,0.98462,0.34405,0.44673,2.38842,0.25268,1.12452,0.742,1.06678,1.64057,1.26253,0.36465,1.20536,0.48288,0.25871,0.84803,0.95359,0.93294,0.35051,0.62554,0.77821,2.06825]},"PREVALENCE_BY_MONTH":{"X_CALENDAR_MONTH":["200602","200701","200704","200705","200706","200711","200712","200804","200805","200809","200811","200812","200901","200903","200904","200907","200908","200909","201004","201008","201010","201012","201103","201104","201105","201108","201203","201204","201205","201207","201208","201210","201211","201302","201304","201307","201308","201309","201310","201312","201403","201404","201405","201406","201407","201408","201409","201411","201412","201501","201503"],"Y_PREVALENCE_1000PP":[0.02313,0.03856,0.03096,0.02728,0.02377,0.02314,0.0231,0.01942,0.02582,0.01911,0.01899,0.02521,0.02827,0.02185,0.02184,0.01869,0.02182,0.02178,0.02478,0.02178,0.02183,0.03451,0.02832,0.019,0.01905,0.01932,0.02968,0.01993,0.02669,0.02374,0.02726,0.02069,0.02083,0.0213,0.04324,0.04466,0.03017,0.02292,0.03473,0.03195,0.04193,0.03002,0.03521,0.02722,0.02813,0.02922,0.03029,0.0396,0.04794,0.04568,0.12051]},"CONDITIONS_BY_TYPE":{"CONCEPT_NAME":["Primary Condition","Secondary Condition"],"COUNT_VALUE":[431,484]},"AGE_AT_FIRST_DIAGNOSIS":{"CATEGORY":["MALE","FEMALE"],"MIN_VALUE":[1,1],"P10_VALUE":[51,45],"P25_VALUE":[62,59],"MEDIAN_VALUE":[72,71],"P75_VALUE":[81,82],"P90_VALUE":[86,87],"MAX_VALUE":[98,98]}}
