{"PREVALENCE_BY_GENDER_AGE_YEAR":{"TRELLIS_NAME":["60-69","70-79","60-69","70-79","40-49","50-59","70-79","50-59","30-39","40-49","70-79","60-69","60-69","80-89","80-89","70-79","50-59","70-79","50-59","40-49","80-89","60-69","60-69","80-89","30-39","60-69","80-89","60-69","80-89","70-79","40-49","50-59","70-79","50-59","40-49","50-59","70-79","50-59","40-49","60-69","70-79","80-89","60-69"],"SERIES_NAME":["MALE","FEMALE","MALE","MALE","FEMALE","FEMALE","FEMALE","MALE","FEMALE","MALE","MALE","FEMALE","MALE","FEMALE","MALE","MALE","MALE","FEMALE","FEMALE","FEMALE","MALE","FEMALE","MALE","FEMALE","FEMALE","MALE","MALE","FEMALE","FEMALE","FEMALE","MALE","MALE","MALE","FEMALE","FEMALE","FEMALE","FEMALE","MALE","FEMALE","FEMALE","MALE","FEMALE","MALE"],"X_CALENDAR_YEAR":[2009,2010,2010,2011,2012,2012,2012,2012,2012,2012,2012,2012,2012,2012,2012,2013,2013,2013,2013,2013,2013,2013,2013,2013,2014,2014,2014,2014,2014,2014,2014,2014,2014,2014,2014,2015,2015,2015,2015,2015,2015,2015,2015],"Y_PREVALENCE_1000PP":[0.3283,0.37613,0.31541,0.44673,0.35829,0.8023,1.3468,0.71367,0.17625,0.41956,1.19949,1.38977,1.219,0.74675,0.89485,1.5596,0.85352,1.64094,0.573,0.4274,1.35603,1.76785,2.19981,1.10902,0.21025,1.7526,1.58932,2.22162,1.51603,2.70427,0.81536,0.87627,2.11119,1.38064,0.48677,0.95623,2.28145,0.64697,0.57143,1.04579,1.42672,1.66297,3.2344]},"PREVALENCE_BY_MONTH":{"X_CALENDAR_MONTH":["200712","200904","201003","201006","201202","201203","201204","201205","201206","201207","201208","201209","201210","201211","201212","201301","201302","201303","201304","201305","201306","201307","201308","201309","201310","201311","201312","201401","201402","201403","201404","201405","201406","201407","201408","201409","201410","201411","201412","201501","201502","201503","201504","201505"],"Y_PREVALENCE_1000PP":[0.0198,0.02184,0.02475,0.0186,0.01976,0.03627,0.07308,0.09009,0.08416,0.06104,0.05453,0.04122,0.03104,0.0382,0.07688,0.09129,0.07101,0.0858,0.06846,0.10183,0.04422,0.04838,0.04903,0.07258,0.09649,0.04718,0.05991,0.08932,0.07873,0.09643,0.08149,0.12764,0.12703,0.1219,0.08767,0.08582,0.20049,0.13011,0.15579,0.13705,0.20908,0.28119,0.28493,0.32111]},"CONDITIONS_BY_TYPE":{"CONCEPT_NAME":"Secondary Condition","COUNT_VALUE":1016},"AGE_AT_FIRST_DIAGNOSIS":{"CATEGORY":["FEMALE","MALE"],"MIN_VALUE":[3,7],"P10_VALUE":[40,42],"P25_VALUE":[52,55],"MEDIAN_VALUE":[64,65],"P75_VALUE":[73,72],"P90_VALUE":[80,80],"MAX_VALUE":[93,92]}}
