{"PREVALENCE_BY_GENDER_AGE_YEAR":{"TRELLIS_NAME":["30-39","30-39","20-29","30-39","40-49","40-49","30-39","20-29","40-49","30-39","20-29","20-29","30-39","40-49","20-29","30-39","20-29","40-49","40-49","30-39","10-19","40-49","10-19","20-29","30-39","30-39","10-19","10-19"],"SERIES_NAME":["FEMALE","FEMALE","FEMALE","FEMALE","FEMALE","FEMALE","FEMALE","FEMALE","FEMALE","FEMALE","FEMALE","FEMALE","FEMALE","FEMALE","FEMALE","FEMALE","FEMALE","FEMALE","FEMALE","FEMALE","FEMALE","FEMALE","FEMALE","FEMALE","FEMALE","FEMALE","FEMALE","FEMALE"],"X_CALENDAR_YEAR":[2004,2005,2006,2006,2006,2007,2007,2007,2008,2008,2008,2009,2009,2010,2010,2010,2011,2011,2012,2012,2012,2013,2013,2013,2013,2014,2014,2015],"Y_PREVALENCE_1000PP":[0.35648,0.19443,0.23053,0.20971,0.37616,0.40102,0.28539,0.1902,0.19433,0.32204,0.17984,0.14805,0.44342,0.22631,0.22505,0.28879,0.28767,0.47233,0.25081,0.235,0.30429,0.34969,0.46605,0.17669,0.24819,0.21025,0.64746,0.95311]},"PREVALENCE_BY_MONTH":{"X_CALENDAR_MONTH":["200703","200708","200802","201006","201106","201205","201212","201305","201503"],"Y_PREVALENCE_1000PP":[0.02073,0.02018,0.02285,0.0186,0.02871,0.02336,0.02097,0.02182,0.05624]},"CONDITIONS_BY_TYPE":{"CONCEPT_NAME":["Primary Condition","Secondary Condition"],"COUNT_VALUE":[239,167]},"AGE_AT_FIRST_DIAGNOSIS":{"CATEGORY":"FEMALE","MIN_VALUE":11,"P10_VALUE":16,"P25_VALUE":24,"MEDIAN_VALUE":33,"P75_VALUE":42,"P90_VALUE":48,"MAX_VALUE":72}}
