{"PREVALENCE_BY_GENDER_AGE_YEAR":{"TRELLIS_NAME":["70-79","50-59","40-49","60-69","20-29","70-79","40-49","30-39","60-69","80-89","60-69","30-39","70-79","40-49","50-59","60-69","10-19","70-79","40-49","50-59","30-39","10-19","60-69","40-49","70-79","50-59","30-39","20-29","70-79","40-49","50-59","60-69","30-39","70-79","40-49","10-19","50-59","60-69","10-19","70-79","40-49","60-69","30-39","50-59","10-19","60-69","80-89","20-29","30-39","70-79","50-59","40-49","30-39","30-39","20-29","80-89","60-69","70-79","50-59","10-19","0-9","70-79","40-49","50-59","60-69","90-99","80-89","70-79","10-19","50-59","70-79","40-49","50-59","30-39","80-89","60-69","20-29","20-29","60-69","20-29","30-39","50-59","70-79","40-49"],"SERIES_NAME":["FEMALE","FEMALE","FEMALE","FEMALE","FEMALE","FEMALE","FEMALE","FEMALE","FEMALE","FEMALE","FEMALE","FEMALE","FEMALE","FEMALE","FEMALE","FEMALE","FEMALE","FEMALE","FEMALE","FEMALE","FEMALE","FEMALE","FEMALE","FEMALE","FEMALE","FEMALE","FEMALE","FEMALE","FEMALE","FEMALE","FEMALE","FEMALE","FEMALE","FEMALE","FEMALE","FEMALE","FEMALE","FEMALE","FEMALE","FEMALE","FEMALE","FEMALE","FEMALE","FEMALE","FEMALE","FEMALE","FEMALE","FEMALE","FEMALE","FEMALE","FEMALE","FEMALE","FEMALE","MALE","FEMALE","FEMALE","FEMALE","MALE","MALE","FEMALE","FEMALE","FEMALE","FEMALE","FEMALE","FEMALE","FEMALE","FEMALE","FEMALE","FEMALE","MALE","MALE","FEMALE","FEMALE","FEMALE","MALE","MALE","FEMALE","MALE","FEMALE","FEMALE","FEMALE","FEMALE","FEMALE","FEMALE"],"X_CALENDAR_YEAR":[2004,2004,2004,2004,2004,2005,2005,2005,2005,2005,2006,2006,2006,2006,2006,2007,2007,2007,2007,2007,2007,2008,2008,2008,2008,2008,2008,2008,2009,2009,2009,2009,2009,2010,2010,2010,2010,2010,2011,2011,2011,2011,2011,2011,2012,2012,2012,2012,2012,2012,2012,2012,2013,2013,2013,2013,2013,2013,2013,2013,2013,2013,2013,2013,2014,2014,2014,2014,2014,2014,2014,2014,2014,2014,2014,2014,2014,2014,2015,2015,2015,2015,2015,2015],"Y_PREVALENCE_1000PP":[0.91,0.45567,0.32331,0.90397,0.2315,0.45455,0.4453,0.25924,0.67216,1.25278,0.75468,0.29959,0.48293,0.41035,0.48191,0.94335,0.38217,0.80337,0.43443,0.50291,0.28539,0.33047,0.72066,0.5182,0.77695,0.41819,0.18786,0.15415,0.50524,0.48224,0.44437,0.77399,0.1565,0.56419,0.61427,0.4167,0.47914,0.75459,0.25728,0.68082,0.67476,1.0373,0.32721,0.69815,0.34777,1.30554,0.64007,0.22198,0.41124,1.04071,0.98465,1.11071,0.77558,0.38964,0.38283,2.77254,2.93205,1.03973,0.64014,0.32623,0.25268,2.67412,1.39876,2.4448,2.58433,2.61552,1.98251,2.25356,0.5935,0.40893,0.86011,1.50456,2.55209,0.70084,1.27146,0.73496,0.33124,0.43449,1.79278,0.44145,0.95426,1.32402,1.03702,1.06122]},"PREVALENCE_BY_MONTH":{"X_CALENDAR_MONTH":["200401","200402","200403","200404","200405","200406","200407","200408","200409","200410","200411","200412","200501","200502","200503","200505","200506","200507","200508","200509","200510","200511","200512","200601","200602","200603","200604","200605","200606","200607","200608","200609","200610","200611","200612","200701","200702","200703","200704","200705","200706","200707","200708","200709","200710","200711","200712","200801","200802","200803","200804","200805","200806","200807","200808","200809","200810","200811","200812","200902","200903","200904","200905","200906","200907","200908","200909","200911","200912","201001","201002","201003","201004","201005","201006","201007","201008","201009","201010","201011","201012","201101","201102","201103","201104","201105","201106","201107","201108","201109","201110","201111","201112","201201","201202","201203","201204","201205","201206","201207","201208","201209","201210","201211","201212","201301","201302","201303","201304","201305","201306","201307","201308","201309","201310","201311","201312","201401","201402","201403","201404","201405","201406","201407","201408","201409","201410","201411","201412","201501","201502","201503","201504","201505"],"Y_PREVALENCE_1000PP":[0.19852,0.16982,0.14797,0.1017,0.06035,0.05476,0.05769,0.03626,0.0572,0.05429,0.03641,0.04017,0.02921,0.0475,0.04606,0.03956,0.04306,0.03819,0.02498,0.03692,0.02828,0.0638,0.03948,0.02333,0.0347,0.03415,0.03014,0.03719,0.03321,0.03669,0.04,0.03251,0.05363,0.03198,0.04247,0.04908,0.03492,0.038,0.0344,0.06819,0.04754,0.02029,0.03027,0.04352,0.03646,0.02975,0.03629,0.03601,0.03264,0.02598,0.03884,0.04519,0.03541,0.03524,0.04162,0.03186,0.03801,0.02849,0.01891,0.0251,0.0437,0.03433,0.03112,0.03422,0.03115,0.03741,0.028,0.03105,0.01863,0.02484,0.03418,0.03094,0.04026,0.03101,0.04341,0.04038,0.02489,0.03429,0.01871,0.04376,0.03451,0.02831,0.02837,0.05035,0.0285,0.04444,0.03828,0.05455,0.0483,0.06151,0.04866,0.05534,0.06214,0.06559,0.06585,0.07914,0.08305,0.08008,0.07743,0.05765,0.05794,0.07213,0.06898,0.05208,0.05591,0.10183,0.09231,0.1144,0.10089,0.13456,0.14739,0.20468,0.14331,0.13371,0.15824,0.09435,0.15975,0.16241,0.1989,0.17191,0.21446,0.17165,0.16332,0.09846,0.10715,0.09591,0.14773,0.14708,0.20373,0.16315,0.13698,0.17675,0.29475,0.363]},"CONDITIONS_BY_TYPE":{"CONCEPT_NAME":["Primary Condition","Secondary Condition"],"COUNT_VALUE":[1914,1245]},"AGE_AT_FIRST_DIAGNOSIS":{"CATEGORY":["MALE","FEMALE"],"MIN_VALUE":[1,0],"P10_VALUE":[17,29],"P25_VALUE":[39,42],"MEDIAN_VALUE":[59,57],"P75_VALUE":[71,68],"P90_VALUE":[80,78],"MAX_VALUE":[99,97]}}
