{"PREVALENCE_BY_GENDER_AGE_YEAR":{"TRELLIS_NAME":["40-49","0-9","0-9","50-59","0-9","10-19","0-9","40-49","60-69","0-9","30-39","40-49","0-9","0-9","0-9","40-49","30-39","0-9","0-9","0-9","40-49","0-9","0-9"],"SERIES_NAME":["MALE","FEMALE","MALE","FEMALE","FEMALE","MALE","MALE","FEMALE","FEMALE","MALE","FEMALE","FEMALE","FEMALE","MALE","FEMALE","FEMALE","FEMALE","FEMALE","MALE","FEMALE","FEMALE","MALE","FEMALE"],"X_CALENDAR_YEAR":[2004,2004,2004,2005,2005,2005,2005,2005,2005,2006,2006,2006,2006,2007,2007,2007,2008,2008,2008,2009,2010,2011,2013],"Y_PREVALENCE_1000PP":[0.59307,0.49718,0.81644,0.36672,0.56056,0.34276,0.45522,0.25976,0.33608,0.30399,0.23967,0.27357,0.47402,0.21358,0.28252,0.20051,0.16102,0.23159,0.37891,0.30458,0.19398,0.27876,0.2948]},"PREVALENCE_BY_MONTH":{"X_CALENDAR_MONTH":["200403","200407","200408","200409","200410","200412","200501","200502","200503","200504","200505","200506","200507","200508","200509","200510","200602","200603","200604","200605","200606","200607","200608","200609","200610","200611","200701","200705","200710","200711","200801","200803","200804","200806","200807","200903","201007"],"Y_PREVALENCE_1000PP":[0.12824,0.03846,0.04835,0.03432,0.03257,0.04017,0.04381,0.03325,0.02763,0.02699,0.03077,0.02583,0.03395,0.04164,0.03281,0.03232,0.03085,0.02276,0.0226,0.03347,0.02214,0.02202,0.03636,0.02167,0.0286,0.02487,0.02103,0.03751,0.01989,0.02975,0.01964,0.02598,0.01942,0.02253,0.02563,0.02497,0.01864]},"CONDITIONS_BY_TYPE":{"CONCEPT_NAME":["Primary Condition","Secondary Condition"],"COUNT_VALUE":[527,43]},"AGE_AT_FIRST_DIAGNOSIS":{"CATEGORY":["FEMALE","MALE"],"MIN_VALUE":[0,0],"P10_VALUE":[2,2],"P25_VALUE":[8,6],"MEDIAN_VALUE":[35,29],"P75_VALUE":[56,51],"P90_VALUE":[75,67],"MAX_VALUE":[104,90]}}
