{"PREVALENCE_BY_GENDER_AGE_YEAR":{"TRELLIS_NAME":["40-49","40-49","50-59","20-29","50-59","30-39","40-49","50-59","40-49","30-39","30-39","40-49","50-59","10-19","40-49","50-59","10-19","0-9","20-29","60-69","20-29","30-39","20-29","40-49","10-19","10-19","30-39","10-19","50-59","10-19","60-69","20-29","0-9","10-19","40-49","50-59","10-19","30-39","20-29","30-39","20-29","10-19","40-49","50-59","0-9","10-19","50-59","50-59","40-49","30-39","30-39","0-9","0-9","10-19","40-49","10-19","20-29","50-59","0-9","10-19","0-9","10-19","50-59","60-69","20-29","20-29","30-39","30-39","20-29","20-29","30-39","10-19","0-9","40-49","10-19","0-9","50-59","30-39","40-49","10-19","50-59","20-29","0-9","10-19"],"SERIES_NAME":["FEMALE","MALE","MALE","MALE","FEMALE","MALE","MALE","MALE","FEMALE","FEMALE","MALE","MALE","MALE","FEMALE","FEMALE","FEMALE","MALE","MALE","FEMALE","MALE","MALE","MALE","MALE","MALE","FEMALE","MALE","MALE","MALE","MALE","FEMALE","MALE","MALE","MALE","MALE","FEMALE","MALE","FEMALE","MALE","MALE","MALE","FEMALE","FEMALE","MALE","MALE","MALE","MALE","FEMALE","MALE","FEMALE","FEMALE","MALE","MALE","FEMALE","MALE","MALE","FEMALE","MALE","MALE","FEMALE","FEMALE","MALE","MALE","FEMALE","MALE","MALE","FEMALE","FEMALE","MALE","FEMALE","MALE","MALE","MALE","MALE","MALE","FEMALE","FEMALE","MALE","MALE","MALE","FEMALE","MALE","MALE","MALE","MALE"],"X_CALENDAR_YEAR":[2004,2004,2004,2005,2005,2005,2005,2005,2005,2006,2006,2006,2006,2006,2006,2006,2006,2006,2006,2006,2006,2007,2007,2007,2007,2008,2009,2009,2009,2009,2010,2010,2010,2010,2010,2010,2010,2010,2011,2011,2011,2011,2011,2011,2011,2011,2012,2012,2012,2012,2012,2012,2012,2012,2012,2012,2012,2013,2013,2013,2013,2013,2013,2013,2013,2013,2013,2013,2014,2014,2014,2014,2014,2014,2014,2014,2014,2015,2015,2015,2015,2015,2015,2015],"Y_PREVALENCE_1000PP":[0.27712,0.59307,0.49892,0.57393,0.24448,0.67996,1.33842,0.9095,0.37109,0.32955,1.29225,1.24408,0.69124,0.45183,0.27357,0.29656,0.71113,0.30399,0.28817,0.40056,1.60841,0.43956,0.44765,0.38405,0.25478,0.41025,0.47413,0.53548,0.34539,0.28573,0.31541,0.6025,0.20521,1.27001,0.22631,0.33984,0.37503,0.70597,1.15741,0.66744,0.15691,1.28639,0.39548,0.54065,0.90595,2.17714,0.29175,0.56074,0.21498,0.235,1.24852,1.49626,0.36126,3.305,1.25869,1.52147,1.38996,0.74683,0.33691,2.14382,1.19649,3.50147,0.3056,0.32192,1.03672,0.17669,0.27921,0.97409,0.23186,1.24139,0.43466,5.16857,1.3222,0.59299,2.26611,0.46455,0.6426,1.46778,0.86894,2.09684,1.18611,2.17225,1.16848,4.43723]},"PREVALENCE_BY_MONTH":{"X_CALENDAR_MONTH":["200406","200412","200501","200502","200504","200505","200506","200507","200508","200509","200510","200511","200512","200601","200602","200603","200604","200605","200606","200607","200608","200609","200610","200611","200612","200701","200702","200703","200712","200801","200803","200902","200903","200908","200912","201001","201002","201003","201005","201006","201007","201008","201009","201010","201011","201012","201101","201102","201103","201104","201105","201106","201107","201108","201109","201110","201111","201112","201201","201202","201203","201204","201205","201206","201207","201208","201209","201210","201211","201212","201301","201302","201303","201304","201305","201306","201307","201308","201309","201310","201311","201312","201401","201402","201403","201404","201405","201406","201407","201408","201409","201410","201411","201412","201501","201502","201503","201504","201505"],"Y_PREVALENCE_1000PP":[0.0616,0.03013,0.02921,0.06176,0.02699,0.02637,0.03445,0.05092,0.02915,0.04102,0.0404,0.04386,0.02764,0.05055,0.03085,0.04553,0.04898,0.08554,0.06642,0.02936,0.08364,0.06864,0.03575,0.0604,0.04955,0.02804,0.02445,0.02763,0.0198,0.02619,0.02273,0.02196,0.02185,0.02494,0.02173,0.02174,0.02486,0.02166,0.02791,0.0186,0.02174,0.04044,0.02182,0.01871,0.01875,0.08156,0.05976,0.04098,0.02203,0.04433,0.05397,0.05742,0.06096,0.06118,0.06798,0.05514,0.0879,0.05887,0.06559,0.06256,0.09892,0.06644,0.06673,0.07743,0.08817,0.0852,0.09617,0.09312,0.12848,0.13279,0.11938,0.06391,0.10725,0.10089,0.09092,0.07001,0.08559,0.05657,0.0764,0.11578,0.09042,0.08786,0.09744,0.0663,0.10901,0.09007,0.11884,0.0862,0.07502,0.15099,0.1161,0.1108,0.13576,0.11984,0.20884,0.21628,0.32137,0.40283,0.27923]},"CONDITIONS_BY_TYPE":{"CONCEPT_NAME":["Primary Condition","Secondary Condition"],"COUNT_VALUE":[740,971]},"AGE_AT_FIRST_DIAGNOSIS":{"CATEGORY":["FEMALE","MALE"],"MIN_VALUE":[1,2],"P10_VALUE":[11,8],"P25_VALUE":[14,13],"MEDIAN_VALUE":[22,22],"P75_VALUE":[45,43],"P90_VALUE":[63,55],"MAX_VALUE":[101,114]}}
