{"PREVALENCE_BY_GENDER_AGE_YEAR":{"TRELLIS_NAME":["50-59","70-79","40-49","70-79","60-69","60-69","50-59","70-79","70-79","60-69","80-89","60-69","60-69","80-89","80-89","60-69","50-59","70-79","70-79","50-59","60-69","60-69","80-89","70-79","70-79","50-59","50-59","80-89","60-69","80-89","60-69","70-79","50-59","70-79","50-59","80-89","60-69","50-59","50-59","70-79","70-79","60-69","80-89","60-69","80-89","60-69","50-59","70-79","70-79","50-59","50-59","70-79","50-59","70-79","60-69","60-69","80-89","70-79","50-59","50-59","70-79","60-69","80-89","60-69","80-89","50-59","70-79","70-79","50-59","80-89","80-89","60-69","60-69","80-89","60-69","60-69","80-89","70-79","40-49","70-79","50-59","50-59","50-59","70-79","60-69","70-79","60-69"],"SERIES_NAME":["FEMALE","FEMALE","FEMALE","MALE","MALE","FEMALE","MALE","FEMALE","MALE","MALE","FEMALE","FEMALE","MALE","MALE","FEMALE","FEMALE","FEMALE","FEMALE","MALE","MALE","MALE","FEMALE","FEMALE","MALE","FEMALE","FEMALE","MALE","FEMALE","MALE","MALE","FEMALE","MALE","MALE","FEMALE","FEMALE","MALE","MALE","FEMALE","MALE","FEMALE","MALE","FEMALE","FEMALE","MALE","MALE","FEMALE","FEMALE","MALE","FEMALE","MALE","FEMALE","MALE","MALE","FEMALE","FEMALE","MALE","MALE","FEMALE","FEMALE","MALE","MALE","FEMALE","MALE","MALE","FEMALE","MALE","MALE","FEMALE","FEMALE","MALE","FEMALE","MALE","FEMALE","MALE","MALE","FEMALE","FEMALE","FEMALE","MALE","MALE","MALE","FEMALE","FEMALE","FEMALE","FEMALE","MALE","MALE"],"X_CALENDAR_YEAR":[2004,2004,2004,2004,2004,2004,2005,2005,2005,2005,2005,2005,2006,2006,2006,2006,2006,2006,2006,2006,2007,2007,2007,2007,2007,2007,2007,2008,2008,2008,2008,2008,2008,2008,2008,2009,2009,2009,2009,2009,2009,2009,2010,2010,2010,2010,2010,2010,2010,2010,2011,2011,2011,2011,2011,2011,2011,2012,2012,2012,2012,2012,2012,2012,2012,2013,2013,2013,2013,2013,2013,2013,2013,2014,2014,2014,2014,2014,2014,2014,2014,2014,2015,2015,2015,2015,2015],"Y_PREVALENCE_1000PP":[0.30378,2.002,0.27712,1.94597,2.2723,1.04304,0.38979,1.21212,1.82045,1.30109,0.83519,1.34431,1.26844,1.14987,0.75882,1.10686,0.25949,1.72473,2.17335,0.40323,1.7139,0.89618,0.71031,2.03965,1.00422,0.21553,0.64038,1.01067,1.60037,1.67196,1.21611,1.73351,0.45413,1.42441,0.27879,1.28205,1.53206,0.41019,0.34539,1.51573,2.3454,0.81699,1.06202,1.05136,1.69465,0.79651,0.20535,1.43907,1.37914,0.33984,0.38398,2.53146,0.5898,0.92839,0.74686,1.28979,1.79131,1.16315,0.40115,0.56074,1.57433,0.63171,1.044,1.43099,0.85342,0.32007,1.7824,1.64094,0.4584,1.65738,1.10902,1.44865,1.20731,1.11252,1.35685,1.2695,1.16618,1.73846,0.44474,1.56384,0.75943,0.62756,0.58845,1.97034,0.67229,1.16732,1.14155]},"PREVALENCE_BY_MONTH":{"X_CALENDAR_MONTH":["200402","200403","200404","200405","200407","200408","200409","200410","200411","200412","200502","200503","200504","200505","200506","200507","200508","200509","200510","200512","200601","200602","200603","200604","200605","200606","200607","200608","200609","200610","200611","200612","200701","200702","200703","200704","200705","200706","200707","200708","200709","200710","200711","200712","200801","200802","200803","200804","200805","200806","200807","200808","200809","200810","200811","200812","200901","200902","200903","200904","200905","200906","200907","200908","200909","200910","200911","200912","201001","201002","201003","201004","201005","201006","201007","201008","201009","201010","201011","201012","201101","201102","201103","201104","201105","201106","201107","201108","201109","201110","201111","201112","201201","201202","201203","201204","201205","201206","201207","201208","201209","201210","201211","201212","201301","201302","201303","201304","201305","201306","201307","201308","201309","201310","201311","201312","201401","201402","201403","201404","201405","201406","201407","201408","201409","201410","201411","201412","201501","201502","201503","201504","201505"],"Y_PREVALENCE_1000PP":[0.10451,0.07892,0.07628,0.12824,0.07051,0.06044,0.03432,0.038,0.07282,0.0703,0.038,0.03224,0.06299,0.04835,0.04736,0.04668,0.02498,0.04102,0.03636,0.05133,0.02722,0.05398,0.08726,0.04521,0.03719,0.04428,0.03303,0.03636,0.03251,0.03575,0.03198,0.03186,0.03506,0.0454,0.04836,0.0516,0.02046,0.05094,0.03719,0.03699,0.02009,0.04309,0.01983,0.0198,0.04256,0.02938,0.05521,0.02589,0.02905,0.06438,0.03524,0.03842,0.02867,0.05068,0.03482,0.06303,0.0377,0.04078,0.0437,0.03745,0.03112,0.056,0.0218,0.04987,0.03734,0.04036,0.03726,0.04657,0.04347,0.02486,0.04641,0.03097,0.02481,0.03721,0.02174,0.03422,0.02182,0.05613,0.04064,0.02196,0.02516,0.01892,0.06294,0.05383,0.03175,0.04466,0.03209,0.04186,0.02914,0.04866,0.03256,0.04252,0.02952,0.02305,0.03627,0.03322,0.04337,0.0505,0.02713,0.03749,0.05152,0.02069,0.05903,0.05941,0.0316,0.03195,0.07865,0.09008,0.04728,0.04422,0.05582,0.02263,0.09169,0.08105,0.03538,0.05591,0.05278,0.02901,0.05031,0.09436,0.08803,0.07712,0.10784,0.07793,0.08582,0.06331,0.10748,0.09587,0.07831,0.12977,0.09641,0.22598,0.22338]},"CONDITIONS_BY_TYPE":{"CONCEPT_NAME":["Primary Condition","Secondary Condition"],"COUNT_VALUE":[1822,643]},"AGE_AT_FIRST_DIAGNOSIS":{"CATEGORY":["MALE","FEMALE"],"MIN_VALUE":[0,0],"P10_VALUE":[51,53],"P25_VALUE":[61,60],"MEDIAN_VALUE":[68,68],"P75_VALUE":[75,75],"P90_VALUE":[80,80],"MAX_VALUE":[92,92]}}
