{"PREVALENCE_BY_GENDER_AGE_YEAR":{"TRELLIS_NAME":["70-79","70-79","60-69","60-69","70-79","50-59"],"SERIES_NAME":["FEMALE","MALE","FEMALE","FEMALE","FEMALE","FEMALE"],"X_CALENDAR_YEAR":[2010,2012,2012,2014,2014,2014],"Y_PREVALENCE_1000PP":[0.43882,0.52478,0.2948,0.36271,0.38632,0.25103]},"PREVALENCE_BY_MONTH":{"X_CALENDAR_MONTH":["201008","201108","201109","201203","201211","201310","201408"],"Y_PREVALENCE_1000PP":[0.02178,0.02254,0.01942,0.02308,0.02083,0.02702,0.02922]},"CONDITIONS_BY_TYPE":{"CONCEPT_NAME":["Primary Condition","Secondary Condition"],"COUNT_VALUE":[175,239]},"AGE_AT_FIRST_DIAGNOSIS":{"CATEGORY":["MALE","FEMALE"],"MIN_VALUE":[25,0],"P10_VALUE":[47,34],"P25_VALUE":[56,52],"MEDIAN_VALUE":[65,67],"P75_VALUE":[75,77],"P90_VALUE":[84,86],"MAX_VALUE":[94,97]}}
