{"PREVALENCE_BY_GENDER_AGE_YEAR":{"TRELLIS_NAME":["20-29","20-29","20-29","20-29","20-29","30-39","20-29","30-39","20-29","30-39","20-29","30-39"],"SERIES_NAME":["FEMALE","FEMALE","FEMALE","FEMALE","FEMALE","FEMALE","FEMALE","FEMALE","FEMALE","FEMALE","FEMALE","FEMALE"],"X_CALENDAR_YEAR":[2005,2007,2009,2010,2011,2011,2012,2012,2013,2013,2014,2014],"Y_PREVALENCE_1000PP":[0.18923,0.16303,0.22207,0.25006,0.54919,0.21814,0.66593,0.3525,0.26503,0.21716,0.39748,0.49059]},"PREVALENCE_BY_MONTH":{"X_CALENDAR_MONTH":["201203","201210","201211","201212","201307"],"Y_PREVALENCE_1000PP":[0.01978,0.02759,0.02431,0.02446,0.02233]},"CONDITIONS_BY_TYPE":{"CONCEPT_NAME":["Primary Condition","Secondary Condition"],"COUNT_VALUE":[47,180]},"AGE_AT_FIRST_DIAGNOSIS":{"CATEGORY":"FEMALE","MIN_VALUE":14,"P10_VALUE":20,"P25_VALUE":23,"MEDIAN_VALUE":28,"P75_VALUE":35,"P90_VALUE":40,"MAX_VALUE":45}}
