{"PREVALENCE_BY_GENDER_AGE_YEAR":{"TRELLIS_NAME":["0-9","20-29","60-69","30-39","20-29","40-49","50-59","40-49","30-39","20-29","30-39","20-29","40-49","50-59","40-49","30-39","50-59","40-49","50-59","40-49","50-59","10-19","0-9","30-39","30-39","60-69","0-9","20-29","20-29","30-39","20-29","0-9","40-49","50-59","0-9","10-19","20-29","20-29","30-39","0-9","60-69","0-9","10-19","50-59","40-49","20-29","20-29","30-39","30-39","0-9","0-9","50-59","40-49","10-19","40-49","20-29","30-39","40-49","40-49","10-19","0-9","0-9","50-59","30-39","30-39","20-29","30-39","20-29","50-59","40-49","10-19","40-49","0-9","0-9","50-59","50-59","30-39","30-39","0-9","0-9","40-49","10-19","20-29","20-29","0-9","40-49","0-9","40-49","60-69","60-69","20-29","30-39","20-29","60-69","20-29","30-39","30-39","10-19","0-9","40-49","50-59","0-9","10-19","50-59","40-49"],"SERIES_NAME":["MALE","FEMALE","MALE","FEMALE","MALE","FEMALE","FEMALE","MALE","MALE","FEMALE","FEMALE","MALE","MALE","MALE","FEMALE","MALE","FEMALE","FEMALE","FEMALE","MALE","MALE","FEMALE","FEMALE","FEMALE","MALE","FEMALE","MALE","FEMALE","MALE","FEMALE","FEMALE","FEMALE","FEMALE","FEMALE","MALE","MALE","MALE","FEMALE","FEMALE","MALE","FEMALE","FEMALE","FEMALE","FEMALE","FEMALE","FEMALE","MALE","MALE","FEMALE","MALE","FEMALE","MALE","MALE","FEMALE","FEMALE","FEMALE","FEMALE","FEMALE","MALE","FEMALE","MALE","FEMALE","FEMALE","MALE","FEMALE","MALE","MALE","FEMALE","MALE","MALE","FEMALE","FEMALE","MALE","FEMALE","FEMALE","MALE","FEMALE","MALE","MALE","FEMALE","MALE","FEMALE","MALE","FEMALE","MALE","MALE","FEMALE","FEMALE","FEMALE","MALE","FEMALE","FEMALE","MALE","MALE","FEMALE","MALE","FEMALE","MALE","MALE","MALE","MALE","FEMALE","FEMALE","FEMALE","FEMALE"],"X_CALENDAR_YEAR":[2004,2004,2004,2004,2004,2004,2004,2004,2004,2005,2005,2005,2005,2005,2005,2005,2005,2006,2006,2006,2006,2006,2006,2006,2006,2006,2006,2006,2006,2007,2007,2007,2007,2007,2007,2007,2008,2008,2008,2008,2008,2008,2008,2008,2008,2009,2009,2009,2009,2009,2009,2009,2009,2009,2009,2010,2010,2010,2010,2010,2010,2010,2010,2010,2011,2011,2011,2011,2011,2011,2011,2011,2011,2011,2012,2012,2012,2012,2012,2012,2012,2012,2012,2012,2013,2013,2013,2013,2013,2013,2013,2013,2014,2014,2014,2014,2014,2014,2014,2014,2014,2014,2014,2014,2014],"Y_PREVALENCE_1000PP":[0.28816,0.38583,0.56807,1.10904,2.33252,0.83137,0.45567,1.18614,2.595,0.56768,0.38885,1.07612,0.80305,0.51972,0.48241,0.90662,0.36672,0.44455,0.55605,0.65166,0.46083,0.2711,0.77566,0.5093,0.95219,0.35218,0.45598,0.54752,0.98979,0.19977,0.1902,0.4036,0.3676,0.35922,0.39156,0.28259,0.48044,0.41106,0.24153,0.41335,0.27025,0.50178,0.24785,0.24394,0.19433,0.37012,0.4593,0.59266,0.26084,0.91859,0.57108,0.39473,0.42866,0.36736,0.35364,0.60014,0.28879,0.29097,0.32496,0.4167,0.51301,0.73778,0.41069,0.47064,0.19087,0.60386,0.42473,0.57534,0.3932,0.33898,0.6432,0.23617,0.69689,0.59004,0.32822,0.30586,0.32312,0.56183,0.67688,0.6021,0.35963,0.34777,0.36036,0.38846,0.59824,0.58181,0.42114,0.4274,0.25871,0.32192,0.32393,0.34125,0.55862,0.33921,0.39748,0.43466,0.28034,0.3524,0.61978,0.44474,0.35051,0.46455,0.32373,0.58573,0.26551]},"PREVALENCE_BY_MONTH":{"X_CALENDAR_MONTH":["200401","200402","200403","200404","200405","200407","200408","200409","200410","200411","200412","200501","200502","200503","200505","200506","200507","200508","200509","200510","200511","200512","200601","200602","200603","200604","200605","200606","200607","200608","200609","200610","200611","200612","200701","200703","200704","200706","200707","200708","200710","200711","200712","200801","200802","200803","200805","200806","200807","200809","200812","200901","200902","200903","200906","200907","200908","200909","200910","200911","200912","201001","201003","201004","201006","201007","201008","201009","201010","201011","201012","201101","201102","201103","201104","201105","201106","201107","201109","201110","201111","201112","201201","201202","201203","201204","201205","201208","201209","201210","201211","201212","201301","201302","201304","201305","201306","201307","201308","201309","201310","201311","201312","201401","201402","201403","201404","201405","201406","201407","201408","201409","201410","201411","201412","201502","201503","201505"],"Y_PREVALENCE_1000PP":[0.33749,0.20901,0.15783,0.08475,0.10561,0.10256,0.09066,0.05148,0.10314,0.05721,0.08536,0.05354,0.05225,0.03685,0.04395,0.06889,0.07214,0.02915,0.04512,0.05657,0.04386,0.04343,0.03111,0.0347,0.0607,0.06781,0.07066,0.0369,0.08073,0.05455,0.03612,0.06078,0.03908,0.04955,0.02454,0.02418,0.03784,0.02038,0.02367,0.03363,0.03978,0.04958,0.03629,0.05566,0.05876,0.01949,0.0355,0.03863,0.03845,0.0223,0.02837,0.0534,0.0251,0.02497,0.028,0.05295,0.06234,0.04356,0.04036,0.04968,0.03105,0.03416,0.04022,0.03407,0.02791,0.04038,0.03111,0.04676,0.05613,0.05626,0.03137,0.02831,0.02522,0.0472,0.04116,0.05079,0.03509,0.03209,0.03885,0.03893,0.06186,0.04252,0.03608,0.04939,0.05276,0.02658,0.04004,0.0443,0.03091,0.02069,0.0382,0.04892,0.0316,0.0284,0.02522,0.04364,0.05527,0.04838,0.03394,0.02292,0.04631,0.05111,0.02396,0.10962,0.04144,0.03354,0.02573,0.04841,0.03176,0.05626,0.02922,0.05048,0.04221,0.0396,0.06591,0.06489,0.05624,0.12565]},"CONDITIONS_BY_TYPE":{"CONCEPT_NAME":["Primary Condition","Secondary Condition"],"COUNT_VALUE":[33,1567]},"AGE_AT_FIRST_DIAGNOSIS":{"CATEGORY":["MALE","FEMALE"],"MIN_VALUE":[0,0],"P10_VALUE":[2,3],"P25_VALUE":[9,19],"MEDIAN_VALUE":[30,32],"P75_VALUE":[47,49],"P90_VALUE":[60,62],"MAX_VALUE":[95,101]}}
