{"PREVALENCE_BY_GENDER_AGE_YEAR":{"TRELLIS_NAME":["40-49","50-59","60-69","60-69","70-79","50-59","50-59","40-49","60-69","50-59","60-69","20-29","60-69","50-59","70-79","40-49","50-59","50-59","30-39","30-39","40-49","50-59","40-49","70-79","70-79","60-69","20-29","60-69","30-39","30-39","50-59","40-49","50-59","60-69","20-29","80-89","60-69","40-49","70-79","50-59","40-49","40-49","50-59","30-39","30-39","60-69","60-69","20-29","30-39","60-69","40-49","50-59","40-49","50-59","60-69","50-59"],"SERIES_NAME":["MALE","FEMALE","MALE","MALE","MALE","MALE","FEMALE","FEMALE","MALE","FEMALE","FEMALE","FEMALE","MALE","FEMALE","MALE","FEMALE","MALE","FEMALE","MALE","FEMALE","MALE","MALE","FEMALE","FEMALE","MALE","FEMALE","FEMALE","MALE","FEMALE","MALE","FEMALE","FEMALE","MALE","MALE","MALE","MALE","FEMALE","MALE","MALE","FEMALE","FEMALE","MALE","MALE","FEMALE","MALE","MALE","FEMALE","FEMALE","FEMALE","MALE","MALE","MALE","FEMALE","FEMALE","FEMALE","FEMALE"],"X_CALENDAR_YEAR":[2004,2006,2007,2008,2008,2008,2008,2008,2009,2009,2009,2010,2010,2010,2010,2010,2010,2011,2011,2011,2011,2011,2011,2011,2011,2011,2011,2011,2012,2012,2012,2012,2012,2012,2012,2012,2012,2012,2012,2013,2013,2013,2013,2013,2013,2013,2013,2013,2014,2014,2014,2014,2014,2014,2014,2015],"Y_PREVALENCE_1000PP":[0.50835,0.22242,0.36726,0.45725,0.47278,0.35321,0.2091,0.2591,0.38302,0.20509,0.387,0.15003,0.31541,0.23957,0.45444,0.25864,0.33984,0.41889,0.42473,0.21814,0.73446,0.6881,0.37112,0.43325,0.52118,0.33194,0.23537,0.67069,0.3525,0.56183,0.54703,0.50161,0.76464,0.424,0.36036,1.19314,0.71594,0.959,0.59975,0.3438,0.31084,0.7111,0.32007,0.21716,0.45457,0.64385,0.4743,0.17669,0.35042,0.45228,0.44474,0.70102,0.39827,0.46021,0.58941,0.44134]},"PREVALENCE_BY_MONTH":{"X_CALENDAR_MONTH":["200603","200611","200701","200705","200708","200806","200807","200808","200809","200810","200811","200812","200902","200905","200907","200910","201001","201002","201003","201008","201009","201010","201101","201102","201104","201105","201106","201107","201108","201109","201110","201111","201112","201202","201203","201204","201205","201206","201207","201208","201209","201210","201211","201212","201301","201302","201303","201304","201305","201306","201307","201308","201309","201310","201312","201401","201403","201404","201405","201406","201408","201409","201410","201411","201412","201501","201503","201504","201505"],"Y_PREVALENCE_1000PP":[0.02656,0.02487,0.02454,0.03069,0.02018,0.02253,0.02243,0.02881,0.03504,0.02534,0.02533,0.01891,0.01882,0.02178,0.01869,0.01863,0.01863,0.01864,0.01856,0.028,0.0187,0.0343,0.0346,0.02207,0.02216,0.04444,0.02552,0.06096,0.0805,0.04532,0.04217,0.03256,0.02289,0.02305,0.04946,0.02658,0.0734,0.05386,0.07461,0.0409,0.05152,0.04828,0.04861,0.02097,0.06671,0.05326,0.0286,0.03603,0.03273,0.02211,0.02233,0.02263,0.02292,0.02702,0.02396,0.0406,0.04193,0.05576,0.07042,0.05444,0.0487,0.06058,0.05804,0.0396,0.05393,0.03916,0.09641,0.09825,0.08377]},"CONDITIONS_BY_TYPE":{"CONCEPT_NAME":["Primary Condition","Secondary Condition"],"COUNT_VALUE":[103,865]},"AGE_AT_FIRST_DIAGNOSIS":{"CATEGORY":["MALE","FEMALE"],"MIN_VALUE":[0,0],"P10_VALUE":[22,21],"P25_VALUE":[39,36],"MEDIAN_VALUE":[53,52],"P75_VALUE":[66,64],"P90_VALUE":[76,75],"MAX_VALUE":[93,100]}}
