{"PREVALENCE_BY_GENDER_AGE_YEAR":{"TRELLIS_NAME":["30-39","20-29","60-69","60-69","70-79","40-49","50-59","0-9","50-59","50-59","50-59","60-69","20-29","60-69"],"SERIES_NAME":["FEMALE","FEMALE","MALE","FEMALE","FEMALE","FEMALE","FEMALE","MALE","MALE","MALE","FEMALE","FEMALE","FEMALE","FEMALE"],"X_CALENDAR_YEAR":[2013,2013,2013,2013,2013,2013,2013,2013,2013,2014,2014,2014,2014,2015],"Y_PREVALENCE_1000PP":[0.27921,0.20614,0.32192,0.51742,0.72931,0.23313,0.382,0.41129,0.37341,0.35051,0.37654,0.36271,0.19874,0.4482]},"PREVALENCE_BY_MONTH":{"X_CALENDAR_MONTH":["201211","201301","201302","201303","201304","201305","201306","201307","201308","201309","201310","201311","201312","201401","201402","201403","201404","201405","201406","201408","201410","201411","201502","201503","201504"],"Y_PREVALENCE_1000PP":[0.03125,0.02809,0.0284,0.0286,0.05044,0.05091,0.04053,0.06699,0.0528,0.02292,0.08491,0.03931,0.05991,0.0609,0.02486,0.03354,0.03002,0.03081,0.04537,0.0487,0.03693,0.03394,0.04326,0.11248,0.10808]},"CONDITIONS_BY_TYPE":{"CONCEPT_NAME":["Primary Condition","Secondary Condition"],"COUNT_VALUE":[337,123]},"AGE_AT_FIRST_DIAGNOSIS":{"CATEGORY":["FEMALE","MALE"],"MIN_VALUE":[0,1],"P10_VALUE":[14,6],"P25_VALUE":[29,18],"MEDIAN_VALUE":[52,52],"P75_VALUE":[65,66],"P90_VALUE":[77,76],"MAX_VALUE":[108,93]}}
