{"PREVALENCE_BY_GENDER_AGE_YEAR":{"TRELLIS_NAME":["70-79","60-69","70-79","70-79","60-69","60-69","70-79","60-69","70-79","50-59","60-69","80-89","70-79","70-79","60-69","70-79"],"SERIES_NAME":["FEMALE","MALE","FEMALE","FEMALE","FEMALE","FEMALE","FEMALE","FEMALE","FEMALE","FEMALE","FEMALE","FEMALE","MALE","FEMALE","MALE","FEMALE"],"X_CALENDAR_YEAR":[2004,2006,2006,2008,2008,2010,2011,2011,2012,2012,2012,2012,2013,2013,2013,2014],"Y_PREVALENCE_1000PP":[0.728,0.40056,0.48293,0.38848,0.40537,0.25153,0.49514,0.29044,0.73462,0.21881,0.2948,0.85342,0.51987,0.72931,0.37558,0.45071]},"PREVALENCE_BY_MONTH":{"X_CALENDAR_MONTH":["200608","200612","200801","200802","201003","201008","201009","201104","201110","201201","201204","201205","201206","201207","201211","201304","201305","201306","201307","201401","201410"],"Y_PREVALENCE_1000PP":[0.02182,0.02478,0.03601,0.03917,0.01856,0.02178,0.0187,0.019,0.02919,0.02296,0.02658,0.02002,0.02356,0.02713,0.02083,0.02162,0.02546,0.02579,0.02605,0.03654,0.03693]},"CONDITIONS_BY_TYPE":{"CONCEPT_NAME":["Primary Condition","Secondary Condition"],"COUNT_VALUE":[323,259]},"AGE_AT_FIRST_DIAGNOSIS":{"CATEGORY":["FEMALE","MALE"],"MIN_VALUE":[0,6],"P10_VALUE":[22,22],"P25_VALUE":[53,52],"MEDIAN_VALUE":[70,67],"P75_VALUE":[78,75],"P90_VALUE":[87,84],"MAX_VALUE":[103,95]}}
