{"PREVALENCE_BY_GENDER_AGE_YEAR":{"TRELLIS_NAME":["60-69","60-69","0-9","60-69","60-69","60-69","60-69"],"SERIES_NAME":["MALE","MALE","MALE","FEMALE","MALE","MALE","FEMALE"],"X_CALENDAR_YEAR":[2011,2012,2013,2013,2013,2014,2014],"Y_PREVALENCE_1000PP":[0.30955,0.477,0.26173,0.34495,0.53654,0.50882,0.27203]},"PREVALENCE_BY_MONTH":{"X_CALENDAR_MONTH":["201012","201105","201106","201108","201110","201111","201112","201204","201205","201206","201211","201212","201301","201303","201304","201307","201308","201309","201310","201402","201403","201406","201409"],"Y_PREVALENCE_1000PP":[0.02196,0.01905,0.01914,0.01932,0.02919,0.01953,0.01962,0.0299,0.03003,0.0202,0.0382,0.02796,0.04214,0.02145,0.02162,0.02605,0.02263,0.0382,0.03473,0.02486,0.04193,0.03176,0.04038]},"CONDITIONS_BY_TYPE":{"CONCEPT_NAME":["Primary Condition","Secondary Condition"],"COUNT_VALUE":[342,197]},"AGE_AT_FIRST_DIAGNOSIS":{"CATEGORY":["FEMALE","MALE"],"MIN_VALUE":[1,0],"P10_VALUE":[1,1],"P25_VALUE":[17,22],"MEDIAN_VALUE":[50,60],"P75_VALUE":[66,70],"P90_VALUE":[83,80],"MAX_VALUE":[98,92]}}
