{"PREVALENCE_BY_GENDER_AGE_YEAR":{"TRELLIS_NAME":["40-49","50-59","50-59","40-49","40-49","40-49","20-29","40-49","50-59","40-49","30-39","20-29","50-59","20-29","60-69"],"SERIES_NAME":["MALE","MALE","MALE","MALE","FEMALE","MALE","MALE","MALE","MALE","FEMALE","MALE","MALE","MALE","MALE","MALE"],"X_CALENDAR_YEAR":[2005,2006,2007,2007,2008,2009,2010,2010,2011,2012,2012,2012,2013,2014,2014],"Y_PREVALENCE_1000PP":[0.53537,0.34562,0.37355,0.43891,0.19433,0.37507,0.30125,0.37912,0.3932,0.21498,0.37456,0.5148,0.32007,0.62069,0.33921]},"PREVALENCE_BY_MONTH":{"X_CALENDAR_MONTH":["200608","200706","200805","200811","201001","201003","201111","201112","201207","201408","201412"],"Y_PREVALENCE_1000PP":[0.02546,0.02377,0.01937,0.01899,0.01863,0.02166,0.01953,0.01962,0.02374,0.02922,0.04794]},"CONDITIONS_BY_TYPE":{"CONCEPT_NAME":"Secondary Condition","COUNT_VALUE":438},"AGE_AT_FIRST_DIAGNOSIS":{"CATEGORY":["MALE","FEMALE"],"MIN_VALUE":[1,1],"P10_VALUE":[22,15],"P25_VALUE":[28,21],"MEDIAN_VALUE":[44,39],"P75_VALUE":[54,50],"P90_VALUE":[62,63],"MAX_VALUE":[88,115]}}
