{"PREVALENCE_BY_GENDER_AGE_YEAR":{"TRELLIS_NAME":["0-9","0-9","10-19","0-9","0-9","10-19","10-19","0-9","0-9","0-9","0-9","20-29","0-9","60-69","0-9","0-9","0-9","0-9","0-9","0-9","0-9","0-9","0-9","0-9"],"SERIES_NAME":["MALE","FEMALE","FEMALE","FEMALE","MALE","MALE","FEMALE","MALE","FEMALE","MALE","MALE","FEMALE","FEMALE","FEMALE","MALE","FEMALE","FEMALE","MALE","FEMALE","MALE","FEMALE","FEMALE","MALE","FEMALE"],"X_CALENDAR_YEAR":[2004,2004,2004,2005,2005,2005,2005,2006,2007,2007,2008,2009,2009,2010,2010,2010,2011,2012,2012,2013,2013,2014,2014,2015],"Y_PREVALENCE_1000PP":[1.15263,0.93912,0.91113,1.49484,1.32428,0.45701,0.30338,0.22799,0.28252,0.46275,0.34446,0.14805,0.41879,0.25153,0.30781,0.27181,0.23602,0.285,0.24084,0.41129,0.42114,0.88265,0.49583,0.58115]},"PREVALENCE_BY_MONTH":{"X_CALENDAR_MONTH":["200401","200403","200404","200406","200407","200408","200412","200502","200503","200504","200505","200506","200507","200509","200707","200711","200805","200808","200810","200901","200910","201007","201008","201011","201206","201304","201306","201309","201310","201402","201403","201404","201411","201501","201503"],"Y_PREVALENCE_1000PP":[0.17867,0.05919,0.05085,0.08214,0.03846,0.04835,0.04519,0.05225,0.02763,0.02699,0.06154,0.04306,0.08062,0.04922,0.02029,0.02314,0.03228,0.01921,0.01901,0.01885,0.01863,0.01864,0.01866,0.02501,0.0202,0.02162,0.02211,0.02292,0.02702,0.02486,0.03354,0.03002,0.04525,0.03916,0.06427]},"CONDITIONS_BY_TYPE":{"CONCEPT_NAME":["Primary Condition","Secondary Condition"],"COUNT_VALUE":[453,76]},"AGE_AT_FIRST_DIAGNOSIS":{"CATEGORY":["MALE","FEMALE"],"MIN_VALUE":[1,0],"P10_VALUE":[1,1],"P25_VALUE":[2,2],"MEDIAN_VALUE":[12,16],"P75_VALUE":[37,37],"P90_VALUE":[57,55],"MAX_VALUE":[93,92]}}
