{"PREVALENCE_BY_GENDER_AGE_YEAR":{"TRELLIS_NAME":["0-9","10-19","80-89","80-89","90-99","70-79","0-9","0-9","0-9","10-19","60-69","80-89","90-99","70-79","0-9","90-99","80-89","10-19","0-9"],"SERIES_NAME":["FEMALE","MALE","FEMALE","FEMALE","FEMALE","MALE","FEMALE","MALE","MALE","FEMALE","MALE","FEMALE","FEMALE","MALE","FEMALE","FEMALE","FEMALE","MALE","MALE"],"X_CALENDAR_YEAR":[2011,2011,2011,2012,2012,2012,2012,2012,2013,2013,2013,2013,2013,2014,2014,2014,2014,2014,2014],"Y_PREVALENCE_1000PP":[0.23602,0.27793,1.14775,1.38681,2.69179,0.44981,0.36126,0.21375,0.48607,0.46605,0.37558,0.66541,5.49915,0.46915,0.60392,2.61552,0.93294,0.41114,0.41319]},"PREVALENCE_BY_MONTH":{"X_CALENDAR_MONTH":["201109","201110","201112","201203","201204","201208","201211","201212","201301","201303","201304","201306","201307","201308","201309","201310","201312","201401","201403","201404","201405","201407","201408","201411","201412","201501","201504"],"Y_PREVALENCE_1000PP":[0.01942,0.03568,0.04252,0.02308,0.02658,0.03067,0.02778,0.02097,0.02458,0.0286,0.02883,0.02211,0.04466,0.0264,0.03056,0.03473,0.03195,0.02436,0.04193,0.04718,0.03961,0.03751,0.02922,0.0396,0.03595,0.05221,0.09825]},"CONDITIONS_BY_TYPE":{"CONCEPT_NAME":["Primary Condition","Secondary Condition"],"COUNT_VALUE":[207,151]},"AGE_AT_FIRST_DIAGNOSIS":{"CATEGORY":["FEMALE","MALE"],"MIN_VALUE":[0,0],"P10_VALUE":[4,3],"P25_VALUE":[19,7],"MEDIAN_VALUE":[70,41],"P75_VALUE":[87,74],"P90_VALUE":[92,83],"MAX_VALUE":[107,97]}}
