{"PREVALENCE_BY_GENDER_AGE_YEAR":{"TRELLIS_NAME":["0-9","30-39","0-9","0-9","10-19","20-29","0-9","0-9","0-9","0-9","0-9","0-9","0-9","0-9"],"SERIES_NAME":["MALE","FEMALE","FEMALE","MALE","MALE","FEMALE","FEMALE","MALE","FEMALE","MALE","MALE","FEMALE","MALE","FEMALE"],"X_CALENDAR_YEAR":[2006,2007,2007,2007,2007,2008,2008,2008,2009,2009,2010,2010,2011,2011],"Y_PREVALENCE_1000PP":[0.26599,0.17123,0.44396,0.21358,0.42389,0.17984,0.46318,0.48224,0.34265,0.51033,0.30781,0.27181,0.3136,0.39336]},"PREVALENCE_BY_MONTH":{"X_CALENDAR_MONTH":["200703","200704","200705","200706","200707","200708","200710","200712","200806","200808","200809","200811","200907","200908","200909","201002","201006","201009","201103","201107","201112","201202","201309","201310"],"Y_PREVALENCE_1000PP":[0.03109,0.02064,0.02046,0.02717,0.02029,0.02018,0.02983,0.02639,0.02897,0.02561,0.01911,0.02533,0.0218,0.02494,0.01867,0.01864,0.0186,0.0187,0.01888,0.01925,0.01962,0.01976,0.02292,0.02316]},"CONDITIONS_BY_TYPE":{"CONCEPT_NAME":["Primary Condition","Secondary Condition"],"COUNT_VALUE":[196,185]},"AGE_AT_FIRST_DIAGNOSIS":{"CATEGORY":["MALE","FEMALE"],"MIN_VALUE":[0,0],"P10_VALUE":[0,0],"P25_VALUE":[4,5],"MEDIAN_VALUE":[21,28],"P75_VALUE":[51,60],"P90_VALUE":[75,75],"MAX_VALUE":[93,101]}}
