{"PREVALENCE_BY_GENDER_AGE_YEAR":{"TRELLIS_NAME":["0-9","10-19","0-9","10-19","0-9","10-19","0-9","0-9","10-19","0-9","10-19","0-9","10-19","0-9","10-19","10-19","0-9","10-19","0-9"],"SERIES_NAME":["MALE","MALE","FEMALE","MALE","FEMALE","FEMALE","MALE","FEMALE","FEMALE","MALE","MALE","FEMALE","FEMALE","MALE","MALE","FEMALE","FEMALE","MALE","MALE"],"X_CALENDAR_YEAR":[2011,2011,2011,2012,2012,2012,2012,2013,2013,2013,2013,2014,2014,2014,2014,2015,2015,2015,2015],"Y_PREVALENCE_1000PP":[0.41813,0.4169,0.23602,0.42493,0.4014,0.39124,0.4275,0.50537,0.41944,0.29912,0.60895,0.78974,0.5935,1.07429,1.11594,0.76249,1.16231,2.05628,1.4606]},"PREVALENCE_BY_MONTH":{"X_CALENDAR_MONTH":["201105","201202","201203","201211","201310","201312","201403","201404","201405","201407","201410","201412","201501","201502","201503","201504","201505"],"Y_PREVALENCE_1000PP":[0.01905,0.01976,0.03297,0.02083,0.02316,0.03594,0.03774,0.0386,0.03081,0.04689,0.03166,0.11385,0.09789,0.08651,0.14461,0.10808,0.12565]},"CONDITIONS_BY_TYPE":{"CONCEPT_NAME":["Primary Condition","Secondary Condition"],"COUNT_VALUE":[22,304]},"AGE_AT_FIRST_DIAGNOSIS":{"CATEGORY":["MALE","FEMALE"],"MIN_VALUE":[0,1],"P10_VALUE":[3,2],"P25_VALUE":[5,4],"MEDIAN_VALUE":[9,8],"P75_VALUE":[16,13],"P90_VALUE":[17,17],"MAX_VALUE":[21,21]}}
