{"PREVALENCE_BY_GENDER_AGE_YEAR":{"TRELLIS_NAME":["20-29","70-79","40-49","60-69","10-19","30-39","30-39","50-59","70-79","40-49","40-49","50-59","0-9","60-69","50-59","50-59","70-79","60-69","50-59","30-39","10-19","40-49","10-19","60-69","60-69","60-69","0-9","10-19","10-19","60-69","0-9","60-69","50-59","0-9"],"SERIES_NAME":["MALE","MALE","MALE","MALE","MALE","MALE","FEMALE","MALE","FEMALE","FEMALE","FEMALE","MALE","MALE","FEMALE","MALE","FEMALE","MALE","FEMALE","MALE","MALE","MALE","MALE","MALE","FEMALE","MALE","FEMALE","MALE","MALE","FEMALE","MALE","MALE","FEMALE","FEMALE","MALE"],"X_CALENDAR_YEAR":[2004,2005,2005,2005,2006,2006,2006,2006,2006,2006,2007,2007,2008,2008,2008,2008,2009,2009,2009,2010,2010,2011,2011,2011,2011,2012,2012,2012,2012,2012,2013,2013,2014,2014],"Y_PREVALENCE_1000PP":[0.55981,0.67069,0.46845,0.53574,0.30477,0.40808,0.17975,0.63364,0.55191,0.34196,0.20051,0.42692,0.20668,0.31529,0.50459,0.2091,0.46908,0.258,0.29605,0.5883,0.36286,0.33898,0.37058,0.33194,0.36114,0.33691,0.24938,0.42493,0.26082,0.318,0.22434,0.38806,0.25103,0.28923]},"PREVALENCE_BY_MONTH":{"X_CALENDAR_MONTH":["200407","200412","200504","200505","200507","200509","200510","200511","200512","200601","200603","200604","200607","200608","200609","200611","200612","200701","200703","200707","200709","200710","200711","200712","200803","200805","200807","200808","200809","200810","200901","200904","200908","200909","200910","201002","201004","201006","201008","201009","201010","201011","201012","201101","201103","201104","201105","201108","201109","201110","201112","201201","201202","201203","201205","201207","201208","201211","201212","201301","201303","201304","201306","201307","201310","201311","201312","201403","201404","201408","201409","201410","201502","201503","201505"],"Y_PREVALENCE_1000PP":[0.03846,0.03013,0.03149,0.03077,0.02546,0.04102,0.03636,0.02791,0.03159,0.04667,0.03035,0.04144,0.02569,0.02546,0.02529,0.03553,0.02832,0.02103,0.02073,0.02705,0.02344,0.02983,0.02644,0.0198,0.01949,0.02582,0.02884,0.02241,0.01911,0.02534,0.01885,0.02184,0.0187,0.01867,0.02173,0.02175,0.02168,0.0248,0.02489,0.02182,0.01871,0.02188,0.01882,0.01887,0.02517,0.019,0.01905,0.0483,0.02914,0.01946,0.01962,0.03936,0.03293,0.02638,0.02669,0.02374,0.02045,0.02083,0.02796,0.02107,0.03218,0.02162,0.02579,0.03721,0.03859,0.03145,0.02396,0.02935,0.0386,0.03409,0.03029,0.04221,0.05047,0.07231,0.09773]},"CONDITIONS_BY_TYPE":{"CONCEPT_NAME":["Primary Condition","Secondary Condition"],"COUNT_VALUE":[1394,86]},"AGE_AT_FIRST_DIAGNOSIS":{"CATEGORY":["MALE","FEMALE"],"MIN_VALUE":[0,0],"P10_VALUE":[8,11],"P25_VALUE":[23,25],"MEDIAN_VALUE":[46,49],"P75_VALUE":[62,66],"P90_VALUE":[74,75],"MAX_VALUE":[88,91]}}
