{"PREVALENCE_BY_GENDER_AGE_YEAR":{"TRELLIS_NAME":["0-9","0-9","0-9","0-9","0-9","0-9","0-9","0-9","0-9","0-9","0-9","0-9","0-9","0-9","0-9","0-9","0-9","0-9","0-9","0-9","0-9","0-9","0-9","0-9"],"SERIES_NAME":["FEMALE","MALE","MALE","FEMALE","FEMALE","MALE","MALE","FEMALE","FEMALE","MALE","FEMALE","MALE","MALE","FEMALE","MALE","FEMALE","MALE","FEMALE","MALE","FEMALE","FEMALE","MALE","FEMALE","MALE"],"X_CALENDAR_YEAR":[2004,2004,2005,2005,2006,2006,2007,2007,2008,2008,2009,2009,2010,2010,2011,2011,2012,2012,2013,2013,2014,2014,2015,2015],"Y_PREVALENCE_1000PP":[0.44194,0.96052,0.49661,0.28028,0.86185,0.72197,0.46275,0.48432,0.73336,0.75781,0.91373,1.2588,1.12863,0.93193,1.53315,1.5341,1.60314,1.28447,1.83212,1.13708,1.20784,1.15693,1.16231,1.31454]},"PREVALENCE_BY_MONTH":{"X_CALENDAR_MONTH":["200409","200607","200702","200808","200901","200909","200912","201001","201005","201009","201012","201101","201103","201106","201107","201108","201109","201110","201111","201112","201203","201204","201205","201207","201208","201209","201210","201212","201301","201303","201304","201307","201308","201309","201401","201403","201406","201407","201502","201504","201505"],"Y_PREVALENCE_1000PP":[0.03432,0.02569,0.02095,0.03522,0.02827,0.01867,0.02484,0.01863,0.0186,0.02494,0.0251,0.01887,0.02203,0.01914,0.02246,0.02898,0.02914,0.03568,0.02279,0.02289,0.01978,0.01993,0.02002,0.02713,0.02726,0.03435,0.02759,0.02446,0.04565,0.02503,0.02162,0.03721,0.0264,0.0382,0.03248,0.02516,0.02722,0.02813,0.05768,0.06878,0.11169]},"CONDITIONS_BY_TYPE":{"CONCEPT_NAME":["Primary Condition","Secondary Condition"],"COUNT_VALUE":[286,222]},"AGE_AT_FIRST_DIAGNOSIS":{"CATEGORY":["MALE","FEMALE"],"MIN_VALUE":[0,0],"P10_VALUE":[0,0],"P25_VALUE":[0,0],"MEDIAN_VALUE":[0,0],"P75_VALUE":[0,0],"P90_VALUE":[0,0],"MAX_VALUE":[1,1]}}
