{"PREVALENCE_BY_GENDER_AGE_YEAR":{"TRELLIS_NAME":["60-69","80-89","50-59","70-79","60-69","50-59","70-79","70-79","60-69","60-69","70-79","60-69","80-89","60-69","70-79","70-79","80-89"],"SERIES_NAME":["MALE","MALE","MALE","MALE","MALE","MALE","MALE","MALE","MALE","MALE","MALE","MALE","MALE","MALE","MALE","MALE","MALE"],"X_CALENDAR_YEAR":[2004,2004,2004,2004,2005,2005,2005,2006,2007,2012,2013,2013,2013,2014,2014,2015,2015],"Y_PREVALENCE_1000PP":[1.13615,2.17332,0.58207,1.8315,1.30109,0.58468,1.14976,0.69547,0.48969,0.318,1.03973,0.64385,1.35603,0.56536,1.0165,0.90791,1.55119]},"PREVALENCE_BY_MONTH":{"X_CALENDAR_MONTH":["200405","200408","200504","200506","200604","200703","201307","201308","201311","201401","201406","201407","201505"],"Y_PREVALENCE_1000PP":[0.04526,0.04835,0.04049,0.03014,0.0226,0.02418,0.03349,0.04148,0.02752,0.02842,0.02722,0.02813,0.08377]},"CONDITIONS_BY_TYPE":{"CONCEPT_NAME":["Primary Condition","Secondary Condition"],"COUNT_VALUE":[336,98]},"AGE_AT_FIRST_DIAGNOSIS":{"CATEGORY":"MALE","MIN_VALUE":2,"P10_VALUE":53,"P25_VALUE":60,"MEDIAN_VALUE":68,"P75_VALUE":76,"P90_VALUE":83,"MAX_VALUE":93}}
