{"PREVALENCE_BY_GENDER_AGE_YEAR":{"TRELLIS_NAME":["0-9","0-9","0-9","0-9","0-9","0-9","0-9","0-9","0-9","0-9","0-9","0-9"],"SERIES_NAME":["MALE","FEMALE","MALE","FEMALE","MALE","FEMALE","MALE","FEMALE","FEMALE","MALE","MALE","FEMALE"],"X_CALENDAR_YEAR":[2010,2010,2011,2011,2012,2012,2013,2013,2014,2014,2015,2015],"Y_PREVALENCE_1000PP":[0.58142,0.58246,0.76658,1.25875,1.14001,1.52531,1.38344,1.22131,1.76531,1.3222,1.53363,1.32835]},"PREVALENCE_BY_MONTH":{"X_CALENDAR_MONTH":["201002","201102","201108","201111","201112","201205","201206","201207","201208","201209","201210","201212","201305","201306","201307","201308","201310","201311","201312","201401","201404","201406","201407","201408","201410","201411","201412","201503","201504","201505"],"Y_PREVALENCE_1000PP":[0.01864,0.02207,0.02254,0.02279,0.03597,0.02002,0.02356,0.03052,0.03749,0.02748,0.02759,0.03844,0.02909,0.02579,0.02605,0.0264,0.02316,0.02752,0.03195,0.03248,0.02573,0.05444,0.03751,0.02922,0.05276,0.05657,0.03595,0.10444,0.10808,0.09773]},"CONDITIONS_BY_TYPE":{"CONCEPT_NAME":["Primary Condition","Secondary Condition"],"COUNT_VALUE":[148,214]},"AGE_AT_FIRST_DIAGNOSIS":{"CATEGORY":["MALE","FEMALE"],"MIN_VALUE":[0,0],"P10_VALUE":[0,0],"P25_VALUE":[0,0],"MEDIAN_VALUE":[0,0],"P75_VALUE":[1,0],"P90_VALUE":[1,1],"MAX_VALUE":[57,3]}}
