{"PREVALENCE_BY_GENDER_AGE_YEAR":{"TRELLIS_NAME":["0-9","0-9","0-9","0-9","0-9","0-9","0-9","0-9","0-9","0-9","0-9","0-9","0-9","0-9","0-9","0-9","0-9","0-9","0-9","0-9","10-19","0-9"],"SERIES_NAME":["MALE","FEMALE","MALE","FEMALE","FEMALE","MALE","MALE","FEMALE","FEMALE","MALE","MALE","FEMALE","MALE","FEMALE","MALE","FEMALE","FEMALE","MALE","FEMALE","MALE","FEMALE","MALE"],"X_CALENDAR_YEAR":[2004,2004,2005,2005,2006,2007,2008,2008,2009,2009,2010,2010,2011,2011,2012,2012,2013,2013,2014,2014,2015,2015],"Y_PREVALENCE_1000PP":[0.43224,0.3867,0.53799,0.42042,0.34474,0.39156,0.55113,0.57897,0.38072,0.7825,0.71822,0.42713,0.45298,0.4327,0.60563,0.4014,0.33691,0.48607,0.4181,0.78506,0.57186,1.02242]},"PREVALENCE_BY_MONTH":{"X_CALENDAR_MONTH":["200401","200403","200410","200504","200507","200510","200803","200805","200806","200808","200810","200811","200812","200904","200906","200909","200911","201001","201005","201007","201103","201104","201105","201109","201110","201111","201202","201203","201204","201205","201207","201208","201301","201303","201304","201312","201401","201405","201406","201407","201408","201410","201411","201501","201502","201503","201504","201505"],"Y_PREVALENCE_1000PP":[0.11911,0.05919,0.03257,0.04049,0.03395,0.02828,0.02598,0.01937,0.02253,0.02881,0.02217,0.02533,0.01891,0.02184,0.01867,0.01867,0.01863,0.01863,0.02791,0.01864,0.01888,0.019,0.01905,0.01942,0.02271,0.02279,0.02305,0.02968,0.03654,0.02002,0.02713,0.02045,0.02107,0.0286,0.03243,0.02396,0.02436,0.03521,0.04083,0.04689,0.0487,0.04221,0.0396,0.08484,0.04326,0.07231,0.08843,0.08377]},"CONDITIONS_BY_TYPE":{"CONCEPT_NAME":["Primary Condition","Secondary Condition"],"COUNT_VALUE":[258,604]},"AGE_AT_FIRST_DIAGNOSIS":{"CATEGORY":["FEMALE","MALE"],"MIN_VALUE":[0,0],"P10_VALUE":[0,0],"P25_VALUE":[1,0],"MEDIAN_VALUE":[13,2],"P75_VALUE":[33,20],"P90_VALUE":[62,51],"MAX_VALUE":[94,91]}}
