{"PREVALENCE_BY_GENDER_AGE_YEAR":{"TRELLIS_NAME":["0-9","10-19","10-19","0-9","10-19","0-9","10-19","0-9","0-9","10-19","0-9","10-19","10-19","0-9","0-9","10-19","10-19","10-19","0-9","0-9","10-19","0-9","0-9","10-19","10-19","0-9","0-9","10-19","0-9","0-9","0-9","0-9","0-9","0-9","20-29"],"SERIES_NAME":["FEMALE","MALE","FEMALE","MALE","FEMALE","MALE","MALE","FEMALE","FEMALE","FEMALE","MALE","MALE","MALE","MALE","FEMALE","FEMALE","MALE","FEMALE","FEMALE","MALE","MALE","MALE","FEMALE","FEMALE","FEMALE","MALE","FEMALE","FEMALE","MALE","FEMALE","MALE","FEMALE","FEMALE","MALE","FEMALE"],"X_CALENDAR_YEAR":[2004,2004,2004,2004,2005,2005,2005,2005,2006,2006,2006,2006,2007,2007,2007,2007,2008,2008,2008,2008,2009,2009,2009,2009,2010,2010,2010,2011,2011,2011,2012,2012,2013,2013,2013],"Y_PREVALENCE_1000PP":[1.04961,0.56132,0.66816,1.96907,1.06184,5.1316,1.42816,3.59695,2.801,1.0844,3.38184,1.26987,1.27167,2.84768,2.2198,1.35881,0.95724,1.15664,2.1229,1.99786,0.80321,2.00728,1.59903,0.65309,0.33336,1.50484,1.00959,0.30016,1.84675,0.94406,0.85501,0.64223,0.67383,0.63563,0.20614]},"PREVALENCE_BY_MONTH":{"X_CALENDAR_MONTH":["200409","200410","200411","200412","200501","200502","200503","200504","200505","200506","200507","200508","200509","200510","200511","200512","200601","200602","200603","200604","200605","200606","200607","200608","200609","200610","200611","200612","200701","200702","200703","200704","200705","200706","200707","200708","200709","200710","200711","200712","200801","200802","200803","200804","200805","200806","200807","200808","200809","200810","200811","200812","200901","200902","200903","200904","200905","200906","200907","200908","200909","200911","200912","201001","201002","201003","201004","201006","201010","201011","201012","201101","201102","201103","201104","201105","201106","201109","201111","201112","201201","201202","201203","201205","201207","201301","201302","201303","201304","201305","201306","201307","201403"],"Y_PREVALENCE_1000PP":[0.03432,0.076,0.11963,0.17072,0.13629,0.15201,0.15659,0.13047,0.12307,0.10334,0.09335,0.08744,0.06973,0.06465,0.0638,0.09081,0.105,0.08097,0.10244,0.11679,0.07066,0.09225,0.04036,0.04,0.05057,0.05363,0.0533,0.08849,0.09465,0.04191,0.07254,0.06192,0.09547,0.05773,0.04733,0.04372,0.04018,0.05966,0.06941,0.06269,0.08512,0.06855,0.05521,0.07121,0.06455,0.02897,0.05126,0.02561,0.03823,0.06019,0.03799,0.04097,0.05969,0.06274,0.07804,0.05305,0.05601,0.03422,0.02803,0.02182,0.028,0.04037,0.05278,0.03416,0.0435,0.05569,0.03097,0.03101,0.01871,0.04064,0.03137,0.05032,0.05359,0.05035,0.04433,0.05079,0.02552,0.02266,0.02604,0.02616,0.05247,0.03293,0.02638,0.02336,0.02374,0.02107,0.02485,0.02145,0.02883,0.02909,0.03685,0.02233,0.02516]},"CONDITIONS_BY_TYPE":{"CONCEPT_NAME":["Primary Condition","Secondary Condition"],"COUNT_VALUE":[1148,560]},"AGE_AT_FIRST_DIAGNOSIS":{"CATEGORY":["MALE","FEMALE"],"MIN_VALUE":[0,0],"P10_VALUE":[1,1],"P25_VALUE":[2,2],"MEDIAN_VALUE":[4,6],"P75_VALUE":[10,15],"P90_VALUE":[16,32],"MAX_VALUE":[88,88]}}
