{"PREVALENCE_BY_GENDER_AGE_YEAR":{"TRELLIS_NAME":["0-9","40-49","50-59","60-69","0-9","50-59","70-79","10-19","50-59","40-49","20-29","60-69","20-29","60-69","20-29","40-49","50-59","0-9","70-79","10-19","0-9","60-69","70-79","50-59","50-59","40-49","20-29","60-69","0-9","10-19","10-19","50-59","30-39","20-29","20-29","50-59","10-19","10-19","80-89","20-29","60-69","50-59","10-19","40-49","50-59","30-39","20-29","50-59","40-49","10-19","0-9","10-19","0-9","70-79","40-49","50-59","30-39","30-39","0-9","10-19","40-49","70-79","0-9","10-19","20-29","60-69","10-19","0-9","50-59","40-49","10-19","0-9","40-49","50-59","60-69","60-69","20-29","20-29","30-39","60-69","20-29","10-19","0-9","80-89","70-79","40-49","0-9","10-19","50-59","50-59","10-19","10-19","0-9"],"SERIES_NAME":["FEMALE","FEMALE","MALE","FEMALE","MALE","FEMALE","MALE","MALE","MALE","MALE","MALE","FEMALE","FEMALE","MALE","FEMALE","MALE","MALE","FEMALE","MALE","MALE","MALE","MALE","FEMALE","FEMALE","MALE","MALE","MALE","FEMALE","MALE","MALE","FEMALE","MALE","MALE","FEMALE","MALE","MALE","FEMALE","MALE","FEMALE","FEMALE","MALE","FEMALE","MALE","MALE","MALE","MALE","FEMALE","MALE","MALE","FEMALE","MALE","MALE","FEMALE","FEMALE","FEMALE","MALE","FEMALE","MALE","MALE","MALE","MALE","MALE","FEMALE","FEMALE","MALE","MALE","MALE","MALE","MALE","MALE","FEMALE","FEMALE","FEMALE","FEMALE","MALE","FEMALE","MALE","FEMALE","MALE","MALE","MALE","MALE","MALE","FEMALE","FEMALE","MALE","FEMALE","FEMALE","MALE","FEMALE","FEMALE","MALE","FEMALE"],"X_CALENDAR_YEAR":[2004,2004,2004,2004,2004,2005,2005,2005,2005,2005,2005,2005,2005,2005,2006,2006,2006,2006,2006,2007,2007,2007,2007,2007,2007,2007,2007,2008,2008,2008,2008,2008,2008,2008,2008,2009,2009,2009,2009,2009,2009,2010,2010,2010,2010,2011,2011,2011,2011,2011,2011,2011,2011,2012,2012,2012,2012,2012,2012,2012,2012,2012,2012,2012,2012,2012,2013,2013,2013,2013,2013,2013,2013,2013,2013,2013,2013,2013,2013,2014,2014,2014,2014,2014,2014,2014,2014,2014,2014,2014,2015,2015,2015],"Y_PREVALENCE_1000PP":[0.3867,0.27712,0.83153,0.62583,0.28816,0.32597,0.7665,0.45701,0.71461,0.53537,0.43045,0.33608,0.22076,0.68881,0.1729,0.41469,0.69124,0.30165,0.69547,0.37679,0.24917,0.73453,0.40169,0.39514,0.64038,0.49377,0.33574,0.27025,0.31001,0.45583,0.24785,0.35321,0.48718,0.17984,0.32029,0.29605,0.28573,0.40161,0.64781,0.14805,0.38302,0.34224,0.72572,0.32496,0.48548,0.36406,0.23537,0.44235,0.39548,0.47168,0.20907,0.8338,0.31469,0.36731,0.25081,0.50976,0.20562,0.43698,0.4275,0.84986,0.53944,0.67471,0.44154,0.56512,0.46332,0.477,0.81194,0.41129,0.4801,0.45252,0.51265,0.2948,0.23313,0.3056,0.53654,0.38806,0.38195,0.20614,0.45457,0.50882,0.55862,0.5286,0.6611,0.81633,0.38632,0.51886,0.51101,0.37768,0.35051,0.3347,0.8578,0.75758,0.49813]},"PREVALENCE_BY_MONTH":{"X_CALENDAR_MONTH":["200401","200402","200403","200404","200405","200406","200407","200410","200412","200502","200503","200504","200505","200506","200507","200508","200509","200510","200511","200512","200601","200602","200603","200604","200606","200607","200608","200609","200610","200611","200612","200701","200702","200703","200704","200705","200706","200707","200708","200709","200710","200711","200712","200801","200802","200803","200804","200805","200806","200807","200808","200809","200810","200811","200812","200901","200902","200903","200904","200905","200906","200907","200908","200909","200911","200912","201001","201002","201003","201004","201005","201006","201008","201009","201010","201011","201012","201101","201102","201103","201104","201105","201106","201107","201108","201109","201110","201111","201112","201201","201202","201203","201204","201205","201206","201207","201208","201209","201210","201211","201212","201301","201302","201303","201304","201305","201306","201307","201308","201309","201310","201311","201312","201401","201402","201403","201404","201405","201406","201407","201408","201409","201410","201411","201412","201501","201502","201503","201504","201505"],"Y_PREVALENCE_1000PP":[0.23823,0.1437,0.09865,0.07628,0.07543,0.04107,0.05128,0.038,0.06025,0.03325,0.04145,0.04949,0.03956,0.03445,0.04243,0.06662,0.04102,0.03636,0.07576,0.03948,0.03111,0.05013,0.05691,0.04521,0.0369,0.02569,0.03273,0.02529,0.03218,0.03198,0.02478,0.02103,0.04191,0.04145,0.03096,0.07501,0.04754,0.02705,0.03363,0.02678,0.03315,0.02644,0.0231,0.03274,0.02938,0.04872,0.06797,0.05164,0.02897,0.03204,0.03202,0.03186,0.03168,0.03799,0.04728,0.0377,0.01882,0.03746,0.02496,0.03423,0.04666,0.01869,0.02494,0.028,0.02484,0.02794,0.01863,0.02486,0.04331,0.04646,0.03411,0.0186,0.02489,0.03429,0.03742,0.02188,0.04078,0.04403,0.04098,0.03776,0.038,0.03175,0.03509,0.0385,0.03864,0.03237,0.02919,0.03907,0.04252,0.04264,0.05268,0.05606,0.05647,0.04004,0.06396,0.04409,0.05112,0.07213,0.04828,0.04514,0.05941,0.05618,0.05326,0.02503,0.02162,0.05455,0.02948,0.04466,0.10182,0.05348,0.04631,0.05504,0.07588,0.06902,0.06216,0.05451,0.04289,0.08803,0.0499,0.05157,0.05845,0.09591,0.07914,0.10748,0.05992,0.09137,0.14419,0.08034,0.08843,0.25131]},"CONDITIONS_BY_TYPE":{"CONCEPT_NAME":["Primary Condition","Secondary Condition"],"COUNT_VALUE":[650,1250]},"AGE_AT_FIRST_DIAGNOSIS":{"CATEGORY":["FEMALE","MALE"],"MIN_VALUE":[0,0],"P10_VALUE":[7,7],"P25_VALUE":[19,16],"MEDIAN_VALUE":[47,44],"P75_VALUE":[64,60],"P90_VALUE":[78,73],"MAX_VALUE":[100,95]}}
