{"PREVALENCE_BY_GENDER_AGE_YEAR":{"TRELLIS_NAME":["30-39","10-19","10-19","70-79","40-49","50-59","40-49","50-59","30-39","20-29","20-29","30-39","50-59","0-9","40-49","10-19","50-59","40-49","30-39","20-29","20-29","60-69","20-29","20-29","60-69","0-9","10-19","30-39","30-39","50-59","40-49","40-49","70-79","10-19","10-19","0-9","50-59","40-49","20-29","20-29","30-39","40-49","50-59","60-69","10-19","10-19","30-39","30-39","20-29","20-29","40-49","50-59","10-19","40-49","50-59","60-69","10-19","30-39","30-39","20-29","20-29","50-59","30-39","40-49","10-19","10-19","20-29","20-29","40-49","50-59","10-19","40-49","10-19","20-29","30-39","20-29","20-29","20-29","10-19","10-19","30-39","30-39","50-59","40-49","30-39","30-39","20-29","20-29","10-19","0-9","50-59","10-19","70-79","40-49","50-59","10-19","10-19","30-39","30-39","20-29","20-29","10-19","20-29"],"SERIES_NAME":["MALE","MALE","FEMALE","FEMALE","MALE","MALE","FEMALE","FEMALE","FEMALE","MALE","FEMALE","MALE","FEMALE","MALE","MALE","FEMALE","MALE","FEMALE","FEMALE","MALE","FEMALE","FEMALE","MALE","FEMALE","FEMALE","MALE","MALE","MALE","FEMALE","FEMALE","FEMALE","MALE","FEMALE","FEMALE","MALE","FEMALE","FEMALE","FEMALE","MALE","FEMALE","MALE","FEMALE","FEMALE","FEMALE","MALE","FEMALE","MALE","FEMALE","MALE","FEMALE","MALE","MALE","FEMALE","FEMALE","FEMALE","FEMALE","MALE","MALE","FEMALE","FEMALE","MALE","FEMALE","MALE","FEMALE","FEMALE","MALE","MALE","FEMALE","MALE","MALE","FEMALE","FEMALE","MALE","FEMALE","MALE","MALE","MALE","FEMALE","MALE","FEMALE","FEMALE","MALE","MALE","FEMALE","FEMALE","MALE","MALE","FEMALE","MALE","MALE","MALE","FEMALE","FEMALE","MALE","MALE","FEMALE","MALE","FEMALE","MALE","FEMALE","MALE","MALE","MALE"],"X_CALENDAR_YEAR":[2004,2004,2004,2004,2004,2004,2004,2004,2004,2004,2004,2005,2005,2005,2005,2005,2005,2005,2005,2005,2005,2005,2006,2006,2006,2006,2006,2006,2006,2006,2006,2006,2006,2006,2007,2007,2007,2007,2007,2007,2007,2008,2008,2008,2008,2008,2008,2008,2008,2008,2009,2009,2009,2009,2009,2009,2009,2009,2009,2009,2009,2010,2010,2010,2010,2010,2010,2010,2011,2011,2011,2011,2011,2011,2011,2011,2012,2012,2012,2012,2012,2012,2012,2012,2013,2013,2013,2013,2013,2013,2013,2013,2014,2014,2014,2014,2014,2014,2014,2014,2014,2015,2015],"Y_PREVALENCE_1000PP":[1.39018,0.70166,0.36445,0.546,1.27086,0.83153,0.41569,0.65819,0.55452,1.77272,0.42442,0.98217,0.36672,0.2483,0.53537,0.30338,0.51972,0.55663,0.25924,0.57393,0.69383,0.4481,0.98979,0.25935,0.4025,0.26599,0.50795,0.68013,0.35951,0.48191,0.27357,0.59242,0.41394,0.45183,0.70648,0.28252,0.28738,0.3676,0.89531,0.46192,0.56515,0.29149,0.45304,0.27025,0.50141,0.33047,0.36539,0.2147,0.53382,0.17984,0.32149,0.5921,0.36736,0.28934,0.376,0.301,0.49085,0.41486,0.36517,0.2961,0.66343,0.34224,0.5883,0.3233,0.45837,0.49893,0.35146,0.32507,0.39548,0.3932,0.34304,0.4386,0.27793,0.20922,0.48541,0.60386,0.5148,0.38846,0.80264,0.43471,0.20562,0.62426,0.35683,0.35829,0.18614,0.71433,0.7639,0.32393,1.26865,0.33651,0.74683,0.27963,0.38632,0.51886,0.40893,0.80932,1.05721,0.28034,0.79687,0.19874,0.62069,1.08225,0.89445]},"PREVALENCE_BY_MONTH":{"X_CALENDAR_MONTH":["200401","200402","200403","200404","200405","200406","200407","200408","200409","200410","200412","200501","200502","200503","200504","200505","200506","200507","200508","200509","200510","200512","200601","200602","200603","200604","200605","200606","200607","200608","200609","200610","200612","200701","200703","200705","200706","200707","200708","200709","200710","200712","200801","200802","200803","200804","200805","200806","200807","200808","200809","200811","200812","200901","200902","200903","200904","200905","200906","200907","200908","200909","200910","200911","200912","201001","201002","201003","201004","201005","201006","201007","201008","201009","201011","201012","201102","201103","201104","201105","201106","201107","201108","201109","201110","201112","201201","201202","201203","201204","201205","201206","201207","201208","201209","201210","201211","201212","201301","201302","201303","201304","201305","201306","201307","201308","201309","201310","201311","201312","201401","201402","201403","201404","201405","201406","201407","201408","201409","201410","201411","201412","201501","201502","201503","201504","201505"],"Y_PREVALENCE_1000PP":[0.23823,0.1437,0.10851,0.13561,0.21121,0.08898,0.07692,0.10275,0.07435,0.05429,0.03013,0.04381,0.05225,0.05987,0.05849,0.03956,0.08612,0.07638,0.0458,0.05332,0.0404,0.03554,0.035,0.04241,0.04932,0.04521,0.04835,0.06642,0.0477,0.05818,0.03612,0.03575,0.0354,0.04908,0.04836,0.04773,0.05434,0.03381,0.04372,0.02344,0.0232,0.0198,0.02292,0.02285,0.02598,0.02266,0.02259,0.02575,0.02563,0.03842,0.02867,0.03166,0.03467,0.04084,0.01882,0.0437,0.03433,0.02801,0.03111,0.04672,0.05299,0.03423,0.02484,0.02174,0.04347,0.02795,0.03729,0.03713,0.02478,0.04961,0.04031,0.03417,0.02489,0.03741,0.02501,0.0251,0.02522,0.01888,0.0285,0.03175,0.04147,0.02567,0.0322,0.03885,0.02271,0.01962,0.03608,0.02963,0.02638,0.04983,0.03003,0.04713,0.0407,0.02726,0.02404,0.02414,0.02083,0.05242,0.03511,0.02485,0.03575,0.03603,0.04728,0.05527,0.04838,0.04148,0.03056,0.05403,0.04324,0.04393,0.04466,0.03729,0.03354,0.0386,0.03521,0.03629,0.05626,0.07306,0.06058,0.06331,0.06222,0.05992,0.07831,0.08651,0.12051,0.10808,0.15358]},"CONDITIONS_BY_TYPE":{"CONCEPT_NAME":["Primary Condition","Secondary Condition"],"COUNT_VALUE":[1074,583]},"AGE_AT_FIRST_DIAGNOSIS":{"CATEGORY":["FEMALE","MALE"],"MIN_VALUE":[1,0],"P10_VALUE":[12,12],"P25_VALUE":[24,17],"MEDIAN_VALUE":[39,30],"P75_VALUE":[57,47],"P90_VALUE":[75,61],"MAX_VALUE":[101,99]}}
