{"PREVALENCE_BY_GENDER_AGE_YEAR":{"TRELLIS_NAME":["30-39","20-29","50-59","50-59","60-69","20-29","60-69","50-59","40-49","70-79","40-49","50-59","60-69","30-39","60-69","50-59","40-49","70-79","40-49","50-59","30-39","40-49","60-69","20-29","30-39","50-59","40-49","60-69","20-29","60-69","70-79","50-59","40-49","10-19","30-39","20-29","60-69","30-39","70-79","50-59","50-59","40-49","60-69"],"SERIES_NAME":["FEMALE","FEMALE","FEMALE","MALE","FEMALE","FEMALE","FEMALE","FEMALE","FEMALE","FEMALE","FEMALE","FEMALE","FEMALE","FEMALE","FEMALE","FEMALE","FEMALE","FEMALE","MALE","FEMALE","FEMALE","FEMALE","FEMALE","FEMALE","FEMALE","FEMALE","FEMALE","MALE","FEMALE","FEMALE","FEMALE","FEMALE","FEMALE","FEMALE","FEMALE","FEMALE","FEMALE","FEMALE","FEMALE","MALE","FEMALE","FEMALE","FEMALE"],"X_CALENDAR_YEAR":[2007,2007,2007,2007,2007,2008,2008,2008,2008,2008,2009,2009,2009,2010,2010,2010,2010,2010,2010,2011,2011,2011,2011,2011,2012,2012,2012,2012,2012,2012,2013,2013,2013,2013,2013,2013,2013,2014,2014,2014,2014,2014,2014],"Y_PREVALENCE_1000PP":[0.17123,0.16303,0.25145,0.32019,0.37734,0.25691,0.36033,0.38334,0.22671,0.7122,0.22504,0.23928,0.258,0.18378,0.33537,0.27379,0.29097,0.37613,0.37912,0.20945,0.24541,0.30364,0.45641,0.31382,0.20562,0.54703,0.6091,0.477,0.22198,0.42114,0.54698,0.382,0.54396,0.37284,0.18614,0.35338,0.68989,0.38546,0.38632,0.40893,0.79491,0.61952,0.54407]},"PREVALENCE_BY_MONTH":{"X_CALENDAR_MONTH":["200705","200707","200710","200801","200802","200803","200810","200907","200911","200912","201002","201003","201004","201008","201009","201010","201012","201104","201105","201106","201107","201108","201109","201110","201112","201201","201202","201203","201204","201205","201208","201209","201210","201302","201303","201304","201305","201307","201308","201309","201310","201311","201312","201402","201403","201404","201405","201406","201407","201408","201409","201410","201411","201412","201502","201503","201504","201505"],"Y_PREVALENCE_1000PP":[0.02387,0.02367,0.02652,0.02946,0.03264,0.04222,0.02534,0.02492,0.01863,0.02173,0.02175,0.01856,0.02478,0.03111,0.02182,0.04677,0.02196,0.0285,0.02222,0.04147,0.02246,0.02576,0.0259,0.01946,0.01962,0.03608,0.02305,0.02308,0.02325,0.02669,0.06475,0.05152,0.04484,0.04615,0.03575,0.04684,0.03273,0.02605,0.03771,0.04584,0.06175,0.02359,0.03594,0.02486,0.03774,0.0386,0.05282,0.04537,0.02813,0.0828,0.03534,0.04221,0.05091,0.04194,0.04326,0.08838,0.1179,0.12565]},"CONDITIONS_BY_TYPE":{"CONCEPT_NAME":["Primary Condition","Secondary Condition"],"COUNT_VALUE":[561,275]},"AGE_AT_FIRST_DIAGNOSIS":{"CATEGORY":["MALE","FEMALE"],"MIN_VALUE":[0,1],"P10_VALUE":[11,21],"P25_VALUE":[26,33],"MEDIAN_VALUE":[46,49],"P75_VALUE":[62,62],"P90_VALUE":[71,73],"MAX_VALUE":[84,92]}}
