{"PREVALENCE_BY_GENDER_AGE_YEAR":{"TRELLIS_NAME":["60-69","50-59","60-69","70-79","40-49","70-79","50-59","70-79","60-69","60-69","60-69","60-69","70-79","40-49","50-59","50-59","40-49","60-69","70-79","50-59","50-59","60-69","50-59","50-59","50-59","40-49","60-69","50-59","60-69","50-59","60-69","60-69","40-49","50-59"],"SERIES_NAME":["MALE","MALE","MALE","FEMALE","MALE","FEMALE","MALE","MALE","MALE","FEMALE","MALE","FEMALE","FEMALE","FEMALE","FEMALE","MALE","MALE","MALE","MALE","MALE","FEMALE","MALE","MALE","MALE","MALE","MALE","MALE","MALE","MALE","MALE","MALE","MALE","MALE","MALE"],"X_CALENDAR_YEAR":[2004,2004,2005,2005,2006,2006,2006,2006,2006,2006,2007,2007,2007,2007,2007,2007,2007,2008,2008,2008,2008,2009,2009,2010,2011,2011,2011,2012,2012,2013,2013,2014,2014,2014],"Y_PREVALENCE_1000PP":[0.75743,0.49892,0.53574,0.60606,0.7109,0.55191,1.26728,0.69547,1.0014,0.45281,0.67332,0.33017,0.46863,0.26734,0.25145,0.58701,0.65836,0.5144,0.55157,0.60551,0.2091,0.49245,0.78946,0.43694,0.6881,0.39548,0.30955,0.76464,0.636,0.80017,0.37558,0.7915,0.44474,0.70102]},"PREVALENCE_BY_MONTH":{"X_CALENDAR_MONTH":["200506","200508","200510","200511","200601","200602","200603","200604","200605","200606","200607","200609","200610","200611","200612","200701","200703","200704","200705","200706","200707","200708","200709","200710","200712","200801","200802","200803","200807","200808","200810","200908","200909","200911","200912","201002","201003","201004","201007","201101","201102","201104","201107","201109","201112","201205","201208","201210","201211","201301","201302","201304","201308","201309","201310","201404","201405","201406","201407","201408","201412","201503","201505"],"Y_PREVALENCE_1000PP":[0.02583,0.03331,0.02828,0.02791,0.035,0.04627,0.0607,0.06028,0.04091,0.05166,0.02936,0.0289,0.04648,0.0604,0.04247,0.03155,0.03109,0.03784,0.04432,0.03736,0.02367,0.05044,0.03013,0.02652,0.0231,0.02292,0.02285,0.03248,0.01922,0.02561,0.02217,0.0187,0.02178,0.02174,0.03105,0.01864,0.02784,0.02168,0.02485,0.01887,0.02522,0.02216,0.02567,0.01942,0.02616,0.02002,0.02726,0.02759,0.0382,0.02107,0.0284,0.02522,0.0264,0.03438,0.02316,0.03002,0.03521,0.02722,0.03751,0.03409,0.04794,0.06427,0.08377]},"CONDITIONS_BY_TYPE":{"CONCEPT_NAME":["Primary Condition","Secondary Condition"],"COUNT_VALUE":[225,663]},"AGE_AT_FIRST_DIAGNOSIS":{"CATEGORY":["MALE","FEMALE"],"MIN_VALUE":[6,4],"P10_VALUE":[39,40],"P25_VALUE":[49,52],"MEDIAN_VALUE":[58,65],"P75_VALUE":[68,78],"P90_VALUE":[77,91],"MAX_VALUE":[95,106]}}
