{"PREVALENCE_BY_GENDER_AGE_YEAR":{"TRELLIS_NAME":["10-19","10-19","10-19","10-19","90-99","80-89","10-19","70-79","80-89","60-69","10-19","70-79","50-59","10-19","60-69","90-99","60-69","80-89","10-19","70-79","70-79","10-19","10-19","70-79","0-9","10-19","80-89","80-89","90-99","60-69","70-79","10-19","70-79","10-19","60-69","60-69","90-99","80-89","10-19","10-19","70-79","60-69","80-89","90-99","80-89","0-9","10-19","60-69","80-89","90-99","70-79","10-19","0-9","10-19","90-99","60-69","10-19","80-89"],"SERIES_NAME":["FEMALE","FEMALE","MALE","FEMALE","FEMALE","FEMALE","FEMALE","FEMALE","FEMALE","MALE","FEMALE","FEMALE","FEMALE","MALE","FEMALE","FEMALE","MALE","FEMALE","MALE","MALE","FEMALE","FEMALE","FEMALE","FEMALE","FEMALE","MALE","MALE","FEMALE","FEMALE","FEMALE","FEMALE","MALE","MALE","FEMALE","FEMALE","MALE","FEMALE","FEMALE","MALE","FEMALE","FEMALE","FEMALE","FEMALE","FEMALE","MALE","MALE","MALE","FEMALE","FEMALE","FEMALE","FEMALE","FEMALE","FEMALE","FEMALE","FEMALE","FEMALE","MALE","FEMALE"],"X_CALENDAR_YEAR":[2005,2006,2007,2007,2008,2008,2008,2008,2009,2009,2009,2009,2009,2009,2010,2010,2010,2010,2010,2010,2010,2010,2011,2011,2011,2011,2011,2011,2011,2011,2012,2012,2012,2012,2012,2012,2012,2012,2013,2013,2013,2013,2013,2013,2014,2014,2014,2014,2014,2014,2014,2014,2014,2015,2015,2015,2015,2015],"Y_PREVALENCE_1000PP":[0.30338,0.40665,0.28259,0.25478,3.08483,0.89837,0.28916,0.38848,1.07968,0.38302,0.32654,0.37893,0.27346,0.5801,0.50306,5.24809,0.36798,1.91164,0.40822,0.60592,0.62688,0.29169,0.34304,1.11407,0.23602,0.46322,0.89566,2.29549,4.55789,0.41492,0.55096,0.80264,0.59975,0.26082,0.54748,0.371,5.38358,1.81353,0.76119,0.51265,0.72931,0.30183,1.99623,2.53807,0.95359,0.24791,0.7048,0.27203,2.5656,3.05144,0.96581,0.80932,0.27873,0.57186,4.72016,0.82169,1.08225,1.10865]},"PREVALENCE_BY_MONTH":{"X_CALENDAR_MONTH":["200411","200412","200501","200505","200603","200607","200610","200612","200703","200704","200706","200710","200712","200801","200804","200809","200810","200811","200902","200903","200904","200905","200906","200907","200908","200909","200910","200911","200912","201001","201002","201003","201004","201005","201006","201007","201008","201009","201010","201011","201012","201101","201102","201103","201104","201106","201107","201108","201109","201110","201111","201112","201201","201202","201203","201204","201205","201206","201207","201208","201209","201210","201211","201212","201301","201302","201303","201304","201305","201306","201307","201308","201310","201311","201312","201401","201402","201403","201404","201405","201406","201407","201408","201409","201410","201411","201412","201501","201502","201503","201504","201505"],"Y_PREVALENCE_1000PP":[0.03641,0.03013,0.02921,0.03077,0.02276,0.02569,0.02503,0.02124,0.02073,0.02752,0.02038,0.01989,0.0198,0.02292,0.03237,0.02867,0.02534,0.03799,0.01882,0.03121,0.01872,0.03423,0.02489,0.02803,0.02494,0.03423,0.03105,0.01863,0.02173,0.02174,0.0435,0.04022,0.04955,0.03721,0.04031,0.03728,0.02178,0.0187,0.03118,0.02813,0.03451,0.02202,0.03783,0.06923,0.03166,0.06061,0.02888,0.05152,0.04856,0.01946,0.04558,0.04579,0.05247,0.01976,0.03297,0.02658,0.06339,0.04376,0.04409,0.04771,0.05839,0.02414,0.02778,0.04892,0.05267,0.0426,0.03933,0.04324,0.04,0.05527,0.0521,0.03394,0.03088,0.03145,0.02396,0.02842,0.03315,0.05451,0.06005,0.03521,0.0499,0.07971,0.05845,0.08582,0.10552,0.06788,0.08389,0.10442,0.09372,0.08838,0.1572,0.19546]},"CONDITIONS_BY_TYPE":{"CONCEPT_NAME":["Primary Condition","Secondary Condition"],"COUNT_VALUE":[879,731]},"AGE_AT_FIRST_DIAGNOSIS":{"CATEGORY":["FEMALE","MALE"],"MIN_VALUE":[0,1],"P10_VALUE":[13,10],"P25_VALUE":[36,16],"MEDIAN_VALUE":[72,52],"P75_VALUE":[84,72],"P90_VALUE":[91,85],"MAX_VALUE":[105,94]}}
