{"PREVALENCE_BY_GENDER_AGE_YEAR":{"TRELLIS_NAME":["70-79","80-89","70-79","60-69","80-89","80-89","80-89","70-79","60-69","80-89","70-79","80-89","60-69","70-79","80-89","70-79","60-69","80-89","60-69","70-79","70-79","70-79","90-99","60-69","60-69","80-89","70-79","60-69","70-79","90-99","80-89","80-89","70-79","70-79","60-69","80-89","80-89","60-69","80-89","70-79","80-89"],"SERIES_NAME":["FEMALE","FEMALE","FEMALE","MALE","FEMALE","MALE","FEMALE","FEMALE","FEMALE","FEMALE","FEMALE","FEMALE","FEMALE","FEMALE","FEMALE","FEMALE","FEMALE","FEMALE","FEMALE","FEMALE","MALE","FEMALE","FEMALE","FEMALE","MALE","FEMALE","FEMALE","FEMALE","MALE","FEMALE","FEMALE","MALE","MALE","FEMALE","FEMALE","FEMALE","MALE","FEMALE","FEMALE","FEMALE","FEMALE"],"X_CALENDAR_YEAR":[2004,2004,2005,2005,2005,2006,2006,2006,2007,2007,2007,2008,2008,2008,2009,2009,2009,2010,2010,2010,2010,2011,2011,2011,2011,2011,2012,2012,2012,2012,2012,2012,2013,2013,2013,2013,2014,2014,2014,2014,2015],"Y_PREVALENCE_1000PP":[0.91,1.17746,0.68182,0.45921,1.67038,1.14987,1.01176,0.75888,0.28301,0.94708,0.60253,0.78608,0.36033,0.77695,1.29562,0.82102,0.344,0.95582,0.50306,1.0657,0.68166,0.61893,4.1021,0.33194,0.41273,0.83472,0.79584,0.5896,0.44981,3.58905,1.49349,0.89485,0.4456,0.85086,0.34495,1.33082,1.11252,0.31737,1.74927,0.83704,1.4782]},"PREVALENCE_BY_MONTH":{"X_CALENDAR_MONTH":["200401","200403","200411","200412","200501","200505","200506","200510","200603","200605","200608","200706","200710","200801","200804","200809","200811","200812","200902","200903","200904","200905","200906","200907","200910","201001","201002","201003","201005","201007","201008","201009","201010","201012","201101","201102","201106","201107","201111","201112","201201","201202","201203","201204","201205","201206","201207","201210","201211","201212","201302","201303","201304","201305","201306","201307","201406","201407","201409","201410","201411","201412","201501","201502","201504"],"Y_PREVALENCE_1000PP":[0.11911,0.06905,0.03121,0.03515,0.02921,0.03077,0.02583,0.02424,0.02656,0.02231,0.04727,0.03056,0.02652,0.01964,0.0356,0.01911,0.03482,0.01891,0.0251,0.01873,0.02184,0.02801,0.01867,0.01869,0.02173,0.02484,0.02797,0.02166,0.02481,0.02485,0.03111,0.02806,0.02495,0.01882,0.02516,0.03783,0.03509,0.02567,0.02279,0.03925,0.02296,0.02634,0.02638,0.02325,0.03003,0.0505,0.02374,0.02759,0.02431,0.03145,0.02485,0.02145,0.02522,0.02182,0.03685,0.02605,0.03629,0.04689,0.03029,0.04221,0.04525,0.06591,0.05221,0.0793,0.12773]},"CONDITIONS_BY_TYPE":{"CONCEPT_NAME":["Primary Condition","Secondary Condition"],"COUNT_VALUE":[348,493]},"AGE_AT_FIRST_DIAGNOSIS":{"CATEGORY":["MALE","FEMALE"],"MIN_VALUE":[0,0],"P10_VALUE":[40,46],"P25_VALUE":[55,63],"MEDIAN_VALUE":[67,74],"P75_VALUE":[78,83],"P90_VALUE":[86,89],"MAX_VALUE":[102,101]}}
