{"PREVALENCE_BY_GENDER_AGE_YEAR":{"TRELLIS_NAME":["0-9","0-9","0-9","0-9","0-9","0-9","0-9","0-9","0-9","0-9","0-9","0-9","0-9","0-9","0-9","0-9","0-9","0-9"],"SERIES_NAME":["MALE","FEMALE","MALE","FEMALE","MALE","FEMALE","MALE","FEMALE","MALE","MALE","MALE","FEMALE","MALE","FEMALE","FEMALE","MALE","FEMALE","MALE"],"X_CALENDAR_YEAR":[2005,2005,2006,2007,2007,2008,2008,2009,2009,2010,2011,2011,2012,2012,2013,2013,2014,2014],"Y_PREVALENCE_1000PP":[0.37245,0.28028,0.37998,0.36324,0.28477,0.38598,0.72336,0.38072,0.44228,0.37621,0.52267,0.27535,0.39188,0.24084,0.54748,0.33651,0.69683,0.28923]},"PREVALENCE_BY_MONTH":{"X_CALENDAR_MONTH":["200606","200707","200801","200809","201009","201102","201105"],"Y_PREVALENCE_1000PP":[0.02214,0.02367,0.02292,0.02867,0.02182,0.01892,0.02222]},"CONDITIONS_BY_TYPE":{"CONCEPT_NAME":["Primary Condition","Secondary Condition"],"COUNT_VALUE":[407,303]},"AGE_AT_FIRST_DIAGNOSIS":{"CATEGORY":["MALE","FEMALE"],"MIN_VALUE":[0,0],"P10_VALUE":[0,0],"P25_VALUE":[0,0],"MEDIAN_VALUE":[1,2],"P75_VALUE":[9,15],"P90_VALUE":[18,37],"MAX_VALUE":[74,85]}}
