{"PREVALENCE_BY_GENDER_AGE_YEAR":{"TRELLIS_NAME":["0-9","0-9","0-9","0-9","0-9","0-9","0-9","0-9","0-9","0-9","0-9","0-9","0-9","0-9","0-9","0-9","0-9","0-9","0-9","0-9","0-9","0-9"],"SERIES_NAME":["MALE","FEMALE","FEMALE","MALE","FEMALE","MALE","MALE","FEMALE","FEMALE","MALE","MALE","FEMALE","MALE","FEMALE","MALE","FEMALE","MALE","FEMALE","MALE","FEMALE","MALE","MALE"],"X_CALENDAR_YEAR":[2004,2004,2005,2005,2006,2006,2007,2007,2008,2008,2009,2009,2010,2010,2011,2011,2012,2012,2013,2014,2014,2015],"Y_PREVALENCE_1000PP":[0.67237,0.71815,0.327,0.49661,0.43092,0.34198,0.64073,0.44396,0.34738,0.37891,0.37424,0.2665,0.30781,0.31064,0.34844,0.27535,0.4275,0.28098,0.44868,0.74329,0.61978,1.31454]},"PREVALENCE_BY_MONTH":{"X_CALENDAR_MONTH":["200408","200504","200609","200701","200706","200710","201106","201403","201405","201406","201409","201410","201412","201502","201503","201505"],"Y_PREVALENCE_1000PP":[0.04835,0.03149,0.02167,0.02454,0.02038,0.01989,0.02552,0.03354,0.02641,0.04083,0.04543,0.03166,0.04194,0.04326,0.05624,0.12565]},"CONDITIONS_BY_TYPE":{"CONCEPT_NAME":["Primary Condition","Secondary Condition"],"COUNT_VALUE":[313,263]},"AGE_AT_FIRST_DIAGNOSIS":{"CATEGORY":["MALE","FEMALE"],"MIN_VALUE":[0,0],"P10_VALUE":[0,0],"P25_VALUE":[0,0],"MEDIAN_VALUE":[0,1],"P75_VALUE":[4,5],"P90_VALUE":[15,24],"MAX_VALUE":[85,89]}}
