{"PREVALENCE_BY_GENDER_AGE_YEAR":{"TRELLIS_NAME":["60-69","70-79","60-69","50-59","60-69","70-79","50-59","60-69","60-69","60-69","70-79"],"SERIES_NAME":["MALE","MALE","MALE","MALE","MALE","MALE","MALE","MALE","MALE","MALE","MALE"],"X_CALENDAR_YEAR":[2005,2008,2008,2009,2010,2010,2010,2011,2013,2014,2014],"Y_PREVALENCE_1000PP":[0.53574,0.55157,0.40009,0.34539,0.36798,0.60592,0.38839,0.56751,0.32192,0.33921,0.46915]},"PREVALENCE_BY_MONTH":{"X_CALENDAR_MONTH":["200402","200503","200510","200710","200803","200807","200811","200910","201001","201002","201003","201006","201008","201011","201012","201101","201102","201103","201104","201105","201106","201107","201109","201110","201112","201311","201504"],"Y_PREVALENCE_1000PP":[0.07838,0.02763,0.02424,0.01989,0.02273,0.02563,0.01899,0.02484,0.02484,0.01864,0.02475,0.0248,0.02178,0.02501,0.02196,0.03145,0.03468,0.03461,0.0285,0.0254,0.0319,0.02246,0.02266,0.02919,0.01962,0.02752,0.06878]},"CONDITIONS_BY_TYPE":{"CONCEPT_NAME":["Primary Condition","Secondary Condition"],"COUNT_VALUE":[1158,229]},"AGE_AT_FIRST_DIAGNOSIS":{"CATEGORY":["FEMALE","MALE"],"MIN_VALUE":[1,1],"P10_VALUE":[45,46],"P25_VALUE":[48,55],"MEDIAN_VALUE":[61,66],"P75_VALUE":[72,74],"P90_VALUE":[78,82],"MAX_VALUE":[93,94]}}
