{"PREVALENCE_BY_GENDER_AGE_YEAR":{"TRELLIS_NAME":["0-9","10-19","20-29","0-9","0-9","10-19","10-19","20-29","10-19","10-19","20-29","10-19","30-39","20-29","10-19","20-29","10-19","0-9","0-9","50-59","30-39","10-19","0-9","0-9","20-29","30-39","50-59","20-29","10-19","0-9","10-19","0-9","10-19","0-9","10-19","0-9","30-39","20-29","30-39","20-29","10-19","0-9","40-49","10-19","0-9","10-19","0-9","20-29"],"SERIES_NAME":["MALE","FEMALE","FEMALE","FEMALE","MALE","FEMALE","FEMALE","FEMALE","MALE","FEMALE","FEMALE","FEMALE","FEMALE","FEMALE","FEMALE","FEMALE","FEMALE","MALE","FEMALE","FEMALE","FEMALE","FEMALE","MALE","FEMALE","FEMALE","FEMALE","FEMALE","FEMALE","MALE","FEMALE","FEMALE","MALE","MALE","MALE","FEMALE","FEMALE","FEMALE","FEMALE","FEMALE","FEMALE","FEMALE","FEMALE","FEMALE","MALE","MALE","FEMALE","MALE","FEMALE"],"X_CALENDAR_YEAR":[2004,2004,2005,2005,2005,2005,2006,2006,2006,2007,2008,2008,2009,2009,2009,2010,2010,2010,2010,2011,2011,2011,2011,2011,2011,2012,2012,2012,2012,2012,2012,2012,2013,2013,2013,2013,2013,2013,2014,2014,2014,2014,2014,2014,2014,2015,2015,2015],"Y_PREVALENCE_1000PP":[0.33618,0.60742,0.18923,0.327,0.2483,0.80902,0.45183,0.23053,0.30477,0.76433,0.2826,0.4957,0.18259,0.2961,0.449,0.35008,0.58338,0.51301,0.46597,0.34908,0.1636,0.72896,0.3136,0.47203,0.47074,0.26437,0.29175,0.80466,0.3305,0.48168,1.21718,0.53438,0.40597,0.59824,1.63117,0.5896,0.34125,0.44172,0.49059,0.96058,2.05029,0.60392,0.26551,0.41114,0.41319,1.23904,0.7303,1.07208]},"PREVALENCE_BY_MONTH":{"X_CALENDAR_MONTH":["200410","200411","200412","200503","200504","200506","200509","200510","200511","200512","200603","200608","200610","200611","200702","200703","200704","200705","200708","200710","200711","200712","200801","200803","200901","200903","200904","200906","200908","201001","201003","201004","201005","201007","201008","201009","201010","201011","201012","201101","201102","201103","201104","201105","201106","201107","201108","201109","201110","201111","201112","201201","201202","201203","201204","201205","201206","201207","201208","201209","201210","201211","201212","201301","201302","201303","201304","201305","201306","201307","201308","201309","201310","201311","201312","201401","201402","201403","201404","201405","201406","201407","201408","201409","201410","201411","201412","201501","201502","201503","201504","201505"],"Y_PREVALENCE_1000PP":[0.04343,0.04681,0.04017,0.05987,0.03149,0.03445,0.02871,0.04444,0.02393,0.02369,0.02276,0.02182,0.02145,0.02132,0.03492,0.02073,0.02064,0.02728,0.02018,0.0232,0.02975,0.02639,0.03929,0.02598,0.01885,0.03434,0.02184,0.01867,0.02182,0.01863,0.02475,0.03097,0.02171,0.03417,0.028,0.02182,0.0343,0.02501,0.03764,0.03774,0.02207,0.0472,0.04433,0.04762,0.04466,0.04171,0.04186,0.03237,0.03893,0.0586,0.04579,0.05575,0.07244,0.05606,0.07641,0.04004,0.0404,0.03391,0.0409,0.04465,0.07243,0.05556,0.05591,0.04916,0.05681,0.06435,0.05765,0.05455,0.0479,0.03721,0.05657,0.0764,0.05789,0.05504,0.04393,0.08932,0.08702,0.07547,0.09007,0.05722,0.09981,0.06564,0.09741,0.09086,0.11607,0.11879,0.08389,0.124,0.1514,0.15265,0.1965,0.30715]},"CONDITIONS_BY_TYPE":{"CONCEPT_NAME":["Primary Condition","Secondary Condition"],"COUNT_VALUE":[990,2048]},"AGE_AT_FIRST_DIAGNOSIS":{"CATEGORY":["MALE","FEMALE"],"MIN_VALUE":[0,0],"P10_VALUE":[1,5],"P25_VALUE":[2,14],"MEDIAN_VALUE":[7,20],"P75_VALUE":[18,31],"P90_VALUE":[37,46],"MAX_VALUE":[81,96]}}
