{"PREVALENCE_BY_GENDER_AGE_YEAR":{"TRELLIS_NAME":["20-29","30-39","60-69","40-49","50-59","40-49","50-59","30-39","20-29","30-39","20-29","50-59","30-39","40-49","50-59","40-49","0-9","30-39","30-39","40-49","50-59","40-49","50-59","0-9","60-69","20-29","20-29","30-39","30-39","20-29","20-29","40-49","40-49","50-59","30-39","30-39","20-29","60-69","20-29","40-49","50-59","50-59","40-49","60-69","20-29","30-39","30-39","50-59","40-49","50-59","40-49","60-69","30-39","20-29","20-29","60-69","70-79","40-49","40-49","50-59","50-59","30-39","30-39","20-29","50-59","30-39","50-59","40-49","40-49","20-29","60-69","60-69","30-39","30-39","50-59","40-49","50-59","60-69","40-49","20-29","60-69","20-29","70-79","50-59","40-49","50-59","40-49","30-39","30-39","20-29","20-29","60-69","30-39","30-39","60-69","20-29","20-29","60-69","40-49","50-59","40-49","50-59","30-39","50-59","40-49","70-79","50-59","20-29","60-69","20-29"],"SERIES_NAME":["MALE","FEMALE","FEMALE","MALE","MALE","FEMALE","FEMALE","MALE","FEMALE","FEMALE","MALE","FEMALE","MALE","MALE","MALE","FEMALE","FEMALE","MALE","FEMALE","MALE","MALE","FEMALE","FEMALE","MALE","MALE","FEMALE","MALE","MALE","FEMALE","MALE","FEMALE","MALE","FEMALE","MALE","MALE","FEMALE","FEMALE","MALE","MALE","MALE","MALE","FEMALE","FEMALE","MALE","MALE","MALE","FEMALE","FEMALE","MALE","MALE","FEMALE","FEMALE","FEMALE","MALE","FEMALE","MALE","FEMALE","FEMALE","MALE","MALE","FEMALE","MALE","FEMALE","MALE","FEMALE","MALE","MALE","MALE","FEMALE","FEMALE","MALE","FEMALE","MALE","FEMALE","FEMALE","FEMALE","MALE","FEMALE","MALE","MALE","MALE","FEMALE","MALE","MALE","MALE","FEMALE","FEMALE","FEMALE","MALE","MALE","FEMALE","MALE","MALE","FEMALE","MALE","FEMALE","MALE","FEMALE","MALE","MALE","FEMALE","FEMALE","MALE","FEMALE","MALE","FEMALE","MALE","MALE","MALE","FEMALE"],"X_CALENDAR_YEAR":[2004,2004,2004,2004,2004,2004,2004,2004,2005,2005,2005,2005,2005,2005,2005,2005,2005,2006,2006,2006,2006,2006,2006,2006,2006,2006,2006,2007,2007,2007,2007,2007,2007,2007,2008,2008,2008,2008,2008,2008,2008,2008,2008,2009,2009,2009,2009,2009,2009,2009,2009,2009,2010,2010,2010,2010,2010,2010,2010,2010,2010,2010,2011,2011,2011,2011,2011,2011,2011,2011,2011,2011,2012,2012,2012,2012,2012,2012,2012,2012,2012,2012,2013,2013,2013,2013,2013,2013,2013,2013,2013,2013,2014,2014,2014,2014,2014,2014,2014,2014,2014,2014,2015,2015,2015,2015,2015,2015,2015,2015],"Y_PREVALENCE_1000PP":[0.55981,0.35648,0.48675,1.86393,0.74838,0.3695,0.35441,1.39018,0.22076,0.42126,0.64567,0.28523,1.35993,1.67302,0.9095,0.37109,0.28028,1.49629,0.41943,1.06635,0.92166,0.58134,0.40777,0.34198,0.60084,0.28817,0.80421,0.56515,0.28539,0.50361,0.16303,0.98755,0.40102,0.80047,0.66987,0.24153,0.23122,0.62872,0.53382,1.40746,0.65597,0.27879,0.5182,0.38302,0.6124,1.00753,0.20867,0.61528,1.28597,0.74012,0.54654,0.301,0.21003,0.80333,0.17504,0.68338,0.43882,0.45262,1.46231,0.87387,0.34224,0.52947,0.35447,0.75483,0.52362,0.91014,1.13044,1.52542,0.64103,0.23537,0.41273,0.45641,1.43579,0.44062,0.76584,0.85991,1.88612,0.33691,1.79813,1.0296,0.742,0.16648,0.4456,1.49365,1.4222,0.764,0.31084,0.62046,1.42866,1.03672,0.38283,0.64385,1.5213,0.52563,0.62189,0.52998,1.30346,0.63475,2.14958,1.51887,0.79653,0.79491,1.76134,0.58845,1.44823,0.62221,1.72525,1.15001,0.57078,0.37838]},"PREVALENCE_BY_MONTH":{"X_CALENDAR_MONTH":["200401","200403","200404","200405","200406","200407","200408","200409","200410","200411","200412","200501","200502","200503","200504","200505","200506","200507","200508","200509","200510","200511","200512","200601","200602","200603","200604","200605","200606","200607","200608","200609","200610","200611","200612","200701","200703","200704","200705","200706","200707","200708","200709","200710","200711","200712","200801","200802","200803","200804","200805","200806","200807","200808","200809","200810","200811","200812","200901","200902","200903","200904","200905","200906","200907","200908","200910","200911","200912","201001","201002","201003","201004","201005","201006","201007","201008","201009","201010","201011","201012","201101","201102","201103","201104","201105","201106","201107","201108","201109","201110","201111","201112","201201","201202","201203","201204","201205","201206","201207","201208","201209","201210","201211","201212","201301","201302","201303","201304","201305","201306","201307","201308","201309","201310","201311","201312","201401","201402","201403","201404","201405","201406","201407","201408","201409","201410","201411","201412","201501","201502","201503","201504","201505"],"Y_PREVALENCE_1000PP":[0.15882,0.07892,0.05933,0.09052,0.05476,0.05128,0.0544,0.09151,0.04343,0.06242,0.06025,0.03894,0.03325,0.06448,0.06299,0.03956,0.06028,0.04668,0.05413,0.04102,0.04444,0.0319,0.04343,0.05833,0.02699,0.07967,0.04144,0.07438,0.04797,0.06605,0.06909,0.03612,0.02145,0.03908,0.04601,0.03155,0.02418,0.02752,0.02728,0.05773,0.06086,0.04708,0.03013,0.0232,0.03636,0.0198,0.03601,0.02938,0.03897,0.04855,0.05164,0.03863,0.02884,0.04162,0.0446,0.04118,0.04432,0.03467,0.04084,0.04706,0.06555,0.03745,0.03734,0.04666,0.05295,0.02805,0.03105,0.04968,0.01863,0.03105,0.04039,0.05569,0.02478,0.03101,0.04961,0.0466,0.04044,0.04988,0.0343,0.04689,0.03764,0.04403,0.04098,0.05035,0.04749,0.05079,0.04785,0.02567,0.07084,0.06475,0.06812,0.05534,0.05233,0.04592,0.05927,0.05606,0.06312,0.07674,0.0505,0.08139,0.0852,0.04465,0.07932,0.09375,0.05591,0.08076,0.05681,0.06793,0.05405,0.04364,0.05896,0.05582,0.05657,0.0764,0.06947,0.04324,0.07189,0.08526,0.08702,0.10482,0.11152,0.03961,0.04537,0.08908,0.11689,0.06058,0.10025,0.0792,0.10786,0.10442,0.12977,0.21692,0.17685,0.25131]},"CONDITIONS_BY_TYPE":{"CONCEPT_NAME":["Primary Condition","Secondary Condition"],"COUNT_VALUE":[717,1343]},"AGE_AT_FIRST_DIAGNOSIS":{"CATEGORY":["FEMALE","MALE"],"MIN_VALUE":[0,0],"P10_VALUE":[24,24],"P25_VALUE":[34,33],"MEDIAN_VALUE":[45,44],"P75_VALUE":[56,54],"P90_VALUE":[68,63],"MAX_VALUE":[99,94]}}
