{"PREVALENCE_BY_GENDER_AGE_YEAR":{"TRELLIS_NAME":["0-9","0-9","0-9","0-9","0-9","0-9","0-9","0-9","0-9","0-9","0-9","0-9","0-9","0-9","0-9","0-9"],"SERIES_NAME":["FEMALE","MALE","FEMALE","FEMALE","MALE","FEMALE","MALE","FEMALE","MALE","FEMALE","FEMALE","MALE","FEMALE","MALE","FEMALE","MALE"],"X_CALENDAR_YEAR":[2006,2007,2008,2009,2009,2010,2011,2011,2012,2012,2013,2013,2014,2014,2015,2015],"Y_PREVALENCE_1000PP":[0.30165,0.32036,0.38598,0.34265,0.34022,0.5048,1.01049,0.90473,1.53188,1.16405,1.26342,1.1217,0.78974,0.8677,0.66418,1.16848]},"PREVALENCE_BY_MONTH":{"X_CALENDAR_MONTH":["201103","201105","201107","201112","201202","201203","201204","201205","201206","201210","201212","201301","201304","201308","201309","201310","201311","201409","201504","201505"],"Y_PREVALENCE_1000PP":[0.02517,0.01905,0.02888,0.02289,0.02634,0.02968,0.02325,0.02002,0.04376,0.02759,0.02446,0.03511,0.02162,0.03394,0.02292,0.02702,0.02359,0.03029,0.08843,0.11169]},"CONDITIONS_BY_TYPE":{"CONCEPT_NAME":["Primary Condition","Secondary Condition"],"COUNT_VALUE":[197,172]},"AGE_AT_FIRST_DIAGNOSIS":{"CATEGORY":["MALE","FEMALE"],"MIN_VALUE":[0,0],"P10_VALUE":[0,0],"P25_VALUE":[1,1],"MEDIAN_VALUE":[1,1],"P75_VALUE":[1,1],"P90_VALUE":[2,2],"MAX_VALUE":[61,20]}}
