{"PREVALENCE_BY_GENDER_AGE_YEAR":{"TRELLIS_NAME":["0-9","0-9","0-9","0-9","0-9","0-9","0-9","0-9","0-9","0-9","0-9","0-9","10-19","0-9","0-9","0-9"],"SERIES_NAME":["MALE","MALE","MALE","MALE","FEMALE","MALE","MALE","MALE","MALE","FEMALE","MALE","FEMALE","FEMALE","MALE","FEMALE","MALE"],"X_CALENDAR_YEAR":[2004,2006,2007,2008,2009,2009,2010,2011,2012,2013,2013,2014,2014,2014,2015,2015],"Y_PREVALENCE_1000PP":[0.28816,0.26599,0.28477,0.41335,0.22843,0.37424,0.23941,0.3136,0.46313,0.71594,0.56085,1.11493,0.32373,1.85935,0.91324,1.97181]},"PREVALENCE_BY_MONTH":{"X_CALENDAR_MONTH":["201309","201311","201312","201401","201402","201403","201404","201405","201406","201408","201409","201410","201411","201412","201501","201502","201503","201504","201505"],"Y_PREVALENCE_1000PP":[0.02674,0.02752,0.04393,0.04466,0.03315,0.05031,0.06434,0.05722,0.07712,0.0487,0.06058,0.05276,0.0396,0.10186,0.06526,0.0793,0.14461,0.1179,0.11169]},"CONDITIONS_BY_TYPE":{"CONCEPT_NAME":["Primary Condition","Secondary Condition"],"COUNT_VALUE":[149,346]},"AGE_AT_FIRST_DIAGNOSIS":{"CATEGORY":["MALE","FEMALE"],"MIN_VALUE":[0,0],"P10_VALUE":[1,1],"P25_VALUE":[2,2],"MEDIAN_VALUE":[4,4],"P75_VALUE":[6,8],"P90_VALUE":[11,12],"MAX_VALUE":[28,26]}}
