{"PREVALENCE_BY_GENDER_AGE_YEAR":{"TRELLIS_NAME":["60-69","40-49","40-49","60-69","60-69","50-59","50-59","60-69","40-49","50-59","60-69","50-59","60-69","50-59","60-69","50-59","50-59","70-79"],"SERIES_NAME":["FEMALE","FEMALE","FEMALE","FEMALE","FEMALE","FEMALE","FEMALE","FEMALE","FEMALE","FEMALE","FEMALE","FEMALE","FEMALE","FEMALE","FEMALE","FEMALE","FEMALE","FEMALE"],"X_CALENDAR_YEAR":[2005,2005,2006,2006,2007,2007,2009,2010,2010,2010,2011,2012,2012,2013,2014,2014,2015,2015],"Y_PREVALENCE_1000PP":[0.33608,0.22265,0.37616,0.80499,0.28301,0.25145,0.41019,0.33537,0.19398,0.30802,0.24895,0.29175,0.42114,0.2292,0.31737,0.25103,0.44134,0.62221]},"PREVALENCE_BY_MONTH":{"X_CALENDAR_MONTH":["200601","200602","200611","201002","201003","201107","201206","201212","201503"],"Y_PREVALENCE_1000PP":[0.02333,0.02699,0.02132,0.02175,0.02475,0.02567,0.02356,0.02796,0.05624]},"CONDITIONS_BY_TYPE":{"CONCEPT_NAME":["Primary Condition","Secondary Condition"],"COUNT_VALUE":[1964,12]},"AGE_AT_FIRST_DIAGNOSIS":{"CATEGORY":"FEMALE","MIN_VALUE":4,"P10_VALUE":43,"P25_VALUE":50,"MEDIAN_VALUE":59,"P75_VALUE":66,"P90_VALUE":79,"MAX_VALUE":98}}
