{"PREVALENCE_BY_GENDER_AGE_YEAR":{"TRELLIS_NAME":["0-9","0-9","0-9","0-9","0-9","0-9","0-9","0-9","0-9","0-9","0-9","0-9","0-9","0-9"],"SERIES_NAME":["MALE","FEMALE","MALE","FEMALE","MALE","FEMALE","MALE","FEMALE","FEMALE","MALE","FEMALE","MALE","MALE","FEMALE"],"X_CALENDAR_YEAR":[2005,2006,2010,2010,2011,2011,2012,2012,2013,2013,2014,2014,2015,2015],"Y_PREVALENCE_1000PP":[0.37245,0.34474,0.41041,0.3883,0.90595,1.57344,1.35376,1.36475,1.26342,0.93475,0.97556,1.36352,0.51121,0.83022]},"PREVALENCE_BY_MONTH":{"X_CALENDAR_MONTH":["201011","201103","201105","201107","201109","201110","201111","201112","201203","201205","201206","201207","201209","201212","201301","201306","201307","201309","201402","201405","201406","201407","201408","201410","201501","201503"],"Y_PREVALENCE_1000PP":[0.02188,0.02203,0.02222,0.01925,0.01942,0.02595,0.01953,0.02616,0.01978,0.02002,0.0303,0.02713,0.02748,0.03844,0.02107,0.02211,0.02233,0.0382,0.02486,0.03521,0.02722,0.03282,0.02922,0.03166,0.03916,0.0482]},"CONDITIONS_BY_TYPE":{"CONCEPT_NAME":["Primary Condition","Secondary Condition"],"COUNT_VALUE":[7,347]},"AGE_AT_FIRST_DIAGNOSIS":{"CATEGORY":["MALE","FEMALE"],"MIN_VALUE":[0,0],"P10_VALUE":[0,0],"P25_VALUE":[0,0],"MEDIAN_VALUE":[0,0],"P75_VALUE":[0,0],"P90_VALUE":[0,0],"MAX_VALUE":[15,69]}}
