{"PREVALENCE_BY_GENDER_AGE_YEAR":{"TRELLIS_NAME":"10-19","SERIES_NAME":"MALE","X_CALENDAR_YEAR":2004,"Y_PREVALENCE_1000PP":0.56132},"PREVALENCE_BY_MONTH":{"X_CALENDAR_MONTH":["200401","200402","200403","200404","200405","200406","200408","200412","200504","200508","200602","200606","200608"],"Y_PREVALENCE_1000PP":[0.17867,0.10451,0.07892,0.0678,0.06789,0.04791,0.03626,0.03515,0.02699,0.02498,0.02313,0.02214,0.02182]},"CONDITIONS_BY_TYPE":{"CONCEPT_NAME":["Primary Condition","Secondary Condition"],"COUNT_VALUE":[559,113]},"AGE_AT_FIRST_DIAGNOSIS":{"CATEGORY":["MALE","FEMALE"],"MIN_VALUE":[2,7],"P10_VALUE":[4,8],"P25_VALUE":[12,14],"MEDIAN_VALUE":[21,16],"P75_VALUE":[38,27],"P90_VALUE":[78,55],"MAX_VALUE":[97,95]}}
