{"PREVALENCE_BY_GENDER_AGE_YEAR":{"TRELLIS_NAME":["0-9","0-9","0-9","0-9","10-19","0-9","0-9","0-9","0-9","0-9","0-9","0-9","0-9","0-9","0-9","0-9","0-9","0-9","0-9","0-9","0-9","0-9","0-9","0-9","0-9"],"SERIES_NAME":["FEMALE","MALE","FEMALE","MALE","FEMALE","FEMALE","MALE","MALE","FEMALE","FEMALE","MALE","FEMALE","MALE","MALE","FEMALE","MALE","FEMALE","MALE","FEMALE","FEMALE","MALE","FEMALE","MALE","MALE","FEMALE"],"X_CALENDAR_YEAR":[2004,2004,2005,2005,2006,2006,2006,2007,2007,2008,2008,2009,2009,2010,2010,2011,2011,2012,2012,2013,2013,2014,2014,2015,2015],"Y_PREVALENCE_1000PP":[12.26384,8.83681,10.46387,6.78696,0.36147,10.29906,7.94163,6.54967,11.74476,8.76177,6.8203,11.23125,6.29402,6.87438,10.98901,6.5856,9.2833,7.12504,12.28274,11.07602,7.51542,10.26665,7.85059,7.15694,9.38149]},"PREVALENCE_BY_MONTH":{"X_CALENDAR_MONTH":["200401","200402","200403","200404","200405","200406","200407","200408","200409","200410","200411","200412","200501","200502","200503","200504","200505","200506","200507","200508","200509","200510","200511","200512","200601","200602","200603","200604","200605","200606","200607","200608","200609","200610","200611","200612","200701","200702","200703","200704","200705","200706","200707","200708","200709","200710","200711","200712","200801","200802","200803","200804","200805","200806","200807","200808","200809","200810","200811","200812","200901","200902","200903","200904","200905","200906","200907","200908","200909","200910","200911","200912","201001","201002","201003","201004","201005","201006","201007","201008","201009","201010","201011","201012","201101","201102","201103","201104","201105","201106","201107","201108","201109","201110","201111","201112","201201","201202","201203","201204","201205","201206","201207","201208","201209","201210","201211","201212","201301","201302","201303","201304","201305","201306","201307","201308","201309","201310","201311","201312","201401","201402","201403","201404","201405","201406","201407","201408","201409","201410","201411","201412","201501","201502","201503","201504","201505"],"Y_PREVALENCE_1000PP":[0.73454,0.32658,0.4735,0.30511,0.33191,0.26694,0.19231,0.28407,0.22306,0.21714,0.17164,0.15565,0.15576,0.12826,0.12896,0.19796,0.12747,0.1464,0.16973,0.1374,0.14766,0.15354,0.18742,0.14214,0.15166,0.1311,0.15176,0.13939,0.14505,0.16237,0.19815,0.16728,0.18062,0.16089,0.14213,0.13804,0.14373,0.10127,0.12435,0.1204,0.17048,0.10188,0.16229,0.13115,0.18414,0.16242,0.15865,0.15837,0.11459,0.1469,0.10068,0.14889,0.11297,0.09979,0.13456,0.08644,0.12106,0.13621,0.1108,0.16074,0.16649,0.07215,0.1155,0.09674,0.1587,0.16799,0.11836,0.16521,0.14935,0.1273,0.13974,0.15213,0.14905,0.13361,0.13613,0.09911,0.08372,0.11162,0.18638,0.13376,0.12469,0.16526,0.18442,0.16939,0.11322,0.07881,0.1479,0.09182,0.14603,0.13078,0.14118,0.12557,0.1392,0.15246,0.10743,0.15698,0.18366,0.14158,0.1286,0.12956,0.1735,0.16832,0.17635,0.15336,0.17861,0.16555,0.11806,0.20618,0.1545,0.14201,0.16088,0.12251,0.1782,0.11055,0.17119,0.19611,0.22539,0.21613,0.18477,0.1877,0.13399,0.12431,0.15094,0.14154,0.13204,0.15878,0.2063,0.24352,0.16153,0.23215,0.25456,0.26964,0.3002,0.3028,0.33743,0.40283,0.7958]},"CONDITIONS_BY_TYPE":{"CONCEPT_NAME":["Primary Condition","Secondary Condition"],"COUNT_VALUE":[2886,3126]},"AGE_AT_FIRST_DIAGNOSIS":{"CATEGORY":["FEMALE","MALE"],"MIN_VALUE":[0,0],"P10_VALUE":[0,0],"P25_VALUE":[0,0],"MEDIAN_VALUE":[1,1],"P75_VALUE":[2,2],"P90_VALUE":[2,3],"MAX_VALUE":[102,92]}}
