{"PREVALENCE_BY_GENDER_AGE_YEAR":{"TRELLIS_NAME":["80-89","70-79","80-89","70-79","80-89","70-79","70-79","80-89","70-79","80-89","70-79","80-89","80-89","70-79","70-79","80-89","80-89","60-69","80-89","70-79"],"SERIES_NAME":["MALE","FEMALE","FEMALE","FEMALE","FEMALE","FEMALE","MALE","FEMALE","FEMALE","FEMALE","FEMALE","FEMALE","MALE","MALE","FEMALE","MALE","FEMALE","FEMALE","FEMALE","FEMALE"],"X_CALENDAR_YEAR":[2006,2007,2008,2009,2009,2010,2010,2010,2011,2011,2012,2012,2012,2013,2013,2013,2013,2014,2014,2014],"Y_PREVALENCE_1000PP":[1.14987,0.66948,1.12296,0.44209,1.29562,0.62688,0.60592,0.74342,0.43325,0.62604,0.61218,0.74675,0.89485,0.51987,0.4862,1.35603,1.21992,0.49873,0.81633,0.5151]},"PREVALENCE_BY_MONTH":{"X_CALENDAR_MONTH":["200602","200705","200706","200711","200801","200805","200806","200807","200810","200909","200912","201004","201005","201007","201010","201011","201111","201112","201205","201210","201302","201304","201305","201307","201309","201310","201312","201402","201405","201406","201409","201412"],"Y_PREVALENCE_1000PP":[0.02313,0.02046,0.02377,0.02644,0.02619,0.01937,0.01931,0.01922,0.03484,0.02489,0.01863,0.02168,0.02171,0.01864,0.01871,0.02188,0.01953,0.01962,0.02336,0.02759,0.0213,0.02522,0.03637,0.04094,0.02292,0.03859,0.03195,0.02901,0.02641,0.03176,0.04543,0.04794]},"CONDITIONS_BY_TYPE":{"CONCEPT_NAME":["Primary Condition","Secondary Condition"],"COUNT_VALUE":[594,49]},"AGE_AT_FIRST_DIAGNOSIS":{"CATEGORY":["FEMALE","MALE"],"MIN_VALUE":[6,1],"P10_VALUE":[42,32],"P25_VALUE":[61,51],"MEDIAN_VALUE":[74,69],"P75_VALUE":[81,80],"P90_VALUE":[87,87],"MAX_VALUE":[99,96]}}
