{"PREVALENCE_BY_GENDER_AGE_YEAR":{"TRELLIS_NAME":["50-59","60-69","50-59","60-69","40-49","50-59","60-69","60-69","50-59","60-69","40-49","60-69","60-69","60-69"],"SERIES_NAME":["FEMALE","MALE","MALE","MALE","MALE","MALE","MALE","MALE","FEMALE","MALE","MALE","MALE","FEMALE","MALE"],"X_CALENDAR_YEAR":[2006,2007,2007,2008,2008,2009,2010,2011,2012,2012,2013,2013,2014,2015],"Y_PREVALENCE_1000PP":[0.33363,0.36726,0.32019,0.40009,0.3248,0.39473,0.31541,0.51592,0.21881,0.477,0.45252,0.53654,0.31737,0.57078]},"PREVALENCE_BY_MONTH":{"X_CALENDAR_MONTH":["200604","200703","200706","200707","200709","200801","200806","200812","200911","200912","201008","201101","201108","201109","201112","201203","201205","201206","201211","201304","201309","201310","201404","201409","201411","201502","201503"],"Y_PREVALENCE_1000PP":[0.02637,0.02418,0.02717,0.02029,0.02678,0.01964,0.02253,0.01891,0.01863,0.01863,0.01866,0.02516,0.02576,0.02266,0.02616,0.01978,0.02002,0.02693,0.02431,0.02522,0.02292,0.02316,0.02573,0.04543,0.03394,0.05047,0.06427]},"CONDITIONS_BY_TYPE":{"CONCEPT_NAME":["Primary Condition","Secondary Condition"],"COUNT_VALUE":[282,383]},"AGE_AT_FIRST_DIAGNOSIS":{"CATEGORY":["MALE","FEMALE"],"MIN_VALUE":[26,25],"P10_VALUE":[43,40],"P25_VALUE":[52,50],"MEDIAN_VALUE":[61,59],"P75_VALUE":[67,66],"P90_VALUE":[76,77],"MAX_VALUE":[84,94]}}
