{"PREVALENCE_BY_GENDER_AGE_YEAR":{"TRELLIS_NAME":["0-9","10-19","10-19","0-9","10-19","0-9","10-19","0-9","10-19","0-9","10-19","0-9","0-9","10-19","0-9","10-19","0-9","10-19","0-9","10-19","10-19","0-9","10-19","0-9"],"SERIES_NAME":["MALE","MALE","MALE","MALE","MALE","MALE","MALE","MALE","MALE","MALE","MALE","MALE","MALE","MALE","MALE","MALE","MALE","MALE","MALE","MALE","MALE","MALE","MALE","MALE"],"X_CALENDAR_YEAR":[2004,2004,2005,2005,2006,2006,2007,2007,2008,2008,2009,2009,2010,2010,2011,2011,2012,2012,2013,2013,2014,2014,2015,2015],"Y_PREVALENCE_1000PP":[7.10787,0.84199,1.0854,6.00066,0.76192,6.00372,0.51809,6.08693,0.50141,5.44246,0.31236,5.47749,5.43794,0.54429,5.74933,0.37058,4.88066,0.61379,5.49635,0.50746,0.93974,5.53673,1.08225,4.16271]},"PREVALENCE_BY_MONTH":{"X_CALENDAR_MONTH":["200401","200402","200403","200404","200405","200406","200407","200408","200409","200410","200411","200412","200501","200502","200503","200504","200505","200506","200507","200508","200509","200510","200511","200512","200601","200602","200603","200604","200605","200606","200607","200608","200609","200610","200611","200612","200701","200702","200703","200704","200705","200706","200707","200708","200709","200710","200711","200712","200801","200802","200803","200804","200805","200806","200807","200808","200809","200810","200811","200812","200901","200902","200903","200904","200905","200906","200907","200908","200909","200910","200911","200912","201001","201002","201003","201004","201005","201006","201007","201008","201009","201010","201011","201012","201101","201102","201103","201104","201105","201106","201107","201108","201109","201110","201111","201112","201201","201202","201203","201204","201205","201206","201207","201208","201209","201210","201211","201212","201301","201302","201303","201304","201305","201306","201307","201308","201309","201310","201311","201312","201401","201402","201403","201404","201405","201406","201407","201408","201409","201410","201411","201412","201501","201502","201503","201504","201505"],"Y_PREVALENCE_1000PP":[0.23823,0.18289,0.17756,0.18646,0.13578,0.17112,0.10256,0.13297,0.08007,0.04886,0.11443,0.08536,0.09248,0.08551,0.10133,0.09898,0.10549,0.0732,0.05941,0.07078,0.06563,0.07273,0.03988,0.05528,0.07778,0.06555,0.08347,0.06781,0.07066,0.0738,0.06605,0.06909,0.07947,0.07151,0.0604,0.05309,0.07011,0.0454,0.07945,0.05504,0.06137,0.0815,0.05072,0.06726,0.06026,0.06629,0.05949,0.03959,0.04583,0.05549,0.06495,0.04208,0.04841,0.06438,0.07049,0.05443,0.06053,0.06019,0.05382,0.07564,0.06283,0.05019,0.06243,0.05929,0.06846,0.056,0.05295,0.05611,0.04978,0.06831,0.04037,0.05278,0.05279,0.02175,0.06497,0.06194,0.04651,0.06821,0.06834,0.06844,0.05923,0.06236,0.05626,0.05019,0.06605,0.04729,0.05979,0.05699,0.08571,0.10207,0.04492,0.06118,0.06798,0.06163,0.06186,0.08176,0.05575,0.07244,0.06924,0.06312,0.08008,0.06733,0.04748,0.09202,0.05152,0.04484,0.05556,0.06989,0.06671,0.06746,0.04648,0.08287,0.10183,0.06264,0.07071,0.05657,0.06494,0.06561,0.07863,0.07189,0.08932,0.06216,0.06709,0.09865,0.09683,0.11795,0.11253,0.06819,0.1161,0.05276,0.09051,0.10786,0.09137,0.12977,0.08838,0.1965,0.16754]},"CONDITIONS_BY_TYPE":{"CONCEPT_NAME":["Primary Condition","Secondary Condition"],"COUNT_VALUE":[2512,1199]},"AGE_AT_FIRST_DIAGNOSIS":{"CATEGORY":"MALE","MIN_VALUE":0,"P10_VALUE":0,"P25_VALUE":0,"MEDIAN_VALUE":1,"P75_VALUE":2,"P90_VALUE":11,"MAX_VALUE":88}}
