{"PREVALENCE_BY_GENDER_AGE_YEAR":{"TRELLIS_NAME":["20-29","60-69","60-69","60-69","70-79","70-79","50-59","60-69"],"SERIES_NAME":["MALE","MALE","FEMALE","MALE","FEMALE","MALE","FEMALE","FEMALE"],"X_CALENDAR_YEAR":[2012,2013,2013,2014,2014,2014,2014,2014],"Y_PREVALENCE_1000PP":[0.30888,0.48288,0.25871,0.45228,0.96581,0.78192,0.50205,0.40805]},"PREVALENCE_BY_MONTH":{"X_CALENDAR_MONTH":["201108","201209","201303","201304","201311","201404","201406","201407","201408","201409","201410","201412","201503","201504","201505"],"Y_PREVALENCE_1000PP":[0.01932,0.02404,0.0286,0.02883,0.03538,0.03002,0.04083,0.05626,0.0487,0.08077,0.04221,0.05393,0.07231,0.0786,0.12565]},"CONDITIONS_BY_TYPE":{"CONCEPT_NAME":["Primary Condition","Secondary Condition"],"COUNT_VALUE":[171,168]},"AGE_AT_FIRST_DIAGNOSIS":{"CATEGORY":["MALE","FEMALE"],"MIN_VALUE":[2,6],"P10_VALUE":[18,23],"P25_VALUE":[27,36],"MEDIAN_VALUE":[45,56],"P75_VALUE":[64,72],"P90_VALUE":[73,79],"MAX_VALUE":[91,95]}}
