{"PREVALENCE_BY_GENDER_AGE_YEAR":{"TRELLIS_NAME":["30-39","10-19","20-29","0-9","30-39","20-29","20-29","0-9","10-19","0-9","10-19","40-49","20-29","0-9","0-9","10-19","40-49","50-59","30-39","30-39","20-29","40-49","10-19","70-79","0-9","0-9","10-19","20-29","30-39","30-39","50-59","70-79","50-59","40-49","20-29","60-69","20-29","0-9","60-69","0-9","10-19","40-49","10-19","50-59","0-9","10-19","50-59","0-9","10-19","30-39","30-39","60-69","60-69","20-29","20-29","30-39","30-39","20-29","20-29","40-49","0-9","10-19","50-59","40-49","50-59","0-9","10-19","10-19","30-39","10-19","0-9","20-29"],"SERIES_NAME":["MALE","FEMALE","FEMALE","FEMALE","MALE","MALE","FEMALE","MALE","MALE","FEMALE","FEMALE","FEMALE","FEMALE","MALE","FEMALE","FEMALE","MALE","FEMALE","MALE","FEMALE","MALE","MALE","FEMALE","FEMALE","MALE","FEMALE","MALE","FEMALE","FEMALE","MALE","FEMALE","FEMALE","MALE","FEMALE","MALE","MALE","FEMALE","MALE","FEMALE","FEMALE","MALE","MALE","FEMALE","FEMALE","MALE","MALE","MALE","FEMALE","FEMALE","FEMALE","MALE","FEMALE","MALE","MALE","FEMALE","MALE","FEMALE","FEMALE","MALE","MALE","FEMALE","FEMALE","MALE","FEMALE","FEMALE","MALE","MALE","FEMALE","FEMALE","MALE","FEMALE","MALE"],"X_CALENDAR_YEAR":[2005,2007,2007,2008,2009,2009,2009,2009,2009,2009,2009,2009,2010,2010,2010,2010,2010,2011,2011,2011,2011,2011,2011,2011,2011,2011,2011,2011,2012,2012,2012,2012,2012,2012,2012,2012,2012,2012,2012,2012,2012,2012,2012,2013,2013,2013,2013,2013,2013,2013,2013,2013,2013,2013,2013,2014,2014,2014,2014,2014,2014,2014,2014,2014,2014,2014,2014,2015,2015,2015,2015,2015],"Y_PREVALENCE_1000PP":[0.45331,0.25478,0.16303,0.30878,0.5334,0.66343,0.17272,0.23815,0.26774,0.34265,0.24491,0.1929,0.25006,0.37621,0.34947,0.29169,0.32496,0.31417,0.36406,0.21814,0.50322,0.45198,0.6432,0.37136,0.59236,0.70805,0.46322,0.36613,0.26437,0.37456,0.29175,0.36731,0.35683,0.46578,0.61776,0.424,0.52719,0.78375,0.33691,0.84293,0.661,0.41956,0.69553,0.3056,0.63563,0.71044,0.69348,0.63171,0.74568,0.18614,0.58445,0.56054,0.42923,0.92759,0.76565,0.5071,0.42051,0.69559,1.05518,0.59299,0.92911,0.64746,0.40893,0.30976,0.50205,0.95033,1.05721,0.95311,0.3817,0.64935,0.58115,0.76668]},"PREVALENCE_BY_MONTH":{"X_CALENDAR_MONTH":["200508","200604","200609","200709","200710","200804","200901","200902","200903","200904","200905","200907","200908","200911","200912","201001","201004","201005","201007","201010","201011","201101","201102","201103","201104","201105","201106","201107","201108","201109","201110","201111","201112","201201","201202","201203","201204","201205","201206","201207","201208","201209","201210","201211","201212","201301","201302","201303","201304","201305","201306","201307","201308","201309","201310","201311","201312","201401","201402","201403","201404","201405","201406","201407","201408","201409","201410","201411","201412","201501","201502","201503","201504","201505"],"Y_PREVALENCE_1000PP":[0.02498,0.02637,0.02167,0.02344,0.02983,0.02589,0.02199,0.04078,0.02809,0.01872,0.02489,0.02492,0.0187,0.02795,0.02173,0.02795,0.02168,0.03101,0.01864,0.01871,0.02188,0.04089,0.02837,0.03776,0.04433,0.03492,0.03509,0.0385,0.02898,0.03237,0.04866,0.06837,0.04579,0.02296,0.07573,0.04287,0.06644,0.04337,0.04376,0.04409,0.0409,0.04809,0.10347,0.08334,0.05242,0.04916,0.0497,0.0715,0.05405,0.0691,0.05527,0.05954,0.03394,0.0573,0.04631,0.08256,0.07189,0.06496,0.05801,0.06289,0.11152,0.08803,0.0862,0.05626,0.04383,0.06562,0.09497,0.09617,0.13182,0.15663,0.10093,0.08838,0.13755,0.1815]},"CONDITIONS_BY_TYPE":{"CONCEPT_NAME":["Primary Condition","Secondary Condition"],"COUNT_VALUE":[750,400]},"AGE_AT_FIRST_DIAGNOSIS":{"CATEGORY":["MALE","FEMALE"],"MIN_VALUE":[0,0],"P10_VALUE":[3,4],"P25_VALUE":[12,14],"MEDIAN_VALUE":[26,25],"P75_VALUE":[45,51],"P90_VALUE":[62,67],"MAX_VALUE":[95,97]}}
