{"PREVALENCE_BY_GENDER_AGE_YEAR":{"TRELLIS_NAME":["30-39","60-69","80-89","70-79","50-59","40-49","80-89","60-69","50-59","70-79","40-49","30-39","50-59","40-49","70-79","80-89","60-69","60-69","50-59","70-79","40-49","60-69","50-59","40-49","70-79","60-69","40-49","70-79","50-59","60-69","30-39","50-59","40-49","70-79","50-59","60-69","70-79","40-49","50-59","40-49","70-79","30-39","60-69","70-79","50-59","40-49","60-69","30-39","60-69","80-89","70-79","40-49","50-59","50-59","40-49","70-79","60-69"],"SERIES_NAME":["FEMALE","FEMALE","FEMALE","FEMALE","FEMALE","FEMALE","FEMALE","FEMALE","FEMALE","FEMALE","FEMALE","FEMALE","FEMALE","FEMALE","FEMALE","FEMALE","FEMALE","FEMALE","FEMALE","FEMALE","FEMALE","FEMALE","FEMALE","FEMALE","FEMALE","FEMALE","FEMALE","FEMALE","FEMALE","FEMALE","FEMALE","FEMALE","FEMALE","FEMALE","FEMALE","FEMALE","FEMALE","FEMALE","FEMALE","FEMALE","FEMALE","FEMALE","FEMALE","FEMALE","FEMALE","FEMALE","FEMALE","FEMALE","FEMALE","FEMALE","FEMALE","FEMALE","FEMALE","FEMALE","FEMALE","FEMALE","FEMALE"],"X_CALENDAR_YEAR":[2004,2004,2004,2004,2004,2004,2005,2005,2005,2005,2005,2006,2006,2006,2006,2006,2006,2007,2007,2007,2007,2008,2008,2008,2008,2009,2009,2009,2009,2010,2010,2010,2010,2010,2011,2011,2011,2011,2012,2012,2012,2012,2012,2013,2013,2013,2013,2013,2014,2014,2014,2014,2014,2015,2015,2015,2015],"Y_PREVALENCE_1000PP":[0.23765,0.90397,1.51388,0.91,1.06324,0.96993,0.83519,1.00823,0.81493,0.98485,0.40819,0.32955,0.7414,0.68392,0.96585,0.75882,1.71061,0.66035,0.50291,0.53558,0.63494,0.72066,0.48789,0.74492,1.10068,0.81699,0.64298,0.69471,0.78619,0.83843,0.15752,0.9925,0.6466,0.81494,0.94251,1.28625,1.29975,0.84345,1.27639,0.64493,1.04071,0.20562,2.10571,1.15473,1.146,0.62167,1.85409,0.18614,1.72289,1.2828,1.5453,0.92929,1.0041,2.42736,0.81633,1.86664,1.71808]},"PREVALENCE_BY_MONTH":{"X_CALENDAR_MONTH":["200401","200402","200403","200404","200405","200406","200407","200411","200412","200501","200502","200508","200510","200511","200512","200601","200602","200603","200604","200605","200606","200608","200609","200610","200611","200612","200701","200702","200703","200704","200705","200707","200710","200712","200801","200802","200803","200804","200806","200807","200808","200809","200810","200811","200812","200901","200902","200903","200904","200905","200906","200907","200908","200909","200910","200911","200912","201001","201002","201003","201004","201005","201006","201007","201008","201009","201010","201011","201012","201101","201102","201103","201104","201105","201106","201107","201108","201109","201110","201111","201112","201201","201202","201203","201204","201205","201206","201207","201208","201209","201210","201211","201212","201301","201302","201303","201304","201305","201306","201307","201308","201309","201310","201311","201312","201401","201402","201403","201404","201405","201406","201407","201408","201409","201410","201411","201412","201501","201502","201503","201504","201505","201506"],"Y_PREVALENCE_1000PP":[0.15882,0.19595,0.1677,0.09323,0.13578,0.10952,0.05769,0.06242,0.03515,0.02921,0.0285,0.04996,0.0404,0.06779,0.04738,0.05055,0.05013,0.07209,0.07911,0.05951,0.02214,0.05455,0.08309,0.03933,0.04974,0.0354,0.02103,0.02445,0.02763,0.0344,0.0341,0.02367,0.03315,0.02969,0.04256,0.03264,0.04222,0.02589,0.02253,0.02243,0.02241,0.01911,0.03801,0.03482,0.04097,0.03141,0.02823,0.04682,0.01872,0.02801,0.028,0.03115,0.02805,0.028,0.05899,0.02795,0.04347,0.02484,0.02797,0.04641,0.02478,0.04341,0.05581,0.05902,0.04666,0.04988,0.0343,0.03751,0.02823,0.0346,0.03783,0.0535,0.05066,0.06349,0.09569,0.04492,0.06118,0.04856,0.02919,0.05534,0.06868,0.05903,0.05927,0.04287,0.05647,0.05672,0.10099,0.05765,0.05794,0.06526,0.08277,0.07639,0.07339,0.05618,0.05681,0.07508,0.06846,0.06182,0.03316,0.08187,0.06411,0.06494,0.07719,0.0747,0.0639,0.07308,0.05801,0.06709,0.06434,0.07922,0.10434,0.07502,0.08767,0.12115,0.10025,0.10748,0.13182,0.18273,0.24512,0.24906,0.3537,0.26527,0.58994]},"CONDITIONS_BY_TYPE":{"CONCEPT_NAME":["Primary Condition","Secondary Condition"],"COUNT_VALUE":[15615,326]},"AGE_AT_FIRST_DIAGNOSIS":{"CATEGORY":"FEMALE","MIN_VALUE":25,"P10_VALUE":43,"P25_VALUE":50,"MEDIAN_VALUE":59,"P75_VALUE":68,"P90_VALUE":76,"MAX_VALUE":101}}
