{"PREVALENCE_BY_GENDER_AGE_YEAR":{"TRELLIS_NAME":["40-49","50-59","40-49","50-59","40-49","70-79","40-49","50-59","50-59","50-59","60-69","30-39","40-49","50-59","70-79","60-69","70-79","50-59","40-49","60-69","70-79","50-59","40-49"],"SERIES_NAME":["FEMALE","FEMALE","FEMALE","FEMALE","FEMALE","FEMALE","FEMALE","FEMALE","FEMALE","FEMALE","FEMALE","FEMALE","FEMALE","FEMALE","FEMALE","FEMALE","FEMALE","FEMALE","FEMALE","FEMALE","FEMALE","FEMALE","FEMALE"],"X_CALENDAR_YEAR":[2004,2004,2005,2005,2006,2006,2007,2008,2010,2011,2012,2012,2012,2012,2012,2013,2013,2013,2013,2014,2014,2014,2015],"Y_PREVALENCE_1000PP":[0.3695,0.30378,0.29687,0.5297,0.23937,0.48293,0.30076,0.2091,0.27379,0.31417,0.67383,0.17625,0.46578,0.43762,0.42853,0.4743,0.4862,0.6876,0.31084,0.63475,0.45071,0.46021,0.65306]},"PREVALENCE_BY_MONTH":{"X_CALENDAR_MONTH":["200505","201112","201201","201204","201205","201207","201210","201212","201304","201307","201308","201309","201403","201412","201501","201502","201504"],"Y_PREVALENCE_1000PP":[0.03077,0.02616,0.01968,0.02658,0.02669,0.02713,0.02069,0.02097,0.02162,0.02977,0.0264,0.02674,0.02516,0.04794,0.03916,0.04326,0.06878]},"CONDITIONS_BY_TYPE":{"CONCEPT_NAME":["Primary Condition","Secondary Condition"],"COUNT_VALUE":[143,242]},"AGE_AT_FIRST_DIAGNOSIS":{"CATEGORY":"FEMALE","MIN_VALUE":15,"P10_VALUE":38,"P25_VALUE":45,"MEDIAN_VALUE":56,"P75_VALUE":64,"P90_VALUE":74,"MAX_VALUE":93}}
