{"PREVALENCE_BY_GENDER_AGE_YEAR":{"TRELLIS_NAME":["80-89","70-79","80-89","100-109","60-69","90-99","80-89","90-99","70-79","70-79","70-79","80-89","90-99","60-69","90-99","80-89","60-69","90-99","80-89","70-79","70-79","60-69","80-89","90-99","70-79","90-99","70-79","80-89","80-89"],"SERIES_NAME":["MALE","FEMALE","MALE","FEMALE","MALE","MALE","FEMALE","FEMALE","MALE","FEMALE","MALE","MALE","MALE","MALE","FEMALE","FEMALE","MALE","MALE","MALE","FEMALE","MALE","FEMALE","FEMALE","FEMALE","FEMALE","FEMALE","MALE","MALE","FEMALE"],"X_CALENDAR_YEAR":[2011,2012,2012,2012,2012,2012,2012,2012,2012,2013,2013,2013,2013,2013,2013,2013,2014,2014,2014,2014,2014,2014,2014,2014,2015,2015,2015,2015,2015],"Y_PREVALENCE_1000PP":[1.64204,1.65289,4.17599,45.11278,0.742,10.25163,4.80051,21.08569,1.8742,1.58016,1.48533,4.52011,10.73345,0.42923,17.34349,6.6541,0.33921,16.43836,4.92689,1.73846,1.48565,0.36271,5.8309,21.79599,0.72592,7.4174,0.77821,1.55119,3.32594]},"PREVALENCE_BY_MONTH":{"X_CALENDAR_MONTH":["201111","201112","201201","201202","201203","201204","201205","201206","201207","201208","201209","201210","201211","201212","201301","201302","201303","201304","201305","201306","201307","201308","201309","201310","201311","201312","201401","201402","201403","201404","201405","201406","201407","201408","201409","201410","201411","201412","201501","201502","201503","201504","201505"],"Y_PREVALENCE_1000PP":[0.04232,0.05233,0.03936,0.05927,0.07254,0.06312,0.05005,0.08416,0.078,0.07157,0.08243,0.05173,0.04514,0.0629,0.05969,0.07456,0.07865,0.05405,0.04,0.08107,0.09676,0.08297,0.06876,0.06175,0.05504,0.08786,0.1218,0.07873,0.15094,0.10723,0.12324,0.07259,0.05157,0.0828,0.08582,0.10552,0.06788,0.10186,0.04568,0.07209,0.14461,0.12773,0.1815]},"CONDITIONS_BY_TYPE":{"CONCEPT_NAME":["Primary Condition","Secondary Condition"],"COUNT_VALUE":[180,658]},"AGE_AT_FIRST_DIAGNOSIS":{"CATEGORY":["MALE","FEMALE"],"MIN_VALUE":[2,22],"P10_VALUE":[64,72],"P25_VALUE":[73,79],"MEDIAN_VALUE":[81,86],"P75_VALUE":[87,91],"P90_VALUE":[92,96],"MAX_VALUE":[102,106]}}
