{"PREVALENCE_BY_GENDER_AGE_YEAR":{"TRELLIS_NAME":["10-19","10-19"],"SERIES_NAME":["FEMALE","MALE"],"X_CALENDAR_YEAR":[2010,2014],"Y_PREVALENCE_1000PP":[0.29169,0.3524]},"PREVALENCE_BY_MONTH":{"X_CALENDAR_MONTH":["200510","200602","200603","200604","200605","200612","200805","200911","201407"],"Y_PREVALENCE_1000PP":[0.02424,0.02313,0.02656,0.0226,0.02231,0.02124,0.02259,0.01863,0.03282]},"CONDITIONS_BY_TYPE":{"CONCEPT_NAME":["Primary Condition","Secondary Condition"],"COUNT_VALUE":[327,434]},"AGE_AT_FIRST_DIAGNOSIS":{"CATEGORY":["MALE","FEMALE"],"MIN_VALUE":[2,5],"P10_VALUE":[11,8],"P25_VALUE":[16,14],"MEDIAN_VALUE":[25,27],"P75_VALUE":[57,58],"P90_VALUE":[76,77],"MAX_VALUE":[85,100]}}
