{"PREVALENCE_BY_GENDER_AGE_YEAR":{"TRELLIS_NAME":["30-39","20-29","30-39","20-29","20-29","10-19","30-39","30-39","20-29","30-39","20-29","30-39","20-29","40-49","20-29","30-39","20-29","30-39","20-29","10-19","30-39","20-29","30-39","40-49","20-29","30-39","20-29"],"SERIES_NAME":["FEMALE","FEMALE","FEMALE","FEMALE","FEMALE","FEMALE","FEMALE","FEMALE","FEMALE","FEMALE","FEMALE","FEMALE","FEMALE","FEMALE","FEMALE","FEMALE","FEMALE","FEMALE","FEMALE","FEMALE","FEMALE","FEMALE","FEMALE","FEMALE","FEMALE","FEMALE","FEMALE"],"X_CALENDAR_YEAR":[2004,2004,2005,2005,2006,2006,2006,2007,2007,2008,2008,2009,2009,2010,2010,2010,2011,2011,2012,2012,2012,2013,2013,2013,2014,2014,2015],"Y_PREVALENCE_1000PP":[0.27726,0.2315,0.19443,0.18923,0.43225,0.2711,0.23967,0.31393,0.40758,0.2147,0.25691,0.20867,0.54285,0.19398,0.40009,0.42006,0.31382,0.29994,0.27747,0.26082,0.44062,0.58896,0.34125,0.23313,0.39748,0.56068,0.50451]},"PREVALENCE_BY_MONTH":{"X_CALENDAR_MONTH":["200407","200609","200612","200706","200708","200902","200906","200907","201005","201008","201009","201104","201212","201303","201310","201311","201401","201505"],"Y_PREVALENCE_1000PP":[0.04487,0.03251,0.02124,0.02038,0.02354,0.01882,0.02489,0.02803,0.02481,0.02178,0.02182,0.019,0.02446,0.02145,0.03088,0.02359,0.02842,0.11169]},"CONDITIONS_BY_TYPE":{"CONCEPT_NAME":["Primary Condition","Secondary Condition"],"COUNT_VALUE":[394,40]},"AGE_AT_FIRST_DIAGNOSIS":{"CATEGORY":"FEMALE","MIN_VALUE":3,"P10_VALUE":19,"P25_VALUE":23,"MEDIAN_VALUE":29,"P75_VALUE":38,"P90_VALUE":48,"MAX_VALUE":96}}
