{"PREVALENCE_BY_GENDER_AGE_YEAR":{"TRELLIS_NAME":["30-39","50-59","30-39","40-49","60-69","40-49","60-69","40-49","40-49"],"SERIES_NAME":["MALE","FEMALE","MALE","MALE","MALE","MALE","FEMALE","MALE","FEMALE"],"X_CALENDAR_YEAR":[2004,2005,2006,2007,2008,2008,2008,2009,2009],"Y_PREVALENCE_1000PP":[0.55607,0.24448,0.40808,0.38405,0.34294,0.43306,0.31529,0.37507,0.1929]},"PREVALENCE_BY_MONTH":{"X_CALENDAR_MONTH":["200401","200402","200404","200405","200406","200407","200409","200410","200502","200503","200601","200605","200612","200702","200705","200706","200707","200708","200709","200710","200711","200712","200801","200802","200804","200805","200807","200808","200809","200810","200811","200812","200903","200905","200906","200907","200908","200909","200912","201001","201301"],"Y_PREVALENCE_1000PP":[0.11911,0.07838,0.05933,0.06035,0.04791,0.03846,0.05148,0.03257,0.03325,0.03224,0.03111,0.03347,0.03186,0.02445,0.02387,0.02717,0.04395,0.02354,0.02344,0.03315,0.02314,0.0198,0.03274,0.01959,0.02589,0.02582,0.02243,0.01921,0.03186,0.02851,0.01899,0.03467,0.03434,0.03734,0.03733,0.0218,0.0187,0.03111,0.02794,0.02174,0.02107]},"CONDITIONS_BY_TYPE":{"CONCEPT_NAME":["Primary Condition","Secondary Condition"],"COUNT_VALUE":[547,154]},"AGE_AT_FIRST_DIAGNOSIS":{"CATEGORY":["FEMALE","MALE"],"MIN_VALUE":[2,5],"P10_VALUE":[14,14],"P25_VALUE":[27,25],"MEDIAN_VALUE":[45,46],"P75_VALUE":[58,64],"P90_VALUE":[71,76],"MAX_VALUE":[82,89]}}
