{"PREVALENCE_BY_GENDER_AGE_YEAR":{"TRELLIS_NAME":[],"SERIES_NAME":[],"X_CALENDAR_YEAR":[],"Y_PREVALENCE_1000PP":[]},"PREVALENCE_BY_MONTH":{"X_CALENDAR_MONTH":["201304","201307","201401","201402","201403","201404","201405","201406","201407","201408","201410"],"Y_PREVALENCE_1000PP":[0.02522,0.02233,0.02436,0.02486,0.04193,0.03002,0.03961,0.02722,0.03282,0.03896,0.03693]},"CONDITIONS_BY_TYPE":{"CONCEPT_NAME":["Primary Condition","Secondary Condition"],"COUNT_VALUE":[577,49]},"AGE_AT_FIRST_DIAGNOSIS":{"CATEGORY":["FEMALE","MALE"],"MIN_VALUE":[1,1],"P10_VALUE":[9,22],"P25_VALUE":[44,51],"MEDIAN_VALUE":[56,59],"P75_VALUE":[66,75],"P90_VALUE":[78,78],"MAX_VALUE":[84,88]}}
