{"PREVALENCE_BY_GENDER_AGE_YEAR":{"TRELLIS_NAME":["60-69","40-49","50-59","60-69","40-49","50-59","70-79","30-39","60-69","80-89","70-79","40-49","50-59","60-69","80-89","40-49","50-59","70-79","50-59","70-79","40-49","60-69"],"SERIES_NAME":["FEMALE","FEMALE","FEMALE","FEMALE","FEMALE","FEMALE","FEMALE","FEMALE","FEMALE","FEMALE","FEMALE","FEMALE","FEMALE","FEMALE","FEMALE","FEMALE","FEMALE","FEMALE","FEMALE","FEMALE","FEMALE","FEMALE"],"X_CALENDAR_YEAR":[2011,2011,2011,2012,2012,2012,2012,2012,2013,2013,2013,2013,2013,2014,2014,2014,2014,2014,2015,2015,2015,2015],"Y_PREVALENCE_1000PP":[0.58089,0.20243,0.31417,1.01074,0.71659,0.91171,0.97949,0.17625,0.56054,0.66541,0.85086,0.27198,0.9932,1.31483,1.74927,1.15054,0.79491,1.73846,1.1769,1.14072,0.65306,0.74699]},"PREVALENCE_BY_MONTH":{"X_CALENDAR_MONTH":["201111","201112","201201","201202","201203","201204","201205","201206","201207","201208","201209","201210","201211","201212","201301","201303","201306","201307","201308","201309","201311","201401","201403","201404","201405","201406","201407","201408","201409","201410","201411","201412","201501","201502","201504","201505"],"Y_PREVALENCE_1000PP":[0.02279,0.04579,0.03608,0.02634,0.03297,0.02658,0.03003,0.0303,0.02713,0.03067,0.03435,0.02759,0.03125,0.04543,0.03511,0.02145,0.02948,0.02605,0.02263,0.02292,0.03538,0.04872,0.0587,0.03431,0.05722,0.05898,0.03751,0.05845,0.08582,0.05804,0.05657,0.0719,0.10442,0.07209,0.12773,0.13961]},"CONDITIONS_BY_TYPE":{"CONCEPT_NAME":"Secondary Condition","COUNT_VALUE":459},"AGE_AT_FIRST_DIAGNOSIS":{"CATEGORY":"FEMALE","MIN_VALUE":25,"P10_VALUE":42,"P25_VALUE":50,"MEDIAN_VALUE":60,"P75_VALUE":70,"P90_VALUE":79,"MAX_VALUE":96}}
