{"PREVALENCE_BY_GENDER_AGE_YEAR":{"TRELLIS_NAME":["40-49","50-59","30-39","50-59","40-49","40-49","30-39","20-29","40-49","50-59","50-59","40-49","30-39","20-29","50-59","20-29","40-49","50-59","20-29","30-39","20-29","60-69"],"SERIES_NAME":["MALE","MALE","MALE","MALE","MALE","FEMALE","MALE","MALE","MALE","MALE","MALE","MALE","MALE","MALE","MALE","MALE","MALE","MALE","MALE","MALE","MALE","MALE"],"X_CALENDAR_YEAR":[2004,2004,2004,2005,2005,2005,2006,2006,2007,2008,2009,2010,2011,2011,2011,2012,2012,2013,2013,2014,2014,2014],"Y_PREVALENCE_1000PP":[0.76252,0.49892,0.74143,0.51972,0.60229,0.25976,0.40808,0.37117,0.65836,0.30276,0.39473,0.32496,0.48541,0.40258,0.34405,0.46332,0.4795,0.32007,0.32739,0.5071,0.68276,0.39575]},"PREVALENCE_BY_MONTH":{"X_CALENDAR_MONTH":["200505","200607","200708","200809","200904","201107","201205","201207","201309","201407","201408","201411","201503","201505"],"Y_PREVALENCE_1000PP":[0.02637,0.03303,0.0269,0.0223,0.01872,0.01925,0.02669,0.02035,0.02674,0.03282,0.02922,0.03394,0.05624,0.08377]},"CONDITIONS_BY_TYPE":{"CONCEPT_NAME":["Primary Condition","Secondary Condition"],"COUNT_VALUE":[321,98]},"AGE_AT_FIRST_DIAGNOSIS":{"CATEGORY":["FEMALE","MALE"],"MIN_VALUE":[18,17],"P10_VALUE":[23,24],"P25_VALUE":[29,30],"MEDIAN_VALUE":[40,43],"P75_VALUE":[48,51],"P90_VALUE":[56,59],"MAX_VALUE":[115,79]}}
