{"PREVALENCE_BY_GENDER_AGE_YEAR":{"TRELLIS_NAME":["0-9","0-9","0-9","0-9","0-9","0-9","0-9","0-9","0-9","0-9"],"SERIES_NAME":["MALE","FEMALE","MALE","FEMALE","FEMALE","MALE","FEMALE","MALE","FEMALE","MALE"],"X_CALENDAR_YEAR":[2011,2011,2012,2012,2013,2013,2014,2014,2015,2015],"Y_PREVALENCE_1000PP":[0.34844,0.39336,0.67688,0.80279,0.71594,0.93475,0.69683,0.74374,1.07929,0.43818]},"PREVALENCE_BY_MONTH":{"X_CALENDAR_MONTH":["201106","201203","201204","201206","201207","201209","201211","201212","201301","201305","201306","201307","201504"],"Y_PREVALENCE_1000PP":[0.02233,0.02638,0.02658,0.0202,0.03052,0.03091,0.02083,0.02796,0.02458,0.02909,0.02211,0.02233,0.06878]},"CONDITIONS_BY_TYPE":{"CONCEPT_NAME":["Primary Condition","Secondary Condition"],"COUNT_VALUE":[62,223]},"AGE_AT_FIRST_DIAGNOSIS":{"CATEGORY":["FEMALE","MALE"],"MIN_VALUE":[0,0],"P10_VALUE":[0,0],"P25_VALUE":[1,0],"MEDIAN_VALUE":[1,1],"P75_VALUE":[4,3],"P90_VALUE":[16,9],"MAX_VALUE":[66,79]}}
