{"PREVALENCE_BY_GENDER_AGE_YEAR":{"TRELLIS_NAME":["70-79","0-9","10-19","10-19","50-59","40-49","20-29","60-69","0-9","30-39","40-49","10-19","40-49","70-79","10-19","0-9","30-39","60-69","60-69","60-69","0-9","30-39","30-39","40-49","50-59","50-59","70-79","0-9","0-9","60-69","60-69","40-49","0-9","70-79","50-59","20-29","60-69","0-9","0-9","50-59","50-59","20-29","20-29","50-59","50-59","40-49","70-79","0-9","0-9","60-69","80-89","30-39","50-59","0-9","0-9","40-49","70-79","50-59","40-49","50-59","60-69","20-29","60-69","40-49","50-59","40-49","0-9","10-19","50-59","50-59","40-49","30-39","0-9","70-79","50-59","0-9","0-9","60-69","60-69","30-39","0-9","0-9"],"SERIES_NAME":["MALE","FEMALE","MALE","FEMALE","FEMALE","MALE","FEMALE","FEMALE","MALE","FEMALE","MALE","FEMALE","FEMALE","FEMALE","MALE","MALE","FEMALE","MALE","FEMALE","MALE","MALE","FEMALE","MALE","FEMALE","FEMALE","MALE","FEMALE","FEMALE","MALE","MALE","FEMALE","MALE","FEMALE","FEMALE","FEMALE","FEMALE","FEMALE","MALE","FEMALE","MALE","FEMALE","FEMALE","MALE","FEMALE","MALE","FEMALE","FEMALE","FEMALE","MALE","FEMALE","FEMALE","MALE","FEMALE","MALE","FEMALE","FEMALE","FEMALE","MALE","MALE","FEMALE","FEMALE","FEMALE","MALE","MALE","MALE","FEMALE","MALE","MALE","FEMALE","MALE","FEMALE","FEMALE","MALE","FEMALE","MALE","FEMALE","MALE","MALE","FEMALE","FEMALE","FEMALE","MALE"],"X_CALENDAR_YEAR":[2004,2004,2004,2004,2004,2004,2004,2004,2004,2004,2005,2005,2005,2005,2005,2005,2005,2005,2005,2006,2006,2006,2006,2006,2006,2006,2006,2006,2007,2007,2007,2007,2007,2007,2007,2007,2008,2008,2008,2008,2008,2008,2008,2009,2009,2009,2009,2009,2009,2009,2009,2010,2010,2010,2010,2010,2010,2010,2010,2011,2011,2011,2011,2011,2011,2011,2011,2011,2012,2012,2012,2012,2012,2013,2013,2013,2013,2013,2013,2013,2014,2014],"Y_PREVALENCE_1000PP":[0.68681,0.55243,0.77182,0.48594,0.35441,0.59307,0.2315,0.48675,0.9125,0.31687,0.93689,0.35395,0.33398,0.45455,0.45701,0.53799,0.38885,0.53574,0.61614,0.40056,0.53198,0.17975,0.54411,0.27357,0.29656,0.40323,0.6209,0.30165,0.21358,0.42848,0.75468,0.38405,0.24216,0.66948,0.35922,0.24455,0.31529,0.48224,0.30878,0.30276,0.24394,0.25691,0.32029,0.27346,0.34539,0.25719,0.44209,0.2665,0.37424,0.344,0.75578,0.35298,0.27379,0.30781,0.23298,0.22631,0.43882,0.33984,0.37912,0.20945,0.33194,0.15691,0.56751,0.33898,0.2949,0.26991,0.20907,0.37058,0.29175,0.30586,0.25081,0.20562,0.285,0.60775,0.32007,0.46326,0.22434,0.32192,0.30183,0.18614,0.55747,0.41319]},"PREVALENCE_BY_MONTH":{"X_CALENDAR_MONTH":["200401","200402","200403","200404","200405","200406","200407","200408","200409","200410","200411","200412","200502","200503","200504","200505","200506","200507","200508","200509","200510","200511","200512","200601","200602","200603","200604","200605","200606","200607","200608","200609","200610","200612","200701","200702","200703","200705","200706","200707","200708","200709","200710","200711","200712","200801","200802","200803","200804","200806","200807","200808","200809","200810","200811","200901","200902","200903","200904","200905","200906","200907","200909","200910","200911","200912","201001","201003","201004","201005","201006","201007","201009","201011","201101","201103","201104","201105","201106","201107","201108","201110","201111","201201","201202","201203","201204","201207","201208","201210","201212","201301","201302","201303","201307","201308","201309","201310","201311","201312","201402","201404","201405","201406","201407","201410","201411","201503","201504","201505"],"Y_PREVALENCE_1000PP":[0.17867,0.13063,0.14797,0.0678,0.0528,0.0616,0.08333,0.07857,0.06864,0.04886,0.05201,0.04519,0.05225,0.04606,0.03149,0.04835,0.05598,0.06365,0.06245,0.04102,0.06869,0.02791,0.02369,0.03111,0.02313,0.03035,0.02637,0.02231,0.04797,0.03303,0.04727,0.05419,0.02145,0.03186,0.02804,0.02445,0.04145,0.02728,0.03736,0.03043,0.03699,0.03013,0.03646,0.02975,0.02639,0.02619,0.02285,0.04222,0.04531,0.02253,0.04165,0.03522,0.03823,0.02851,0.02849,0.02199,0.0251,0.02497,0.04057,0.03423,0.028,0.02492,0.01867,0.02173,0.01863,0.04036,0.02484,0.03094,0.04336,0.03101,0.03721,0.02485,0.0187,0.03438,0.02831,0.0472,0.019,0.0381,0.02871,0.02888,0.0322,0.02595,0.0293,0.02952,0.02963,0.02968,0.03654,0.0373,0.03408,0.02759,0.02796,0.03511,0.02485,0.02145,0.02605,0.0528,0.04202,0.03473,0.02359,0.02796,0.03315,0.02573,0.02641,0.03176,0.03282,0.04748,0.03394,0.06427,0.0786,0.08377]},"CONDITIONS_BY_TYPE":{"CONCEPT_NAME":["Primary Condition","Secondary Condition"],"COUNT_VALUE":[506,679]},"AGE_AT_FIRST_DIAGNOSIS":{"CATEGORY":["FEMALE","MALE"],"MIN_VALUE":[0,0],"P10_VALUE":[1,0],"P25_VALUE":[24,12],"MEDIAN_VALUE":[48,40],"P75_VALUE":[65,61],"P90_VALUE":[76,73],"MAX_VALUE":[100,95]}}
