{"PREVALENCE_BY_GENDER_AGE_YEAR":{"TRELLIS_NAME":["70-79","80-89","80-89","70-79","80-89","70-79","80-89","80-89","70-79","70-79","80-89","70-79","70-79","70-79","80-89","60-69","70-79","50-59","60-69","80-89","70-79","60-69","60-69","60-69","80-89","60-69","80-89","70-79","70-79","60-69"],"SERIES_NAME":["FEMALE","FEMALE","FEMALE","FEMALE","FEMALE","FEMALE","MALE","FEMALE","FEMALE","MALE","FEMALE","MALE","FEMALE","MALE","FEMALE","FEMALE","FEMALE","FEMALE","FEMALE","FEMALE","FEMALE","MALE","FEMALE","MALE","MALE","FEMALE","FEMALE","FEMALE","FEMALE","FEMALE"],"X_CALENDAR_YEAR":[2004,2006,2007,2007,2008,2008,2009,2009,2009,2009,2010,2010,2011,2011,2011,2011,2012,2012,2012,2012,2013,2013,2013,2014,2014,2014,2014,2014,2015,2015],"Y_PREVALENCE_1000PP":[0.637,0.75882,0.8287,0.46863,0.89837,0.8417,1.12179,0.75578,0.5684,0.62544,0.95582,0.68166,0.55703,0.52118,1.04341,0.29044,0.73462,0.21881,0.71594,0.74675,0.85086,0.42923,0.73301,0.62189,1.11252,0.54407,0.81633,0.96581,0.62221,0.5229]},"PREVALENCE_BY_MONTH":{"X_CALENDAR_MONTH":["200609","200612","200801","200805","200810","200911","201201","201207","201209","201210","201211","201301","201304","201307","201310","201402","201403","201405","201406","201407","201408","201409","201410","201501","201502","201505"],"Y_PREVALENCE_1000PP":[0.02167,0.02124,0.01964,0.02582,0.01901,0.01863,0.01968,0.02374,0.02748,0.02759,0.02431,0.02458,0.03963,0.04094,0.02702,0.03315,0.02516,0.04841,0.04083,0.0422,0.03896,0.03534,0.03693,0.05221,0.04326,0.12565]},"CONDITIONS_BY_TYPE":{"CONCEPT_NAME":["Primary Condition","Secondary Condition"],"COUNT_VALUE":[572,154]},"AGE_AT_FIRST_DIAGNOSIS":{"CATEGORY":["FEMALE","MALE"],"MIN_VALUE":[16,1],"P10_VALUE":[57,60],"P25_VALUE":[65,65],"MEDIAN_VALUE":[73,73],"P75_VALUE":[81,81],"P90_VALUE":[85,85],"MAX_VALUE":[95,96]}}
