{"PREVALENCE_BY_GENDER_AGE_YEAR":{"TRELLIS_NAME":["20-29","30-39","40-49","30-39","20-29","10-19","40-49","30-39","10-19","40-49","20-29","30-39","20-29","10-19","40-49","30-39","20-29","10-19","40-49","20-29","30-39","10-19","40-49","20-29","30-39","40-49","10-19","30-39","20-29","10-19","40-49","40-49","30-39","20-29","40-49","20-29","30-39","20-29","30-39","40-49","30-39","40-49","20-29"],"SERIES_NAME":["FEMALE","FEMALE","FEMALE","FEMALE","FEMALE","FEMALE","FEMALE","FEMALE","FEMALE","FEMALE","FEMALE","FEMALE","FEMALE","FEMALE","FEMALE","FEMALE","FEMALE","FEMALE","FEMALE","FEMALE","FEMALE","FEMALE","FEMALE","FEMALE","FEMALE","FEMALE","FEMALE","FEMALE","FEMALE","FEMALE","FEMALE","FEMALE","FEMALE","FEMALE","FEMALE","FEMALE","FEMALE","FEMALE","FEMALE","FEMALE","FEMALE","FEMALE","FEMALE"],"X_CALENDAR_YEAR":[2004,2004,2004,2005,2005,2005,2005,2006,2006,2006,2006,2007,2007,2007,2007,2008,2008,2008,2008,2009,2009,2009,2009,2010,2010,2010,2010,2011,2011,2011,2011,2012,2012,2012,2013,2013,2013,2014,2014,2014,2015,2015,2015],"Y_PREVALENCE_1000PP":[3.24099,5.58482,1.06231,4.4394,2.36533,0.45507,1.15036,4.07442,0.36147,1.12848,2.56469,3.56735,2.22808,0.50955,0.80203,3.67667,2.00391,0.24785,0.87447,1.85062,3.62565,0.40818,0.77158,1.85042,3.85928,1.09922,0.37503,3.163,2.03986,0.4288,0.97841,1.11071,3.87745,1.55383,0.77709,2.09082,4.31222,2.88175,5.29138,1.2833,3.37172,1.06122,1.95497]},"PREVALENCE_BY_MONTH":{"X_CALENDAR_MONTH":["200401","200402","200403","200404","200405","200406","200407","200408","200409","200410","200411","200412","200501","200502","200503","200504","200505","200506","200507","200508","200509","200510","200511","200512","200601","200602","200603","200604","200605","200606","200607","200608","200609","200610","200611","200612","200701","200702","200703","200704","200705","200706","200707","200708","200709","200710","200711","200712","200801","200802","200803","200804","200805","200806","200807","200808","200809","200810","200811","200812","200901","200902","200903","200904","200905","200906","200907","200908","200909","200910","200911","200912","201001","201002","201003","201004","201005","201006","201007","201008","201009","201010","201011","201012","201101","201102","201103","201104","201105","201106","201107","201108","201109","201110","201111","201112","201201","201202","201203","201204","201205","201206","201207","201208","201209","201210","201211","201212","201301","201302","201303","201304","201305","201306","201307","201308","201309","201310","201311","201312","201401","201402","201403","201404","201405","201406","201407","201408","201409","201410","201411","201412","201501","201502","201503","201504","201505"],"Y_PREVALENCE_1000PP":[0.31764,0.22208,0.22689,0.27969,0.12824,0.15058,0.12821,0.11484,0.09151,0.16286,0.10923,0.0954,0.07301,0.09501,0.09211,0.08998,0.08791,0.11626,0.0976,0.05829,0.11485,0.10101,0.07975,0.09081,0.10889,0.08097,0.07209,0.07535,0.10042,0.06642,0.05871,0.09455,0.0867,0.09653,0.07106,0.07079,0.07362,0.07683,0.06218,0.04128,0.0716,0.07471,0.05748,0.08744,0.06696,0.04972,0.06941,0.09568,0.0622,0.05549,0.08769,0.0615,0.07746,0.08048,0.03845,0.05763,0.07009,0.04118,0.09181,0.07879,0.0534,0.03764,0.07179,0.08425,0.06224,0.07777,0.09967,0.07481,0.03734,0.04347,0.08074,0.05589,0.09626,0.05282,0.07425,0.08362,0.07132,0.05271,0.06523,0.04977,0.07481,0.06236,0.07502,0.06901,0.05661,0.07251,0.05035,0.06333,0.06032,0.07018,0.05776,0.0483,0.07769,0.08434,0.04558,0.05887,0.03608,0.07573,0.06595,0.06312,0.06339,0.07406,0.05426,0.06134,0.06183,0.06208,0.0625,0.07688,0.05969,0.05326,0.07865,0.04684,0.05819,0.06633,0.07443,0.08674,0.06494,0.11578,0.08256,0.08387,0.06902,0.09116,0.09224,0.10723,0.12764,0.11342,0.08908,0.08767,0.14134,0.11607,0.13576,0.1498,0.1501,0.12256,0.13658,0.1572,0.39092]},"CONDITIONS_BY_TYPE":{"CONCEPT_NAME":["Primary Condition","Secondary Condition"],"COUNT_VALUE":[1366,1611]},"AGE_AT_FIRST_DIAGNOSIS":{"CATEGORY":"FEMALE","MIN_VALUE":14,"P10_VALUE":22,"P25_VALUE":27,"MEDIAN_VALUE":32,"P75_VALUE":37,"P90_VALUE":40,"MAX_VALUE":57}}
