{"PREVALENCE_BY_GENDER_AGE_YEAR":{"TRELLIS_NAME":["60-69","20-29","60-69","20-29","30-39","50-59","50-59","40-49","40-49","30-39","60-69","20-29","60-69","30-39","20-29","40-49","50-59","40-49","30-39","50-59","50-59","40-49","40-49","50-59","30-39","30-39","20-29","60-69","20-29","30-39","20-29","20-29","30-39","40-49","50-59","40-49","50-59","60-69","60-69","20-29","20-29","30-39","40-49","50-59","50-59","40-49","60-69","20-29","30-39","30-39","50-59","40-49","50-59","40-49","60-69","20-29","30-39","40-49","40-49","50-59","50-59","30-39","20-29","50-59","30-39","60-69","50-59","40-49","40-49","50-59","50-59","40-49","30-39","60-69","40-49","20-29","60-69","20-29","10-19","50-59","40-49","50-59","40-49","60-69","60-69","20-29","30-39","30-39","60-69","20-29","20-29","30-39","30-39","40-49","50-59","40-49","50-59","30-39","40-49","50-59","50-59","20-29","60-69"],"SERIES_NAME":["FEMALE","FEMALE","MALE","MALE","FEMALE","FEMALE","MALE","MALE","FEMALE","MALE","MALE","FEMALE","FEMALE","FEMALE","MALE","MALE","MALE","FEMALE","MALE","FEMALE","FEMALE","FEMALE","MALE","MALE","MALE","FEMALE","MALE","MALE","FEMALE","MALE","MALE","FEMALE","FEMALE","MALE","FEMALE","FEMALE","MALE","MALE","MALE","FEMALE","MALE","MALE","MALE","MALE","FEMALE","FEMALE","MALE","MALE","MALE","FEMALE","FEMALE","MALE","MALE","FEMALE","MALE","MALE","FEMALE","FEMALE","MALE","MALE","FEMALE","MALE","MALE","FEMALE","MALE","MALE","MALE","MALE","FEMALE","FEMALE","MALE","FEMALE","MALE","FEMALE","MALE","MALE","MALE","FEMALE","MALE","MALE","MALE","FEMALE","FEMALE","MALE","FEMALE","MALE","FEMALE","MALE","MALE","FEMALE","MALE","FEMALE","MALE","MALE","MALE","FEMALE","FEMALE","MALE","MALE","MALE","FEMALE","MALE","MALE"],"X_CALENDAR_YEAR":[2004,2004,2004,2004,2004,2004,2004,2004,2004,2004,2005,2005,2005,2005,2005,2005,2005,2005,2005,2005,2006,2006,2006,2006,2006,2006,2006,2006,2006,2007,2007,2007,2007,2007,2007,2007,2007,2007,2008,2008,2008,2008,2008,2008,2008,2008,2009,2009,2009,2009,2009,2009,2009,2009,2010,2010,2010,2010,2010,2010,2010,2010,2011,2011,2011,2011,2011,2011,2011,2012,2012,2012,2012,2012,2012,2012,2012,2012,2013,2013,2013,2013,2013,2013,2013,2013,2013,2013,2014,2014,2014,2014,2014,2014,2014,2014,2014,2015,2015,2015,2015,2015,2015],"Y_PREVALENCE_1000PP":[0.41722,0.38583,0.94679,3.63874,0.79217,1.11387,3.65874,5.2529,2.1708,3.98517,0.68881,0.28384,0.33608,0.35645,2.08049,2.67684,1.75404,1.18747,2.4932,0.73344,0.55605,0.51294,2.36967,1.32488,2.31245,0.26963,1.97959,0.40056,0.23053,2.76295,1.51083,0.32606,0.39954,2.02996,0.39514,0.26734,1.8144,0.48969,0.57156,0.20553,0.96087,1.52244,1.40746,1.1101,0.31364,0.32388,0.3283,0.66343,1.42239,0.23475,0.27346,1.1788,0.74012,0.28934,0.36798,0.65271,0.15752,0.48495,1.19151,1.16516,0.30802,1.11778,0.80515,0.73306,0.91014,0.67069,1.76939,1.63842,0.37112,0.61996,1.83514,0.42995,1.56065,0.37903,1.61832,0.82368,0.795,0.24972,0.30448,2.13379,1.93936,0.9168,0.81595,0.80481,0.34495,1.36411,0.37228,1.55854,0.90457,0.43061,1.36553,0.31538,1.23153,2.81669,2.57039,0.48677,1.17145,1.76134,1.73787,1.83308,0.66201,1.53335,0.85616]},"PREVALENCE_BY_MONTH":{"X_CALENDAR_MONTH":["200401","200402","200403","200404","200405","200406","200407","200408","200409","200410","200411","200412","200501","200502","200503","200504","200505","200506","200507","200508","200509","200510","200511","200512","200601","200602","200603","200604","200605","200606","200607","200608","200609","200610","200611","200612","200701","200702","200703","200704","200705","200706","200707","200708","200709","200710","200711","200712","200801","200802","200803","200804","200805","200806","200807","200808","200809","200810","200811","200812","200901","200902","200903","200904","200905","200906","200907","200908","200910","200911","201001","201002","201003","201004","201005","201006","201007","201008","201009","201010","201011","201012","201101","201102","201103","201104","201105","201106","201107","201108","201109","201110","201111","201112","201201","201202","201203","201204","201205","201206","201207","201208","201209","201210","201211","201212","201301","201302","201303","201304","201305","201306","201307","201308","201309","201310","201311","201312","201401","201402","201403","201404","201405","201406","201407","201408","201409","201410","201411","201412","201501","201502","201503","201504","201505"],"Y_PREVALENCE_1000PP":[1.17129,0.69236,0.56229,0.37292,0.31682,0.35593,0.30769,0.30825,0.21735,0.21171,0.23926,0.22093,0.1947,0.18527,0.20726,0.13497,0.14945,0.11195,0.05516,0.07495,0.07793,0.07273,0.05184,0.06317,0.105,0.08483,0.07967,0.06028,0.05207,0.0738,0.06605,0.05455,0.05419,0.03575,0.03553,0.06017,0.04557,0.04191,0.05872,0.05848,0.04773,0.10867,0.04395,0.05381,0.07366,0.07955,0.07271,0.07259,0.05238,0.02285,0.02273,0.04208,0.0355,0.04507,0.05126,0.04802,0.06053,0.02534,0.03166,0.03152,0.03456,0.02823,0.04994,0.03745,0.03423,0.03422,0.03115,0.03117,0.03105,0.03416,0.02484,0.0435,0.02784,0.02168,0.03721,0.03101,0.03728,0.03422,0.03429,0.03118,0.05939,0.04392,0.04403,0.03468,0.06294,0.05383,0.05397,0.0638,0.04171,0.02254,0.06151,0.03568,0.0586,0.03925,0.06887,0.0428,0.07584,0.04319,0.06006,0.03703,0.04409,0.08861,0.06183,0.07243,0.06597,0.08038,0.0948,0.08166,0.06435,0.08648,0.07274,0.09581,0.07443,0.08674,0.10697,0.08491,0.12187,0.06789,0.08526,0.09945,0.13417,0.06863,0.07922,0.05444,0.08439,0.0828,0.09591,0.14773,0.13011,0.14381,0.09137,0.12256,0.19282,0.26528,0.25131]},"CONDITIONS_BY_TYPE":{"CONCEPT_NAME":["Primary Condition","Secondary Condition"],"COUNT_VALUE":[523,3312]},"AGE_AT_FIRST_DIAGNOSIS":{"CATEGORY":["FEMALE","MALE"],"MIN_VALUE":[0,0],"P10_VALUE":[26,24],"P25_VALUE":[35,32],"MEDIAN_VALUE":[46,44],"P75_VALUE":[53,52],"P90_VALUE":[60,60],"MAX_VALUE":[98,89]}}
