{"PREVALENCE_BY_GENDER_AGE_YEAR":{"TRELLIS_NAME":["20-29","40-49","20-29","30-39","50-59","10-19","70-79","10-19","10-19","20-29","10-19","50-59","10-19"],"SERIES_NAME":["FEMALE","FEMALE","FEMALE","FEMALE","FEMALE","MALE","FEMALE","MALE","FEMALE","FEMALE","FEMALE","FEMALE","MALE"],"X_CALENDAR_YEAR":[2009,2011,2011,2012,2012,2012,2013,2013,2013,2013,2014,2014,2014],"Y_PREVALENCE_1000PP":[0.14805,0.20243,0.20922,0.17625,0.21881,0.28329,0.36465,0.86268,0.55926,0.23559,0.53955,0.29286,0.82227]},"PREVALENCE_BY_MONTH":{"X_CALENDAR_MONTH":["200607","200611","201012","201106","201107","201109","201205","201206","201207","201301","201304","201305","201306","201309","201310","201403","201405","201406","201409","201410","201412"],"Y_PREVALENCE_1000PP":[0.02202,0.02132,0.02196,0.02233,0.01925,0.02914,0.02669,0.02693,0.03052,0.02107,0.02883,0.03273,0.02211,0.03438,0.03473,0.02516,0.03521,0.03629,0.03029,0.04748,0.04194]},"CONDITIONS_BY_TYPE":{"CONCEPT_NAME":["Primary Condition","Secondary Condition"],"COUNT_VALUE":[264,184]},"AGE_AT_FIRST_DIAGNOSIS":{"CATEGORY":["FEMALE","MALE"],"MIN_VALUE":[1,1],"P10_VALUE":[11,9],"P25_VALUE":[21,14],"MEDIAN_VALUE":[39,23],"P75_VALUE":[57,45],"P90_VALUE":[79,66],"MAX_VALUE":[98,93]}}
