{"PREVALENCE_BY_GENDER_AGE_YEAR":{"TRELLIS_NAME":["30-39","60-69","0-9","20-29","10-19","0-9","40-49","50-59","30-39","20-29","50-59","10-19","40-49","0-9","10-19","0-9","30-39","0-9","10-19","0-9","30-39","10-19","0-9","60-69","0-9","40-49","30-39","0-9","0-9","60-69","50-59","40-49","20-29","30-39","60-69","0-9","0-9","10-19","40-49","50-59","60-69","20-29","60-69","30-39","40-49","0-9","0-9","50-59","30-39","50-59","60-69","20-29","60-69","10-19","40-49","0-9","0-9","10-19","10-19","10-19","0-9","0-9","0-9","0-9","0-9","0-9","0-9","0-9"],"SERIES_NAME":["FEMALE","FEMALE","MALE","FEMALE","FEMALE","FEMALE","FEMALE","FEMALE","FEMALE","FEMALE","FEMALE","FEMALE","FEMALE","FEMALE","MALE","MALE","FEMALE","FEMALE","FEMALE","MALE","FEMALE","MALE","MALE","FEMALE","FEMALE","FEMALE","FEMALE","FEMALE","MALE","FEMALE","FEMALE","FEMALE","FEMALE","FEMALE","FEMALE","MALE","FEMALE","FEMALE","FEMALE","FEMALE","FEMALE","FEMALE","MALE","FEMALE","FEMALE","MALE","FEMALE","FEMALE","FEMALE","FEMALE","FEMALE","FEMALE","MALE","FEMALE","FEMALE","MALE","FEMALE","MALE","MALE","FEMALE","FEMALE","MALE","MALE","FEMALE","FEMALE","MALE","FEMALE","MALE"],"X_CALENDAR_YEAR":[2004,2004,2004,2004,2004,2004,2004,2004,2005,2005,2005,2005,2005,2005,2005,2005,2006,2006,2006,2006,2007,2007,2007,2007,2007,2007,2008,2008,2008,2008,2008,2008,2009,2009,2009,2009,2009,2009,2009,2009,2010,2010,2010,2010,2010,2010,2010,2010,2011,2011,2011,2011,2011,2011,2011,2011,2011,2011,2012,2012,2012,2012,2013,2013,2014,2014,2015,2015],"Y_PREVALENCE_1000PP":[0.51491,0.41722,0.57631,0.34725,0.4252,0.71815,0.50806,0.60756,0.19443,0.18923,0.40746,0.70789,0.4453,0.56056,0.57127,0.37245,0.23967,0.73257,0.45183,0.45598,0.34247,0.37679,0.67633,0.28301,0.52468,0.40102,0.16102,0.88776,0.72336,0.40537,0.34849,0.29149,0.24675,0.20867,0.301,0.71446,0.91373,0.32654,0.22504,0.41019,0.54498,0.15003,0.42054,0.23628,0.29097,0.88922,0.69895,0.44492,0.24541,0.20945,0.45641,0.20922,0.36114,0.47168,0.33738,0.87111,0.94406,0.37058,0.3305,0.26082,0.88307,0.81938,0.78519,1.09497,0.60392,0.53715,0.49813,0.51121]},"PREVALENCE_BY_MONTH":{"X_CALENDAR_MONTH":["200402","200403","200404","200405","200406","200408","200409","200410","200411","200412","200501","200502","200503","200504","200505","200506","200507","200509","200510","200511","200512","200601","200604","200605","200606","200608","200610","200611","200612","200701","200703","200704","200705","200706","200708","200710","200712","200801","200802","200803","200804","200805","200806","200807","200809","200810","200811","200812","200901","200902","200903","200904","200905","200906","200907","200908","200909","200910","200911","200912","201001","201002","201003","201004","201005","201006","201007","201008","201009","201010","201011","201012","201101","201102","201103","201104","201105","201106","201107","201108","201109","201110","201111","201112","201201","201202","201203","201204","201205","201206","201207","201208","201209","201211","201301","201302","201305","201307","201404","201405","201501","201504"],"Y_PREVALENCE_1000PP":[0.10451,0.06905,0.0678,0.08298,0.07529,0.09671,0.12011,0.04886,0.04161,0.05021,0.05354,0.06651,0.03224,0.07199,0.03516,0.02583,0.02546,0.03692,0.04848,0.05981,0.02369,0.02722,0.03014,0.02231,0.03321,0.04364,0.03218,0.04619,0.03186,0.03155,0.03109,0.0344,0.03751,0.02377,0.04035,0.04972,0.02639,0.03274,0.01959,0.04872,0.01942,0.02582,0.02575,0.03204,0.05416,0.03801,0.03166,0.04097,0.02827,0.0251,0.03746,0.03121,0.02801,0.02489,0.04049,0.04987,0.04667,0.04036,0.03416,0.01863,0.03416,0.03418,0.04331,0.02787,0.02791,0.03721,0.04038,0.028,0.03741,0.01871,0.04064,0.03137,0.02516,0.02522,0.04091,0.04116,0.05079,0.02552,0.02246,0.03864,0.04856,0.03244,0.06186,0.04579,0.04592,0.04939,0.03957,0.02325,0.03003,0.04376,0.0373,0.02045,0.02404,0.02083,0.05618,0.0355,0.03273,0.02605,0.02573,0.03521,0.04568,0.0786]},"CONDITIONS_BY_TYPE":{"CONCEPT_NAME":["Primary Condition","Secondary Condition"],"COUNT_VALUE":[1178,232]},"AGE_AT_FIRST_DIAGNOSIS":{"CATEGORY":["FEMALE","MALE"],"MIN_VALUE":[0,0],"P10_VALUE":[1,0],"P25_VALUE":[5,2],"MEDIAN_VALUE":[30,9],"P75_VALUE":[51,41],"P90_VALUE":[63,65],"MAX_VALUE":[89,83]}}
