{"PREVALENCE_BY_GENDER_AGE_YEAR":{"TRELLIS_NAME":["0-9","10-19","0-9","20-29","0-9","0-9","30-39","40-49","0-9","20-29","20-29","10-19","0-9","20-29","10-19","0-9","0-9","0-9","10-19","10-19","0-9","30-39","20-29","0-9","10-19","0-9","10-19","20-29","20-29","0-9","10-19","0-9","40-49","10-19","20-29","30-39","20-29","10-19","0-9","0-9","10-19","20-29","20-29","10-19","0-9","10-19","0-9","40-49","10-19","0-9","0-9","30-39","30-39","20-29","20-29","20-29","10-19","0-9","10-19","0-9","0-9","0-9","20-29"],"SERIES_NAME":["MALE","FEMALE","FEMALE","FEMALE","FEMALE","MALE","FEMALE","FEMALE","FEMALE","FEMALE","MALE","MALE","MALE","FEMALE","MALE","MALE","FEMALE","MALE","MALE","FEMALE","FEMALE","MALE","MALE","FEMALE","MALE","MALE","FEMALE","FEMALE","MALE","MALE","MALE","FEMALE","FEMALE","FEMALE","MALE","FEMALE","FEMALE","FEMALE","MALE","FEMALE","MALE","FEMALE","MALE","MALE","FEMALE","FEMALE","MALE","MALE","FEMALE","FEMALE","MALE","MALE","FEMALE","MALE","MALE","FEMALE","FEMALE","FEMALE","MALE","MALE","MALE","FEMALE","MALE"],"X_CALENDAR_YEAR":[2004,2004,2004,2005,2005,2005,2006,2006,2006,2006,2006,2006,2006,2007,2007,2007,2007,2008,2008,2008,2008,2009,2009,2009,2009,2009,2009,2010,2010,2010,2010,2010,2010,2010,2011,2011,2011,2011,2011,2011,2011,2012,2012,2012,2012,2012,2012,2013,2013,2013,2013,2013,2013,2013,2014,2014,2014,2014,2014,2014,2015,2015,2015],"Y_PREVALENCE_1000PP":[2.2092,0.36445,2.70688,0.22076,1.54155,1.65536,0.20971,0.23937,1.33586,0.20172,0.43303,0.45715,1.74792,0.16303,0.47099,1.74421,2.018,1.86008,0.547,0.33047,1.50533,0.41486,0.35723,1.67517,0.71397,2.00728,0.61227,0.35008,0.50208,1.67584,0.49893,1.66971,0.19398,0.37503,0.40258,0.19087,0.28767,0.55744,1.32409,1.69145,0.74115,0.38846,0.30888,0.42493,1.80629,0.34777,1.10438,0.45252,0.37284,1.64245,1.1591,0.45457,0.21716,0.32739,0.68276,0.33124,0.75537,1.44012,0.58734,1.73539,1.75272,2.15857,0.76668]},"PREVALENCE_BY_MONTH":{"X_CALENDAR_MONTH":["200401","200402","200403","200404","200405","200406","200407","200408","200409","200410","200411","200412","200501","200502","200503","200504","200505","200506","200507","200508","200509","200510","200511","200512","200601","200602","200603","200604","200605","200606","200607","200608","200609","200610","200611","200612","200701","200702","200703","200704","200705","200706","200707","200708","200709","200710","200711","200712","200801","200802","200803","200804","200805","200806","200807","200808","200809","200810","200811","200812","200901","200902","200903","200904","200905","200906","200907","200908","200909","200910","200911","200912","201001","201002","201003","201004","201005","201006","201007","201008","201009","201010","201011","201012","201102","201103","201104","201105","201106","201107","201108","201109","201110","201111","201112","201201","201202","201203","201204","201205","201206","201207","201208","201209","201210","201211","201212","201301","201302","201303","201304","201306","201307","201308","201309","201310","201311","201312","201401","201402","201403","201404","201405","201406","201407","201408","201409","201410","201411","201412","201501","201502","201503","201504","201505","201506"],"Y_PREVALENCE_1000PP":[0.17867,0.07838,0.08878,0.1017,0.06789,0.06845,0.08333,0.06044,0.09723,0.076,0.08842,0.09038,0.04381,0.05225,0.02763,0.03599,0.06593,0.05598,0.03395,0.04996,0.03692,0.03636,0.02393,0.03948,0.03889,0.05013,0.03794,0.04898,0.04835,0.06273,0.03669,0.07273,0.04335,0.04648,0.04974,0.03186,0.05609,0.04889,0.038,0.04472,0.04432,0.03736,0.07438,0.04372,0.04018,0.05635,0.0628,0.02639,0.03601,0.03264,0.04872,0.03884,0.04841,0.04185,0.05126,0.03842,0.06053,0.05068,0.03166,0.04097,0.05026,0.06274,0.07179,0.04681,0.0529,0.056,0.06853,0.05611,0.04667,0.04347,0.04968,0.02794,0.04037,0.04039,0.04022,0.05575,0.06822,0.05581,0.04349,0.05288,0.05299,0.05924,0.05001,0.04392,0.03783,0.04406,0.05699,0.05079,0.03509,0.05776,0.05152,0.05827,0.04217,0.04558,0.04579,0.02624,0.03951,0.06265,0.05315,0.06673,0.04713,0.02713,0.04771,0.02748,0.03794,0.03472,0.05591,0.03511,0.02485,0.03575,0.03603,0.0479,0.07443,0.06034,0.0573,0.04631,0.04718,0.05591,0.05684,0.04558,0.05451,0.07292,0.05722,0.05898,0.08439,0.06332,0.03029,0.11607,0.08485,0.10786,0.10442,0.05047,0.13658,0.16703,0.27923,0.32178]},"CONDITIONS_BY_TYPE":{"CONCEPT_NAME":["Primary Condition","Secondary Condition"],"COUNT_VALUE":[1738,1372]},"AGE_AT_FIRST_DIAGNOSIS":{"CATEGORY":["FEMALE","MALE"],"MIN_VALUE":[0,0],"P10_VALUE":[0,0],"P25_VALUE":[0,0],"MEDIAN_VALUE":[3,3],"P75_VALUE":[21,16],"P90_VALUE":[40,35],"MAX_VALUE":[75,70]}}
