{"PREVALENCE_BY_GENDER_AGE_YEAR":{"TRELLIS_NAME":["0-9","0-9","0-9","60-69","0-9"],"SERIES_NAME":["FEMALE","MALE","FEMALE","MALE","MALE"],"X_CALENDAR_YEAR":[2007,2008,2008,2010,2011],"Y_PREVALENCE_1000PP":[0.36324,0.34446,0.23159,0.31541,0.20907]},"PREVALENCE_BY_MONTH":{"X_CALENDAR_MONTH":["200810","200902","201007","201008","201110","201202","201211","201504"],"Y_PREVALENCE_1000PP":[0.01901,0.01882,0.02796,0.01866,0.02271,0.01976,0.02083,0.06878]},"CONDITIONS_BY_TYPE":{"CONCEPT_NAME":["Primary Condition","Secondary Condition"],"COUNT_VALUE":[58,213]},"AGE_AT_FIRST_DIAGNOSIS":{"CATEGORY":["MALE","FEMALE"],"MIN_VALUE":[1,1],"P10_VALUE":[2,3],"P25_VALUE":[8,10],"MEDIAN_VALUE":[42,52],"P75_VALUE":[64,65],"P90_VALUE":[73,74],"MAX_VALUE":[95,88]}}
