{"PREVALENCE_BY_GENDER_AGE_YEAR":{"TRELLIS_NAME":["30-39","20-29","40-49","20-29","20-29","30-39","50-59","60-69","30-39","20-29","0-9","40-49","60-69","20-29","30-39","50-59","30-39","20-29","40-49","50-59","30-39","20-29","40-49","50-59","10-19","60-69","30-39","50-59","20-29","60-69","40-49","40-49","50-59","30-39","60-69","20-29","30-39","40-49","50-59","70-79","50-59"],"SERIES_NAME":["MALE","MALE","MALE","MALE","MALE","MALE","MALE","MALE","MALE","MALE","MALE","MALE","MALE","MALE","MALE","MALE","MALE","MALE","MALE","MALE","MALE","MALE","MALE","MALE","MALE","MALE","MALE","MALE","MALE","MALE","MALE","MALE","MALE","MALE","MALE","MALE","MALE","MALE","MALE","MALE","MALE"],"X_CALENDAR_YEAR":[2004,2004,2005,2005,2006,2006,2007,2007,2007,2007,2008,2008,2008,2008,2008,2009,2009,2009,2010,2010,2011,2011,2011,2011,2011,2011,2012,2012,2012,2012,2012,2013,2013,2013,2014,2014,2014,2014,2014,2014,2015],"Y_PREVALENCE_1000PP":[0.92678,0.74641,0.60229,0.57393,0.55676,0.40808,0.48028,0.48969,0.43956,0.50361,0.20668,0.86613,0.40009,0.37367,0.73077,0.34539,0.41486,0.3062,0.70407,0.33984,0.42473,0.4529,0.73446,0.2949,0.32425,0.51592,0.49941,0.50976,0.41184,0.424,0.53944,0.45252,0.37341,0.58445,0.62189,0.49656,0.57954,0.74123,0.46734,0.46915,0.64697]},"PREVALENCE_BY_MONTH":{"X_CALENDAR_MONTH":["200610","200801","200803","200807","200809","200810","200811","200812","200903","200912","201004","201103","201105","201106","201107","201109","201110","201206","201209","201210","201212","201302","201306","201307","201308","201312","201403","201405","201406","201407","201408","201409","201410","201412","201502","201505"],"Y_PREVALENCE_1000PP":[0.0286,0.03274,0.02273,0.02243,0.01911,0.02217,0.01899,0.02206,0.02185,0.01863,0.02478,0.01888,0.0254,0.01914,0.02246,0.02266,0.03244,0.0303,0.02748,0.03104,0.02796,0.0213,0.02579,0.02977,0.0264,0.02396,0.02516,0.02641,0.02722,0.03282,0.02922,0.04038,0.05804,0.03595,0.04326,0.08377]},"CONDITIONS_BY_TYPE":{"CONCEPT_NAME":["Primary Condition","Secondary Condition"],"COUNT_VALUE":[466,232]},"AGE_AT_FIRST_DIAGNOSIS":{"CATEGORY":"MALE","MIN_VALUE":0,"P10_VALUE":17,"P25_VALUE":27,"MEDIAN_VALUE":43,"P75_VALUE":59,"P90_VALUE":72,"MAX_VALUE":96}}
