{"PREVALENCE_BY_GENDER_AGE_YEAR":{"TRELLIS_NAME":["50-59","70-79","40-49","40-49","50-59","0-9","70-79","60-69","80-89","60-69","30-39","60-69","90-99","60-69","80-89","80-89","70-79","50-59","40-49","70-79","40-49","50-59","40-49","70-79","0-9","60-69","20-29","80-89","60-69","90-99","80-89","40-49","50-59","70-79","50-59","30-39","80-89","60-69","60-69","90-99","20-29","80-89","90-99","30-39","30-39","40-49","70-79","50-59","70-79","50-59","40-49","10-19","60-69","90-99","80-89","70-79","40-49","50-59","70-79","40-49","50-59","90-99","80-89","60-69","30-39","60-69","80-89","80-89","90-99","60-69","70-79","50-59","70-79","50-59"],"SERIES_NAME":["FEMALE","FEMALE","FEMALE","MALE","MALE","FEMALE","MALE","MALE","FEMALE","FEMALE","FEMALE","FEMALE","FEMALE","MALE","MALE","FEMALE","MALE","MALE","MALE","FEMALE","FEMALE","FEMALE","MALE","MALE","FEMALE","FEMALE","MALE","MALE","MALE","FEMALE","FEMALE","FEMALE","FEMALE","FEMALE","MALE","MALE","FEMALE","MALE","FEMALE","FEMALE","MALE","MALE","MALE","FEMALE","MALE","MALE","MALE","MALE","FEMALE","FEMALE","FEMALE","MALE","FEMALE","FEMALE","FEMALE","FEMALE","MALE","MALE","MALE","FEMALE","FEMALE","MALE","MALE","MALE","MALE","MALE","MALE","FEMALE","FEMALE","FEMALE","MALE","FEMALE","FEMALE","MALE"],"X_CALENDAR_YEAR":[2010,2010,2010,2010,2010,2010,2010,2010,2010,2010,2010,2011,2011,2011,2011,2011,2011,2011,2011,2011,2011,2011,2012,2012,2012,2012,2012,2012,2012,2012,2012,2012,2012,2012,2012,2012,2013,2013,2013,2013,2013,2013,2013,2013,2013,2013,2013,2013,2013,2013,2013,2014,2014,2014,2014,2014,2014,2014,2014,2014,2014,2014,2014,2014,2014,2015,2015,2015,2015,2015,2015,2015,2015,2015],"Y_PREVALENCE_1000PP":[0.61604,0.56419,0.3233,0.59575,0.87387,0.23298,1.13611,0.94622,1.16822,0.71267,0.15752,0.78835,3.19052,1.70252,1.79131,1.87813,2.15918,0.88469,0.56497,1.36164,0.50607,0.62834,0.4795,2.69885,0.24084,1.30554,0.30888,3.57942,2.06699,5.38358,4.26712,0.50161,0.98465,2.08142,1.32538,0.43698,3.54885,2.46808,1.89721,8.46024,0.54564,3.31475,5.36673,0.34125,0.38964,0.84039,2.82213,2.18713,2.85645,0.7258,0.54396,0.3524,1.17882,6.5388,4.19825,1.48091,1.11185,1.22678,2.65853,0.44252,1.12961,8.21918,4.29116,2.7137,0.57954,2.18798,2.84385,3.32594,4.72016,1.12049,1.42672,0.88268,0.93332,2.48005]},"PREVALENCE_BY_MONTH":{"X_CALENDAR_MONTH":["200910","200911","200912","201001","201002","201003","201004","201005","201006","201007","201008","201009","201010","201011","201012","201101","201102","201103","201104","201105","201106","201107","201108","201109","201110","201111","201112","201201","201202","201203","201204","201205","201206","201207","201208","201209","201210","201211","201212","201301","201302","201303","201304","201305","201306","201307","201308","201309","201310","201311","201312","201401","201402","201403","201404","201405","201406","201407","201408","201409","201410","201411","201412","201501","201502","201503","201504","201505"],"Y_PREVALENCE_1000PP":[0.02173,0.02795,0.03726,0.04658,0.0435,0.01856,0.03716,0.03721,0.04341,0.05281,0.08399,0.06235,0.03742,0.05001,0.04705,0.05032,0.09458,0.1007,0.07916,0.07937,0.05423,0.05455,0.09981,0.07446,0.07136,0.04558,0.08176,0.09839,0.135,0.07584,0.07973,0.08341,0.11446,0.10174,0.09202,0.0893,0.12416,0.07639,0.11183,0.13343,0.09586,0.13228,0.17655,0.13456,0.15476,0.12653,0.15085,0.12607,0.1621,0.11794,0.12381,0.14617,0.10774,0.10901,0.13296,0.14084,0.14517,0.19223,0.14611,0.14639,0.17411,0.16405,0.17976,0.17621,0.18024,0.31333,0.3537,0.37696]},"CONDITIONS_BY_TYPE":{"CONCEPT_NAME":["Primary Condition","Secondary Condition"],"COUNT_VALUE":[613,1684]},"AGE_AT_FIRST_DIAGNOSIS":{"CATEGORY":["FEMALE","MALE"],"MIN_VALUE":[0,2],"P10_VALUE":[37,39],"P25_VALUE":[54,54],"MEDIAN_VALUE":[68,64],"P75_VALUE":[81,75],"P90_VALUE":[89,84],"MAX_VALUE":[101,98]}}
