{"PREVALENCE_BY_GENDER_AGE_YEAR":{"TRELLIS_NAME":["0-9","0-9","50-59","60-69","60-69","50-59","60-69","50-59","0-9","0-9","60-69","60-69","0-9","60-69","60-69","60-69","60-69","0-9","50-59","70-79","70-79","50-59","50-59","70-79","60-69"],"SERIES_NAME":["MALE","MALE","MALE","MALE","FEMALE","MALE","MALE","MALE","MALE","FEMALE","MALE","MALE","MALE","FEMALE","FEMALE","MALE","FEMALE","MALE","FEMALE","FEMALE","MALE","MALE","MALE","MALE","MALE"],"X_CALENDAR_YEAR":[2004,2006,2007,2008,2008,2008,2009,2009,2009,2009,2011,2012,2012,2012,2013,2014,2014,2014,2014,2014,2014,2014,2015,2015,2015],"Y_PREVALENCE_1000PP":[0.28816,0.26599,0.37355,0.40009,0.31529,0.35321,0.43773,0.29605,0.40826,0.30458,0.30955,0.689,0.21375,0.25268,0.43118,0.73496,0.54407,0.33055,0.29286,0.38632,0.70373,0.40893,0.86263,0.77821,0.76104]},"PREVALENCE_BY_MONTH":{"X_CALENDAR_MONTH":["200506","200511","200601","200707","200708","200801","200805","200808","200812","200901","200904","200906","200907","200908","200909","200911","200912","201001","201004","201010","201012","201112","201204","201205","201208","201209","201210","201211","201305","201307","201308","201401","201402","201403","201404","201405","201407","201408","201409","201410","201411","201412","201501","201503","201504","201505"],"Y_PREVALENCE_1000PP":[0.02583,0.02393,0.02722,0.02367,0.02018,0.01964,0.02905,0.02241,0.03152,0.01885,0.02496,0.01867,0.01869,0.0187,0.01867,0.01863,0.03105,0.02484,0.01858,0.02183,0.01882,0.02289,0.02325,0.02002,0.03408,0.02061,0.02414,0.02083,0.02909,0.04094,0.03771,0.02842,0.04558,0.04193,0.04718,0.03521,0.0422,0.05845,0.04543,0.05804,0.0396,0.04194,0.04568,0.10444,0.0786,0.15358]},"CONDITIONS_BY_TYPE":{"CONCEPT_NAME":["Primary Condition","Secondary Condition"],"COUNT_VALUE":[503,465]},"AGE_AT_FIRST_DIAGNOSIS":{"CATEGORY":["FEMALE","MALE"],"MIN_VALUE":[0,0],"P10_VALUE":[1,1],"P25_VALUE":[21,22],"MEDIAN_VALUE":[60,58],"P75_VALUE":[70,68],"P90_VALUE":[80,77],"MAX_VALUE":[93,90]}}
