{"PREVALENCE_BY_GENDER_AGE_YEAR":{"TRELLIS_NAME":["70-79","60-69","80-89","60-69","60-69","50-59","70-79","60-69","60-69","70-79","60-69","70-79"],"SERIES_NAME":["MALE","MALE","FEMALE","MALE","MALE","MALE","MALE","MALE","MALE","MALE","MALE","MALE"],"X_CALENDAR_YEAR":[2004,2007,2007,2009,2010,2011,2011,2011,2012,2013,2013,2014],"Y_PREVALENCE_1000PP":[0.68681,0.48969,0.71031,0.49245,0.42054,0.34405,0.44673,0.51592,0.583,0.74267,0.64385,0.46915]},"PREVALENCE_BY_MONTH":{"X_CALENDAR_MONTH":["200812","200909","200910","200912","201005","201109","201112","201205","201206","201210","201303","201305","201306","201307","201309","201405"],"Y_PREVALENCE_1000PP":[0.02206,0.01867,0.01863,0.02173,0.0186,0.02266,0.02289,0.02336,0.02693,0.02069,0.03218,0.02182,0.02211,0.02605,0.02292,0.03081]},"CONDITIONS_BY_TYPE":{"CONCEPT_NAME":"Secondary Condition","COUNT_VALUE":440},"AGE_AT_FIRST_DIAGNOSIS":{"CATEGORY":["FEMALE","MALE"],"MIN_VALUE":[0,0],"P10_VALUE":[40,41],"P25_VALUE":[54,55],"MEDIAN_VALUE":[69,63],"P75_VALUE":[84,75],"P90_VALUE":[89,81],"MAX_VALUE":[98,95]}}
