{"PREVALENCE_BY_GENDER_AGE_YEAR":{"TRELLIS_NAME":["60-69","70-79","50-59","80-89","60-69","50-59","40-49","50-59","70-79","50-59","40-49","70-79","70-79","50-59","60-69","80-89","60-69","80-89","60-69","60-69","70-79","50-59","50-59","70-79","40-49","60-69","60-69","40-49","70-79","50-59","70-79","50-59","80-89","60-69","80-89","50-59","70-79","40-49","50-59","60-69","70-79","60-69","80-89","80-89","60-69","50-59","70-79","40-49","70-79","50-59","40-49","50-59","50-59","40-49","70-79","70-79","80-89","60-69","80-89","60-69","50-59","70-79","50-59","40-49","70-79","60-69","80-89","60-69","80-89","70-79","40-49","50-59","70-79","50-59","60-69","80-89","60-69","80-89","30-39","60-69","80-89","60-69","80-89","90-99","70-79","40-49","70-79","50-59","50-59","50-59","40-49","50-59","60-69","70-79","60-69"],"SERIES_NAME":["MALE","MALE","MALE","FEMALE","MALE","FEMALE","MALE","MALE","FEMALE","FEMALE","MALE","FEMALE","MALE","MALE","MALE","FEMALE","FEMALE","MALE","MALE","FEMALE","FEMALE","FEMALE","MALE","MALE","MALE","MALE","FEMALE","MALE","MALE","MALE","FEMALE","FEMALE","MALE","MALE","FEMALE","MALE","FEMALE","FEMALE","FEMALE","FEMALE","MALE","FEMALE","FEMALE","MALE","MALE","FEMALE","MALE","FEMALE","FEMALE","MALE","MALE","FEMALE","MALE","MALE","FEMALE","MALE","MALE","MALE","FEMALE","FEMALE","FEMALE","FEMALE","MALE","MALE","MALE","FEMALE","MALE","MALE","FEMALE","MALE","MALE","MALE","FEMALE","FEMALE","MALE","FEMALE","FEMALE","MALE","MALE","MALE","MALE","FEMALE","FEMALE","FEMALE","FEMALE","MALE","MALE","MALE","FEMALE","FEMALE","MALE","MALE","FEMALE","MALE","MALE"],"X_CALENDAR_YEAR":[2004,2004,2004,2005,2005,2005,2005,2005,2005,2006,2006,2006,2006,2006,2006,2006,2006,2007,2007,2007,2007,2007,2007,2007,2007,2008,2008,2008,2008,2008,2008,2008,2009,2009,2009,2009,2009,2009,2009,2009,2009,2010,2010,2010,2010,2010,2010,2010,2010,2010,2010,2011,2011,2011,2011,2011,2011,2011,2011,2011,2012,2012,2012,2012,2012,2012,2012,2012,2012,2013,2013,2013,2013,2013,2013,2013,2013,2013,2014,2014,2014,2014,2014,2014,2014,2014,2014,2014,2014,2015,2015,2015,2015,2015,2015],"Y_PREVALENCE_1000PP":[0.75743,1.03022,0.66523,0.83519,0.91841,0.36672,0.46845,0.97447,0.45455,0.25949,0.35545,0.41394,0.69547,0.69124,1.13492,0.75882,0.65406,1.7762,1.163,0.28301,0.46863,0.28738,0.69374,0.97903,0.49377,0.85734,0.40537,0.43306,1.18194,0.65597,0.38848,0.27879,1.60256,1.14905,0.86374,0.8388,0.75786,0.1929,0.34182,0.344,0.62544,0.41922,0.63721,2.00277,1.41933,0.34224,1.66629,0.22631,0.87763,1.4079,0.32496,0.31417,1.27789,0.62147,0.68082,1.638,1.94059,1.34138,0.73038,0.58089,0.29175,0.73462,1.78417,0.41956,2.02414,0.46326,2.53542,1.53699,1.38681,1.63387,0.77575,1.76038,0.97241,0.4584,1.77058,1.10902,0.56054,1.05469,0.5071,2.5441,2.38398,0.63475,0.93294,2.61552,1.35213,0.81536,2.73673,2.2783,0.50205,0.44134,1.44823,1.18611,0.89639,2.20493,1.80746]},"PREVALENCE_BY_MONTH":{"X_CALENDAR_MONTH":["200408","200411","200412","200501","200502","200503","200505","200506","200507","200508","200509","200511","200603","200604","200605","200606","200607","200608","200610","200701","200702","200703","200704","200705","200706","200707","200708","200709","200710","200711","200712","200801","200803","200804","200805","200806","200807","200808","200809","200810","200811","200812","200901","200902","200904","200905","200906","200907","200908","200909","200910","200911","200912","201001","201002","201003","201004","201005","201006","201007","201008","201009","201010","201012","201101","201102","201103","201104","201105","201106","201107","201108","201109","201110","201111","201112","201201","201202","201203","201204","201205","201206","201207","201208","201209","201210","201211","201212","201301","201302","201303","201304","201305","201306","201307","201308","201309","201310","201311","201312","201401","201402","201403","201404","201405","201406","201407","201408","201409","201410","201411","201412","201501","201502","201503","201504","201505"],"Y_PREVALENCE_1000PP":[0.04231,0.03641,0.03013,0.02921,0.0475,0.04606,0.02637,0.03014,0.03819,0.02915,0.05743,0.04386,0.04173,0.03767,0.05579,0.02583,0.02936,0.03273,0.04648,0.02103,0.04191,0.03454,0.02408,0.0341,0.04754,0.04057,0.03363,0.03013,0.02983,0.02975,0.0198,0.02292,0.01949,0.02589,0.02259,0.03863,0.02243,0.02881,0.03504,0.02851,0.02849,0.04097,0.02513,0.01882,0.04681,0.01867,0.03733,0.04049,0.03741,0.03423,0.04347,0.03726,0.05278,0.06521,0.0435,0.04331,0.05575,0.06512,0.05891,0.07145,0.05599,0.05923,0.05301,0.03137,0.05661,0.03783,0.04406,0.06649,0.04127,0.04466,0.05134,0.05152,0.07122,0.05514,0.0293,0.06214,0.06559,0.06256,0.05935,0.06644,0.04671,0.07406,0.07122,0.05794,0.04809,0.05863,0.06945,0.04892,0.04916,0.06391,0.04648,0.06486,0.09092,0.06633,0.06699,0.06411,0.09933,0.08105,0.06683,0.0639,0.07308,0.09945,0.09224,0.14583,0.11003,0.14064,0.16879,0.09741,0.14639,0.11607,0.09617,0.1498,0.08484,0.1514,0.19282,0.1965,0.41884]},"CONDITIONS_BY_TYPE":{"CONCEPT_NAME":["Primary Condition","Secondary Condition"],"COUNT_VALUE":[6,1927]},"AGE_AT_FIRST_DIAGNOSIS":{"CATEGORY":["FEMALE","MALE"],"MIN_VALUE":[2,5],"P10_VALUE":[45,47],"P25_VALUE":[55,55],"MEDIAN_VALUE":[67,63],"P75_VALUE":[77,73],"P90_VALUE":[85,80],"MAX_VALUE":[103,98]}}
