{"PREVALENCE_BY_GENDER_AGE_YEAR":{"TRELLIS_NAME":["50-59","30-39","40-49","20-29","30-39","20-29","40-49","50-59","30-39","60-69","40-49","20-29","50-59","40-49","50-59","10-19","40-49","50-59","20-29","50-59","30-39","20-29","60-69"],"SERIES_NAME":["FEMALE","MALE","FEMALE","MALE","FEMALE","MALE","FEMALE","FEMALE","FEMALE","FEMALE","FEMALE","MALE","FEMALE","MALE","FEMALE","FEMALE","FEMALE","FEMALE","MALE","FEMALE","MALE","MALE","FEMALE"],"X_CALENDAR_YEAR":[2005,2005,2005,2005,2005,2006,2006,2007,2007,2008,2008,2009,2010,2010,2011,2011,2011,2012,2012,2013,2013,2013,2013],"Y_PREVALENCE_1000PP":[0.36672,0.45331,0.22265,0.57393,0.22683,0.37117,0.27357,0.3233,0.25685,0.27025,0.29149,0.40827,0.37647,0.32496,0.20945,0.30016,0.20243,0.32822,0.5148,0.3438,0.45457,0.38195,0.43118]},"PREVALENCE_BY_MONTH":{"X_CALENDAR_MONTH":["200503","200505","200506","200507","200508","200511","200604","200605","200607","200610","200704","200705","200708","200709","200710","200801","200802","200810","200911","201009","201010","201011","201102","201103","201104","201106","201112","201201","201202","201205","201206","201207","201208","201211","201302","201303","201304","201307","201308","201310","201407","201410"],"Y_PREVALENCE_1000PP":[0.05527,0.02637,0.02583,0.04668,0.04164,0.0319,0.03014,0.02231,0.03669,0.0286,0.02064,0.02046,0.02018,0.02344,0.03646,0.03274,0.02285,0.02217,0.01863,0.02182,0.02495,0.03126,0.01892,0.02203,0.02216,0.02233,0.02943,0.02296,0.01976,0.03337,0.02356,0.02035,0.02726,0.02083,0.0355,0.03218,0.03603,0.02605,0.0528,0.02702,0.02813,0.04221]},"CONDITIONS_BY_TYPE":{"CONCEPT_NAME":["Primary Condition","Secondary Condition"],"COUNT_VALUE":[1038,73]},"AGE_AT_FIRST_DIAGNOSIS":{"CATEGORY":["FEMALE","MALE"],"MIN_VALUE":[4,1],"P10_VALUE":[18,14],"P25_VALUE":[31,20],"MEDIAN_VALUE":[47,31],"P75_VALUE":[57,48],"P90_VALUE":[68,62],"MAX_VALUE":[94,88]}}
