{"PREVALENCE_BY_GENDER_AGE_YEAR":{"TRELLIS_NAME":["70-79","60-69","80-89","70-79","60-69","70-79","70-79","60-69","70-79","70-79","60-69","60-69","80-89","80-89","60-69","70-79","50-59","70-79","60-69","80-89","70-79"],"SERIES_NAME":["MALE","MALE","FEMALE","FEMALE","MALE","FEMALE","MALE","FEMALE","FEMALE","MALE","FEMALE","MALE","MALE","MALE","MALE","FEMALE","MALE","MALE","FEMALE","FEMALE","FEMALE"],"X_CALENDAR_YEAR":[2007,2008,2009,2010,2010,2012,2012,2012,2013,2013,2013,2013,2013,2014,2014,2014,2014,2014,2014,2014,2015],"Y_PREVALENCE_1000PP":[0.48952,0.45725,0.64781,0.37613,0.57825,0.42853,0.52478,0.37903,0.4862,0.6684,0.34495,0.37558,0.90402,1.11252,0.45228,0.5151,0.52576,0.93831,0.27203,1.04956,0.62221]},"PREVALENCE_BY_MONTH":{"X_CALENDAR_MONTH":["200906","200907","201002","201003","201006","201204","201212","201301","201302","201303","201308","201309","201310","201401","201403","201404","201405","201406","201407","201409","201411","201412","201502","201503"],"Y_PREVALENCE_1000PP":[0.02178,0.01869,0.01864,0.01856,0.0248,0.02325,0.02446,0.02107,0.0213,0.02503,0.02263,0.03056,0.02316,0.03248,0.04193,0.0386,0.03081,0.02722,0.03282,0.04543,0.04525,0.06591,0.05047,0.06427]},"CONDITIONS_BY_TYPE":{"CONCEPT_NAME":["Primary Condition","Secondary Condition"],"COUNT_VALUE":[136,398]},"AGE_AT_FIRST_DIAGNOSIS":{"CATEGORY":["MALE","FEMALE"],"MIN_VALUE":[1,6],"P10_VALUE":[45,47],"P25_VALUE":[56,60],"MEDIAN_VALUE":[67,73],"P75_VALUE":[76,81],"P90_VALUE":[84,87],"MAX_VALUE":[97,97]}}
