{"PREVALENCE_BY_GENDER_AGE_YEAR":{"TRELLIS_NAME":["30-39","60-69","60-69","50-59","40-49","50-59","40-49","30-39","60-69","60-69","30-39","30-39","50-59","40-49","50-59","40-49","70-79","30-39","50-59","40-49","40-49","50-59","60-69","30-39","30-39","60-69","60-69","40-49","70-79","40-49","50-59","50-59","30-39","30-39","60-69","50-59","40-49","50-59","40-49","60-69","30-39","30-39","60-69","50-59","40-49","40-49","50-59","60-69","70-79","30-39","60-69","60-69","30-39","50-59","40-49","70-79","40-49","50-59","50-59","30-39","30-39","50-59","40-49","40-49","70-79","60-69","60-69","30-39","30-39","50-59","40-49","70-79","50-59","60-69","60-69","40-49","70-79","50-59","40-49","40-49","50-59","30-39","30-39","60-69","60-69","80-89","30-39","30-39","60-69","70-79","40-49","70-79","50-59","40-49","50-59","60-69","50-59","40-49","50-59","40-49","30-39","30-39","60-69","60-69"],"SERIES_NAME":["FEMALE","FEMALE","MALE","FEMALE","MALE","MALE","FEMALE","MALE","MALE","FEMALE","FEMALE","MALE","FEMALE","MALE","MALE","FEMALE","MALE","FEMALE","FEMALE","FEMALE","MALE","MALE","FEMALE","FEMALE","MALE","MALE","FEMALE","MALE","FEMALE","FEMALE","FEMALE","MALE","MALE","FEMALE","MALE","MALE","FEMALE","FEMALE","MALE","FEMALE","FEMALE","MALE","MALE","MALE","MALE","FEMALE","FEMALE","FEMALE","MALE","FEMALE","FEMALE","MALE","MALE","FEMALE","FEMALE","FEMALE","MALE","MALE","FEMALE","MALE","FEMALE","MALE","MALE","FEMALE","FEMALE","FEMALE","MALE","FEMALE","MALE","FEMALE","FEMALE","FEMALE","MALE","MALE","FEMALE","MALE","FEMALE","FEMALE","FEMALE","MALE","MALE","FEMALE","MALE","MALE","FEMALE","FEMALE","FEMALE","MALE","MALE","FEMALE","MALE","MALE","MALE","FEMALE","FEMALE","FEMALE","FEMALE","MALE","MALE","FEMALE","MALE","FEMALE","FEMALE","MALE"],"X_CALENDAR_YEAR":[2004,2004,2004,2004,2004,2004,2004,2004,2005,2005,2005,2005,2005,2005,2005,2005,2005,2006,2006,2006,2006,2006,2006,2007,2007,2007,2007,2007,2007,2007,2007,2007,2008,2008,2008,2008,2008,2008,2008,2008,2009,2009,2009,2009,2009,2009,2009,2009,2009,2010,2010,2010,2010,2010,2010,2010,2010,2010,2011,2011,2011,2011,2011,2011,2011,2011,2011,2012,2012,2012,2012,2012,2012,2012,2012,2012,2013,2013,2013,2013,2013,2013,2013,2013,2013,2013,2014,2014,2014,2014,2014,2014,2014,2014,2014,2014,2015,2015,2015,2015,2015,2015,2015,2015],"Y_PREVALENCE_1000PP":[0.75256,1.11258,1.04147,1.36702,2.54173,1.82937,1.33943,0.55607,0.76535,0.61614,0.61568,0.83107,0.73344,1.2715,1.16936,0.55663,0.67069,0.35951,0.70433,0.75232,0.82938,0.69124,0.55343,0.371,0.56515,0.97937,0.42451,0.54864,0.46863,0.9357,0.9699,1.06729,0.42628,0.26837,0.5144,0.60551,0.93924,0.48789,0.70373,0.31529,0.26084,0.5334,0.54717,0.88814,0.91089,0.64298,0.82037,0.602,0.46908,0.3413,0.3773,0.36798,0.7648,0.37647,0.71126,0.5015,0.64991,0.77677,0.59343,0.48541,0.27267,0.44235,0.96045,0.7085,0.37136,0.41492,0.41273,0.26437,0.37456,0.98465,0.57327,0.42853,0.76464,0.901,0.54748,0.71925,0.42543,1.337,0.97136,1.16362,0.85352,0.43432,0.45457,0.6975,0.68989,0.77631,0.45555,0.43466,0.73496,0.38632,1.18598,0.54735,1.2852,1.10629,1.17145,0.90678,1.32402,0.86894,1.18611,1.14286,0.88067,0.50894,0.59759,0.66591]},"PREVALENCE_BY_MONTH":{"X_CALENDAR_MONTH":["200401","200402","200403","200404","200405","200406","200407","200408","200409","200410","200411","200412","200501","200502","200503","200504","200505","200506","200507","200508","200509","200510","200511","200512","200601","200602","200603","200604","200605","200606","200607","200609","200610","200611","200612","200701","200702","200703","200704","200705","200706","200707","200708","200709","200710","200711","200712","200801","200802","200803","200804","200805","200806","200807","200808","200809","200810","200811","200812","200901","200902","200903","200904","200905","200906","200907","200908","200909","200910","200911","200912","201001","201002","201003","201004","201005","201006","201007","201008","201009","201010","201011","201012","201101","201102","201103","201104","201105","201106","201107","201108","201109","201110","201111","201201","201202","201204","201205","201206","201207","201208","201209","201210","201211","201212","201301","201302","201303","201304","201305","201306","201307","201308","201309","201310","201311","201312","201401","201402","201403","201404","201405","201406","201407","201408","201409","201410","201411","201412","201501","201502","201503","201504","201505"],"Y_PREVALENCE_1000PP":[0.4169,0.30046,0.19729,0.20341,0.16595,0.16427,0.10256,0.09066,0.08579,0.05429,0.09362,0.0703,0.07788,0.10926,0.05066,0.03599,0.03956,0.06889,0.05516,0.0458,0.03692,0.06465,0.04386,0.03948,0.05444,0.02313,0.0607,0.04144,0.02975,0.02952,0.04403,0.03612,0.0429,0.02487,0.04601,0.03506,0.06635,0.04836,0.05848,0.04773,0.04415,0.05072,0.0639,0.03683,0.03646,0.05288,0.03959,0.02292,0.02612,0.04222,0.03237,0.0355,0.04829,0.02884,0.02561,0.0446,0.05385,0.04115,0.04097,0.06283,0.03764,0.04994,0.03433,0.04045,0.03422,0.0623,0.02805,0.05289,0.0621,0.01863,0.02484,0.04037,0.04661,0.04331,0.03097,0.03411,0.02791,0.03106,0.04355,0.04364,0.03742,0.02501,0.0251,0.04403,0.05675,0.03147,0.04116,0.02857,0.0319,0.02567,0.0483,0.03237,0.04866,0.05209,0.02952,0.0461,0.06312,0.05005,0.05386,0.03052,0.05453,0.06183,0.05863,0.04514,0.03495,0.04916,0.0426,0.0572,0.06486,0.06546,0.03685,0.07071,0.0792,0.08022,0.05017,0.0629,0.09984,0.09338,0.03729,0.06289,0.08578,0.07922,0.0499,0.08908,0.06332,0.09086,0.14245,0.09051,0.08389,0.09137,0.15861,0.16872,0.22598,0.29319]},"CONDITIONS_BY_TYPE":{"CONCEPT_NAME":["Primary Condition","Secondary Condition"],"COUNT_VALUE":[2411,737]},"AGE_AT_FIRST_DIAGNOSIS":{"CATEGORY":["FEMALE","MALE"],"MIN_VALUE":[8,8],"P10_VALUE":[34,34],"P25_VALUE":[41,43],"MEDIAN_VALUE":[50,51],"P75_VALUE":[60,61],"P90_VALUE":[70,70],"MAX_VALUE":[92,88]}}
