{"PREVALENCE_BY_GENDER_AGE_YEAR":{"TRELLIS_NAME":["60-69","60-69","50-59","50-59","40-49","70-79","50-59","40-49","70-79","50-59","70-79","60-69","80-89","60-69","60-69","60-69","70-79","50-59","50-59","70-79","40-49","60-69","80-89","60-69","70-79","50-59","50-59","70-79","60-69","50-59","50-59","70-79","60-69","70-79","60-69","60-69","30-39","70-79","50-59","70-79","50-59","70-79","60-69","60-69","70-79","50-59","70-79","60-69","60-69","70-79","50-59","40-49","70-79","60-69","60-69"],"SERIES_NAME":["FEMALE","MALE","FEMALE","MALE","MALE","FEMALE","FEMALE","MALE","MALE","MALE","FEMALE","MALE","MALE","FEMALE","MALE","FEMALE","FEMALE","FEMALE","MALE","MALE","MALE","MALE","MALE","FEMALE","MALE","MALE","FEMALE","FEMALE","MALE","FEMALE","MALE","FEMALE","FEMALE","MALE","MALE","FEMALE","MALE","MALE","FEMALE","MALE","MALE","FEMALE","MALE","FEMALE","FEMALE","MALE","MALE","FEMALE","MALE","MALE","MALE","MALE","FEMALE","FEMALE","MALE"],"X_CALENDAR_YEAR":[2005,2005,2005,2005,2005,2005,2006,2006,2006,2006,2006,2006,2006,2006,2007,2007,2007,2007,2007,2007,2007,2008,2008,2008,2008,2008,2008,2008,2009,2009,2009,2009,2009,2009,2010,2010,2010,2010,2011,2011,2011,2011,2011,2011,2012,2012,2012,2012,2012,2013,2013,2013,2013,2013,2013],"Y_PREVALENCE_1000PP":[0.50412,0.84188,0.40746,0.38979,0.60229,0.68182,0.44484,0.82938,1.21707,0.92166,0.41394,0.73436,1.14987,0.60374,0.79574,0.66035,0.66948,0.25145,0.64038,1.46855,0.38405,0.80018,1.00318,0.49545,0.78796,0.70643,0.2091,0.58271,0.87547,0.23928,0.98683,0.5684,0.64499,0.85998,0.68338,0.41922,0.35298,0.53018,0.20945,0.67009,0.4915,0.43325,0.51592,0.33194,0.48975,0.71367,1.12452,0.46326,0.742,0.96547,0.53345,0.58181,0.72931,0.81925,0.53654]},"PREVALENCE_BY_MONTH":{"X_CALENDAR_MONTH":["200503","200508","200509","200510","200511","200601","200602","200603","200604","200605","200606","200608","200610","200611","200612","200701","200702","200703","200704","200705","200706","200707","200708","200709","200710","200711","200802","200804","200805","200806","200807","200808","200809","200810","200811","200812","200901","200902","200903","200904","200905","200906","200908","200909","200910","200911","201001","201003","201009","201010","201011","201012","201103","201105","201106","201107","201108","201109","201111","201112","201202","201205","201206","201207","201208","201209","201210","201211","201301","201302","201303","201304","201305","201306","201307","201308","201309","201310","201311","201401"],"Y_PREVALENCE_1000PP":[0.03685,0.03331,0.04102,0.07273,0.05583,0.07389,0.04241,0.05691,0.04521,0.05951,0.02952,0.05091,0.0429,0.03198,0.02478,0.0666,0.05238,0.02763,0.04472,0.03751,0.02038,0.03381,0.0269,0.02678,0.03646,0.02314,0.02285,0.03237,0.03873,0.01931,0.03845,0.03522,0.04142,0.05385,0.03799,0.02521,0.02827,0.02196,0.04994,0.03433,0.03734,0.04355,0.02805,0.03423,0.01863,0.02174,0.02484,0.01856,0.02182,0.02495,0.02188,0.0251,0.02517,0.01905,0.02871,0.01925,0.03542,0.02914,0.01953,0.02943,0.03622,0.04671,0.02356,0.02713,0.03408,0.04122,0.04139,0.02083,0.0316,0.02485,0.0286,0.05044,0.04364,0.03685,0.03721,0.03017,0.03438,0.02702,0.02359,0.0406]},"CONDITIONS_BY_TYPE":{"CONCEPT_NAME":["Primary Condition","Secondary Condition"],"COUNT_VALUE":[1679,156]},"AGE_AT_FIRST_DIAGNOSIS":{"CATEGORY":["MALE","FEMALE"],"MIN_VALUE":[0,4],"P10_VALUE":[40,40],"P25_VALUE":[51,53],"MEDIAN_VALUE":[61,63],"P75_VALUE":[71,71],"P90_VALUE":[79,77],"MAX_VALUE":[89,92]}}
