{"PREVALENCE_BY_GENDER_AGE_YEAR":{"TRELLIS_NAME":["50-59","50-59","60-69","50-59","60-69","60-69","30-39","60-69","60-69","20-29","30-39","50-59","50-59","40-49","50-59","70-79","50-59","60-69","60-69","60-69","70-79","60-69","50-59","30-39"],"SERIES_NAME":["FEMALE","MALE","MALE","MALE","MALE","FEMALE","MALE","MALE","FEMALE","MALE","FEMALE","FEMALE","MALE","MALE","MALE","MALE","FEMALE","FEMALE","MALE","FEMALE","MALE","MALE","FEMALE","FEMALE"],"X_CALENDAR_YEAR":[2007,2009,2009,2010,2010,2010,2012,2013,2013,2013,2013,2013,2013,2014,2014,2014,2014,2014,2014,2015,2015,2015,2015,2015],"Y_PREVALENCE_1000PP":[0.21553,0.29605,0.38302,0.33984,0.42054,0.54498,0.37456,0.91212,0.60366,0.32739,0.18614,0.2674,0.69348,0.74123,0.81785,0.62554,0.6694,0.31737,1.41339,1.19519,1.29702,1.14155,0.44134,0.57256]},"PREVALENCE_BY_MONTH":{"X_CALENDAR_MONTH":["200908","200909","201002","201007","201011","201202","201203","201212","201301","201304","201306","201307","201308","201309","201310","201311","201312","201401","201402","201403","201405","201406","201407","201408","201409","201410","201411","201412","201502","201503","201504","201505"],"Y_PREVALENCE_1000PP":[0.0187,0.02178,0.03107,0.01864,0.02501,0.02634,0.02968,0.02097,0.0316,0.02522,0.04422,0.04466,0.03017,0.03438,0.08105,0.03538,0.06789,0.04872,0.03729,0.04612,0.07042,0.03629,0.02813,0.0487,0.04038,0.08442,0.07354,0.0719,0.13698,0.12051,0.20633,0.30715]},"CONDITIONS_BY_TYPE":{"CONCEPT_NAME":["Primary Condition","Secondary Condition"],"COUNT_VALUE":[190,577]},"AGE_AT_FIRST_DIAGNOSIS":{"CATEGORY":["MALE","FEMALE"],"MIN_VALUE":[0,1],"P10_VALUE":[21,21],"P25_VALUE":[41,35],"MEDIAN_VALUE":[57,56],"P75_VALUE":[67,65],"P90_VALUE":[71,71],"MAX_VALUE":[86,92]}}
