{"PREVALENCE_BY_GENDER_AGE_YEAR":{"TRELLIS_NAME":["0-9","60-69","70-79","0-9","50-59","80-89","60-69","50-59","0-9","70-79","40-49","50-59","70-79","80-89","60-69","70-79"],"SERIES_NAME":["MALE","MALE","MALE","FEMALE","MALE","MALE","MALE","MALE","MALE","MALE","MALE","MALE","MALE","MALE","MALE","MALE"],"X_CALENDAR_YEAR":[2004,2004,2004,2004,2004,2005,2005,2005,2005,2005,2006,2006,2006,2006,2006,2007],"Y_PREVALENCE_1000PP":[0.33618,0.66275,1.03022,0.33146,0.91468,1.29618,0.68881,0.77958,0.2483,1.34138,0.47393,0.51843,3.04268,3.64124,1.60224,1.22379]},"PREVALENCE_BY_MONTH":{"X_CALENDAR_MONTH":["200403","200406","200408","200409","200410","200411","200504","200505","200508","200510","200511","200512","200602","200604","200605","200606","200607","200608","200609","200610","200611","200612","200701","200703","200704","200705","200706"],"Y_PREVALENCE_1000PP":[0.07892,0.04107,0.04835,0.0572,0.038,0.05201,0.04499,0.03956,0.02915,0.02828,0.03988,0.02369,0.02313,0.07158,0.04463,0.04059,0.07706,0.04364,0.05057,0.0572,0.03553,0.02124,0.02103,0.03454,0.02064,0.03751,0.02038]},"CONDITIONS_BY_TYPE":{"CONCEPT_NAME":["Primary Condition","Secondary Condition"],"COUNT_VALUE":[61,287]},"AGE_AT_FIRST_DIAGNOSIS":{"CATEGORY":["FEMALE","MALE"],"MIN_VALUE":[0,0],"P10_VALUE":[1,13],"P25_VALUE":[32,48],"MEDIAN_VALUE":[50,65],"P75_VALUE":[70,76],"P90_VALUE":[81,80],"MAX_VALUE":[98,89]}}
