{"PREVALENCE_BY_GENDER_AGE_YEAR":{"TRELLIS_NAME":["40-49","50-59","30-39","60-69","20-29","50-59","40-49","60-69","40-49","40-49","20-29","40-49","40-49","60-69","30-39","50-59","40-49","60-69","50-59","40-49","60-69","30-39","60-69","40-49","50-59","70-79","50-59"],"SERIES_NAME":["FEMALE","FEMALE","FEMALE","FEMALE","FEMALE","FEMALE","FEMALE","FEMALE","FEMALE","FEMALE","FEMALE","FEMALE","FEMALE","FEMALE","FEMALE","FEMALE","FEMALE","FEMALE","FEMALE","FEMALE","FEMALE","FEMALE","FEMALE","FEMALE","FEMALE","FEMALE","FEMALE"],"X_CALENDAR_YEAR":[2004,2004,2004,2004,2004,2005,2005,2005,2006,2007,2010,2010,2011,2011,2012,2012,2012,2012,2013,2013,2013,2014,2014,2014,2014,2014,2015],"Y_PREVALENCE_1000PP":[0.92374,0.91135,0.67335,0.62583,0.42442,0.28523,0.22265,0.33608,0.20518,0.23393,0.17504,0.25864,0.20243,0.24895,0.26437,0.21881,0.21498,0.37903,0.3438,0.27198,0.25871,0.35042,0.40805,0.66378,0.50205,0.45071,0.95623]},"PREVALENCE_BY_MONTH":{"X_CALENDAR_MONTH":["200401","200402","200403","200404","200405","200406","200408","200506","200508","200807","200912","201006","201101","201108","201201","201202","201203","201205","201207","201303","201305","201307","201402","201407","201408","201409","201411","201412","201501","201502","201503","201504","201505"],"Y_PREVALENCE_1000PP":[0.35734,0.11757,0.07892,0.1017,0.09052,0.04791,0.0544,0.03445,0.02498,0.02243,0.01863,0.0186,0.01887,0.02898,0.01968,0.02963,0.01978,0.02002,0.02035,0.02503,0.03637,0.02233,0.02486,0.0422,0.06819,0.07572,0.05091,0.05393,0.05221,0.08651,0.05624,0.05895,0.19546]},"CONDITIONS_BY_TYPE":{"CONCEPT_NAME":["Primary Condition","Secondary Condition"],"COUNT_VALUE":[471,200]},"AGE_AT_FIRST_DIAGNOSIS":{"CATEGORY":["MALE","FEMALE"],"MIN_VALUE":[1,2],"P10_VALUE":[14,26],"P25_VALUE":[32,36],"MEDIAN_VALUE":[53,49],"P75_VALUE":[67,61],"P90_VALUE":[76,71],"MAX_VALUE":[92,95]}}
