{"PREVALENCE_BY_GENDER_AGE_YEAR":{"TRELLIS_NAME":["0-9","40-49","30-39","30-39","50-59","60-69","30-39","20-29","20-29","30-39","60-69","50-59","40-49","30-39","30-39","20-29","60-69","10-19","70-79","40-49","50-59","50-59","40-49","20-29","60-69","20-29","30-39","40-49","50-59","40-49","70-79","50-59","60-69","30-39","20-29","40-49","40-49","50-59","10-19","50-59","30-39","30-39","50-59","30-39","20-29","60-69","60-69","40-49","50-59","40-49","70-79","70-79","50-59","50-59","40-49","30-39","30-39","60-69","70-79","40-49","60-69","20-29","50-59","40-49","40-49","60-69","30-39","30-39","20-29","60-69","30-39","30-39","60-69","70-79","40-49","50-59","70-79","50-59","40-49","40-49","50-59","40-49","60-69","60-69","70-79"],"SERIES_NAME":["MALE","FEMALE","MALE","FEMALE","FEMALE","MALE","MALE","MALE","FEMALE","FEMALE","MALE","MALE","FEMALE","MALE","FEMALE","FEMALE","MALE","MALE","MALE","MALE","MALE","FEMALE","FEMALE","FEMALE","MALE","MALE","FEMALE","MALE","MALE","FEMALE","FEMALE","FEMALE","MALE","FEMALE","MALE","FEMALE","MALE","MALE","FEMALE","FEMALE","MALE","FEMALE","FEMALE","MALE","FEMALE","MALE","FEMALE","MALE","MALE","FEMALE","MALE","FEMALE","FEMALE","MALE","FEMALE","MALE","FEMALE","FEMALE","MALE","MALE","MALE","MALE","MALE","MALE","FEMALE","MALE","FEMALE","MALE","FEMALE","MALE","MALE","FEMALE","FEMALE","FEMALE","MALE","MALE","MALE","FEMALE","FEMALE","MALE","MALE","FEMALE","MALE","FEMALE","MALE"],"X_CALENDAR_YEAR":[2005,2005,2006,2006,2006,2006,2007,2007,2007,2007,2007,2007,2007,2008,2008,2008,2008,2008,2008,2008,2008,2008,2008,2009,2009,2009,2009,2009,2009,2009,2009,2009,2010,2010,2010,2010,2010,2010,2010,2010,2010,2011,2011,2011,2011,2011,2011,2011,2011,2011,2011,2012,2012,2012,2012,2012,2012,2012,2012,2012,2012,2012,2013,2013,2013,2013,2013,2013,2014,2014,2014,2014,2014,2014,2014,2014,2014,2014,2014,2015,2015,2015,2015,2015,2015],"Y_PREVALENCE_1000PP":[0.2483,0.22265,0.61212,0.17975,0.29656,0.60084,0.94192,0.33574,0.1902,0.39954,0.48969,0.32019,0.23393,0.60898,0.24153,0.23122,0.57156,0.2735,0.55157,0.37893,0.35321,0.2091,0.32388,0.17272,0.71132,0.3062,0.33909,0.32149,0.54275,0.32149,0.44209,0.30764,0.68338,0.18378,0.40167,0.48495,0.64991,0.48548,0.25002,0.23957,0.5883,0.29994,0.20945,0.48541,0.18306,0.56751,0.29044,0.50847,0.44235,0.33738,0.52118,0.42853,0.25528,0.40781,0.35829,0.68668,0.3525,0.37903,0.44981,0.77919,0.742,0.36036,0.42676,0.51716,0.23313,0.75115,0.27921,1.16891,0.19874,0.84803,0.72443,0.35042,0.58941,0.38632,0.66711,0.58418,0.62554,0.54389,0.53102,0.86894,1.29394,0.65306,0.95129,0.5229,0.77821]},"PREVALENCE_BY_MONTH":{"X_CALENDAR_MONTH":["200402","200403","200404","200406","200412","200502","200503","200504","200505","200506","200507","200509","200511","200601","200602","200603","200604","200605","200608","200609","200611","200612","200701","200702","200703","200704","200705","200706","200707","200708","200709","200710","200711","200712","200801","200802","200803","200804","200805","200806","200807","200808","200809","200810","200811","200812","200901","200902","200903","200904","200905","200906","200907","200908","200909","200910","200911","200912","201001","201002","201003","201004","201005","201006","201007","201008","201009","201010","201011","201012","201101","201102","201103","201104","201105","201106","201107","201108","201109","201110","201111","201112","201201","201202","201203","201204","201205","201206","201207","201208","201209","201210","201211","201212","201301","201302","201303","201304","201305","201306","201307","201308","201309","201310","201311","201312","201401","201402","201403","201404","201405","201406","201407","201408","201409","201410","201411","201412","201501","201502","201503","201504","201505"],"Y_PREVALENCE_1000PP":[0.07838,0.08878,0.07628,0.05476,0.03515,0.06176,0.04606,0.05849,0.04395,0.03875,0.0297,0.02871,0.02393,0.035,0.02313,0.04173,0.03014,0.03347,0.04364,0.03612,0.03198,0.03186,0.03506,0.02794,0.02418,0.04472,0.02728,0.03736,0.04057,0.03363,0.07031,0.05966,0.05288,0.04949,0.05238,0.03917,0.05846,0.0615,0.02905,0.02897,0.04485,0.02561,0.05734,0.03484,0.04115,0.04097,0.0377,0.03137,0.0437,0.04057,0.03734,0.04355,0.04672,0.04676,0.03423,0.02794,0.02484,0.04657,0.05279,0.03418,0.0526,0.06194,0.03411,0.04341,0.03728,0.04044,0.04052,0.0343,0.02813,0.03137,0.02202,0.02522,0.03776,0.02533,0.02222,0.05423,0.0385,0.05474,0.03885,0.0519,0.02604,0.04252,0.03608,0.03622,0.03957,0.03986,0.02336,0.07743,0.06104,0.06134,0.05839,0.05518,0.0625,0.05242,0.02809,0.03195,0.03933,0.03963,0.03637,0.05159,0.02977,0.06411,0.04966,0.03473,0.05897,0.03594,0.04872,0.06216,0.0587,0.09865,0.06162,0.07712,0.07502,0.10228,0.08582,0.08969,0.09617,0.11984,0.17621,0.15861,0.20889,0.1572,0.25131]},"CONDITIONS_BY_TYPE":{"CONCEPT_NAME":["Primary Condition","Secondary Condition"],"COUNT_VALUE":[2399,912]},"AGE_AT_FIRST_DIAGNOSIS":{"CATEGORY":["MALE","FEMALE"],"MIN_VALUE":[3,2],"P10_VALUE":[21,21],"P25_VALUE":[34,32],"MEDIAN_VALUE":[48,46],"P75_VALUE":[62,61],"P90_VALUE":[71,71],"MAX_VALUE":[85,92]}}
