{"PREVALENCE_BY_GENDER_AGE_YEAR":{"TRELLIS_NAME":["50-59","70-79","50-59","60-69","60-69","70-79","50-59","60-69","70-79","50-59","50-59","60-69"],"SERIES_NAME":["FEMALE","MALE","MALE","FEMALE","MALE","MALE","MALE","MALE","MALE","FEMALE","MALE","MALE"],"X_CALENDAR_YEAR":[2004,2007,2007,2007,2008,2008,2008,2009,2009,2010,2011,2012],"Y_PREVALENCE_1000PP":[0.30378,0.5711,0.37355,0.28301,0.62872,0.63037,0.30276,0.3283,0.7818,0.23957,0.2949,0.318]},"PREVALENCE_BY_MONTH":{"X_CALENDAR_MONTH":["200409","200412","200507","200511","200705","200805","200806","200807","200904","201004","201008","201011","201110","201111","201309","201312","201401","201403","201412","201503","201504","201505"],"Y_PREVALENCE_1000PP":[0.03432,0.03013,0.03395,0.02791,0.02387,0.01937,0.02253,0.03204,0.02496,0.01858,0.01866,0.01875,0.01946,0.01953,0.03438,0.02396,0.03654,0.02516,0.03595,0.07231,0.05895,0.09773]},"CONDITIONS_BY_TYPE":{"CONCEPT_NAME":["Primary Condition","Secondary Condition"],"COUNT_VALUE":[48,481]},"AGE_AT_FIRST_DIAGNOSIS":{"CATEGORY":["MALE","FEMALE"],"MIN_VALUE":[1,1],"P10_VALUE":[26,34],"P25_VALUE":[48,47],"MEDIAN_VALUE":[62,59],"P75_VALUE":[72,72],"P90_VALUE":[79,81],"MAX_VALUE":[95,96]}}
