{"PREVALENCE_BY_GENDER_AGE_YEAR":{"TRELLIS_NAME":["20-29","40-49","20-29","20-29","20-29","30-39","20-29"],"SERIES_NAME":["MALE","MALE","MALE","MALE","MALE","MALE","MALE"],"X_CALENDAR_YEAR":[2007,2007,2009,2010,2013,2013,2014],"Y_PREVALENCE_1000PP":[0.3917,0.43891,0.35723,0.30125,0.38195,0.51951,0.37242]},"PREVALENCE_BY_MONTH":{"X_CALENDAR_MONTH":["200911","201005","201205","201406","201505"],"Y_PREVALENCE_1000PP":[0.02174,0.0186,0.02002,0.02722,0.08377]},"CONDITIONS_BY_TYPE":{"CONCEPT_NAME":["Primary Condition","Secondary Condition"],"COUNT_VALUE":[252,124]},"AGE_AT_FIRST_DIAGNOSIS":{"CATEGORY":["FEMALE","MALE"],"MIN_VALUE":[0,0],"P10_VALUE":[8,15],"P25_VALUE":[21,21],"MEDIAN_VALUE":[41,32],"P75_VALUE":[60,47],"P90_VALUE":[67,63],"MAX_VALUE":[95,91]}}
