{"PREVALENCE_BY_GENDER_AGE_YEAR":{"TRELLIS_NAME":["60-69","80-89","70-79","70-79","80-89","80-89","60-69","50-59","70-79","70-79","50-59","70-79","70-79","80-89","80-89","60-69","80-89","80-89","60-69","50-59","70-79","70-79","80-89","60-69","70-79","50-59","70-79","80-89","60-69","70-79","60-69","70-79","80-89","80-89","60-69","50-59","70-79","70-79","70-79","80-89","60-69","80-89","60-69","70-79","50-59","70-79","60-69","80-89","80-89","90-99","70-79","70-79","80-89","60-69","80-89","80-89","60-69","80-89","70-79","70-79","70-79","80-89","80-89"],"SERIES_NAME":["FEMALE","FEMALE","MALE","FEMALE","FEMALE","MALE","FEMALE","FEMALE","MALE","FEMALE","FEMALE","FEMALE","MALE","MALE","FEMALE","FEMALE","MALE","FEMALE","FEMALE","FEMALE","FEMALE","MALE","FEMALE","FEMALE","MALE","FEMALE","FEMALE","FEMALE","MALE","FEMALE","FEMALE","MALE","FEMALE","MALE","FEMALE","FEMALE","FEMALE","MALE","FEMALE","MALE","MALE","FEMALE","FEMALE","FEMALE","FEMALE","MALE","FEMALE","MALE","FEMALE","FEMALE","MALE","FEMALE","FEMALE","FEMALE","MALE","MALE","FEMALE","FEMALE","FEMALE","MALE","FEMALE","FEMALE","MALE"],"X_CALENDAR_YEAR":[2004,2004,2004,2004,2005,2005,2005,2005,2005,2005,2006,2006,2006,2006,2006,2006,2007,2007,2007,2007,2007,2007,2008,2008,2008,2008,2008,2009,2009,2009,2009,2009,2010,2010,2010,2010,2010,2011,2011,2011,2011,2011,2011,2012,2012,2012,2012,2012,2012,2012,2013,2013,2013,2013,2013,2014,2014,2014,2014,2014,2015,2015,2015],"Y_PREVALENCE_1000PP":[1.04304,3.02775,1.25916,2.366,2.50557,1.29618,0.84019,0.28523,1.24557,1.9697,0.29656,1.58675,1.39094,1.14987,2.5294,0.95593,1.24334,2.60447,0.80185,0.3233,1.07117,0.5711,2.24593,0.49545,0.55157,0.27879,1.81288,2.48326,0.3283,0.75786,0.90299,0.54726,1.48683,1.23248,0.50306,0.20535,1.25376,0.44673,1.29975,1.49276,0.36114,1.87813,0.5394,1.16315,0.36468,0.67471,0.80017,1.34228,2.13356,3.14042,0.4456,1.09396,2.10713,0.34495,1.05469,1.27146,0.49873,2.79883,0.70826,0.78192,1.24443,1.66297,1.80972]},"PREVALENCE_BY_MONTH":{"X_CALENDAR_MONTH":["200401","200402","200403","200404","200405","200406","200407","200408","200409","200410","200411","200412","200501","200502","200503","200504","200505","200506","200507","200508","200509","200510","200511","200512","200601","200602","200603","200604","200605","200606","200607","200608","200609","200610","200611","200612","200701","200702","200703","200704","200705","200706","200707","200708","200709","200710","200711","200712","200801","200802","200803","200804","200805","200806","200807","200808","200809","200810","200811","200812","200901","200902","200903","200904","200905","200906","200907","200908","200909","200910","200911","200912","201001","201002","201003","201004","201005","201006","201007","201008","201009","201010","201011","201012","201101","201102","201103","201104","201105","201106","201107","201108","201109","201110","201111","201112","201201","201202","201203","201204","201205","201206","201207","201208","201209","201210","201211","201212","201301","201302","201303","201304","201305","201306","201307","201308","201309","201310","201311","201312","201401","201402","201403","201404","201405","201406","201407","201408","201409","201410","201411","201412","201501","201502","201503","201504","201505"],"Y_PREVALENCE_1000PP":[0.31764,0.22208,0.11838,0.11866,0.11315,0.15058,0.11539,0.10275,0.13727,0.076,0.08842,0.0703,0.07788,0.09501,0.0783,0.06299,0.09231,0.0775,0.07638,0.06662,0.07383,0.06061,0.0638,0.03948,0.06222,0.05784,0.06829,0.05274,0.09298,0.06273,0.07339,0.06182,0.08309,0.09296,0.07817,0.06017,0.07011,0.04889,0.05181,0.06192,0.06137,0.06452,0.04395,0.03363,0.077,0.06629,0.05949,0.04949,0.04911,0.03917,0.0747,0.0615,0.06778,0.05473,0.07049,0.06083,0.06372,0.04435,0.04432,0.04412,0.05655,0.03764,0.04994,0.06865,0.0529,0.02178,0.04049,0.02182,0.06845,0.03105,0.02484,0.05899,0.03416,0.03729,0.0495,0.02787,0.04031,0.05581,0.05902,0.028,0.06858,0.04677,0.04064,0.04078,0.0346,0.03468,0.03147,0.03483,0.03492,0.06699,0.04813,0.0483,0.04856,0.03893,0.05209,0.06868,0.05247,0.03622,0.04616,0.04983,0.05005,0.05386,0.05087,0.04771,0.05496,0.05863,0.0625,0.0629,0.02809,0.03905,0.0429,0.06846,0.06546,0.03685,0.02605,0.0264,0.05348,0.05789,0.03931,0.03195,0.04466,0.05387,0.04193,0.05576,0.07042,0.07259,0.07971,0.04383,0.06058,0.05804,0.0792,0.0779,0.07179,0.10093,0.10444,0.1572,0.15358]},"CONDITIONS_BY_TYPE":{"CONCEPT_NAME":["Primary Condition","Secondary Condition"],"COUNT_VALUE":[2604,813]},"AGE_AT_FIRST_DIAGNOSIS":{"CATEGORY":["FEMALE","MALE"],"MIN_VALUE":[0,4],"P10_VALUE":[57,55],"P25_VALUE":[65,65],"MEDIAN_VALUE":[74,73],"P75_VALUE":[82,82],"P90_VALUE":[87,87],"MAX_VALUE":[96,99]}}
