{"PREVALENCE_BY_GENDER_AGE_YEAR":{"TRELLIS_NAME":["10-19","0-9","0-9","10-19","10-19","0-9","0-9","10-19","0-9","10-19","0-9","0-9","10-19","0-9","10-19","0-9","0-9","10-19","0-9","10-19"],"SERIES_NAME":["MALE","MALE","MALE","MALE","MALE","FEMALE","MALE","MALE","MALE","MALE","FEMALE","MALE","MALE","MALE","MALE","FEMALE","MALE","MALE","MALE","MALE"],"X_CALENDAR_YEAR":[2004,2004,2005,2005,2006,2007,2007,2007,2010,2010,2010,2011,2011,2012,2012,2012,2013,2013,2014,2014],"Y_PREVALENCE_1000PP":[0.42099,0.28816,0.2483,0.62839,0.40636,0.28252,0.28477,0.47099,0.37621,0.40822,0.27181,0.24391,0.32425,0.32063,0.661,0.28098,0.22434,0.60895,0.28923,0.46987]},"PREVALENCE_BY_MONTH":{"X_CALENDAR_MONTH":["200408","200410","200507","200509","200510","200709","200710","201007","201008","201009","201110","201205","201208","201405","201409"],"Y_PREVALENCE_1000PP":[0.04835,0.04886,0.02546,0.03281,0.02424,0.02678,0.01989,0.02174,0.028,0.02182,0.01946,0.02002,0.02386,0.04401,0.04038]},"CONDITIONS_BY_TYPE":{"CONCEPT_NAME":["Primary Condition","Secondary Condition"],"COUNT_VALUE":[462,78]},"AGE_AT_FIRST_DIAGNOSIS":{"CATEGORY":["MALE","FEMALE"],"MIN_VALUE":[0,0],"P10_VALUE":[4,2],"P25_VALUE":[7,5],"MEDIAN_VALUE":[12,10],"P75_VALUE":[18,35],"P90_VALUE":[42,63],"MAX_VALUE":[63,95]}}
