{"PREVALENCE_BY_GENDER_AGE_YEAR":{"TRELLIS_NAME":["70-79","50-59","40-49","50-59","0-9","10-19","0-9","10-19","70-79","0-9","0-9","80-89","60-69","80-89","60-69","10-19","0-9","40-49","70-79","0-9","70-79","0-9","60-69","60-69","40-49","0-9","70-79","10-19","70-79","20-29","0-9","60-69","70-79","10-19","0-9","10-19","70-79","50-59","20-29","60-69","80-89","40-49","70-79","0-9","0-9","70-79","60-69","60-69","50-59","0-9","70-79","0-9","40-49","70-79","50-59","60-69","60-69","0-9","0-9","70-79","10-19","50-59","10-19","70-79","60-69","60-69","80-89","50-59","30-39","60-69","80-89","20-29","70-79","0-9","60-69","0-9","30-39","70-79","50-59","30-39","30-39","20-29","60-69","60-69","80-89","70-79","50-59","50-59","70-79","10-19","0-9","0-9","50-59","70-79","40-49","70-79","50-59","10-19","0-9","0-9","60-69","90-99","30-39","80-89","20-29","60-69","0-9","70-79","0-9","10-19","70-79"],"SERIES_NAME":["FEMALE","FEMALE","MALE","MALE","FEMALE","MALE","MALE","FEMALE","FEMALE","FEMALE","MALE","FEMALE","MALE","FEMALE","FEMALE","MALE","MALE","MALE","MALE","FEMALE","FEMALE","MALE","MALE","FEMALE","MALE","FEMALE","MALE","FEMALE","FEMALE","FEMALE","MALE","FEMALE","MALE","MALE","FEMALE","FEMALE","FEMALE","FEMALE","FEMALE","MALE","MALE","MALE","FEMALE","MALE","FEMALE","MALE","FEMALE","MALE","FEMALE","MALE","MALE","FEMALE","FEMALE","FEMALE","MALE","MALE","FEMALE","MALE","FEMALE","MALE","MALE","MALE","FEMALE","FEMALE","FEMALE","MALE","FEMALE","FEMALE","FEMALE","MALE","FEMALE","MALE","MALE","FEMALE","FEMALE","MALE","FEMALE","FEMALE","MALE","FEMALE","MALE","FEMALE","MALE","FEMALE","FEMALE","FEMALE","FEMALE","MALE","MALE","FEMALE","FEMALE","MALE","FEMALE","FEMALE","MALE","MALE","MALE","FEMALE","FEMALE","MALE","FEMALE","FEMALE","MALE","MALE","FEMALE","MALE","MALE","MALE","FEMALE","FEMALE","FEMALE"],"X_CALENDAR_YEAR":[2004,2004,2004,2004,2004,2004,2004,2005,2005,2005,2005,2005,2006,2006,2006,2006,2006,2006,2006,2006,2006,2007,2007,2007,2007,2007,2007,2007,2007,2007,2008,2008,2008,2008,2008,2008,2008,2008,2008,2008,2008,2009,2009,2009,2009,2009,2009,2009,2010,2010,2010,2010,2010,2010,2010,2010,2010,2011,2011,2011,2011,2011,2011,2011,2011,2011,2011,2011,2011,2012,2012,2012,2012,2012,2012,2012,2012,2012,2012,2013,2013,2013,2013,2013,2013,2013,2013,2013,2013,2013,2013,2013,2014,2014,2014,2014,2014,2014,2014,2014,2014,2014,2014,2014,2014,2014,2015,2015,2015,2015,2015],"Y_PREVALENCE_1000PP":[0.637,0.35441,0.67779,0.58207,0.49718,0.56132,0.76842,0.30338,0.83333,0.51385,0.62076,0.97439,0.53408,0.75882,0.55343,0.30477,0.83596,0.53318,0.5216,0.5602,0.55191,0.60513,0.48969,0.28301,0.38405,0.48432,0.48952,0.25478,0.60253,0.16303,0.24112,0.36033,0.63037,0.31908,0.30878,0.24785,0.45322,0.2091,0.20553,0.45725,1.00318,0.48224,0.82102,0.44228,0.41879,0.62544,0.387,0.87547,0.20535,0.23941,0.45444,0.5048,0.22631,0.62688,0.33984,0.36798,0.46114,0.48782,0.59004,0.52118,0.64851,0.34405,0.25728,0.49514,0.24895,0.67069,0.62604,0.20945,0.21814,0.424,1.06678,0.30888,0.67471,0.32112,0.33691,0.49875,0.235,0.61218,0.35683,0.24819,0.38964,0.20614,0.6975,0.38806,1.21992,0.72931,0.2292,0.80017,0.8912,0.27963,0.33691,0.59824,0.29286,0.64387,0.59299,0.62554,0.52576,0.37768,0.74329,0.90902,0.27203,2.61552,0.5071,0.95359,0.26499,0.45228,0.58424,0.77821,1.41137,0.57186,0.62221]},"PREVALENCE_BY_MONTH":{"X_CALENDAR_MONTH":["200401","200402","200403","200404","200405","200406","200407","200408","200409","200410","200501","200503","200504","200505","200506","200507","200508","200510","200511","200512","200601","200602","200603","200604","200606","200607","200608","200609","200610","200611","200612","200701","200702","200703","200705","200706","200707","200708","200709","200710","200711","200712","200802","200803","200804","200805","200806","200807","200808","200809","200810","200811","200812","200901","200902","200903","200904","200905","200906","200907","200908","200909","200910","200911","200912","201001","201003","201004","201005","201006","201007","201008","201009","201010","201011","201012","201101","201102","201103","201104","201105","201106","201107","201108","201109","201110","201111","201112","201201","201202","201203","201204","201205","201206","201208","201209","201210","201211","201212","201301","201302","201304","201305","201306","201307","201308","201309","201310","201311","201312","201401","201402","201403","201405","201406","201407","201408","201409","201410","201411","201412","201501","201502","201503","201504","201505"],"Y_PREVALENCE_1000PP":[0.17867,0.10451,0.09865,0.0678,0.0528,0.0616,0.11539,0.03626,0.03432,0.03257,0.04868,0.04145,0.04049,0.05275,0.03875,0.03819,0.0458,0.03232,0.04785,0.04343,0.03889,0.03856,0.04173,0.04144,0.0369,0.02569,0.06182,0.03251,0.03933,0.04264,0.05309,0.04557,0.0454,0.04145,0.03069,0.02717,0.02705,0.04035,0.04352,0.0232,0.02314,0.02969,0.03264,0.02273,0.0356,0.01937,0.02897,0.02563,0.04162,0.02549,0.03801,0.03166,0.02206,0.04084,0.02823,0.01873,0.03745,0.04045,0.02178,0.04361,0.02494,0.02489,0.03726,0.02795,0.04657,0.03105,0.02166,0.02168,0.03101,0.03101,0.02485,0.04977,0.02494,0.04677,0.02188,0.03451,0.03774,0.03153,0.0535,0.04116,0.04127,0.04147,0.02246,0.03542,0.04208,0.03568,0.02604,0.04906,0.04264,0.03293,0.03297,0.03986,0.02669,0.0202,0.03408,0.04122,0.03794,0.04514,0.04892,0.04916,0.04615,0.05405,0.04728,0.05896,0.05582,0.05657,0.06112,0.05403,0.04718,0.05991,0.03654,0.04558,0.08386,0.07042,0.0862,0.07971,0.06819,0.07067,0.07387,0.09051,0.04794,0.07831,0.11535,0.10444,0.12773,0.32111]},"CONDITIONS_BY_TYPE":{"CONCEPT_NAME":["Primary Condition","Secondary Condition"],"COUNT_VALUE":[726,753]},"AGE_AT_FIRST_DIAGNOSIS":{"CATEGORY":["FEMALE","MALE"],"MIN_VALUE":[0,0],"P10_VALUE":[3,2],"P25_VALUE":[16,11],"MEDIAN_VALUE":[51,45],"P75_VALUE":[73,66],"P90_VALUE":[82,77],"MAX_VALUE":[103,96]}}
