{"PREVALENCE_BY_GENDER_AGE_YEAR":{"TRELLIS_NAME":["40-49","60-69","50-59","40-49","30-39","40-49","50-59","60-69","60-69","80-89","50-59","70-79","40-49","50-59","40-49","30-39","60-69","40-49","30-39","70-79","70-79","50-59","50-59"],"SERIES_NAME":["FEMALE","FEMALE","FEMALE","FEMALE","FEMALE","FEMALE","FEMALE","FEMALE","FEMALE","FEMALE","FEMALE","FEMALE","FEMALE","FEMALE","FEMALE","FEMALE","FEMALE","FEMALE","FEMALE","FEMALE","FEMALE","MALE","FEMALE"],"X_CALENDAR_YEAR":[2004,2005,2005,2005,2006,2006,2006,2006,2007,2007,2007,2007,2007,2008,2008,2009,2009,2009,2010,2010,2011,2013,2014],"Y_PREVALENCE_1000PP":[0.3695,0.50412,0.36672,0.29687,0.26963,0.44455,0.92675,0.60374,0.70751,0.71031,0.68252,0.87032,0.40102,0.27879,0.29149,0.20867,0.301,0.22504,0.15752,0.37613,0.37136,0.37341,0.29286]},"PREVALENCE_BY_MONTH":{"X_CALENDAR_MONTH":["200504","200506","200511","200603","200604","200605","200606","200607","200608","200609","200611","200612","200701","200702","200703","200704","200705","200706","200710","200712","200801","200807","200903","200908","200910","201101","201104","201106","201110","201203","201301","201306","201307","201403","201404"],"Y_PREVALENCE_1000PP":[0.03149,0.03445,0.02393,0.04553,0.02637,0.05207,0.03321,0.02936,0.04,0.02167,0.02487,0.02124,0.03155,0.02445,0.02763,0.02752,0.02728,0.05094,0.01989,0.0231,0.01964,0.01922,0.02809,0.02494,0.02794,0.01887,0.02216,0.01914,0.02271,0.02308,0.0316,0.02579,0.02233,0.02516,0.03431]},"CONDITIONS_BY_TYPE":{"CONCEPT_NAME":["Primary Condition","Secondary Condition"],"COUNT_VALUE":[610,229]},"AGE_AT_FIRST_DIAGNOSIS":{"CATEGORY":["MALE","FEMALE"],"MIN_VALUE":[0,0],"P10_VALUE":[2,20],"P25_VALUE":[19,35],"MEDIAN_VALUE":[50,51],"P75_VALUE":[66,63],"P90_VALUE":[78,76],"MAX_VALUE":[89,92]}}
