{"PREVALENCE_BY_GENDER_AGE_YEAR":{"TRELLIS_NAME":["30-39","40-49","30-39","40-49","30-39","40-49","30-39","40-49","30-39","40-49","30-39","40-49","30-39","40-49","30-39","40-49","30-39","30-39","40-49","40-49","30-39","40-49"],"SERIES_NAME":["FEMALE","FEMALE","FEMALE","FEMALE","FEMALE","FEMALE","FEMALE","FEMALE","FEMALE","FEMALE","FEMALE","FEMALE","FEMALE","FEMALE","FEMALE","FEMALE","FEMALE","FEMALE","FEMALE","FEMALE","FEMALE","FEMALE"],"X_CALENDAR_YEAR":[2004,2004,2005,2005,2006,2006,2007,2008,2008,2009,2009,2010,2010,2011,2011,2012,2012,2013,2013,2014,2014,2015],"Y_PREVALENCE_1000PP":[0.51491,0.50806,0.48607,0.37109,0.59918,0.30777,0.31393,0.29149,0.42939,0.45009,0.39126,0.48495,0.36755,0.40486,0.49081,0.46578,0.49937,0.49637,0.50511,0.57527,0.45555,1.14286]},"PREVALENCE_BY_MONTH":{"X_CALENDAR_MONTH":["200506","200512","200612","200810","200902","200904","201006","201205","201208","201308","201406","201502"],"Y_PREVALENCE_1000PP":[0.02583,0.02369,0.02124,0.01901,0.01882,0.01872,0.0186,0.02669,0.02045,0.02263,0.02722,0.06489]},"CONDITIONS_BY_TYPE":{"CONCEPT_NAME":["Primary Condition","Secondary Condition"],"COUNT_VALUE":[460,199]},"AGE_AT_FIRST_DIAGNOSIS":{"CATEGORY":"FEMALE","MIN_VALUE":18,"P10_VALUE":31,"P25_VALUE":35,"MEDIAN_VALUE":39,"P75_VALUE":43,"P90_VALUE":49,"MAX_VALUE":87}}
