{"PREVALENCE_BY_GENDER_AGE_YEAR":{"TRELLIS_NAME":["20-29","30-39","30-39","20-29","20-29","30-39","40-49","30-39","20-29","10-19","30-39","20-29","30-39","20-29","40-49","10-19","20-29","30-39","20-29","40-49","30-39","20-29","10-19","40-49","30-39","20-29","30-39","40-49","40-49","20-29","30-39","20-29","30-39"],"SERIES_NAME":["FEMALE","FEMALE","FEMALE","FEMALE","FEMALE","FEMALE","FEMALE","FEMALE","FEMALE","FEMALE","FEMALE","FEMALE","FEMALE","FEMALE","FEMALE","FEMALE","FEMALE","FEMALE","FEMALE","FEMALE","FEMALE","FEMALE","FEMALE","FEMALE","FEMALE","FEMALE","FEMALE","FEMALE","FEMALE","FEMALE","FEMALE","FEMALE","FEMALE"],"X_CALENDAR_YEAR":[2004,2004,2005,2005,2006,2006,2007,2007,2007,2008,2008,2008,2009,2009,2010,2010,2010,2010,2011,2011,2011,2012,2012,2012,2012,2013,2013,2013,2014,2014,2014,2015,2015],"Y_PREVALENCE_1000PP":[1.00316,0.99022,1.06935,1.00921,0.77805,1.22832,0.23393,0.8847,0.57061,0.37178,0.96613,1.64423,0.99118,0.83895,0.25864,0.25002,0.67515,0.89262,2.06601,0.53981,1.85417,2.303,0.30429,0.75242,3.31933,2.12027,2.97822,0.54396,0.79653,1.62305,2.66321,1.32434,1.71767]},"PREVALENCE_BY_MONTH":{"X_CALENDAR_MONTH":["200403","200405","200409","200410","200412","200501","200502","200503","200504","200506","200511","200512","200602","200604","200605","200607","200608","200610","200701","200703","200706","200707","200708","200710","200801","200802","200803","200804","200805","200806","200807","200808","200809","200810","200812","200902","200903","200904","200907","200909","200910","200912","201002","201007","201008","201011","201012","201101","201102","201104","201106","201107","201108","201109","201110","201111","201112","201201","201202","201203","201204","201205","201206","201207","201208","201209","201210","201212","201301","201302","201303","201304","201305","201306","201308","201309","201310","201311","201312","201401","201402","201403","201404","201405","201406","201407","201408","201409","201411","201412","201501","201502","201503","201504","201505"],"Y_PREVALENCE_1000PP":[0.05919,0.06789,0.05148,0.038,0.03013,0.02921,0.0285,0.03224,0.03599,0.02583,0.02791,0.03948,0.04627,0.0226,0.04091,0.02569,0.03273,0.03575,0.02804,0.02418,0.02377,0.02367,0.0269,0.02652,0.04911,0.02285,0.02598,0.02266,0.02905,0.03863,0.02563,0.03202,0.03823,0.04118,0.02837,0.0251,0.02497,0.02184,0.02492,0.03111,0.02173,0.02173,0.02175,0.01864,0.028,0.03438,0.06587,0.04089,0.05359,0.04116,0.02552,0.0385,0.03864,0.05827,0.04866,0.05534,0.10138,0.08527,0.07244,0.02968,0.04319,0.0734,0.08416,0.09496,0.03749,0.0893,0.05518,0.08038,0.0948,0.0355,0.05363,0.02883,0.08001,0.0479,0.05657,0.12607,0.08491,0.03538,0.03195,0.02842,0.02901,0.06709,0.05147,0.06602,0.12249,0.06095,0.08767,0.04038,0.05091,0.05992,0.03916,0.12977,0.10444,0.06878,0.13961]},"CONDITIONS_BY_TYPE":{"CONCEPT_NAME":["Primary Condition","Secondary Condition"],"COUNT_VALUE":[148,1229]},"AGE_AT_FIRST_DIAGNOSIS":{"CATEGORY":"FEMALE","MIN_VALUE":16,"P10_VALUE":22,"P25_VALUE":25,"MEDIAN_VALUE":31,"P75_VALUE":35,"P90_VALUE":39,"MAX_VALUE":57}}
