{"PREVALENCE_BY_GENDER_AGE_YEAR":{"TRELLIS_NAME":["0-9","0-9","0-9","0-9","0-9","0-9","0-9","60-69","0-9","0-9","0-9","0-9","0-9","0-9","0-9","0-9","0-9","0-9","0-9"],"SERIES_NAME":["MALE","FEMALE","MALE","FEMALE","MALE","MALE","FEMALE","MALE","FEMALE","MALE","MALE","FEMALE","MALE","MALE","FEMALE","MALE","FEMALE","MALE","MALE"],"X_CALENDAR_YEAR":[2004,2004,2005,2007,2007,2008,2008,2009,2009,2009,2010,2010,2011,2012,2012,2013,2013,2014,2015],"Y_PREVALENCE_1000PP":[0.67237,0.7734,0.33107,0.32288,0.35596,0.31001,0.57897,0.3283,0.41879,0.71446,0.82082,0.34947,0.52267,0.57,0.44154,0.52346,0.33691,0.49583,0.65727]},"PREVALENCE_BY_MONTH":{"X_CALENDAR_MONTH":["200401","200404","200411","200507","200612","200703","200704","200705","200803","200810","200812","200902","200904","200905","200907","200909","200912","201005","201006","201007","201008","201009","201010","201011","201012","201103","201104","201107","201108","201111","201203","201205","201206","201208","201211","201212","201302","201303","201304","201306","201307","201309","201310","201401","201402","201403","201404","201406","201409","201505"],"Y_PREVALENCE_1000PP":[0.11911,0.05933,0.03121,0.02546,0.02478,0.02073,0.02064,0.02046,0.02273,0.02534,0.01891,0.01882,0.01872,0.01867,0.0218,0.02178,0.02484,0.0186,0.0186,0.03417,0.01866,0.02182,0.02495,0.02813,0.01882,0.02517,0.02216,0.02246,0.02576,0.02279,0.03297,0.04337,0.0404,0.03067,0.03472,0.03495,0.0213,0.02145,0.03603,0.02211,0.02233,0.02292,0.02316,0.02842,0.02901,0.02935,0.02573,0.02722,0.03029,0.09773]},"CONDITIONS_BY_TYPE":{"CONCEPT_NAME":["Primary Condition","Secondary Condition"],"COUNT_VALUE":[429,364]},"AGE_AT_FIRST_DIAGNOSIS":{"CATEGORY":["MALE","FEMALE"],"MIN_VALUE":[0,0],"P10_VALUE":[0,0],"P25_VALUE":[1,1],"MEDIAN_VALUE":[3,6],"P75_VALUE":[27,42],"P90_VALUE":[67,68],"MAX_VALUE":[94,92]}}
