{"PREVALENCE_BY_GENDER_AGE_YEAR":{"TRELLIS_NAME":["60-69","70-79","60-69","70-79","70-79","50-59","60-69","60-69","70-79","60-69","70-79","60-69","70-79","60-69","60-69","70-79","50-59","80-89","60-69","60-69","60-69","80-89","70-79","70-79","60-69","60-69","80-89","60-69","50-59","70-79","60-69","50-59","60-69","60-69"],"SERIES_NAME":["MALE","MALE","MALE","MALE","MALE","MALE","MALE","MALE","MALE","MALE","MALE","MALE","MALE","MALE","FEMALE","MALE","MALE","MALE","MALE","FEMALE","MALE","MALE","MALE","MALE","MALE","FEMALE","MALE","MALE","MALE","MALE","FEMALE","MALE","FEMALE","MALE"],"X_CALENDAR_YEAR":[2004,2004,2005,2005,2006,2006,2006,2007,2007,2008,2008,2009,2009,2010,2010,2011,2011,2011,2011,2011,2012,2012,2012,2013,2013,2013,2013,2014,2014,2014,2014,2015,2015,2015],"Y_PREVALENCE_1000PP":[0.66275,0.91575,0.76535,0.7665,0.69547,0.34562,0.53408,0.5509,0.65269,0.62872,0.78796,1.25848,0.62544,0.57825,0.33537,0.96791,0.2949,1.19421,0.77387,0.24895,0.848,0.89485,0.74968,0.74267,0.85846,0.25871,1.20536,1.01764,0.40893,0.93831,0.49873,0.64697,0.4482,0.95129]},"PREVALENCE_BY_MONTH":{"X_CALENDAR_MONTH":["200403","200406","200407","200501","200506","200509","200510","200511","200602","200604","200607","200609","200610","200612","200704","200711","200712","200801","200809","200810","200811","200901","200903","200904","200905","200906","200907","200909","200911","200912","201001","201002","201003","201004","201005","201006","201007","201008","201009","201010","201012","201102","201103","201104","201105","201106","201107","201108","201109","201110","201111","201112","201201","201202","201203","201204","201205","201206","201207","201208","201209","201210","201211","201212","201301","201302","201303","201304","201305","201306","201307","201308","201309","201310","201311","201312","201402","201403","201404","201405","201406","201407","201408","201409","201410","201411","201412","201501","201502","201503","201504","201505"],"Y_PREVALENCE_1000PP":[0.05919,0.05476,0.03846,0.03407,0.02583,0.02871,0.03636,0.02393,0.02313,0.0226,0.02936,0.02529,0.02503,0.02124,0.02408,0.01983,0.0198,0.02946,0.01911,0.02851,0.02849,0.01885,0.01873,0.03433,0.02801,0.01867,0.03426,0.03111,0.03726,0.03415,0.03105,0.02175,0.03403,0.02478,0.0186,0.03411,0.03106,0.03111,0.02806,0.02495,0.03764,0.02837,0.03776,0.03166,0.04127,0.04785,0.02567,0.03864,0.04856,0.05839,0.05209,0.04252,0.0328,0.03293,0.03297,0.03654,0.03337,0.04713,0.0373,0.02726,0.03778,0.03449,0.04167,0.03495,0.02458,0.0213,0.0429,0.03963,0.04364,0.0479,0.04094,0.03017,0.03438,0.03859,0.03145,0.02796,0.04144,0.06709,0.03002,0.04401,0.05444,0.04689,0.06819,0.03534,0.04221,0.03394,0.08988,0.06526,0.08651,0.06427,0.08843,0.13961]},"CONDITIONS_BY_TYPE":{"CONCEPT_NAME":["Primary Condition","Secondary Condition"],"COUNT_VALUE":[1890,535]},"AGE_AT_FIRST_DIAGNOSIS":{"CATEGORY":["MALE","FEMALE"],"MIN_VALUE":[37,34],"P10_VALUE":[52,49],"P25_VALUE":[59,57],"MEDIAN_VALUE":[67,65],"P75_VALUE":[75,73],"P90_VALUE":[81,80],"MAX_VALUE":[93,89]}}
