{"PREVALENCE_BY_GENDER_AGE_YEAR":{"TRELLIS_NAME":["60-69","40-49","50-59","30-39","60-69","20-29","50-59","70-79","40-49","30-39","30-39","50-59","40-49","40-49","50-59","70-79","20-29","60-69","30-39","60-69","50-59","70-79","40-49","30-39","60-69","50-59","40-49","30-39","60-69","40-49","50-59","60-69","70-79","40-49","50-59","50-59","30-39","50-59","50-59","40-49","40-49","70-79","60-69","60-69","30-39","50-59","70-79","50-59","40-49","40-49","60-69","60-69","20-29","50-59","40-49","70-79","40-49","50-59","30-39","20-29","60-69","60-69","30-39","60-69","20-29","60-69","70-79","40-49","50-59","70-79","50-59","40-49","30-39","50-59","60-69","60-69"],"SERIES_NAME":["FEMALE","FEMALE","FEMALE","FEMALE","FEMALE","FEMALE","FEMALE","FEMALE","FEMALE","MALE","FEMALE","FEMALE","FEMALE","MALE","MALE","FEMALE","FEMALE","FEMALE","FEMALE","FEMALE","FEMALE","FEMALE","FEMALE","FEMALE","FEMALE","FEMALE","FEMALE","FEMALE","FEMALE","FEMALE","FEMALE","FEMALE","FEMALE","FEMALE","MALE","FEMALE","FEMALE","FEMALE","MALE","MALE","FEMALE","FEMALE","FEMALE","MALE","FEMALE","FEMALE","FEMALE","MALE","FEMALE","MALE","FEMALE","MALE","FEMALE","MALE","MALE","FEMALE","FEMALE","FEMALE","FEMALE","FEMALE","MALE","FEMALE","FEMALE","MALE","FEMALE","FEMALE","FEMALE","MALE","MALE","MALE","FEMALE","FEMALE","FEMALE","FEMALE","FEMALE","MALE"],"X_CALENDAR_YEAR":[2004,2004,2004,2005,2005,2005,2005,2005,2005,2006,2006,2006,2006,2006,2006,2006,2006,2006,2007,2007,2007,2007,2007,2008,2008,2008,2008,2009,2009,2009,2009,2010,2010,2010,2010,2010,2011,2011,2011,2011,2011,2011,2011,2011,2012,2012,2012,2012,2012,2012,2012,2012,2012,2013,2013,2013,2013,2013,2013,2013,2013,2013,2014,2014,2014,2014,2014,2014,2014,2014,2014,2014,2015,2015,2015,2015],"Y_PREVALENCE_1000PP":[0.55629,0.46187,0.5063,0.22683,0.95222,0.18923,0.81493,0.83333,0.22265,0.47609,0.32955,0.81554,0.85491,0.53318,0.74885,0.6209,0.1729,1.05655,0.28539,0.80185,0.9699,0.40169,0.43443,0.29521,1.12602,1.08033,0.61536,0.23475,0.94599,0.45009,1.16219,1.29957,0.56419,0.42029,0.29129,1.19785,0.27267,2.02464,0.54065,0.56497,0.74224,0.49514,1.24476,0.30955,0.235,1.34933,0.73462,0.76464,0.71659,0.35963,1.1792,0.424,0.27747,0.53345,0.38787,0.79008,1.01022,1.146,0.4033,0.20614,0.59019,1.12108,0.45555,0.67843,0.19874,1.40551,0.96581,0.66711,0.58418,0.46915,1.71534,0.48677,0.63617,1.61824,1.04579,0.57078]},"PREVALENCE_BY_MONTH":{"X_CALENDAR_MONTH":["200404","200406","200409","200410","200412","200502","200503","200504","200505","200506","200507","200508","200509","200510","200511","200512","200601","200602","200603","200604","200605","200606","200607","200608","200609","200610","200611","200612","200701","200702","200703","200704","200705","200706","200707","200709","200710","200711","200801","200802","200803","200804","200805","200806","200807","200808","200809","200810","200811","200812","200901","200902","200903","200904","200905","200906","200908","200909","200910","200911","200912","201001","201002","201003","201004","201005","201006","201007","201008","201009","201010","201011","201012","201101","201102","201103","201104","201105","201106","201107","201108","201109","201110","201111","201112","201201","201202","201203","201204","201205","201206","201207","201208","201209","201210","201211","201212","201301","201302","201303","201304","201305","201306","201307","201308","201309","201310","201311","201312","201401","201402","201403","201404","201405","201406","201407","201408","201409","201410","201411","201412","201501","201502","201503","201504","201505"],"Y_PREVALENCE_1000PP":[0.05933,0.04791,0.05148,0.03257,0.05523,0.06176,0.03224,0.03599,0.03956,0.04736,0.03395,0.03747,0.03692,0.03232,0.04386,0.02764,0.07778,0.04241,0.0607,0.05651,0.03719,0.06642,0.04036,0.02546,0.03612,0.06793,0.0533,0.03186,0.05959,0.02445,0.0449,0.03096,0.03751,0.03396,0.05072,0.02678,0.04972,0.04627,0.04256,0.02938,0.03572,0.01942,0.04841,0.05473,0.03845,0.05122,0.0223,0.04435,0.02533,0.03467,0.02199,0.03451,0.02497,0.03745,0.04979,0.04977,0.04052,0.04356,0.02484,0.02484,0.04036,0.04658,0.02797,0.03403,0.04955,0.03721,0.05581,0.05902,0.04666,0.02806,0.05301,0.05001,0.03764,0.05661,0.06305,0.06608,0.07282,0.08254,0.04785,0.05776,0.09337,0.06475,0.05839,0.0586,0.04252,0.04592,0.07244,0.04287,0.06312,0.07007,0.0505,0.078,0.07498,0.05839,0.03794,0.05556,0.03495,0.0316,0.05326,0.03933,0.07206,0.10547,0.07001,0.05582,0.04903,0.10315,0.07333,0.06683,0.05192,0.0609,0.07459,0.09643,0.09865,0.10123,0.10888,0.09846,0.08767,0.12115,0.10025,0.06788,0.14381,0.11095,0.20908,0.16872,0.21615,0.23734]},"CONDITIONS_BY_TYPE":{"CONCEPT_NAME":["Primary Condition","Secondary Condition"],"COUNT_VALUE":[2436,578]},"AGE_AT_FIRST_DIAGNOSIS":{"CATEGORY":["MALE","FEMALE"],"MIN_VALUE":[1,8],"P10_VALUE":[21,30],"P25_VALUE":[36,43],"MEDIAN_VALUE":[51,53],"P75_VALUE":[62,63],"P90_VALUE":[72,70],"MAX_VALUE":[91,92]}}
