{"PREVALENCE_BY_GENDER_AGE_YEAR":{"TRELLIS_NAME":["20-29","40-49","60-69","70-79","30-39","60-69","80-89","70-79","50-59"],"SERIES_NAME":["MALE","MALE","FEMALE","FEMALE","MALE","FEMALE","FEMALE","FEMALE","MALE"],"X_CALENDAR_YEAR":[2011,2012,2012,2012,2013,2013,2013,2013,2014],"Y_PREVALENCE_1000PP":[0.30193,0.35963,0.2948,0.42853,0.38964,0.25871,0.88721,0.36465,0.40893]},"PREVALENCE_BY_MONTH":{"X_CALENDAR_MONTH":["200503","200604","200702","200807","200812","200912","201001","201104","201105","201108","201109","201201","201204","201205","201207","201208","201209","201210","201211","201301","201306","201308","201309","201310","201312","201401","201404","201407","201408","201409","201410","201501","201504"],"Y_PREVALENCE_1000PP":[0.03224,0.0226,0.02445,0.01922,0.01891,0.02173,0.02174,0.019,0.01905,0.01932,0.01942,0.02952,0.01993,0.02002,0.02035,0.02045,0.02061,0.02759,0.02778,0.0316,0.02211,0.03771,0.03438,0.02702,0.03594,0.02436,0.03002,0.03282,0.03409,0.03534,0.03166,0.04568,0.0786]},"CONDITIONS_BY_TYPE":{"CONCEPT_NAME":["Primary Condition","Secondary Condition"],"COUNT_VALUE":[138,387]},"AGE_AT_FIRST_DIAGNOSIS":{"CATEGORY":["FEMALE","MALE"],"MIN_VALUE":[3,2],"P10_VALUE":[17,17],"P25_VALUE":[39,30],"MEDIAN_VALUE":[64,47],"P75_VALUE":[79,66],"P90_VALUE":[88,79],"MAX_VALUE":[97,95]}}
