{"PREVALENCE_BY_GENDER_AGE_YEAR":{"TRELLIS_NAME":["40-49","50-59","30-39","20-29","40-49","50-59","30-39","20-29","60-69","20-29","40-49","50-59","30-39","40-49","30-39","20-29","40-49","50-59","30-39","20-29","20-29","30-39"],"SERIES_NAME":["MALE","MALE","MALE","MALE","MALE","MALE","MALE","MALE","MALE","MALE","MALE","MALE","MALE","MALE","MALE","MALE","MALE","MALE","MALE","MALE","MALE","MALE"],"X_CALENDAR_YEAR":[2004,2004,2004,2004,2005,2005,2005,2005,2006,2006,2006,2006,2006,2007,2007,2007,2008,2008,2008,2008,2009,2009],"Y_PREVALENCE_1000PP":[1.27086,0.49892,0.92678,0.65311,0.93689,0.38979,0.60441,0.64567,0.40056,0.61862,0.94787,0.40323,0.81616,0.76809,0.75353,0.3917,0.54133,0.35321,0.54808,0.32029,0.3062,0.47413]},"PREVALENCE_BY_MONTH":{"X_CALENDAR_MONTH":["200402","200403","200404","200405","200406","200407","200408","200409","200410","200411","200412","200501","200503","200504","200505","200506","200507","200508","200509","200510","200511","200512","200601","200602","200603","200604","200605","200606","200607","200608","200609","200610","200611","200612","200701","200703","200704","200705","200706","200707","200708","200709","200710","200711","200712","200801","200802","200803","200804","200806","200807","200901","200902","200904"],"Y_PREVALENCE_1000PP":[0.07838,0.11838,0.08475,0.0528,0.0616,0.05769,0.07857,0.04004,0.04886,0.06762,0.03515,0.03407,0.03685,0.02699,0.03077,0.03445,0.0297,0.02915,0.02461,0.03232,0.04386,0.03948,0.03111,0.02313,0.04173,0.04898,0.04091,0.04428,0.04403,0.02909,0.03251,0.05363,0.03908,0.03186,0.03155,0.0449,0.0344,0.03069,0.03736,0.03043,0.02018,0.02678,0.02983,0.01983,0.02639,0.02946,0.02612,0.02273,0.02589,0.01931,0.02243,0.02827,0.01882,0.02184]},"CONDITIONS_BY_TYPE":{"CONCEPT_NAME":["Primary Condition","Secondary Condition"],"COUNT_VALUE":[1191,51]},"AGE_AT_FIRST_DIAGNOSIS":{"CATEGORY":"MALE","MIN_VALUE":0,"P10_VALUE":20,"P25_VALUE":29,"MEDIAN_VALUE":40,"P75_VALUE":55,"P90_VALUE":71,"MAX_VALUE":87}}
