{"PREVALENCE_BY_GENDER_AGE_YEAR":{"TRELLIS_NAME":["0-9","0-9","0-9","0-9","0-9","0-9","0-9","0-9","0-9","0-9","0-9","0-9","0-9","0-9","0-9","0-9","0-9","0-9","0-9","0-9","0-9"],"SERIES_NAME":["MALE","MALE","FEMALE","MALE","MALE","FEMALE","FEMALE","MALE","MALE","MALE","FEMALE","MALE","FEMALE","MALE","FEMALE","FEMALE","MALE","FEMALE","MALE","FEMALE","MALE"],"X_CALENDAR_YEAR":[2004,2005,2006,2006,2007,2007,2008,2008,2009,2010,2010,2011,2011,2012,2012,2013,2013,2014,2014,2015,2015],"Y_PREVALENCE_1000PP":[0.48026,0.33107,0.38783,0.53198,0.39156,0.32288,0.57897,0.51669,0.40826,0.47881,0.62129,0.80142,0.78672,0.64125,0.64223,0.63171,0.63563,0.92911,0.74374,0.49813,0.65727]},"PREVALENCE_BY_MONTH":{"X_CALENDAR_MONTH":["200601","201105","201109","201110","201210","201305","201311","201407","201412"],"Y_PREVALENCE_1000PP":[0.02333,0.01905,0.01942,0.02271,0.02414,0.02182,0.02359,0.02813,0.04794]},"CONDITIONS_BY_TYPE":{"CONCEPT_NAME":["Primary Condition","Secondary Condition"],"COUNT_VALUE":[176,238]},"AGE_AT_FIRST_DIAGNOSIS":{"CATEGORY":["FEMALE","MALE"],"MIN_VALUE":[0,0],"P10_VALUE":[0,0],"P25_VALUE":[0,0],"MEDIAN_VALUE":[0,0],"P75_VALUE":[2,2],"P90_VALUE":[13,5],"MAX_VALUE":[81,19]}}
