{"PREVALENCE_BY_GENDER_AGE_YEAR":{"TRELLIS_NAME":["60-69","60-69","30-39","70-79","50-59","40-49","50-59","30-39","60-69","80-89","60-69","40-49","50-59","40-49","70-79","70-79","30-39","50-59","50-59","40-49","40-49","70-79","50-59","70-79","30-39","60-69","80-89","60-69","40-49","10-19","70-79","50-59","50-59","60-69","80-89","60-69","60-69","50-59","40-49","50-59","30-39","50-59","60-69","20-29","0-9","50-59","40-49","0-9","60-69","50-59","10-19","10-19","0-9","20-29","20-29","0-9","20-29","10-19","10-19","10-19"],"SERIES_NAME":["FEMALE","MALE","FEMALE","FEMALE","FEMALE","FEMALE","MALE","FEMALE","MALE","FEMALE","FEMALE","MALE","MALE","FEMALE","FEMALE","MALE","MALE","FEMALE","FEMALE","FEMALE","MALE","MALE","MALE","FEMALE","FEMALE","MALE","FEMALE","FEMALE","MALE","FEMALE","FEMALE","FEMALE","MALE","FEMALE","FEMALE","MALE","FEMALE","MALE","FEMALE","FEMALE","MALE","MALE","FEMALE","FEMALE","MALE","MALE","FEMALE","MALE","FEMALE","FEMALE","MALE","FEMALE","FEMALE","FEMALE","MALE","MALE","FEMALE","FEMALE","MALE","FEMALE"],"X_CALENDAR_YEAR":[2004,2004,2004,2004,2004,2004,2004,2005,2005,2005,2005,2005,2005,2005,2005,2005,2005,2005,2006,2006,2006,2006,2006,2006,2006,2006,2006,2006,2007,2007,2007,2007,2007,2007,2007,2008,2008,2008,2008,2008,2009,2009,2009,2010,2010,2011,2011,2011,2011,2012,2012,2012,2012,2012,2012,2013,2013,2014,2014,2015],"Y_PREVALENCE_1000PP":[1.11258,0.56807,0.35648,0.728,0.5063,0.50806,0.49892,0.35645,0.68881,0.83519,1.12026,0.60229,0.58468,0.59374,1.43939,1.05394,0.45331,0.77418,0.48191,0.34196,0.47393,0.5216,0.34562,0.96585,0.20971,0.80112,0.88529,0.80499,0.32918,0.29724,0.60253,0.3233,0.48028,0.56601,0.94708,0.40009,0.54049,0.40367,0.19433,0.2091,0.5334,0.39473,0.301,0.30007,0.23941,0.2949,0.26991,0.27876,0.33194,0.25528,0.42493,0.26082,0.36126,0.16648,0.30888,0.22434,0.17669,0.37768,0.82227,0.57186]},"PREVALENCE_BY_MONTH":{"X_CALENDAR_MONTH":["200401","200402","200403","200404","200406","200407","200408","200409","200410","200411","200412","200501","200502","200503","200504","200505","200506","200507","200508","200509","200510","200511","200512","200601","200602","200603","200604","200605","200606","200607","200608","200609","200610","200611","200612","200701","200702","200703","200704","200705","200706","200707","200708","200712","200804","200805","200806","200807","200808","200809","200810","200811","200904","200907","200909","200910","200911","200912","201006","201007","201009","201105","201106","201107","201108","201109","201111","201202","201203","201205","201206","201207","201208","201209","201210","201212","201301","201305","201306","201307","201309","201310","201403","201405","201407","201408","201409","201502","201503","201505"],"Y_PREVALENCE_1000PP":[0.17867,0.07838,0.08878,0.05085,0.06845,0.08333,0.06648,0.0572,0.05429,0.03641,0.05523,0.09248,0.09501,0.05987,0.06299,0.07472,0.09042,0.08487,0.07495,0.05743,0.05657,0.08374,0.03554,0.04667,0.03856,0.0645,0.04521,0.03719,0.07011,0.05871,0.05091,0.0289,0.05005,0.02132,0.02478,0.04908,0.03143,0.03109,0.04128,0.04432,0.04415,0.03043,0.03363,0.0198,0.0356,0.02905,0.03219,0.03524,0.02241,0.01911,0.02851,0.02216,0.01872,0.04049,0.03734,0.01863,0.02484,0.02173,0.03411,0.03106,0.02494,0.03175,0.01914,0.02246,0.03542,0.0259,0.02279,0.02305,0.03957,0.02669,0.0303,0.0373,0.03067,0.02061,0.02069,0.02097,0.02107,0.03273,0.02211,0.02605,0.02674,0.02702,0.02935,0.03521,0.04689,0.02922,0.04543,0.04326,0.06427,0.09773]},"CONDITIONS_BY_TYPE":{"CONCEPT_NAME":["Primary Condition","Secondary Condition"],"COUNT_VALUE":[713,386]},"AGE_AT_FIRST_DIAGNOSIS":{"CATEGORY":["MALE","FEMALE"],"MIN_VALUE":[0,0],"P10_VALUE":[9,12],"P25_VALUE":[22,26],"MEDIAN_VALUE":[44,48],"P75_VALUE":[61,65],"P90_VALUE":[72,74],"MAX_VALUE":[93,98]}}
