{"PREVALENCE_BY_GENDER_AGE_YEAR":{"TRELLIS_NAME":["10-19","70-79","50-59","40-49","30-39","80-89","20-29","60-69","50-59","10-19","40-49","70-79","30-39","80-89","20-29","60-69","20-29","80-89","60-69","30-39","40-49","50-59","70-79","10-19","60-69","80-89","10-19","70-79","50-59","40-49","20-29","30-39","10-19","60-69","70-79","40-49","50-59","30-39","20-29","80-89","70-79","40-49","10-19","50-59","60-69","20-29","80-89","30-39","70-79","40-49","10-19","50-59","30-39","60-69","20-29","80-89","10-19","70-79","40-49","60-69","20-29","30-39","50-59","10-19","60-69","80-89","20-29","30-39","70-79","50-59","40-49","30-39","20-29","80-89","60-69","10-19","70-79","40-49","50-59","60-69","80-89","70-79","10-19","40-49","50-59","30-39","20-29","60-69","20-29","80-89","30-39","50-59","70-79","40-49","10-19"],"SERIES_NAME":["FEMALE","FEMALE","FEMALE","FEMALE","FEMALE","FEMALE","FEMALE","FEMALE","FEMALE","FEMALE","FEMALE","FEMALE","FEMALE","FEMALE","FEMALE","FEMALE","FEMALE","FEMALE","FEMALE","FEMALE","FEMALE","FEMALE","FEMALE","FEMALE","FEMALE","FEMALE","FEMALE","FEMALE","FEMALE","FEMALE","FEMALE","FEMALE","FEMALE","FEMALE","FEMALE","FEMALE","FEMALE","FEMALE","FEMALE","FEMALE","FEMALE","FEMALE","FEMALE","FEMALE","FEMALE","FEMALE","FEMALE","FEMALE","FEMALE","FEMALE","FEMALE","FEMALE","FEMALE","FEMALE","FEMALE","FEMALE","FEMALE","FEMALE","FEMALE","FEMALE","FEMALE","FEMALE","FEMALE","FEMALE","FEMALE","FEMALE","FEMALE","FEMALE","FEMALE","FEMALE","FEMALE","FEMALE","FEMALE","FEMALE","FEMALE","FEMALE","FEMALE","FEMALE","FEMALE","FEMALE","FEMALE","FEMALE","FEMALE","FEMALE","FEMALE","FEMALE","FEMALE","FEMALE","FEMALE","FEMALE","FEMALE","FEMALE","FEMALE","FEMALE","FEMALE"],"X_CALENDAR_YEAR":[2004,2004,2004,2004,2004,2004,2004,2004,2005,2005,2005,2005,2005,2005,2005,2005,2006,2006,2006,2006,2006,2006,2006,2006,2007,2007,2007,2007,2007,2007,2007,2007,2008,2008,2008,2008,2008,2008,2008,2008,2009,2009,2009,2009,2009,2009,2009,2009,2010,2010,2010,2010,2010,2010,2010,2010,2011,2011,2011,2011,2011,2011,2011,2012,2012,2012,2012,2012,2012,2012,2012,2013,2013,2013,2013,2013,2013,2013,2013,2014,2014,2014,2014,2014,2014,2014,2014,2015,2015,2015,2015,2015,2015,2015,2015],"Y_PREVALENCE_1000PP":[0.91113,5.46001,8.20212,10.94638,4.79265,3.8688,3.16382,6.5364,5.58227,0.75846,7.57014,3.48485,4.21257,2.78396,1.6715,4.87313,1.2103,1.77058,2.26404,2.30684,3.93257,4.15184,2.41463,0.45183,5.89595,2.84125,0.3397,4.21771,6.8252,6.01524,0.81515,3.3105,0.24785,2.97271,1.81288,3.98368,3.41523,1.90543,0.84781,1.79674,1.57888,3.02202,0.36736,3.00803,2.14998,0.83895,0.86374,1.61719,1.31645,2.45708,0.33336,2.49837,1.28643,1.67687,0.77517,0.84962,0.8576,1.11407,3.50877,2.53102,1.46451,1.52697,3.35114,0.47818,5.60118,1.70685,1.44284,2.84934,4.10162,7.00193,6.98674,2.48185,1.38406,1.66352,6.20904,0.60586,4.98359,6.91611,8.213,6.34748,2.5656,4.70028,1.02514,7.56704,7.07054,3.08372,2.02054,3.73497,1.95497,1.29342,2.73554,5.59029,2.17775,5.55102,0.95311]},"PREVALENCE_BY_MONTH":{"X_CALENDAR_MONTH":["200401","200402","200403","200404","200405","200406","200407","200408","200409","200410","200411","200412","200501","200502","200503","200504","200505","200506","200507","200508","200509","200510","200511","200512","200601","200602","200603","200604","200605","200606","200607","200608","200609","200610","200611","200612","200701","200702","200703","200704","200705","200706","200707","200708","200709","200710","200711","200712","200801","200802","200803","200804","200805","200806","200807","200808","200809","200810","200811","200812","200901","200902","200903","200904","200905","200906","200907","200908","200909","200910","200911","200912","201001","201002","201003","201004","201005","201006","201007","201008","201009","201010","201011","201012","201101","201102","201103","201104","201105","201106","201107","201108","201109","201110","201111","201112","201201","201202","201203","201204","201205","201206","201207","201208","201209","201210","201211","201212","201301","201302","201303","201304","201305","201306","201307","201308","201309","201310","201311","201312","201401","201402","201403","201404","201405","201406","201407","201408","201409","201410","201411","201412","201501","201502","201503","201504","201505","201506"],"Y_PREVALENCE_1000PP":[1.58818,1.16264,0.87795,0.72041,0.57329,0.62287,0.39103,0.33242,0.35462,0.34743,0.44211,0.24101,0.25798,0.36103,0.52044,0.38243,0.33845,0.3703,0.20792,0.26231,0.21739,0.19394,0.20735,0.12635,0.13611,0.17351,0.22385,0.14693,0.1562,0.19558,0.15045,0.08,0.12644,0.14301,0.13857,0.23715,0.20682,0.19556,0.23834,0.25112,0.19093,0.343,0.23667,0.29594,0.22432,0.23203,0.18178,0.19796,0.19643,0.10773,0.12341,0.123,0.12911,0.13198,0.13456,0.11525,0.15292,0.09503,0.10447,0.13552,0.12566,0.08784,0.12798,0.13418,0.11514,0.13066,0.09967,0.10287,0.0809,0.07762,0.1149,0.10556,0.11178,0.11186,0.12375,0.1053,0.07132,0.07752,0.06213,0.08399,0.05611,0.04989,0.08752,0.09097,0.12266,0.1198,0.1007,0.10765,0.13651,0.10526,0.08984,0.12879,0.12302,0.12326,0.18882,0.23874,0.2427,0.21073,0.22752,0.29234,0.25691,0.26258,0.24418,0.22152,0.22669,0.28626,0.2639,0.23064,0.25632,0.24142,0.25025,0.35671,0.29458,0.25057,0.23445,0.21873,0.30944,0.41296,0.27126,0.19569,0.35323,0.26105,0.38155,0.39031,0.3433,0.34933,0.25787,0.27275,0.31802,0.29546,0.35072,0.34753,0.46336,0.57676,0.43384,0.54038,0.85165,0.6972]},"CONDITIONS_BY_TYPE":{"CONCEPT_NAME":["Primary Condition","Secondary Condition"],"COUNT_VALUE":[6883,3342]},"AGE_AT_FIRST_DIAGNOSIS":{"CATEGORY":["MALE","FEMALE"],"MIN_VALUE":[0,0],"P10_VALUE":[13,28],"P25_VALUE":[18,39],"MEDIAN_VALUE":[46,49],"P75_VALUE":[64,60],"P90_VALUE":[77,70],"MAX_VALUE":[93,102]}}
