{"PREVALENCE_BY_GENDER_AGE_YEAR":{"TRELLIS_NAME":["60-69","60-69","60-69","60-69"],"SERIES_NAME":["MALE","MALE","MALE","MALE"],"X_CALENDAR_YEAR":[2009,2010,2011,2012],"Y_PREVALENCE_1000PP":[0.60188,0.42054,0.41273,0.477]},"PREVALENCE_BY_MONTH":{"X_CALENDAR_MONTH":["200804","200906","200908","201001","201004","201005"],"Y_PREVALENCE_1000PP":[0.01942,0.01867,0.02805,0.01863,0.01858,0.02481]},"CONDITIONS_BY_TYPE":{"CONCEPT_NAME":["Primary Condition","Secondary Condition"],"COUNT_VALUE":[726,66]},"AGE_AT_FIRST_DIAGNOSIS":{"CATEGORY":["FEMALE","MALE"],"MIN_VALUE":[21,37],"P10_VALUE":[49,52],"P25_VALUE":[58,58],"MEDIAN_VALUE":[63,65],"P75_VALUE":[72,70],"P90_VALUE":[83,79],"MAX_VALUE":[85,86]}}
