{"PREVALENCE_BY_GENDER_AGE_YEAR":{"TRELLIS_NAME":["50-59","50-59","40-49","20-29","30-39","50-59","40-49","40-49","20-29","30-39","30-39","50-59","40-49","60-69","20-29","20-29","40-49","50-59","50-59","30-39","30-39","20-29","60-69","60-69","30-39","30-39","40-49","50-59","50-59","60-69","40-49","50-59","40-49","50-59","60-69","20-29","30-39","30-39"],"SERIES_NAME":["MALE","FEMALE","MALE","MALE","FEMALE","MALE","MALE","FEMALE","MALE","FEMALE","MALE","FEMALE","MALE","MALE","FEMALE","MALE","FEMALE","FEMALE","MALE","MALE","FEMALE","FEMALE","MALE","FEMALE","FEMALE","MALE","MALE","MALE","FEMALE","FEMALE","MALE","MALE","FEMALE","FEMALE","MALE","MALE","MALE","FEMALE"],"X_CALENDAR_YEAR":[2005,2007,2008,2009,2010,2011,2011,2011,2011,2011,2011,2011,2012,2012,2012,2012,2012,2012,2012,2012,2012,2013,2013,2013,2013,2013,2013,2013,2013,2014,2014,2014,2014,2014,2014,2014,2014,2014],"Y_PREVALENCE_1000PP":[0.51972,0.21553,0.3248,0.35723,0.15752,0.5898,0.50847,0.20243,0.40258,0.19087,0.66744,0.34908,0.41956,0.318,0.16648,0.36036,0.39412,0.36468,0.81562,0.49941,0.235,0.20614,0.32192,0.38806,0.24819,0.58445,0.51716,0.42676,0.3438,0.27203,0.59299,0.40893,0.39827,0.3347,0.33921,0.43449,0.65198,0.2453]},"PREVALENCE_BY_MONTH":{"X_CALENDAR_MONTH":["200605","200805","200907","201005","201006","201007","201008","201101","201104","201105","201106","201107","201108","201109","201110","201111","201201","201202","201203","201204","201205","201206","201207","201208","201209","201210","201211","201212","201301","201304","201305","201307","201308","201309","201311","201401","201403","201404","201405","201406","201407","201408","201409","201410","201412","201501","201502","201503","201504","201505"],"Y_PREVALENCE_1000PP":[0.02231,0.02582,0.0218,0.02171,0.0248,0.01864,0.01866,0.01887,0.03166,0.01905,0.03828,0.02246,0.0322,0.02914,0.03893,0.03581,0.04592,0.02305,0.03627,0.0299,0.06006,0.02693,0.04748,0.02386,0.02748,0.04139,0.04514,0.03844,0.03511,0.03603,0.03273,0.03721,0.04526,0.02292,0.02752,0.04466,0.02516,0.03002,0.03521,0.02722,0.03282,0.04383,0.03029,0.06331,0.04194,0.05221,0.05768,0.08838,0.08843,0.08377]},"CONDITIONS_BY_TYPE":{"CONCEPT_NAME":["Primary Condition","Secondary Condition"],"COUNT_VALUE":[90,605]},"AGE_AT_FIRST_DIAGNOSIS":{"CATEGORY":["FEMALE","MALE"],"MIN_VALUE":[1,0],"P10_VALUE":[28,25],"P25_VALUE":[36,34],"MEDIAN_VALUE":[49,45],"P75_VALUE":[60,55],"P90_VALUE":[73,65],"MAX_VALUE":[90,93]}}
