{"PREVALENCE_BY_GENDER_AGE_YEAR":{"TRELLIS_NAME":["0-9","50-59","50-59","50-59","40-49","10-19","60-69","20-29","0-9","50-59","50-59","10-19"],"SERIES_NAME":["MALE","FEMALE","FEMALE","FEMALE","MALE","FEMALE","FEMALE","FEMALE","MALE","FEMALE","FEMALE","MALE"],"X_CALENDAR_YEAR":[2004,2004,2005,2006,2006,2006,2006,2006,2007,2007,2008,2008],"Y_PREVALENCE_1000PP":[0.33618,0.35441,0.24448,0.25949,0.35545,0.2711,0.30187,0.23053,0.24917,0.25145,0.24394,0.41025]},"PREVALENCE_BY_MONTH":{"X_CALENDAR_MONTH":["200401","200402","200404","200406","200408","200409","200410","200411","200503","200603","200604","200605","200606","200607","200608","200609","200610","200611","200702","200707","200710","200711","200712","200801","200802","200805","200806","200807","200810","200812","200905","200906"],"Y_PREVALENCE_1000PP":[0.11911,0.07838,0.05933,0.04791,0.0544,0.04004,0.07057,0.06242,0.02763,0.04173,0.03767,0.03347,0.02583,0.02569,0.04727,0.04696,0.03575,0.02132,0.02095,0.03719,0.03646,0.03305,0.0231,0.01964,0.03264,0.03873,0.02897,0.03204,0.02534,0.02521,0.01867,0.01867]},"CONDITIONS_BY_TYPE":{"CONCEPT_NAME":["Primary Condition","Secondary Condition"],"COUNT_VALUE":[374,76]},"AGE_AT_FIRST_DIAGNOSIS":{"CATEGORY":["MALE","FEMALE"],"MIN_VALUE":[0,1],"P10_VALUE":[3,9],"P25_VALUE":[10,21],"MEDIAN_VALUE":[25,39],"P75_VALUE":[47,57],"P90_VALUE":[63,72],"MAX_VALUE":[81,91]}}
