{"PREVALENCE_BY_GENDER_AGE_YEAR":{"TRELLIS_NAME":[],"SERIES_NAME":[],"X_CALENDAR_YEAR":[],"Y_PREVALENCE_1000PP":[]},"PREVALENCE_BY_MONTH":{"X_CALENDAR_MONTH":["201204","201301","201407","201409","201410","201411","201412","201501","201502","201503","201504","201505"],"Y_PREVALENCE_1000PP":[0.01993,0.02107,0.03282,0.03534,0.04748,0.03394,0.04794,0.05221,0.05047,0.05624,0.06878,0.09773]},"CONDITIONS_BY_TYPE":{"CONCEPT_NAME":["Primary Condition","Secondary Condition"],"COUNT_VALUE":[556,324]},"AGE_AT_FIRST_DIAGNOSIS":{"CATEGORY":["MALE","FEMALE"],"MIN_VALUE":[2,1],"P10_VALUE":[2,2],"P25_VALUE":[3,3],"MEDIAN_VALUE":[20,18],"P75_VALUE":[45,32],"P90_VALUE":[57,56],"MAX_VALUE":[67,66]}}
