{"PREVALENCE_BY_GENDER_AGE_YEAR":{"TRELLIS_NAME":["0-9","10-19","10-19","0-9","0-9","0-9","10-19","40-49","0-9","0-9","0-9","10-19","10-19","0-9","10-19","0-9","0-9","0-9","0-9","80-89"],"SERIES_NAME":["FEMALE","MALE","FEMALE","MALE","FEMALE","MALE","MALE","FEMALE","FEMALE","MALE","MALE","FEMALE","MALE","FEMALE","FEMALE","MALE","MALE","MALE","FEMALE","FEMALE"],"X_CALENDAR_YEAR":[2004,2004,2004,2004,2005,2005,2005,2006,2006,2006,2007,2007,2008,2008,2008,2008,2010,2011,2011,2012],"Y_PREVALENCE_1000PP":[0.7734,0.49116,0.66816,0.81644,0.51385,1.11736,0.39989,0.23937,0.38783,0.60797,0.60513,0.25478,0.31908,0.34738,0.24785,0.31001,0.23941,0.38329,0.23602,0.74675]},"PREVALENCE_BY_MONTH":{"X_CALENDAR_MONTH":["200401","200403","200406","200407","200408","200410","200411","200412","200501","200502","200503","200504","200505","200508","200509","200601","200602","200603","200604","200605","200606","200607","200608","200609","200610","200612","200702","200703","200707","200709","200803","200806","200807","200808","200809","201005","201008","201012","201106","201107","201108","201109","201110","201111","201112","201204","201205","201206","201207","201208","201303","201504"],"Y_PREVALENCE_1000PP":[0.11911,0.05919,0.04791,0.04487,0.04231,0.05971,0.03641,0.04017,0.03407,0.0475,0.05987,0.03149,0.02637,0.03331,0.04102,0.035,0.02699,0.02276,0.02637,0.02231,0.0369,0.04403,0.02909,0.02167,0.02145,0.02124,0.02445,0.02418,0.02705,0.02678,0.02598,0.02253,0.01922,0.02241,0.02549,0.0186,0.028,0.02823,0.0319,0.02567,0.02254,0.02266,0.02271,0.02604,0.01962,0.01993,0.02336,0.0202,0.02713,0.03067,0.02145,0.05895]},"CONDITIONS_BY_TYPE":{"CONCEPT_NAME":["Primary Condition","Secondary Condition"],"COUNT_VALUE":[302,455]},"AGE_AT_FIRST_DIAGNOSIS":{"CATEGORY":["MALE","FEMALE"],"MIN_VALUE":[0,0],"P10_VALUE":[2,1],"P25_VALUE":[5,8],"MEDIAN_VALUE":[14,30],"P75_VALUE":[56,65],"P90_VALUE":[74,81],"MAX_VALUE":[95,92]}}
