{"PREVALENCE_BY_GENDER_AGE_YEAR":{"TRELLIS_NAME":["40-49","40-49","10-19","0-9","10-19","0-9","20-29","20-29","0-9","10-19","0-9","10-19","20-29","20-29","0-9","30-39","0-9","10-19","10-19","50-59","20-29","0-9","40-49","10-19","20-29","10-19","40-49","40-49","50-59","0-9","10-19","0-9","20-29","50-59","30-39","0-9","0-9","10-19","20-29","20-29","30-39","30-39","50-59","20-29","20-29","40-49","10-19","0-9","0-9","50-59","10-19","40-49","0-9","50-59","0-9","30-39","30-39","20-29","20-29","60-69","0-9","10-19","30-39"],"SERIES_NAME":["MALE","FEMALE","MALE","FEMALE","FEMALE","MALE","FEMALE","MALE","MALE","MALE","FEMALE","FEMALE","FEMALE","FEMALE","MALE","MALE","FEMALE","FEMALE","FEMALE","FEMALE","FEMALE","FEMALE","MALE","FEMALE","FEMALE","FEMALE","FEMALE","MALE","MALE","MALE","MALE","FEMALE","FEMALE","FEMALE","MALE","MALE","FEMALE","FEMALE","FEMALE","MALE","FEMALE","MALE","MALE","MALE","FEMALE","MALE","FEMALE","FEMALE","MALE","FEMALE","FEMALE","MALE","FEMALE","MALE","MALE","MALE","FEMALE","MALE","FEMALE","MALE","MALE","FEMALE","MALE"],"X_CALENDAR_YEAR":[2004,2004,2004,2004,2004,2004,2004,2004,2005,2005,2005,2005,2005,2006,2006,2006,2006,2006,2007,2009,2009,2010,2010,2010,2010,2011,2011,2011,2011,2011,2011,2011,2011,2011,2011,2012,2012,2012,2012,2012,2012,2012,2012,2013,2013,2013,2013,2013,2013,2014,2014,2014,2014,2014,2014,2014,2014,2014,2014,2014,2015,2015,2015],"Y_PREVALENCE_1000PP":[0.67779,0.32331,0.56132,1.04961,1.09336,1.24868,0.2315,0.55981,1.40705,0.39989,1.12113,1.01128,0.2523,0.1729,0.41798,0.54411,0.38783,0.31628,0.46709,0.23928,0.17272,0.34947,0.43328,0.25002,0.27506,0.81472,0.26991,0.33898,0.2949,0.38329,0.37058,0.66871,0.28767,0.20945,0.42473,0.49875,0.64223,0.82594,0.44395,0.5148,0.235,0.37456,0.30586,0.65477,0.26503,0.45252,0.88549,0.67383,0.44868,0.25103,1.13305,0.66711,0.55747,0.58418,0.33055,0.57954,0.21025,0.49656,0.43061,0.45228,0.51121,0.8578,1.02745]},"PREVALENCE_BY_MONTH":{"X_CALENDAR_MONTH":["200401","200402","200403","200404","200405","200406","200407","200408","200410","200411","200412","200501","200502","200503","200504","200505","200506","200507","200508","200509","200510","200511","200512","200601","200602","200603","200606","200608","200709","200711","200808","200810","200903","200905","200907","200908","200909","200910","201001","201004","201007","201008","201010","201011","201012","201102","201103","201104","201105","201106","201107","201108","201109","201110","201111","201112","201201","201202","201203","201204","201206","201207","201208","201209","201210","201211","201212","201301","201302","201303","201304","201305","201306","201307","201308","201310","201312","201401","201402","201403","201404","201405","201406","201407","201408","201409","201410","201411","201412","201501","201502","201503","201504","201505"],"Y_PREVALENCE_1000PP":[0.31764,0.22208,0.05919,0.07628,0.0528,0.06845,0.08333,0.07253,0.076,0.06242,0.03515,0.05841,0.04275,0.05066,0.06749,0.05714,0.06028,0.04243,0.0458,0.03692,0.02828,0.0638,0.03554,0.035,0.06169,0.04932,0.02583,0.02546,0.02009,0.02314,0.02241,0.01901,0.02185,0.02178,0.01869,0.0187,0.02178,0.02173,0.01863,0.01858,0.01864,0.01866,0.02495,0.02188,0.0251,0.03783,0.02203,0.02533,0.03175,0.04785,0.01925,0.0322,0.04208,0.02595,0.04558,0.02616,0.02296,0.03951,0.03627,0.0299,0.03366,0.05426,0.0443,0.03778,0.03794,0.04167,0.03844,0.04214,0.0497,0.02145,0.02162,0.04364,0.04053,0.04094,0.03394,0.03859,0.03195,0.03248,0.02486,0.06289,0.04289,0.03961,0.0862,0.05157,0.04383,0.04038,0.07387,0.06788,0.0719,0.05221,0.08651,0.14461,0.10808,0.13961]},"CONDITIONS_BY_TYPE":{"CONCEPT_NAME":["Primary Condition","Secondary Condition"],"COUNT_VALUE":[750,333]},"AGE_AT_FIRST_DIAGNOSIS":{"CATEGORY":["MALE","FEMALE"],"MIN_VALUE":[0,0],"P10_VALUE":[2,2],"P25_VALUE":[5,14],"MEDIAN_VALUE":[27,20],"P75_VALUE":[48,42],"P90_VALUE":[62,64],"MAX_VALUE":[115,105]}}
