{"PREVALENCE_BY_GENDER_AGE_YEAR":{"TRELLIS_NAME":["60-69","80-89","80-89","50-59","70-79","40-49","50-59","70-79","30-39","50-59","20-29","50-59","40-49","70-79","70-79","90-99","60-69","80-89","80-89","60-69","30-39","70-79","50-59","50-59","80-89","60-69","80-89","40-49","70-79","60-69","70-79","50-59","40-49","70-79","50-59","30-39","60-69","60-69","80-89","80-89","30-39","80-89","60-69","70-79","40-49","70-79","50-59","50-59","60-69","90-99","80-89","40-49","50-59","70-79","80-89","60-69"],"SERIES_NAME":["MALE","MALE","FEMALE","FEMALE","FEMALE","MALE","MALE","MALE","MALE","FEMALE","MALE","MALE","MALE","FEMALE","MALE","MALE","MALE","MALE","FEMALE","FEMALE","MALE","FEMALE","FEMALE","MALE","MALE","MALE","FEMALE","MALE","MALE","FEMALE","FEMALE","FEMALE","MALE","MALE","MALE","MALE","MALE","FEMALE","FEMALE","MALE","MALE","MALE","MALE","FEMALE","MALE","MALE","MALE","FEMALE","FEMALE","FEMALE","FEMALE","MALE","MALE","MALE","MALE","MALE"],"X_CALENDAR_YEAR":[2010,2010,2010,2010,2010,2010,2010,2010,2011,2011,2011,2011,2011,2011,2011,2011,2011,2011,2011,2011,2012,2012,2012,2012,2012,2012,2012,2012,2012,2012,2013,2013,2013,2013,2013,2013,2013,2013,2013,2013,2014,2014,2014,2014,2014,2014,2014,2014,2014,2014,2014,2015,2015,2015,2015,2015],"Y_PREVALENCE_1000PP":[1.78731,3.08119,1.69924,0.23957,0.81494,0.48744,1.26226,1.81777,0.42473,0.20945,0.30193,2.11344,2.0339,1.17596,3.12709,6.01805,2.42481,3.58262,1.46077,0.4979,0.81154,1.3468,0.29175,2.29393,2.38628,2.27899,2.02688,2.33757,2.77382,0.54748,1.51939,0.3056,2.52117,2.74786,2.77393,1.03903,3.16558,0.86237,1.66352,3.76676,0.57954,3.01971,3.56174,1.0302,1.33422,3.51865,3.03774,0.29286,0.86144,2.61552,1.2828,0.86894,2.04874,3.63165,2.32678,2.66362]},"PREVALENCE_BY_MONTH":{"X_CALENDAR_MONTH":["200910","200911","200912","201001","201002","201003","201004","201005","201006","201007","201008","201009","201010","201011","201012","201101","201102","201103","201104","201105","201106","201107","201108","201109","201110","201111","201112","201201","201202","201203","201204","201205","201206","201207","201208","201209","201210","201211","201212","201301","201302","201303","201304","201305","201306","201307","201308","201309","201310","201311","201312","201401","201402","201403","201404","201405","201406","201407","201408","201409","201410","201411","201412","201501","201502","201503","201504","201505"],"Y_PREVALENCE_1000PP":[0.03415,0.03105,0.02484,0.05279,0.02486,0.0526,0.03407,0.06202,0.03101,0.04349,0.03422,0.04676,0.04677,0.05001,0.0596,0.03774,0.09142,0.07867,0.07599,0.10476,0.08293,0.08342,0.10303,0.11007,0.10056,0.05209,0.07522,0.07871,0.07902,0.07914,0.06976,0.11011,0.07743,0.10174,0.15677,0.09617,0.07243,0.09028,0.11532,0.11587,0.10651,0.143,0.10809,0.12001,0.08107,0.13397,0.10182,0.0764,0.10806,0.11401,0.19969,0.11774,0.11602,0.16352,0.10723,0.13204,0.11342,0.15941,0.11202,0.09591,0.11607,0.10182,0.16778,0.18273,0.10814,0.21692,0.18668,0.37696]},"CONDITIONS_BY_TYPE":{"CONCEPT_NAME":["Primary Condition","Secondary Condition"],"COUNT_VALUE":[1107,820]},"AGE_AT_FIRST_DIAGNOSIS":{"CATEGORY":["MALE","FEMALE"],"MIN_VALUE":[20,21],"P10_VALUE":[43,51],"P25_VALUE":[52,62],"MEDIAN_VALUE":[63,72],"P75_VALUE":[73,82],"P90_VALUE":[82,88],"MAX_VALUE":[100,96]}}
