{"PREVALENCE_BY_GENDER_AGE_YEAR":{"TRELLIS_NAME":["50-59","40-49","60-69","20-29"],"SERIES_NAME":["FEMALE","FEMALE","FEMALE","FEMALE"],"X_CALENDAR_YEAR":[2006,2006,2012,2013],"Y_PREVALENCE_1000PP":[0.22242,0.20518,0.37903,0.17669]},"PREVALENCE_BY_MONTH":{"X_CALENDAR_MONTH":["200502","200603","200607","200608","200609","200610","200611","201111","201211","201212","201301","201308","201309","201311","201312","201401"],"Y_PREVALENCE_1000PP":[0.0285,0.03035,0.03303,0.03636,0.02167,0.03218,0.02487,0.01953,0.03125,0.03495,0.02107,0.04526,0.03056,0.03538,0.03994,0.02842]},"CONDITIONS_BY_TYPE":{"CONCEPT_NAME":["Primary Condition","Secondary Condition"],"COUNT_VALUE":[470,36]},"AGE_AT_FIRST_DIAGNOSIS":{"CATEGORY":["MALE","FEMALE"],"MIN_VALUE":[1,5],"P10_VALUE":[15,20],"P25_VALUE":[26,29],"MEDIAN_VALUE":[43,45],"P75_VALUE":[63,60],"P90_VALUE":[69,69],"MAX_VALUE":[81,87]}}
