{"PREVALENCE_BY_GENDER_AGE_YEAR":{"TRELLIS_NAME":["60-69","0-9","80-89","60-69","30-39","70-79","70-79","50-59","40-49","40-49","50-59","60-69","60-69","80-89","40-49","50-59","70-79","40-49","70-79","30-39","50-59","50-59","50-59","60-69","60-69","50-59","50-59","40-49","50-59","60-69"],"SERIES_NAME":["FEMALE","MALE","FEMALE","MALE","FEMALE","MALE","FEMALE","FEMALE","FEMALE","MALE","MALE","FEMALE","MALE","MALE","MALE","MALE","FEMALE","FEMALE","MALE","MALE","FEMALE","FEMALE","MALE","MALE","MALE","MALE","MALE","MALE","MALE","MALE"],"X_CALENDAR_YEAR":[2004,2004,2004,2004,2004,2004,2004,2004,2004,2004,2004,2005,2005,2005,2005,2005,2005,2005,2005,2005,2005,2006,2006,2006,2007,2007,2008,2008,2010,2010],"Y_PREVALENCE_1000PP":[0.90397,0.28816,1.68209,1.51486,0.27726,1.03022,0.91,0.60756,0.55425,1.35559,1.4136,0.56013,1.22455,1.51221,0.93689,1.62411,0.60606,0.48241,1.24557,0.60441,0.57045,0.22242,0.40323,0.6676,0.61211,0.37355,0.40367,0.37893,0.43694,0.36798]},"PREVALENCE_BY_MONTH":{"X_CALENDAR_MONTH":["200401","200402","200403","200404","200405","200406","200407","200408","200409","200410","200411","200412","200501","200502","200503","200504","200505","200506","200507","200508","200509","200605","200606","200703","200706","200707","200802","200805","200806","200808","201006","201007","201010","201103","201303","201307","201404","201409"],"Y_PREVALENCE_1000PP":[0.19852,0.1437,0.10851,0.13561,0.12824,0.06845,0.09615,0.09671,0.09151,0.08143,0.07802,0.07532,0.10709,0.038,0.08751,0.06299,0.12307,0.0775,0.08487,0.05829,0.09024,0.02231,0.02583,0.02073,0.02717,0.02029,0.02285,0.02259,0.02253,0.02241,0.0217,0.01864,0.01871,0.01888,0.02145,0.02233,0.0386,0.03029]},"CONDITIONS_BY_TYPE":{"CONCEPT_NAME":["Primary Condition","Secondary Condition"],"COUNT_VALUE":[120,582]},"AGE_AT_FIRST_DIAGNOSIS":{"CATEGORY":["FEMALE","MALE"],"MIN_VALUE":[0,0],"P10_VALUE":[17,22],"P25_VALUE":[42,44],"MEDIAN_VALUE":[56,56],"P75_VALUE":[71,65],"P90_VALUE":[80,74],"MAX_VALUE":[95,93]}}
