{"PREVALENCE_BY_GENDER_AGE_YEAR":{"TRELLIS_NAME":["80-89","70-79","70-79","80-89","80-89","90-99","60-69","70-79","70-79","70-79","50-59","70-79","80-89","90-99","80-89","90-99","70-79","70-79","60-69","90-99","80-89","80-89","50-59","70-79","70-79","80-89","60-69","60-69","90-99","80-89","90-99","80-89","60-69","90-99","60-69","80-89","90-99","70-79","50-59","70-79","60-69","70-79","90-99","80-89"],"SERIES_NAME":["FEMALE","FEMALE","MALE","MALE","FEMALE","FEMALE","FEMALE","MALE","FEMALE","MALE","MALE","FEMALE","MALE","MALE","FEMALE","FEMALE","FEMALE","MALE","MALE","FEMALE","FEMALE","MALE","MALE","MALE","FEMALE","FEMALE","FEMALE","MALE","FEMALE","MALE","MALE","MALE","MALE","MALE","FEMALE","FEMALE","FEMALE","FEMALE","MALE","MALE","FEMALE","MALE","MALE","FEMALE"],"X_CALENDAR_YEAR":[2009,2009,2009,2010,2010,2010,2010,2010,2010,2011,2011,2011,2011,2011,2011,2011,2012,2012,2012,2012,2012,2012,2013,2013,2013,2013,2013,2013,2013,2013,2013,2014,2014,2014,2014,2014,2014,2014,2014,2014,2015,2015,2015,2015],"Y_PREVALENCE_1000PP":[0.86374,0.63155,0.46908,0.92436,2.12404,5.72519,0.29345,0.60592,0.56419,0.96791,0.2949,0.37136,1.49276,10.03009,1.98247,5.46946,0.6734,0.59975,0.477,4.03769,0.74675,1.49142,0.42676,0.96547,0.4862,2.10713,0.51742,0.37558,3.80711,1.35603,6.26118,1.27146,0.62189,5.47945,0.36271,0.93294,5.66696,0.70826,0.46734,0.86011,0.4482,0.77821,8.35655,1.29342]},"PREVALENCE_BY_MONTH":{"X_CALENDAR_MONTH":["200910","200911","200912","201003","201004","201005","201006","201007","201008","201009","201010","201011","201012","201101","201102","201103","201104","201105","201107","201108","201109","201111","201112","201201","201203","201205","201207","201208","201209","201210","201301","201303","201304","201305","201306","201308","201310","201311","201312","201401","201402","201403","201404","201406","201408","201409","201410","201411","201412","201501","201502","201503","201504"],"Y_PREVALENCE_1000PP":[0.02173,0.03416,0.01863,0.02475,0.01858,0.0186,0.0186,0.03417,0.02178,0.02806,0.02495,0.04064,0.02196,0.02202,0.03468,0.02203,0.038,0.02222,0.03209,0.02576,0.02266,0.01953,0.02943,0.02952,0.03297,0.02002,0.03391,0.02386,0.03091,0.02069,0.04565,0.0286,0.02522,0.03273,0.03685,0.0528,0.05017,0.03538,0.04393,0.04872,0.02901,0.05031,0.04718,0.04537,0.03409,0.04038,0.03693,0.06222,0.0719,0.11747,0.0793,0.08034,0.06878]},"CONDITIONS_BY_TYPE":{"CONCEPT_NAME":"Secondary Condition","COUNT_VALUE":590},"AGE_AT_FIRST_DIAGNOSIS":{"CATEGORY":["FEMALE","MALE"],"MIN_VALUE":[2,1],"P10_VALUE":[60,47],"P25_VALUE":[70,62],"MEDIAN_VALUE":[81,73],"P75_VALUE":[90,83],"P90_VALUE":[96,91],"MAX_VALUE":[105,102]}}
