{"PREVALENCE_BY_GENDER_AGE_YEAR":{"TRELLIS_NAME":["0-9","10-19","0-9","20-29","20-29","0-9","0-9","10-19","0-9","10-19","0-9","20-29","0-9","0-9","0-9","10-19","0-9","10-19","40-49","0-9","20-29","0-9","10-19","20-29","30-39","0-9","10-19","0-9","0-9"],"SERIES_NAME":["FEMALE","MALE","MALE","MALE","MALE","MALE","MALE","MALE","FEMALE","MALE","MALE","MALE","MALE","FEMALE","MALE","MALE","MALE","MALE","MALE","FEMALE","MALE","MALE","MALE","MALE","MALE","FEMALE","MALE","MALE","MALE"],"X_CALENDAR_YEAR":[2006,2006,2006,2006,2007,2007,2008,2008,2009,2009,2009,2010,2010,2010,2011,2011,2012,2012,2012,2012,2012,2013,2013,2013,2014,2014,2014,2014,2015],"Y_PREVALENCE_1000PP":[0.34474,0.40636,0.26599,0.43303,0.3917,0.64073,0.37891,0.36466,0.22843,0.40161,0.37424,0.30125,0.41041,0.31064,0.41813,0.37058,0.64125,0.3305,0.41956,0.28098,0.5148,0.67302,0.55821,0.32739,0.5071,0.46455,0.5286,0.61978,0.43818]},"PREVALENCE_BY_MONTH":{"X_CALENDAR_MONTH":["200607","200608","200610","200706","200804","200806","200903","200904","200905","201005","201110","201203","201206","201208","201209","201212","201303","201307","201311","201405","201406","201408","201410","201411","201501"],"Y_PREVALENCE_1000PP":[0.02936,0.02546,0.0286,0.02377,0.02266,0.03219,0.03434,0.01872,0.01867,0.02171,0.02271,0.02968,0.03703,0.02386,0.02748,0.02796,0.02145,0.02233,0.03931,0.03081,0.03176,0.06332,0.03166,0.03394,0.04568]},"CONDITIONS_BY_TYPE":{"CONCEPT_NAME":["Primary Condition","Secondary Condition"],"COUNT_VALUE":[365,112]},"AGE_AT_FIRST_DIAGNOSIS":{"CATEGORY":["MALE","FEMALE"],"MIN_VALUE":[0,0],"P10_VALUE":[2,2],"P25_VALUE":[5,5],"MEDIAN_VALUE":[18,21],"P75_VALUE":[35,51],"P90_VALUE":[56,78],"MAX_VALUE":[99,93]}}
