{"PREVALENCE_BY_GENDER_AGE_YEAR":{"TRELLIS_NAME":["20-29","30-39","10-19","40-49","30-39","20-29","10-19","40-49","30-39","10-19","40-49","20-29","30-39","20-29","10-19","40-49","30-39","20-29","10-19","40-49","20-29","30-39","10-19","40-49","20-29","30-39","40-49","10-19","30-39","20-29","10-19","40-49","40-49","30-39","20-29","10-19","40-49","10-19","20-29","30-39","20-29","30-39","10-19","40-49","30-39","10-19","40-49","20-29"],"SERIES_NAME":["FEMALE","FEMALE","FEMALE","FEMALE","FEMALE","FEMALE","FEMALE","FEMALE","FEMALE","FEMALE","FEMALE","FEMALE","FEMALE","FEMALE","FEMALE","FEMALE","FEMALE","FEMALE","FEMALE","FEMALE","FEMALE","FEMALE","FEMALE","FEMALE","FEMALE","FEMALE","FEMALE","FEMALE","FEMALE","FEMALE","FEMALE","FEMALE","FEMALE","FEMALE","FEMALE","FEMALE","FEMALE","FEMALE","FEMALE","FEMALE","FEMALE","FEMALE","FEMALE","FEMALE","FEMALE","FEMALE","FEMALE","FEMALE"],"X_CALENDAR_YEAR":[2004,2004,2004,2004,2005,2005,2005,2005,2006,2006,2006,2006,2007,2007,2007,2007,2008,2008,2008,2008,2009,2009,2009,2009,2010,2010,2010,2010,2011,2011,2011,2011,2012,2012,2012,2012,2013,2013,2013,2013,2014,2014,2014,2014,2015,2015,2015,2015],"Y_PREVALENCE_1000PP":[16.62937,11.13004,3.1586,2.26317,9.46209,12.80434,1.56748,1.66988,9.28728,2.03326,1.36785,13.63034,8.59018,13.1511,2.71762,1.20305,7.48752,11.43254,2.72637,1.58699,11.74526,6.96437,1.95926,1.06092,10.97747,7.74481,1.64883,2.75023,8.50739,11.1146,2.52991,1.68691,1.68398,9.723,15.03885,2.30395,2.48669,2.14382,13.69339,11.16833,16.85989,11.35368,2.32006,3.00912,9.73344,0.76249,2.44898,12.04515]},"PREVALENCE_BY_MONTH":{"X_CALENDAR_MONTH":["200401","200402","200403","200404","200405","200406","200407","200408","200409","200410","200411","200412","200501","200502","200503","200504","200505","200506","200507","200508","200509","200510","200511","200512","200601","200602","200603","200604","200605","200606","200607","200608","200609","200610","200611","200612","200701","200702","200703","200704","200705","200706","200707","200708","200709","200710","200711","200712","200801","200802","200803","200804","200805","200806","200807","200808","200809","200810","200811","200812","200901","200902","200903","200904","200905","200906","200907","200908","200909","200910","200911","200912","201001","201002","201003","201004","201005","201006","201007","201008","201009","201010","201011","201012","201101","201102","201103","201104","201105","201106","201107","201108","201109","201110","201111","201112","201201","201202","201203","201204","201205","201206","201207","201208","201209","201210","201211","201212","201301","201302","201303","201304","201305","201306","201307","201308","201309","201310","201311","201312","201401","201402","201403","201404","201405","201406","201407","201408","201409","201410","201411","201412","201501","201502","201503","201504","201505"],"Y_PREVALENCE_1000PP":[1.38966,0.79686,0.86809,0.57632,0.56575,0.47913,0.46154,0.45331,0.36606,0.418,0.3953,0.34646,0.34073,0.31353,0.36846,0.35543,0.37362,0.21959,0.26733,0.25814,0.27072,0.22626,0.27514,0.27244,0.3111,0.23521,0.25041,0.3692,0.29381,0.28414,0.35594,0.3091,0.289,0.22167,0.25938,0.22299,0.3155,0.25493,0.27633,0.25112,0.23867,0.23093,0.24682,0.24886,0.27119,0.29169,0.2545,0.31674,0.26846,0.2383,0.21435,0.22334,0.21302,0.26075,0.29476,0.23371,0.22301,0.22807,0.16145,0.26159,0.26074,0.22273,0.20914,0.26525,0.20849,0.23643,0.23361,0.1995,0.21158,0.24528,0.22979,0.23596,0.26083,0.23304,0.24442,0.25086,0.28217,0.22014,0.22987,0.23331,0.20574,0.21827,0.22819,0.2039,0.23902,0.23644,0.22657,0.22797,0.27937,0.22648,0.20214,0.24792,0.25574,0.28221,0.16603,0.27799,0.29845,0.32597,0.33304,0.27241,0.25358,0.29288,0.24757,0.26583,0.29539,0.2966,0.34029,0.30054,0.30197,0.33018,0.32533,0.30266,0.34913,0.34269,0.28655,0.33564,0.3018,0.34349,0.28699,0.33947,0.37759,0.28177,0.34381,0.36029,0.40932,0.36294,0.50637,0.43347,0.38364,0.36933,0.48649,0.48535,0.50904,0.59118,0.69094,0.69758,1.10295]},"CONDITIONS_BY_TYPE":{"CONCEPT_NAME":["Primary Condition","Secondary Condition"],"COUNT_VALUE":[11009,1081]},"AGE_AT_FIRST_DIAGNOSIS":{"CATEGORY":"FEMALE","MIN_VALUE":13,"P10_VALUE":20,"P25_VALUE":23,"MEDIAN_VALUE":28,"P75_VALUE":33,"P90_VALUE":38,"MAX_VALUE":53}}
