{"PREVALENCE_BY_GENDER_AGE_YEAR":{"TRELLIS_NAME":["30-39","30-39","10-19","40-49","30-39","20-29","40-49","20-29","30-39","40-49","10-19","20-29","30-39","20-29","40-49","30-39","20-29","10-19","40-49","30-39","20-29","30-39","50-59","10-19","10-19","10-19"],"SERIES_NAME":["FEMALE","FEMALE","FEMALE","FEMALE","FEMALE","FEMALE","FEMALE","FEMALE","FEMALE","FEMALE","FEMALE","FEMALE","FEMALE","FEMALE","FEMALE","FEMALE","FEMALE","FEMALE","FEMALE","FEMALE","FEMALE","FEMALE","FEMALE","FEMALE","FEMALE","FEMALE"],"X_CALENDAR_YEAR":[2004,2007,2008,2008,2008,2008,2009,2009,2009,2010,2010,2010,2010,2011,2011,2011,2012,2012,2012,2012,2013,2013,2013,2013,2014,2015],"Y_PREVALENCE_1000PP":[0.27726,0.19977,0.24785,0.19433,0.37572,0.15415,0.32149,0.3948,0.28692,0.38796,0.37503,0.35008,0.21003,0.36613,0.26991,0.24541,0.27747,0.60859,0.39412,0.235,0.32393,0.24819,0.2292,0.41944,0.43164,0.66717]},"PREVALENCE_BY_MONTH":{"X_CALENDAR_MONTH":["200509","200605","200610","200703","200710","200803","200805","200807","200809","200810","200812","200901","200902","200903","200904","200906","200907","200908","200910","200912","201001","201002","201003","201004","201005","201006","201007","201008","201009","201011","201101","201102","201103","201105","201108","201109","201110","201111","201112","201201","201202","201203","201204","201205","201206","201207","201208","201210","201211","201212","201301","201302","201304","201305","201306","201307","201308","201309","201310","201311","201312","201412","201503"],"Y_PREVALENCE_1000PP":[0.02871,0.02231,0.03575,0.02073,0.0232,0.01949,0.02582,0.03524,0.01911,0.02534,0.02521,0.04398,0.01882,0.01873,0.03121,0.03111,0.01869,0.02494,0.03105,0.03105,0.02484,0.01864,0.01856,0.01858,0.02171,0.03101,0.02174,0.03733,0.0187,0.01875,0.02831,0.01892,0.02832,0.01905,0.02254,0.01942,0.01946,0.03256,0.01962,0.02296,0.02963,0.03627,0.03654,0.04004,0.03366,0.03052,0.0443,0.03794,0.02431,0.03844,0.03511,0.0355,0.02883,0.03637,0.04053,0.03349,0.04903,0.02292,0.03859,0.03538,0.04393,0.03595,0.0482]},"CONDITIONS_BY_TYPE":{"CONCEPT_NAME":["Primary Condition","Secondary Condition"],"COUNT_VALUE":[966,243]},"AGE_AT_FIRST_DIAGNOSIS":{"CATEGORY":"FEMALE","MIN_VALUE":0,"P10_VALUE":16,"P25_VALUE":21,"MEDIAN_VALUE":33,"P75_VALUE":42,"P90_VALUE":52,"MAX_VALUE":73}}
