{"PREVALENCE_BY_GENDER_AGE_YEAR":{"TRELLIS_NAME":["70-79","40-49","50-59","30-39","20-29","60-69","50-59","70-79","40-49","30-39","20-29","60-69","20-29","60-69","30-39","40-49","50-59","70-79","60-69","40-49","50-59","70-79","20-29","30-39","60-69","70-79","50-59","40-49","30-39","20-29","40-49","70-79","50-59","60-69","80-89","20-29","30-39","40-49","70-79","50-59","30-39","60-69","20-29","40-49","60-69","20-29","30-39","50-59","60-69","20-29","30-39","50-59","40-49","30-39","20-29","60-69","70-79","50-59","40-49","60-69","50-59","40-49","30-39","20-29","20-29","30-39","50-59","40-49"],"SERIES_NAME":["FEMALE","FEMALE","FEMALE","FEMALE","FEMALE","FEMALE","FEMALE","FEMALE","FEMALE","FEMALE","FEMALE","FEMALE","FEMALE","FEMALE","FEMALE","FEMALE","FEMALE","FEMALE","FEMALE","FEMALE","FEMALE","FEMALE","FEMALE","FEMALE","FEMALE","FEMALE","FEMALE","FEMALE","FEMALE","FEMALE","FEMALE","FEMALE","FEMALE","FEMALE","FEMALE","FEMALE","FEMALE","FEMALE","FEMALE","FEMALE","FEMALE","FEMALE","FEMALE","FEMALE","FEMALE","FEMALE","FEMALE","FEMALE","FEMALE","FEMALE","FEMALE","FEMALE","FEMALE","FEMALE","FEMALE","FEMALE","FEMALE","FEMALE","FEMALE","FEMALE","FEMALE","FEMALE","FEMALE","FEMALE","FEMALE","FEMALE","FEMALE","FEMALE"],"X_CALENDAR_YEAR":[2004,2004,2004,2004,2004,2004,2005,2005,2005,2005,2005,2005,2006,2006,2006,2006,2006,2006,2007,2007,2007,2007,2007,2007,2008,2008,2008,2008,2008,2008,2009,2009,2009,2009,2009,2009,2009,2010,2010,2010,2010,2010,2010,2011,2011,2011,2011,2011,2012,2012,2012,2012,2012,2013,2013,2013,2013,2013,2013,2014,2014,2014,2014,2014,2015,2015,2015,2015],"Y_PREVALENCE_1000PP":[0.546,2.49411,1.36702,2.733,0.42442,0.7649,1.46687,0.90909,3.4882,3.72651,0.97767,1.62438,1.23912,0.75468,3.3554,2.7357,0.81554,0.55191,1.08485,2.43951,1.76018,0.66948,1.19555,2.51142,0.72066,0.51797,0.80153,2.75295,2.81788,0.74504,2.05755,0.69471,0.64946,0.68799,0.64781,0.6909,2.63446,2.10145,0.62688,0.85561,2.52035,0.62883,0.80018,1.1471,0.62238,0.41843,1.71784,0.94251,0.50537,0.83241,2.34997,0.32822,2.54389,1.95446,0.53007,0.51742,0.4862,0.4966,1.74846,0.45339,0.62756,1.68156,2.62817,0.72872,0.75676,1.8449,0.58845,2.12245]},"PREVALENCE_BY_MONTH":{"X_CALENDAR_MONTH":["200401","200402","200403","200404","200405","200406","200407","200408","200409","200410","200411","200412","200501","200502","200503","200504","200505","200506","200507","200508","200509","200510","200511","200512","200601","200602","200603","200604","200605","200606","200607","200608","200609","200610","200611","200612","200701","200702","200703","200704","200705","200706","200707","200708","200709","200710","200711","200712","200801","200802","200803","200804","200805","200806","200807","200808","200809","200810","200811","200812","200901","200902","200903","200904","200905","200906","200907","200908","200909","200910","200911","200912","201001","201002","201003","201004","201005","201006","201007","201008","201009","201010","201011","201012","201101","201102","201103","201104","201105","201106","201107","201108","201109","201110","201111","201112","201201","201202","201203","201204","201205","201206","201207","201208","201209","201210","201211","201212","201301","201302","201303","201304","201305","201306","201307","201308","201309","201310","201311","201312","201401","201402","201403","201404","201405","201406","201407","201408","201409","201410","201411","201412","201501","201502","201503","201504","201505"],"Y_PREVALENCE_1000PP":[0.15882,0.18289,0.15783,0.11866,0.14332,0.09583,0.14103,0.10879,0.07435,0.09771,0.06242,0.0954,0.11682,0.09026,0.15659,0.14847,0.12747,0.13778,0.07638,0.11242,0.09024,0.14141,0.13558,0.07897,0.09333,0.11182,0.12141,0.07535,0.10785,0.07749,0.09174,0.13819,0.06141,0.05363,0.07462,0.06017,0.10517,0.11175,0.08981,0.08944,0.11933,0.10188,0.0541,0.0908,0.04018,0.05635,0.05949,0.09568,0.07202,0.06529,0.09743,0.06797,0.06778,0.07726,0.05447,0.06723,0.07009,0.08553,0.07281,0.07879,0.0534,0.04706,0.07804,0.08425,0.04979,0.07777,0.04049,0.05923,0.07467,0.09004,0.03105,0.09004,0.09005,0.06525,0.10829,0.05265,0.05581,0.07752,0.07145,0.06222,0.03429,0.05301,0.05626,0.05333,0.04089,0.03153,0.04406,0.04433,0.04444,0.04147,0.05455,0.05152,0.04532,0.02919,0.03256,0.06541,0.0492,0.06915,0.06265,0.07308,0.05672,0.04713,0.08139,0.06475,0.04465,0.06208,0.05208,0.05591,0.03511,0.03905,0.0715,0.06486,0.0691,0.0479,0.05582,0.0528,0.04202,0.03859,0.04324,0.03594,0.03248,0.04558,0.07966,0.02573,0.07042,0.07712,0.09377,0.08767,0.08077,0.09497,0.06788,0.04194,0.09137,0.15861,0.10444,0.1572,0.23734]},"CONDITIONS_BY_TYPE":{"CONCEPT_NAME":["Primary Condition","Secondary Condition"],"COUNT_VALUE":[230,2596]},"AGE_AT_FIRST_DIAGNOSIS":{"CATEGORY":"FEMALE","MIN_VALUE":5,"P10_VALUE":28,"P25_VALUE":33,"MEDIAN_VALUE":39,"P75_VALUE":48,"P90_VALUE":61,"MAX_VALUE":96}}
