{"PREVALENCE_BY_GENDER_AGE_YEAR":{"TRELLIS_NAME":["30-39","40-49","30-39","20-29","30-39","20-29","40-49","20-29"],"SERIES_NAME":["MALE","MALE","MALE","MALE","MALE","MALE","MALE","MALE"],"X_CALENDAR_YEAR":[2005,2011,2011,2011,2012,2013,2013,2014],"Y_PREVALENCE_1000PP":[0.45331,0.33898,0.36406,0.35225,0.56183,0.49108,0.38787,0.62069]},"PREVALENCE_BY_MONTH":{"X_CALENDAR_MONTH":["200403","200503","201211","201501"],"Y_PREVALENCE_1000PP":[0.05919,0.03224,0.02431,0.05221]},"CONDITIONS_BY_TYPE":{"CONCEPT_NAME":["Primary Condition","Secondary Condition"],"COUNT_VALUE":[85,200]},"AGE_AT_FIRST_DIAGNOSIS":{"CATEGORY":["MALE","FEMALE"],"MIN_VALUE":[16,16],"P10_VALUE":[21,21],"P25_VALUE":[25,29],"MEDIAN_VALUE":[34,45],"P75_VALUE":[48,56],"P90_VALUE":[57,72],"MAX_VALUE":[88,87]}}
