{"PREVALENCE_BY_GENDER_AGE_YEAR":{"TRELLIS_NAME":["80-89","70-79","80-89","60-69","80-89","70-79","70-79","60-69"],"SERIES_NAME":["FEMALE","MALE","MALE","MALE","MALE","FEMALE","MALE","FEMALE"],"X_CALENDAR_YEAR":[2012,2013,2013,2014,2014,2014,2014,2014],"Y_PREVALENCE_1000PP":[0.9601,0.6684,0.90402,0.33921,1.27146,0.5151,0.54735,0.40805]},"PREVALENCE_BY_MONTH":{"X_CALENDAR_MONTH":["201211","201305","201309","201401","201405","201407","201408","201410","201411","201412","201501","201502","201504"],"Y_PREVALENCE_1000PP":[0.02083,0.03273,0.02292,0.03654,0.02641,0.04689,0.03896,0.04748,0.09617,0.0719,0.04568,0.07209,0.09825]},"CONDITIONS_BY_TYPE":{"CONCEPT_NAME":["Primary Condition","Secondary Condition"],"COUNT_VALUE":[193,61]},"AGE_AT_FIRST_DIAGNOSIS":{"CATEGORY":["MALE","FEMALE"],"MIN_VALUE":[27,16],"P10_VALUE":[49,46],"P25_VALUE":[57,57],"MEDIAN_VALUE":[72,72],"P75_VALUE":[78,82],"P90_VALUE":[85,89],"MAX_VALUE":[95,101]}}
