{"PREVALENCE_BY_GENDER_AGE_YEAR":{"TRELLIS_NAME":["40-49","20-29","30-39","40-49","30-39","20-29","40-49","20-29","30-39","20-29","30-39","20-29","40-49","30-39","20-29","40-49","30-39","20-29","30-39","20-29","30-39","20-29","30-39"],"SERIES_NAME":["FEMALE","FEMALE","FEMALE","FEMALE","FEMALE","FEMALE","FEMALE","FEMALE","FEMALE","FEMALE","FEMALE","FEMALE","FEMALE","FEMALE","FEMALE","FEMALE","FEMALE","FEMALE","FEMALE","FEMALE","FEMALE","FEMALE","FEMALE"],"X_CALENDAR_YEAR":[2007,2007,2007,2008,2008,2008,2009,2009,2009,2010,2010,2011,2011,2011,2012,2012,2012,2013,2013,2014,2014,2015,2015],"Y_PREVALENCE_1000PP":[0.20051,0.46192,0.82763,0.22671,0.59041,0.69366,0.25719,0.54285,0.86076,0.80018,0.89262,0.86302,0.23617,0.46354,1.13762,0.25081,0.76374,0.88344,0.8066,1.09308,1.19144,0.6937,1.01788]},"PREVALENCE_BY_MONTH":{"X_CALENDAR_MONTH":["200703","200705","200706","200707","200801","200806","200809","200810","200902","200907","200908","200911","200912","201001","201003","201004","201006","201007","201008","201010","201012","201105","201106","201108","201109","201110","201112","201202","201203","201204","201205","201206","201207","201208","201209","201210","201212","201301","201302","201303","201304","201305","201306","201307","201309","201310","201311","201401","201402","201403","201404","201405","201406","201407","201408","201409","201410","201411","201412","201501","201503","201504","201505"],"Y_PREVALENCE_1000PP":[0.02418,0.02046,0.02038,0.02029,0.03601,0.01931,0.01911,0.02534,0.01882,0.0218,0.02494,0.03726,0.03105,0.02484,0.02475,0.01858,0.02791,0.02485,0.01866,0.02183,0.01882,0.01905,0.02233,0.01932,0.02266,0.03244,0.02943,0.03951,0.02968,0.02325,0.03003,0.02693,0.02713,0.02386,0.02061,0.03104,0.03145,0.02107,0.0213,0.02503,0.02883,0.04,0.02211,0.02233,0.02674,0.03473,0.02752,0.03248,0.03315,0.03354,0.04289,0.03081,0.02722,0.0422,0.0487,0.03534,0.04221,0.03394,0.04794,0.03916,0.05624,0.08843,0.11169]},"CONDITIONS_BY_TYPE":{"CONCEPT_NAME":["Primary Condition","Secondary Condition"],"COUNT_VALUE":[26,670]},"AGE_AT_FIRST_DIAGNOSIS":{"CATEGORY":"FEMALE","MIN_VALUE":15,"P10_VALUE":21,"P25_VALUE":25,"MEDIAN_VALUE":30,"P75_VALUE":35,"P90_VALUE":39,"MAX_VALUE":66}}
