{"PREVALENCE_BY_GENDER_AGE_YEAR":{"TRELLIS_NAME":["70-79","80-89","70-79","80-89","80-89","70-79","70-79","70-79","70-79","60-69","80-89","50-59","70-79","80-89","60-69","90-99","60-69","70-79"],"SERIES_NAME":["FEMALE","FEMALE","MALE","FEMALE","MALE","FEMALE","MALE","MALE","MALE","MALE","FEMALE","MALE","FEMALE","FEMALE","FEMALE","FEMALE","MALE","MALE"],"X_CALENDAR_YEAR":[2007,2008,2008,2009,2009,2009,2009,2010,2011,2012,2012,2013,2013,2013,2013,2013,2014,2014],"Y_PREVALENCE_1000PP":[0.53558,0.67378,0.47278,0.75578,0.96154,0.50524,0.62544,0.53018,0.52118,0.371,0.74675,0.32007,0.54698,1.10902,0.25871,2.53807,0.33921,0.70373]},"PREVALENCE_BY_MONTH":{"X_CALENDAR_MONTH":["200710","200712","200901","200903","200905","200906","200908","200911","201001","201002","201009","201105","201304","201305","201308","201309","201311"],"Y_PREVALENCE_1000PP":[0.01989,0.0198,0.02827,0.02809,0.01867,0.02178,0.02182,0.01863,0.02174,0.01864,0.02182,0.03175,0.02883,0.02909,0.03771,0.02292,0.02752]},"CONDITIONS_BY_TYPE":{"CONCEPT_NAME":["Primary Condition","Secondary Condition"],"COUNT_VALUE":[44,387]},"AGE_AT_FIRST_DIAGNOSIS":{"CATEGORY":["MALE","FEMALE"],"MIN_VALUE":[4,5],"P10_VALUE":[41,47],"P25_VALUE":[56,62],"MEDIAN_VALUE":[68,77],"P75_VALUE":[78,85],"P90_VALUE":[85,90],"MAX_VALUE":[100,101]}}
