{"PREVALENCE_BY_GENDER_AGE_YEAR":{"TRELLIS_NAME":["10-19","50-59","30-39","60-69","20-29","20-29","0-9","60-69","40-49","50-59","0-9","30-39","0-9","10-19","50-59","40-49","50-59","10-19","0-9","60-69","20-29","30-39","10-19","10-19","0-9","40-49","20-29","30-39","60-69","40-49","50-59","30-39","40-49","50-59","30-39","0-9","40-49","60-69","60-69","50-59","10-19","60-69"],"SERIES_NAME":["FEMALE","FEMALE","FEMALE","FEMALE","FEMALE","FEMALE","MALE","FEMALE","FEMALE","FEMALE","FEMALE","FEMALE","FEMALE","FEMALE","FEMALE","FEMALE","MALE","MALE","MALE","FEMALE","FEMALE","FEMALE","MALE","FEMALE","MALE","FEMALE","FEMALE","FEMALE","FEMALE","FEMALE","FEMALE","FEMALE","FEMALE","FEMALE","FEMALE","FEMALE","FEMALE","FEMALE","MALE","FEMALE","MALE","FEMALE"],"X_CALENDAR_YEAR":[2005,2005,2005,2005,2005,2006,2006,2006,2006,2006,2006,2006,2007,2007,2007,2007,2007,2007,2007,2007,2007,2007,2008,2008,2008,2008,2008,2008,2009,2009,2009,2009,2010,2011,2011,2011,2011,2011,2011,2012,2012,2012],"Y_PREVALENCE_1000PP":[0.35395,0.32597,0.22683,0.4481,0.18923,0.20172,0.30399,0.55343,0.30777,0.29656,0.34474,0.35951,0.36324,0.25478,0.28738,0.33418,0.37355,0.28259,0.28477,0.37734,0.24455,0.28539,0.2735,0.24785,0.20668,0.42104,0.15415,0.16102,0.301,0.28934,0.23928,0.18259,0.25864,0.31417,0.29994,0.23602,0.40486,0.24895,0.30955,0.21881,0.28329,0.25268]},"PREVALENCE_BY_MONTH":{"X_CALENDAR_MONTH":["200507","200508","200510","200512","200601","200607","200608","200609","200610","200611","200701","200703","200704","200705","200706","200707","200709","200711","200712","200803","200804","200807","200808","200903","200904","200905","200906","200908","200909","201007","201101","201105","201108","201109","201110","201112","201202","201204","201205"],"Y_PREVALENCE_1000PP":[0.0297,0.02498,0.04444,0.03554,0.02722,0.04403,0.05455,0.0578,0.05005,0.02843,0.03506,0.04836,0.02064,0.05114,0.04415,0.03043,0.04687,0.03966,0.0231,0.02273,0.03884,0.04806,0.02561,0.02185,0.02184,0.02801,0.02489,0.0187,0.01867,0.01864,0.01887,0.0254,0.05152,0.01942,0.05514,0.02616,0.05268,0.0299,0.0367]},"CONDITIONS_BY_TYPE":{"CONCEPT_NAME":["Primary Condition","Secondary Condition"],"COUNT_VALUE":[534,83]},"AGE_AT_FIRST_DIAGNOSIS":{"CATEGORY":["FEMALE","MALE"],"MIN_VALUE":[0,0],"P10_VALUE":[8,3],"P25_VALUE":[25,11],"MEDIAN_VALUE":[42,26],"P75_VALUE":[56,56],"P90_VALUE":[67,66],"MAX_VALUE":[85,86]}}
