{"PREVALENCE_BY_GENDER_AGE_YEAR":{"TRELLIS_NAME":["30-39","60-69","80-89","60-69","30-39","70-79","70-79","50-59","40-49","40-49","50-59","60-69","80-89","60-69","30-39","50-59","40-49","50-59","40-49","40-49","50-59","40-49","50-59","70-79","60-69","80-89","60-69","20-29","60-69","50-59","40-49","70-79","50-59","40-49","30-39","80-89","20-29","60-69","40-49","70-79","50-59","50-59","40-49","80-89","60-69","20-29","30-39","50-59","40-49","50-59","40-49","70-79","60-69","20-29","60-69","40-49","70-79","50-59","40-49","50-59","30-39"],"SERIES_NAME":["FEMALE","FEMALE","FEMALE","MALE","MALE","MALE","FEMALE","MALE","MALE","FEMALE","FEMALE","MALE","FEMALE","FEMALE","MALE","FEMALE","MALE","MALE","FEMALE","FEMALE","FEMALE","MALE","MALE","FEMALE","MALE","FEMALE","FEMALE","FEMALE","FEMALE","FEMALE","FEMALE","FEMALE","MALE","MALE","MALE","FEMALE","MALE","FEMALE","MALE","MALE","MALE","FEMALE","FEMALE","FEMALE","MALE","MALE","MALE","FEMALE","MALE","MALE","FEMALE","FEMALE","FEMALE","MALE","MALE","FEMALE","FEMALE","MALE","MALE","FEMALE","MALE"],"X_CALENDAR_YEAR":[2004,2004,2004,2004,2004,2004,2004,2004,2004,2004,2004,2005,2005,2005,2005,2005,2005,2005,2005,2006,2006,2006,2006,2006,2006,2006,2006,2007,2007,2007,2007,2007,2007,2007,2008,2008,2008,2008,2008,2008,2008,2008,2008,2009,2009,2009,2009,2009,2009,2009,2009,2009,2009,2010,2010,2010,2010,2010,2010,2010,2010],"Y_PREVALENCE_1000PP":[0.31687,2.15562,1.85029,0.66275,0.55607,1.37363,2.184,2.07883,1.10141,1.15468,2.12647,0.45921,0.83519,0.33608,0.52886,0.40746,0.53537,0.84454,0.66795,0.37616,0.40777,0.35545,0.46083,0.41394,0.40056,0.75882,0.8553,0.16303,0.89618,0.53883,0.40102,0.66948,0.53365,0.43891,0.36539,1.12296,0.32029,0.36033,0.59546,0.47278,0.55505,0.55759,0.22671,0.64781,0.3283,0.35723,1.24459,0.41019,1.39313,0.8388,0.35364,0.50524,0.258,0.50208,0.31541,0.29097,0.37613,0.63113,0.81239,0.30802,0.64713]},"PREVALENCE_BY_MONTH":{"X_CALENDAR_MONTH":["200401","200402","200403","200404","200405","200406","200407","200408","200409","200410","200411","200412","200501","200502","200504","200505","200506","200507","200508","200509","200510","200511","200601","200602","200603","200604","200605","200608","200609","200610","200612","200702","200703","200704","200705","200706","200707","200708","200709","200710","200711","200712","200801","200802","200803","200804","200805","200806","200807","200809","200810","200811","200812","200901","200902","200903","200904","200905","200906","200907","200908","200909","200910","200911","200912","201001","201002","201003","201004","201005","201006","201007","201008","201009","201012"],"Y_PREVALENCE_1000PP":[0.8338,0.49641,0.29594,0.14408,0.12069,0.11636,0.10256,0.04835,0.05148,0.07057,0.09883,0.08536,0.06815,0.057,0.04949,0.02637,0.03445,0.0297,0.05829,0.04102,0.02424,0.04386,0.03889,0.0347,0.02656,0.0226,0.02603,0.04,0.02529,0.0572,0.04955,0.04191,0.038,0.03784,0.05114,0.03056,0.03719,0.03363,0.03683,0.02652,0.02975,0.04289,0.03601,0.0457,0.03572,0.02266,0.02582,0.02575,0.02884,0.0223,0.02217,0.06015,0.04412,0.04084,0.05019,0.06555,0.03433,0.04357,0.02178,0.04672,0.02494,0.028,0.04347,0.03726,0.03726,0.04658,0.02486,0.04641,0.02478,0.02171,0.03101,0.02796,0.02489,0.0187,0.04078]},"CONDITIONS_BY_TYPE":{"CONCEPT_NAME":["Primary Condition","Secondary Condition"],"COUNT_VALUE":[513,611]},"AGE_AT_FIRST_DIAGNOSIS":{"CATEGORY":["MALE","FEMALE"],"MIN_VALUE":[4,7],"P10_VALUE":[25,29],"P25_VALUE":[35,44],"MEDIAN_VALUE":[48,55],"P75_VALUE":[58,68],"P90_VALUE":[72,79],"MAX_VALUE":[92,97]}}
