{"PREVALENCE_BY_GENDER_AGE_YEAR":{"TRELLIS_NAME":["0-9","10-19","10-19","10-19","10-19","10-19","0-9","10-19","0-9","20-29","0-9","10-19","10-19","0-9","20-29","0-9"],"SERIES_NAME":["MALE","MALE","MALE","MALE","MALE","FEMALE","FEMALE","MALE","MALE","MALE","MALE","MALE","MALE","MALE","MALE","MALE"],"X_CALENDAR_YEAR":[2006,2006,2008,2009,2010,2010,2011,2012,2012,2012,2013,2013,2014,2014,2014,2015],"Y_PREVALENCE_1000PP":[0.22799,0.30477,0.2735,0.26774,0.27215,0.25002,0.23602,0.42493,0.24938,0.36036,0.48607,0.35522,0.46987,0.53715,0.43449,0.43818]},"PREVALENCE_BY_MONTH":{"X_CALENDAR_MONTH":["200607","200608","200706","200707","200710","200712","200802","200806","200811","200812","200901","200903","200906","200907","200910","200911","200912","201001","201002","201004","201006","201007","201008","201010","201011","201012","201101","201104","201105","201107","201108","201109","201110","201111","201112","201201","201202","201203","201204","201205","201206","201211","201301","201302","201303","201304","201305","201306","201308","201310","201401","201402","201403","201404","201405","201406","201407","201408","201409","201410","201411","201504","201505"],"Y_PREVALENCE_1000PP":[0.02569,0.02909,0.03056,0.02029,0.01989,0.0231,0.01959,0.02897,0.02849,0.02206,0.01885,0.01873,0.01867,0.0218,0.02794,0.02174,0.03105,0.01863,0.02486,0.01858,0.0217,0.02485,0.01866,0.01871,0.02501,0.02196,0.01887,0.03166,0.02857,0.01925,0.0322,0.02266,0.01946,0.02279,0.02289,0.02952,0.02305,0.03297,0.03986,0.02669,0.0303,0.02083,0.02809,0.0284,0.02503,0.03603,0.02909,0.03685,0.04526,0.02316,0.02436,0.03729,0.02935,0.03002,0.03521,0.04537,0.02813,0.02922,0.04543,0.03693,0.04525,0.05895,0.09773]},"CONDITIONS_BY_TYPE":{"CONCEPT_NAME":["Primary Condition","Secondary Condition"],"COUNT_VALUE":[837,559]},"AGE_AT_FIRST_DIAGNOSIS":{"CATEGORY":["FEMALE","MALE"],"MIN_VALUE":[0,0],"P10_VALUE":[2,2],"P25_VALUE":[15,9],"MEDIAN_VALUE":[39,24],"P75_VALUE":[62,48],"P90_VALUE":[71,72],"MAX_VALUE":[90,90]}}
