{"PREVALENCE_BY_GENDER_AGE_YEAR":{"TRELLIS_NAME":["60-69","50-59","60-69","60-69","70-79","50-59","50-59","60-69","60-69","50-59","50-59","50-59"],"SERIES_NAME":["MALE","FEMALE","MALE","FEMALE","FEMALE","FEMALE","MALE","FEMALE","MALE","FEMALE","MALE","FEMALE"],"X_CALENDAR_YEAR":[2009,2010,2012,2012,2012,2012,2012,2013,2013,2013,2013,2014],"Y_PREVALENCE_1000PP":[0.3283,0.20535,0.371,0.25268,0.36731,0.29175,0.35683,0.25871,0.32192,0.2674,0.42676,0.29286]},"PREVALENCE_BY_MONTH":{"X_CALENDAR_MONTH":["200411","200710","200810","200908","200909","200910","200911","200912","201002","201004","201008","201011","201012","201103","201105","201106","201108","201109","201111","201201","201202","201203","201204","201205","201206","201208","201209","201210","201211","201212","201301","201302","201303","201304","201305","201306","201307","201309","201310","201311","201404","201407","201408","201409","201410","201411","201412","201501","201503","201504","201505"],"Y_PREVALENCE_1000PP":[0.03121,0.01989,0.02534,0.02182,0.01867,0.02173,0.02174,0.03105,0.02175,0.02168,0.01866,0.02188,0.02196,0.01888,0.0254,0.01914,0.02254,0.01942,0.01953,0.02624,0.01976,0.01978,0.02325,0.04337,0.0303,0.03408,0.04465,0.03794,0.05208,0.02796,0.04214,0.0284,0.02503,0.02162,0.04728,0.02579,0.02977,0.05348,0.03473,0.02359,0.03431,0.03282,0.05358,0.04543,0.03166,0.04525,0.04194,0.07179,0.05624,0.10808,0.08377]},"CONDITIONS_BY_TYPE":{"CONCEPT_NAME":["Primary Condition","Secondary Condition"],"COUNT_VALUE":[1197,527]},"AGE_AT_FIRST_DIAGNOSIS":{"CATEGORY":["FEMALE","MALE"],"MIN_VALUE":[1,0],"P10_VALUE":[10,5],"P25_VALUE":[31,23],"MEDIAN_VALUE":[54,47],"P75_VALUE":[66,61],"P90_VALUE":[78,72],"MAX_VALUE":[98,86]}}
