{"PREVALENCE_BY_GENDER_AGE_YEAR":{"TRELLIS_NAME":["0-9","0-9","0-9","20-29","10-19","0-9","0-9","10-19","20-29","0-9","0-9","20-29","10-19","40-49","0-9","0-9","10-19","20-29","30-39","20-29","20-29","0-9","0-9","10-19","10-19","0-9","10-19","0-9","10-19","20-29","20-29","30-39","20-29","0-9","50-59","0-9","0-9","0-9","20-29"],"SERIES_NAME":["MALE","MALE","FEMALE","FEMALE","FEMALE","FEMALE","MALE","MALE","FEMALE","MALE","FEMALE","MALE","FEMALE","FEMALE","MALE","FEMALE","MALE","FEMALE","FEMALE","MALE","FEMALE","MALE","FEMALE","MALE","FEMALE","MALE","MALE","FEMALE","FEMALE","MALE","FEMALE","MALE","FEMALE","FEMALE","FEMALE","MALE","FEMALE","MALE","FEMALE"],"X_CALENDAR_YEAR":[2007,2008,2008,2009,2009,2009,2009,2009,2010,2010,2010,2011,2011,2011,2011,2011,2011,2011,2012,2012,2012,2012,2012,2012,2012,2013,2013,2013,2013,2013,2013,2013,2014,2014,2014,2014,2015,2015,2015],"Y_PREVALENCE_1000PP":[0.21358,0.41335,0.42458,0.17272,0.40818,0.91373,1.19076,0.35698,0.22505,1.06023,1.04842,0.35225,0.34304,0.20243,1.95129,2.00614,0.27793,0.31382,0.235,0.36036,0.16648,2.10189,2.1274,0.42493,0.65206,2.09385,0.45671,2.31628,0.32623,0.32739,0.41227,0.90915,0.62935,1.34721,0.29286,1.94199,1.07929,0.87636,0.37838]},"PREVALENCE_BY_MONTH":{"X_CALENDAR_MONTH":["200801","200901","200902","200903","200904","200905","200906","200910","200911","200912","201001","201002","201003","201004","201005","201006","201009","201011","201012","201101","201102","201103","201104","201105","201106","201107","201108","201109","201111","201112","201201","201202","201203","201204","201205","201206","201207","201208","201209","201210","201211","201212","201301","201302","201303","201304","201305","201306","201308","201309","201310","201311","201312","201401","201402","201403","201404","201405","201406","201407","201408","201409","201410","201411","201412","201501","201502","201503","201504","201505"],"Y_PREVALENCE_1000PP":[0.01964,0.02513,0.03137,0.05931,0.04993,0.02489,0.01867,0.02794,0.02795,0.01863,0.04658,0.02797,0.02166,0.01858,0.02171,0.0248,0.0187,0.02501,0.06587,0.05347,0.03153,0.0472,0.04749,0.10159,0.04785,0.0385,0.0322,0.01942,0.0293,0.06868,0.08199,0.07573,0.08243,0.07641,0.03003,0.05386,0.02713,0.02045,0.04122,0.04139,0.03125,0.05242,0.08778,0.08166,0.06435,0.07206,0.08728,0.04422,0.03771,0.0382,0.03473,0.04718,0.04792,0.04872,0.07873,0.07128,0.05147,0.07482,0.04083,0.02813,0.03896,0.03029,0.05276,0.06788,0.04194,0.05221,0.05768,0.08034,0.08843,0.13961]},"CONDITIONS_BY_TYPE":{"CONCEPT_NAME":["Primary Condition","Secondary Condition"],"COUNT_VALUE":[451,143]},"AGE_AT_FIRST_DIAGNOSIS":{"CATEGORY":["FEMALE","MALE"],"MIN_VALUE":[0,0],"P10_VALUE":[1,1],"P25_VALUE":[3,2],"MEDIAN_VALUE":[7,5],"P75_VALUE":[24,16],"P90_VALUE":[42,35],"MAX_VALUE":[91,85]}}
