{"PREVALENCE_BY_GENDER_AGE_YEAR":{"TRELLIS_NAME":["70-79","80-89","70-79","70-79","70-79","70-79","50-59","80-89","80-89","60-69","60-69","80-89","70-79","70-79","50-59","30-39","90-99","80-89","60-69","80-89","60-69","70-79","40-49","50-59","40-49","70-79","80-89","80-89","90-99","60-69","50-59","50-59","40-49","40-49","70-79","70-79","60-69","90-99","80-89","90-99","80-89","60-69","90-99","60-69","50-59","70-79","40-49","70-79","40-49","50-59","50-59","70-79","50-59","70-79","60-69","90-99","90-99","60-69","80-89","80-89","70-79","50-59","50-59","70-79","40-49","60-69","80-89","60-69","80-89","90-99","40-49","70-79","70-79","50-59","80-89","90-99","60-69","90-99","80-89","80-89","60-69","60-69","90-99","80-89","70-79","70-79","50-59"],"SERIES_NAME":["MALE","FEMALE","FEMALE","MALE","FEMALE","MALE","MALE","FEMALE","MALE","MALE","FEMALE","FEMALE","MALE","FEMALE","MALE","MALE","FEMALE","FEMALE","MALE","MALE","FEMALE","MALE","MALE","MALE","FEMALE","FEMALE","FEMALE","MALE","MALE","MALE","FEMALE","MALE","MALE","FEMALE","FEMALE","MALE","FEMALE","FEMALE","FEMALE","MALE","MALE","MALE","FEMALE","FEMALE","FEMALE","MALE","FEMALE","FEMALE","MALE","MALE","FEMALE","MALE","MALE","FEMALE","FEMALE","FEMALE","MALE","MALE","MALE","FEMALE","FEMALE","FEMALE","MALE","MALE","MALE","FEMALE","MALE","MALE","FEMALE","FEMALE","MALE","MALE","FEMALE","FEMALE","MALE","MALE","MALE","FEMALE","FEMALE","MALE","MALE","FEMALE","FEMALE","FEMALE","FEMALE","MALE","MALE"],"X_CALENDAR_YEAR":[2004,2005,2005,2005,2006,2006,2006,2006,2007,2007,2007,2007,2007,2007,2007,2008,2008,2008,2008,2008,2008,2008,2008,2008,2008,2008,2009,2009,2009,2009,2009,2009,2009,2009,2009,2009,2009,2009,2010,2010,2010,2010,2010,2010,2010,2010,2010,2010,2010,2010,2011,2011,2011,2011,2011,2011,2011,2011,2011,2011,2012,2012,2012,2012,2012,2012,2012,2012,2012,2012,2013,2013,2013,2013,2013,2013,2013,2013,2013,2014,2014,2014,2014,2014,2014,2014,2014],"Y_PREVALENCE_1000PP":[0.68681,0.83519,0.60606,0.67069,0.6209,0.60854,0.51843,1.39117,1.59858,0.42848,0.28301,1.89416,0.81586,0.73643,0.37355,0.36539,6.6838,2.47052,0.80018,2.17355,0.49545,1.33953,0.4872,0.65597,0.2591,1.35966,2.80717,2.40385,9.65018,0.60188,0.27346,0.5921,0.32149,0.22504,1.19995,1.25088,0.344,7,2.97366,8.02752,2.00277,0.68338,10.97328,0.67075,0.20535,1.66629,0.19398,1.31645,0.32496,0.58258,0.27926,1.11682,0.6881,0.68082,0.5394,10.48314,8.02407,0.77387,3.1348,1.87813,0.48975,0.25528,0.50976,1.19949,0.59938,0.42114,1.34228,0.954,2.13356,4.93495,0.45252,0.81693,0.79008,0.2292,2.26006,6.26118,0.53654,2.53807,1.77443,0.95359,0.73496,0.27203,5.23104,1.51603,0.57949,0.78192,0.35051]},"PREVALENCE_BY_MONTH":{"X_CALENDAR_MONTH":["200410","200411","200412","200501","200502","200505","200507","200603","200604","200605","200607","200608","200609","200612","200701","200702","200703","200704","200705","200706","200707","200708","200709","200710","200711","200712","200801","200802","200803","200804","200805","200806","200807","200808","200809","200810","200811","200812","200901","200902","200903","200904","200905","200906","200907","200908","200909","200910","200911","200912","201001","201002","201003","201004","201005","201006","201007","201008","201009","201010","201011","201012","201101","201102","201103","201104","201105","201106","201107","201108","201109","201110","201111","201112","201201","201202","201203","201204","201205","201206","201207","201208","201209","201210","201211","201212","201301","201302","201303","201304","201306","201307","201308","201309","201310","201312","201401","201403","201404","201405","201406","201407","201408","201409","201410","201411","201412","201501","201502","201503","201504","201505"],"Y_PREVALENCE_1000PP":[0.09771,0.05721,0.04519,0.05841,0.038,0.03516,0.03819,0.02656,0.02637,0.02975,0.02936,0.02546,0.0289,0.02832,0.03155,0.03492,0.02418,0.02064,0.04432,0.03056,0.06086,0.04035,0.03683,0.06961,0.05949,0.04619,0.05893,0.06855,0.07145,0.07445,0.06133,0.05473,0.0833,0.08004,0.09876,0.09503,0.07281,0.07564,0.06597,0.06274,0.08116,0.06865,0.08713,0.08088,0.0623,0.06234,0.07467,0.09315,0.0559,0.09314,0.07763,0.04039,0.07735,0.07123,0.06202,0.09302,0.08387,0.09643,0.04364,0.07484,0.07189,0.06274,0.06605,0.08827,0.07238,0.09499,0.08254,0.07975,0.08342,0.06762,0.06798,0.06488,0.09767,0.0556,0.05247,0.05268,0.04946,0.05315,0.04671,0.07406,0.078,0.06816,0.06526,0.05518,0.06945,0.04543,0.04214,0.05326,0.04648,0.02883,0.04422,0.03721,0.04903,0.03056,0.03859,0.05991,0.02842,0.04193,0.05147,0.02641,0.02722,0.04689,0.05358,0.06058,0.04748,0.05657,0.05992,0.05221,0.05768,0.05624,0.06878,0.12565]},"CONDITIONS_BY_TYPE":{"CONCEPT_NAME":["Primary Condition","Secondary Condition"],"COUNT_VALUE":[981,1220]},"AGE_AT_FIRST_DIAGNOSIS":{"CATEGORY":["FEMALE","MALE"],"MIN_VALUE":[1,0],"P10_VALUE":[47,36],"P25_VALUE":[64,53],"MEDIAN_VALUE":[79,69],"P75_VALUE":[88,80],"P90_VALUE":[94,88],"MAX_VALUE":[113,102]}}
