{"PREVALENCE_BY_GENDER_AGE_YEAR":{"TRELLIS_NAME":["0-9","0-9","0-9","0-9","0-9","0-9","0-9","10-19","0-9","0-9","0-9","0-9","10-19","0-9","10-19","0-9","0-9","50-59","10-19","0-9","10-19","0-9","50-59","40-49","30-39","0-9","10-19","10-19","0-9","70-79","50-59","0-9","10-19","0-9","20-29","30-39","40-49","50-59","50-59","0-9","10-19","10-19","0-9","40-49","10-19","0-9","10-19","0-9"],"SERIES_NAME":["FEMALE","MALE","MALE","FEMALE","FEMALE","MALE","MALE","MALE","FEMALE","FEMALE","MALE","MALE","MALE","FEMALE","FEMALE","MALE","FEMALE","MALE","FEMALE","MALE","MALE","FEMALE","FEMALE","FEMALE","FEMALE","MALE","MALE","FEMALE","FEMALE","FEMALE","FEMALE","FEMALE","MALE","MALE","FEMALE","FEMALE","FEMALE","FEMALE","MALE","FEMALE","FEMALE","MALE","MALE","FEMALE","FEMALE","FEMALE","MALE","MALE"],"X_CALENDAR_YEAR":[2004,2004,2005,2005,2006,2006,2007,2007,2007,2008,2008,2009,2009,2009,2009,2010,2010,2011,2011,2011,2011,2011,2012,2012,2012,2012,2012,2012,2012,2013,2013,2013,2013,2013,2013,2014,2014,2014,2014,2014,2014,2014,2014,2015,2015,2015,2015,2015],"Y_PREVALENCE_1000PP":[0.44194,0.33618,0.45522,0.46714,0.38783,0.53198,0.46275,0.37679,0.32288,0.27019,0.34446,0.57837,0.26774,0.41879,0.28573,0.82082,0.58246,0.3932,0.34304,0.34844,0.32425,0.51137,0.32822,0.21498,0.17625,0.78375,0.28329,0.47818,0.36126,0.36465,0.3438,0.2948,0.6597,0.7478,0.17669,0.2453,0.26551,0.3347,0.52576,0.78974,0.70141,0.5286,0.95033,0.4898,0.66717,0.58115,0.64935,0.94939]},"PREVALENCE_BY_MONTH":{"X_CALENDAR_MONTH":["200502","200503","200505","200507","200607","200608","200609","200703","200704","200705","200708","200710","200711","200801","200803","200805","200807","200808","200811","200901","200902","200903","200905","200906","200908","200909","200910","200911","200912","201001","201003","201004","201005","201006","201007","201008","201009","201010","201011","201012","201101","201102","201103","201104","201105","201106","201107","201108","201109","201110","201112","201201","201202","201203","201204","201205","201206","201207","201208","201209","201210","201211","201212","201301","201302","201303","201304","201306","201307","201308","201309","201310","201311","201312","201401","201402","201403","201404","201405","201406","201407","201408","201409","201410","201411","201412","201501","201502","201503","201504","201505"],"Y_PREVALENCE_1000PP":[0.038,0.03224,0.02637,0.03819,0.02202,0.02182,0.0289,0.03109,0.02408,0.02728,0.02354,0.01989,0.02314,0.01964,0.01949,0.02259,0.02243,0.01921,0.02216,0.02199,0.02196,0.02185,0.01867,0.02178,0.04987,0.03423,0.01863,0.02795,0.02794,0.01863,0.03403,0.03407,0.0186,0.0186,0.02485,0.03111,0.0187,0.03118,0.02501,0.03764,0.01887,0.02837,0.04091,0.02216,0.02857,0.01914,0.0385,0.03542,0.04208,0.03893,0.01962,0.05575,0.04939,0.03627,0.04319,0.04671,0.03703,0.06444,0.0443,0.03435,0.04484,0.04514,0.03145,0.04214,0.02485,0.06078,0.05044,0.03316,0.03721,0.03394,0.04202,0.06175,0.03145,0.03994,0.04872,0.04144,0.0587,0.0772,0.06162,0.07712,0.07971,0.05845,0.07572,0.08442,0.09051,0.05992,0.09789,0.12977,0.15265,0.1572,0.20942]},"CONDITIONS_BY_TYPE":{"CONCEPT_NAME":["Primary Condition","Secondary Condition"],"COUNT_VALUE":[457,976]},"AGE_AT_FIRST_DIAGNOSIS":{"CATEGORY":["FEMALE","MALE"],"MIN_VALUE":[0,0],"P10_VALUE":[0,0],"P25_VALUE":[8,2],"MEDIAN_VALUE":[31,17],"P75_VALUE":[55,57],"P90_VALUE":[75,73],"MAX_VALUE":[92,91]}}
