{"PREVALENCE_BY_GENDER_AGE_YEAR":{"TRELLIS_NAME":["30-39","20-29","40-49","30-39","20-29","40-49","30-39","40-49","20-29","30-39","20-29","40-49","30-39","40-49","20-29","30-39","40-49","20-29","30-39","40-49","30-39","20-29","40-49","40-49","30-39","20-29","40-49","20-29","30-39","20-29","30-39","40-49","30-39","40-49"],"SERIES_NAME":["FEMALE","FEMALE","FEMALE","FEMALE","FEMALE","FEMALE","FEMALE","FEMALE","FEMALE","FEMALE","FEMALE","FEMALE","FEMALE","FEMALE","FEMALE","FEMALE","FEMALE","FEMALE","FEMALE","FEMALE","FEMALE","FEMALE","FEMALE","FEMALE","FEMALE","FEMALE","FEMALE","FEMALE","FEMALE","FEMALE","FEMALE","FEMALE","FEMALE","FEMALE"],"X_CALENDAR_YEAR":[2004,2004,2004,2005,2005,2005,2006,2006,2006,2007,2007,2007,2008,2008,2009,2009,2009,2010,2010,2010,2011,2011,2011,2012,2012,2012,2013,2013,2013,2014,2014,2014,2015,2015],"Y_PREVALENCE_1000PP":[1.22787,0.463,0.50806,0.90732,0.18923,0.33398,0.83885,0.47875,0.1729,0.82763,0.1902,0.23393,0.42939,0.19433,0.1974,0.57384,0.35364,0.17504,0.76135,0.35563,0.98162,0.18306,0.4386,0.75242,1.26311,0.36071,0.34969,0.35338,1.52013,0.5631,1.71707,1.3718,1.65405,1.30612]},"PREVALENCE_BY_MONTH":{"X_CALENDAR_MONTH":["200401","200404","200406","200407","200410","200505","200512","200603","200608","200609","200611","200703","200705","200706","200909","200911","200912","201005","201008","201011","201101","201107","201108","201109","201110","201112","201202","201204","201205","201206","201207","201209","201210","201211","201212","201301","201302","201304","201305","201306","201308","201311","201312","201401","201402","201403","201404","201405","201406","201407","201408","201409","201410","201501","201502","201503","201504","201505"],"Y_PREVALENCE_1000PP":[0.13897,0.05933,0.04791,0.04487,0.04886,0.03516,0.02369,0.02276,0.02546,0.02529,0.02132,0.02073,0.02387,0.02038,0.01867,0.02795,0.02173,0.0186,0.03111,0.02188,0.01887,0.01925,0.02254,0.02266,0.01946,0.02616,0.02305,0.0299,0.02336,0.0404,0.02035,0.02404,0.03104,0.02431,0.03145,0.02809,0.03195,0.03243,0.02546,0.02211,0.02263,0.03931,0.03195,0.04872,0.03729,0.03354,0.02573,0.03961,0.04537,0.03751,0.02922,0.05553,0.05276,0.07179,0.09372,0.05624,0.05895,0.12565]},"CONDITIONS_BY_TYPE":{"CONCEPT_NAME":["Primary Condition","Secondary Condition"],"COUNT_VALUE":[501,513]},"AGE_AT_FIRST_DIAGNOSIS":{"CATEGORY":"FEMALE","MIN_VALUE":1,"P10_VALUE":26,"P25_VALUE":32,"MEDIAN_VALUE":36,"P75_VALUE":39,"P90_VALUE":42,"MAX_VALUE":51}}
