{"PREVALENCE_BY_GENDER_AGE_YEAR":{"TRELLIS_NAME":["0-9","10-19","10-19","0-9","10-19","0-9","0-9","10-19","0-9","10-19","0-9","10-19","10-19","0-9","0-9","10-19","10-19","10-19","0-9","0-9","0-9","10-19","0-9","10-19","10-19","0-9","10-19","0-9","10-19","0-9","0-9","10-19","0-9","10-19","0-9","10-19","10-19","0-9","0-9","10-19","20-29","20-29","20-29","0-9","10-19","10-19","0-9","10-19","10-19","0-9","0-9"],"SERIES_NAME":["FEMALE","MALE","FEMALE","MALE","FEMALE","FEMALE","MALE","MALE","FEMALE","FEMALE","MALE","MALE","MALE","MALE","FEMALE","FEMALE","MALE","FEMALE","FEMALE","MALE","FEMALE","MALE","MALE","FEMALE","FEMALE","MALE","MALE","FEMALE","FEMALE","MALE","FEMALE","MALE","MALE","MALE","FEMALE","FEMALE","FEMALE","FEMALE","MALE","MALE","FEMALE","FEMALE","MALE","FEMALE","FEMALE","MALE","MALE","FEMALE","MALE","MALE","FEMALE"],"X_CALENDAR_YEAR":[2004,2004,2004,2004,2005,2005,2005,2005,2006,2006,2006,2006,2007,2007,2007,2007,2008,2008,2008,2008,2009,2009,2009,2009,2010,2010,2010,2010,2011,2011,2011,2011,2012,2012,2012,2012,2013,2013,2013,2013,2013,2014,2014,2014,2014,2014,2014,2015,2015,2015,2015],"Y_PREVALENCE_1000PP":[1.38106,7.15689,4.25196,1.87302,4.19679,1.91526,2.3175,7.48358,1.85297,4.33761,2.01391,7.46686,7.95968,2.7053,2.13908,4.67091,9.6636,4.58526,2.43168,2.68678,3.04576,10.97724,3.06195,4.77571,4.83374,3.18068,10.7044,2.60164,6.13181,4.59946,3.18622,14.0819,4.41753,13.92823,3.93369,6.30325,7.31696,4.25353,4.82333,15.42677,0.20614,0.19874,0.37242,4.59909,8.30905,18.50112,4.99959,9.72169,15.90909,3.35938,4.1511]},"PREVALENCE_BY_MONTH":{"X_CALENDAR_MONTH":["200401","200402","200403","200404","200405","200406","200407","200408","200409","200410","200411","200412","200501","200502","200503","200504","200505","200506","200507","200508","200509","200510","200511","200512","200601","200602","200603","200604","200605","200606","200607","200608","200609","200610","200611","200612","200701","200702","200703","200704","200705","200706","200707","200708","200709","200710","200711","200712","200801","200802","200803","200804","200805","200806","200807","200808","200809","200810","200811","200812","200901","200902","200903","200904","200905","200906","200907","200908","200909","200910","200911","200912","201001","201002","201003","201004","201005","201006","201007","201008","201009","201010","201011","201012","201101","201102","201103","201104","201105","201106","201107","201108","201109","201110","201111","201112","201201","201202","201203","201204","201205","201206","201207","201208","201209","201210","201211","201212","201301","201302","201303","201304","201305","201306","201307","201308","201309","201310","201311","201312","201401","201402","201403","201404","201405","201406","201407","201408","201409","201410","201411","201412","201501","201502","201503","201504","201505","201506"],"Y_PREVALENCE_1000PP":[0.35734,0.43109,0.32553,0.20341,0.19613,0.19165,0.10256,0.11484,0.12011,0.09771,0.15604,0.10544,0.14116,0.12351,0.17502,0.20246,0.14505,0.09903,0.1273,0.09993,0.14766,0.12525,0.14355,0.10661,0.12833,0.11953,0.129,0.13562,0.13761,0.09963,0.16513,0.10909,0.10115,0.11441,0.16345,0.1522,0.11218,0.16413,0.11744,0.14448,0.08183,0.09169,0.14539,0.17151,0.14731,0.16905,0.16526,0.14517,0.19643,0.13058,0.16888,0.19097,0.13879,0.1674,0.18903,0.11846,0.18796,0.12354,0.16779,0.15128,0.17592,0.17881,0.2029,0.18723,0.14626,0.18043,0.15263,0.18703,0.17735,0.22045,0.177,0.15524,0.10868,0.13983,0.22276,0.17343,0.17365,0.17053,0.14289,0.20842,0.12469,0.20891,0.1938,0.18194,0.13524,0.27112,0.28007,0.24064,0.29206,0.29346,0.26952,0.25758,0.27193,0.25302,0.21161,0.20277,0.2263,0.26341,0.30666,0.25247,0.26025,0.25248,0.26452,0.2556,0.19234,0.23797,0.32293,0.26559,0.22121,0.25918,0.286,0.31708,0.29458,0.30953,0.32749,0.25268,0.33236,0.31261,0.3263,0.33148,0.36135,0.30249,0.31865,0.39889,0.3301,0.38108,0.25787,0.39451,0.43917,0.45374,0.36204,0.47337,0.43073,0.49746,0.75521,0.75653,1.20068,0.91172]},"CONDITIONS_BY_TYPE":{"CONCEPT_NAME":["Primary Condition","Secondary Condition"],"COUNT_VALUE":[13149,2109]},"AGE_AT_FIRST_DIAGNOSIS":{"CATEGORY":["FEMALE","MALE"],"MIN_VALUE":[0,0],"P10_VALUE":[4,4],"P25_VALUE":[7,8],"MEDIAN_VALUE":[10,12],"P75_VALUE":[13,14],"P90_VALUE":[15,15],"MAX_VALUE":[69,84]}}
