{"PREVALENCE_BY_GENDER_AGE_YEAR":{"TRELLIS_NAME":["70-79","80-89","70-79","60-69","70-79","50-59","60-69","50-59","70-79","70-79","60-69","60-69","70-79","50-59","70-79"],"SERIES_NAME":["MALE","MALE","MALE","MALE","MALE","MALE","MALE","MALE","MALE","FEMALE","MALE","MALE","MALE","FEMALE","MALE"],"X_CALENDAR_YEAR":[2004,2004,2005,2008,2010,2011,2011,2012,2012,2013,2013,2014,2014,2014,2015],"Y_PREVALENCE_1000PP":[0.80128,2.17332,0.67069,0.40009,0.45444,0.44235,0.41273,0.35683,0.52478,0.42543,0.6975,0.7915,0.46915,0.25103,0.77821]},"PREVALENCE_BY_MONTH":{"X_CALENDAR_MONTH":["200401","200402","200412","200509","200602","200605","200608","201003","201107","201109","201112","201208","201211","201302","201303","201305","201309","201310","201312","201402","201404","201406","201410","201412","201504","201505"],"Y_PREVALENCE_1000PP":[0.11911,0.09144,0.03013,0.02871,0.03085,0.02603,0.02182,0.02166,0.01925,0.03237,0.02616,0.02386,0.0382,0.02485,0.02145,0.03273,0.02292,0.03088,0.02796,0.02486,0.03431,0.03629,0.04221,0.04794,0.05895,0.13961]},"CONDITIONS_BY_TYPE":{"CONCEPT_NAME":["Primary Condition","Secondary Condition"],"COUNT_VALUE":[433,261]},"AGE_AT_FIRST_DIAGNOSIS":{"CATEGORY":["FEMALE","MALE"],"MIN_VALUE":[13,8],"P10_VALUE":[43,41],"P25_VALUE":[58,56],"MEDIAN_VALUE":[72,66],"P75_VALUE":[80,75],"P90_VALUE":[86,84],"MAX_VALUE":[97,95]}}
