{"PREVALENCE_BY_GENDER_AGE_YEAR":{"TRELLIS_NAME":["40-49","40-49","50-59","30-39","60-69","30-39","50-59","50-59","40-49","40-49","70-79","60-69","60-69","60-69","30-39","40-49","40-49","50-59","60-69","60-69","40-49","70-79","50-59","50-59","30-39","50-59","40-49","40-49","30-39","60-69","50-59","40-49","30-39","60-69","30-39","50-59","70-79","40-49","50-59","40-49","60-69","50-59","40-49","60-69","50-59","30-39","60-69","40-49","60-69","30-39","30-39","50-59","40-49","50-59","30-39","60-69","40-49","50-59","70-79","50-59","40-49","50-59","70-79","30-39","60-69","60-69","30-39","40-49","50-59"],"SERIES_NAME":["FEMALE","MALE","MALE","MALE","MALE","MALE","FEMALE","MALE","MALE","FEMALE","MALE","MALE","MALE","FEMALE","MALE","FEMALE","MALE","MALE","MALE","FEMALE","MALE","MALE","FEMALE","MALE","MALE","MALE","FEMALE","MALE","MALE","MALE","MALE","MALE","MALE","MALE","MALE","FEMALE","MALE","FEMALE","MALE","MALE","MALE","MALE","MALE","MALE","FEMALE","MALE","FEMALE","MALE","MALE","FEMALE","MALE","FEMALE","FEMALE","MALE","MALE","MALE","MALE","MALE","MALE","FEMALE","MALE","MALE","MALE","MALE","MALE","MALE","MALE","MALE","MALE"],"X_CALENDAR_YEAR":[2004,2004,2004,2004,2004,2005,2005,2005,2005,2005,2005,2005,2006,2006,2006,2006,2006,2006,2007,2007,2007,2007,2007,2007,2007,2008,2008,2008,2008,2008,2009,2009,2009,2009,2010,2010,2010,2010,2010,2010,2010,2011,2011,2011,2011,2011,2012,2012,2012,2012,2012,2012,2012,2012,2013,2013,2013,2013,2013,2013,2014,2014,2014,2014,2014,2015,2015,2015,2015],"Y_PREVALENCE_1000PP":[0.32331,2.7959,2.57775,1.39018,1.70422,1.13327,0.24448,2.92341,2.34223,0.25976,0.95813,1.22455,1.73576,0.4025,1.56431,0.27357,1.95498,2.53456,1.65269,0.33017,1.15214,0.73427,0.28738,2.13459,1.19309,1.66515,0.2591,1.24506,1.15705,1.14312,1.77629,1.1788,0.88899,1.20376,0.52947,0.20535,0.98462,0.25864,1.35936,1.02903,0.68338,1.42534,1.07345,0.92865,0.38398,1.09217,0.33691,1.31863,1.007,0.17625,0.93639,0.21881,0.25081,1.01952,1.03903,0.91212,1.61614,1.38696,0.51987,0.2674,1.40835,1.75254,0.46915,1.23153,1.01764,0.85616,1.02745,1.44823,0.64697]},"PREVALENCE_BY_MONTH":{"X_CALENDAR_MONTH":["200401","200402","200403","200405","200406","200407","200408","200409","200410","200411","200412","200501","200502","200503","200504","200505","200506","200507","200508","200509","200510","200511","200512","200601","200602","200603","200604","200605","200606","200607","200608","200609","200610","200611","200612","200701","200702","200703","200704","200705","200706","200707","200708","200709","200710","200711","200712","200801","200802","200804","200805","200806","200807","200808","200809","200810","200811","200812","200901","200902","200903","200904","200905","200906","200907","200908","200909","200910","200911","200912","201001","201003","201004","201005","201006","201007","201009","201010","201011","201012","201101","201102","201103","201104","201105","201106","201107","201108","201109","201110","201111","201112","201203","201204","201205","201206","201207","201208","201209","201210","201211","201212","201301","201302","201303","201304","201305","201306","201307","201308","201309","201310","201311","201312","201401","201402","201403","201404","201405","201406","201407","201408","201409","201410","201412","201501","201502","201503","201504"],"Y_PREVALENCE_1000PP":[0.29778,0.15676,0.13811,0.09052,0.10267,0.08974,0.10275,0.05148,0.06514,0.05201,0.06527,0.05354,0.07126,0.03685,0.06299,0.05275,0.04736,0.05516,0.07911,0.07793,0.05657,0.07178,0.07107,0.07389,0.05398,0.05691,0.03767,0.05207,0.02583,0.07706,0.08364,0.08309,0.04648,0.04974,0.06017,0.07362,0.04191,0.05181,0.05504,0.04432,0.06113,0.05748,0.05381,0.05357,0.02652,0.05288,0.04619,0.05238,0.02285,0.04208,0.04196,0.04829,0.04806,0.04162,0.04142,0.03484,0.04115,0.02837,0.0534,0.02196,0.02497,0.04369,0.04045,0.03111,0.06853,0.03117,0.03111,0.02484,0.02174,0.02794,0.02174,0.05878,0.03716,0.04651,0.03411,0.02174,0.03429,0.04365,0.04064,0.03137,0.04403,0.02837,0.0535,0.02216,0.05079,0.02233,0.03529,0.01932,0.0259,0.04866,0.03907,0.02616,0.01978,0.0299,0.04337,0.05386,0.03052,0.0443,0.03435,0.03449,0.05208,0.05242,0.0316,0.04615,0.03933,0.03603,0.03273,0.04053,0.04094,0.03394,0.03438,0.04245,0.03931,0.03195,0.0406,0.03729,0.03774,0.03431,0.03961,0.07259,0.03751,0.02922,0.08582,0.04221,0.08389,0.05874,0.05768,0.05624,0.08843]},"CONDITIONS_BY_TYPE":{"CONCEPT_NAME":["Primary Condition","Secondary Condition"],"COUNT_VALUE":[955,754]},"AGE_AT_FIRST_DIAGNOSIS":{"CATEGORY":["FEMALE","MALE"],"MIN_VALUE":[16,17],"P10_VALUE":[35,34],"P25_VALUE":[43,42],"MEDIAN_VALUE":[51,51],"P75_VALUE":[63,60],"P90_VALUE":[70,68],"MAX_VALUE":[84,89]}}
