{"PREVALENCE_BY_GENDER_AGE_YEAR":{"TRELLIS_NAME":["0-9","30-39","40-49","50-59","30-39","60-69","50-59","10-19","0-9","10-19","50-59","40-49","40-49","30-39","50-59","40-49","40-49","50-59","0-9","60-69","20-29","0-9","40-49","40-49","40-49","10-19","0-9","50-59","50-59","40-49","60-69","20-29","40-49","10-19","40-49","60-69","50-59","40-49","10-19","20-29","30-39","10-19","60-69","20-29","50-59","20-29","10-19","0-9","70-79","40-49","40-49","30-39","20-29","60-69","60-69","20-29","50-59","40-49","20-29"],"SERIES_NAME":["MALE","MALE","FEMALE","FEMALE","FEMALE","MALE","FEMALE","MALE","MALE","FEMALE","MALE","MALE","FEMALE","MALE","FEMALE","FEMALE","MALE","MALE","FEMALE","FEMALE","FEMALE","MALE","MALE","FEMALE","MALE","FEMALE","FEMALE","MALE","FEMALE","FEMALE","MALE","MALE","MALE","FEMALE","FEMALE","FEMALE","FEMALE","FEMALE","FEMALE","MALE","FEMALE","MALE","MALE","FEMALE","MALE","FEMALE","FEMALE","MALE","FEMALE","FEMALE","MALE","FEMALE","FEMALE","FEMALE","MALE","FEMALE","FEMALE","FEMALE","MALE"],"X_CALENDAR_YEAR":[2004,2004,2004,2004,2005,2005,2005,2005,2005,2005,2005,2005,2005,2006,2006,2006,2006,2006,2006,2006,2007,2007,2007,2007,2008,2008,2008,2008,2008,2008,2009,2009,2009,2009,2009,2010,2010,2010,2010,2011,2011,2011,2011,2011,2012,2012,2012,2012,2013,2013,2013,2013,2013,2013,2013,2014,2014,2014,2015],"Y_PREVALENCE_1000PP":[0.33618,0.55607,0.3695,0.45567,0.29164,0.53574,0.36672,0.39989,0.28969,0.30338,0.51972,0.53537,0.37109,0.47609,0.40777,0.30777,0.7109,0.34562,0.38783,0.35218,0.29889,0.28477,0.32918,0.20051,0.37893,0.24785,0.30878,0.35321,0.2091,0.38865,0.60188,0.51033,0.48224,0.28573,0.32149,0.3773,0.20535,0.19398,0.29169,0.30193,0.1636,0.27793,0.30955,0.20922,0.30586,0.22198,0.30429,0.21375,0.42543,0.23313,0.51716,0.27921,0.17669,0.38806,0.48288,0.33124,0.37654,0.53102,0.76668]},"PREVALENCE_BY_MONTH":{"X_CALENDAR_MONTH":["200401","200403","200404","200405","200406","200408","200409","200410","200411","200501","200503","200504","200505","200506","200507","200508","200509","200510","200511","200512","200601","200602","200603","200604","200605","200606","200607","200608","200609","200610","200611","200612","200701","200703","200704","200705","200706","200709","200710","200711","200712","200801","200805","200806","200807","200808","200809","200810","200812","200901","200902","200903","200905","200906","200907","200908","200909","200911","201001","201002","201003","201004","201005","201006","201007","201008","201009","201010","201011","201012","201102","201103","201104","201106","201107","201109","201111","201112","201201","201202","201203","201204","201205","201206","201207","201208","201210","201211","201301","201303","201304","201305","201307","201308","201309","201310","201312","201401","201402","201403","201404","201405","201406","201407","201408","201409","201411","201501","201502","201503","201504","201505"],"Y_PREVALENCE_1000PP":[0.13897,0.05919,0.05933,0.06789,0.07529,0.0544,0.0572,0.038,0.05721,0.03407,0.05066,0.03599,0.03956,0.03875,0.05092,0.05829,0.03692,0.03232,0.04386,0.02764,0.02722,0.02699,0.03035,0.03767,0.03347,0.03321,0.03303,0.04,0.02167,0.03933,0.03198,0.0354,0.02454,0.038,0.02408,0.03069,0.03056,0.02009,0.0232,0.02644,0.03959,0.03274,0.02259,0.03219,0.01922,0.02241,0.02867,0.02217,0.02521,0.02513,0.0251,0.04058,0.02178,0.02489,0.02803,0.03117,0.03423,0.04658,0.01863,0.02486,0.02784,0.01858,0.03721,0.0186,0.02485,0.01866,0.0187,0.02183,0.03438,0.01882,0.03153,0.01888,0.0285,0.02552,0.01925,0.03561,0.02279,0.0327,0.02624,0.01976,0.02638,0.0299,0.02669,0.02356,0.02035,0.0409,0.03794,0.03472,0.03862,0.02503,0.02522,0.04,0.04466,0.05657,0.03056,0.03473,0.03195,0.04466,0.02901,0.02516,0.03002,0.03961,0.03176,0.07033,0.06332,0.04543,0.03394,0.06526,0.04326,0.10444,0.08843,0.1815]},"CONDITIONS_BY_TYPE":{"CONCEPT_NAME":["Primary Condition","Secondary Condition"],"COUNT_VALUE":[988,407]},"AGE_AT_FIRST_DIAGNOSIS":{"CATEGORY":["FEMALE","MALE"],"MIN_VALUE":[0,0],"P10_VALUE":[13,8],"P25_VALUE":[26,22],"MEDIAN_VALUE":[45,42],"P75_VALUE":[59,59],"P90_VALUE":[73,69],"MAX_VALUE":[94,93]}}
