{"PREVALENCE_BY_GENDER_AGE_YEAR":{"TRELLIS_NAME":["0-9","10-19","50-59","20-29","0-9","10-19","50-59","10-19","20-29","30-39","10-19","10-19","60-69","0-9","10-19","0-9","10-19","20-29","10-19","30-39","20-29","20-29","20-29","10-19","0-9","20-29"],"SERIES_NAME":["MALE","MALE","FEMALE","MALE","MALE","MALE","MALE","MALE","MALE","FEMALE","MALE","MALE","FEMALE","MALE","MALE","MALE","MALE","MALE","MALE","FEMALE","MALE","MALE","MALE","MALE","MALE","MALE"],"X_CALENDAR_YEAR":[2004,2004,2004,2005,2005,2005,2005,2006,2006,2007,2007,2008,2008,2008,2009,2010,2010,2011,2011,2012,2012,2013,2014,2014,2014,2015],"Y_PREVALENCE_1000PP":[0.33618,0.49116,0.30378,0.57393,0.2483,0.39989,0.38979,0.30477,0.43303,0.17123,0.37679,0.36466,0.27025,0.24112,0.35698,0.34201,0.3175,0.40258,0.27793,0.17625,0.41184,0.38195,0.37242,0.3524,0.28923,0.76668]},"PREVALENCE_BY_MONTH":{"X_CALENDAR_MONTH":["200401","200402","200403","200411","200502","200503","200504","200505","200506","200507","200508","200509","200602","200603","200604","200605","200608","200609","200611","200612","200701","200702","200705","200706","200707","200708","200709","200710","200711","200801","200803","200804","200805","200806","200810","200902","200904","200907","200911","200912","201001","201002","201003","201004","201006","201009","201010","201011","201012","201101","201103","201104","201105","201106","201107","201108","201109","201111","201112","201201","201202","201203","201204","201205","201207","201208","201209","201303","201304","201308","201309","201311","201312","201401","201402","201403","201404","201405","201406","201407","201408","201409","201410","201411","201412","201501","201502","201503","201505"],"Y_PREVALENCE_1000PP":[0.11911,0.07838,0.05919,0.03641,0.038,0.02763,0.03599,0.03077,0.03445,0.03395,0.04164,0.02871,0.02699,0.03415,0.0226,0.04091,0.02182,0.0289,0.02487,0.0354,0.04207,0.02445,0.02046,0.02717,0.02029,0.05044,0.03013,0.02983,0.02314,0.02292,0.02923,0.0356,0.02582,0.02253,0.02534,0.01882,0.02496,0.02492,0.02484,0.01863,0.01863,0.02175,0.02166,0.02478,0.0217,0.02494,0.04677,0.03126,0.02196,0.02516,0.03147,0.03166,0.0254,0.03828,0.02567,0.01932,0.0259,0.03256,0.02289,0.02296,0.0461,0.03297,0.01993,0.02669,0.02374,0.02045,0.02748,0.02145,0.02883,0.02263,0.02674,0.02359,0.03994,0.02842,0.02901,0.02935,0.02573,0.05282,0.03629,0.03282,0.03409,0.04038,0.04221,0.05657,0.03595,0.05221,0.04326,0.08034,0.11169]},"CONDITIONS_BY_TYPE":{"CONCEPT_NAME":["Primary Condition","Secondary Condition"],"COUNT_VALUE":[976,385]},"AGE_AT_FIRST_DIAGNOSIS":{"CATEGORY":["MALE","FEMALE"],"MIN_VALUE":[0,1],"P10_VALUE":[3,19],"P25_VALUE":[13,32],"MEDIAN_VALUE":[36,51],"P75_VALUE":[62,66],"P90_VALUE":[78,78],"MAX_VALUE":[96,90]}}
