{"PREVALENCE_BY_GENDER_AGE_YEAR":{"TRELLIS_NAME":["10-19","40-49","50-59","40-49"],"SERIES_NAME":["MALE","FEMALE","FEMALE","FEMALE"],"X_CALENDAR_YEAR":[2004,2004,2004,2006],"Y_PREVALENCE_1000PP":[0.42099,0.55425,0.30378,0.30777]},"PREVALENCE_BY_MONTH":{"X_CALENDAR_MONTH":["200401","200402","200403","200404","200405","200406","200407","200408","200409","200410","200411","200412","200502","200503","200504","200505","200506","200507","200508","200509","200511","200512","200601","200602","200603","200604","200605","200607","200609","200610","200705","200710","200805","200806","200904","200908"],"Y_PREVALENCE_1000PP":[0.21838,0.1437,0.12824,0.0678,0.06035,0.04107,0.0641,0.06648,0.08007,0.04343,0.04681,0.06025,0.04275,0.05066,0.04049,0.03516,0.03445,0.0297,0.02498,0.02871,0.02791,0.02369,0.03111,0.03085,0.03415,0.02637,0.03347,0.02202,0.0289,0.0286,0.02046,0.0232,0.01937,0.01931,0.01872,0.02182]},"CONDITIONS_BY_TYPE":{"CONCEPT_NAME":["Primary Condition","Secondary Condition"],"COUNT_VALUE":[1405,265]},"AGE_AT_FIRST_DIAGNOSIS":{"CATEGORY":["FEMALE","MALE"],"MIN_VALUE":[8,4],"P10_VALUE":[13,12],"P25_VALUE":[17,16],"MEDIAN_VALUE":[35,19],"P75_VALUE":[47,28],"P90_VALUE":[60,47],"MAX_VALUE":[86,59]}}
