{"PREVALENCE_BY_GENDER_AGE_YEAR":{"TRELLIS_NAME":["30-39","20-29","0-9","10-19","20-29","20-29","40-49","30-39","10-19","0-9","30-39","30-39","20-29","40-49","10-19","50-59","20-29","20-29","50-59","40-49","10-19","0-9","20-29","20-29","30-39","0-9","10-19","40-49","30-39","20-29","30-39","20-29","40-49","0-9","0-9","10-19","20-29","50-59","30-39","0-9","0-9","10-19","10-19","20-29","30-39","20-29","30-39","30-39","10-19","10-19","0-9","40-49","10-19","10-19","0-9","20-29","30-39","30-39","10-19","10-19"],"SERIES_NAME":["MALE","MALE","MALE","MALE","FEMALE","MALE","FEMALE","FEMALE","MALE","MALE","MALE","FEMALE","MALE","MALE","MALE","FEMALE","MALE","FEMALE","MALE","FEMALE","MALE","MALE","FEMALE","MALE","MALE","MALE","FEMALE","MALE","MALE","MALE","FEMALE","FEMALE","MALE","MALE","FEMALE","MALE","MALE","FEMALE","MALE","MALE","FEMALE","MALE","FEMALE","MALE","MALE","MALE","MALE","FEMALE","FEMALE","MALE","MALE","MALE","FEMALE","MALE","MALE","MALE","FEMALE","MALE","MALE","FEMALE"],"X_CALENDAR_YEAR":[2005,2005,2006,2006,2006,2006,2006,2006,2007,2007,2007,2007,2007,2008,2008,2008,2008,2008,2009,2009,2009,2009,2009,2009,2009,2010,2010,2010,2010,2010,2010,2011,2011,2011,2011,2011,2011,2011,2011,2012,2012,2012,2012,2012,2012,2013,2013,2013,2013,2013,2013,2014,2014,2014,2014,2014,2014,2014,2015,2015],"Y_PREVALENCE_1000PP":[0.52886,0.50219,0.22799,0.50795,0.1729,0.37117,0.27357,0.17975,0.32969,0.28477,0.62794,0.17123,0.78339,0.37893,0.31908,0.27879,0.53382,0.25691,0.29605,0.1929,0.35698,0.27217,0.17272,0.86757,0.3556,0.34201,0.25002,0.59575,0.52947,0.90375,0.18378,0.23537,0.33898,0.20907,0.4327,0.37058,0.55354,0.34908,0.36406,0.24938,0.32112,0.51936,0.30429,0.36036,0.43698,0.92759,0.64939,0.18614,0.65247,0.86268,0.26173,0.51886,0.70141,1.35088,0.33055,0.86897,0.31538,0.65198,1.08225,0.76249]},"PREVALENCE_BY_MONTH":{"X_CALENDAR_MONTH":["200604","200605","200606","200609","200704","200705","200706","200707","200708","200709","200710","200802","200803","200805","200806","200808","200809","200810","200902","200903","200904","200905","200906","200907","200908","200911","201001","201003","201004","201005","201006","201008","201009","201010","201102","201104","201105","201106","201108","201109","201110","201111","201112","201201","201204","201205","201209","201210","201211","201212","201301","201302","201303","201304","201305","201306","201307","201308","201309","201310","201311","201312","201402","201403","201404","201405","201406","201407","201408","201410","201411","201412","201502","201503","201505"],"Y_PREVALENCE_1000PP":[0.03014,0.02975,0.02583,0.03974,0.02408,0.02046,0.03056,0.02367,0.02354,0.02009,0.0232,0.02612,0.03248,0.0355,0.02575,0.02241,0.0223,0.02534,0.02823,0.02809,0.02808,0.01867,0.02178,0.03738,0.02494,0.02484,0.02174,0.02166,0.04026,0.04961,0.03101,0.02489,0.0187,0.0343,0.02837,0.03483,0.04127,0.03509,0.02254,0.0259,0.01946,0.0293,0.01962,0.01968,0.02325,0.03337,0.02404,0.03449,0.02083,0.02097,0.02809,0.0284,0.02503,0.02162,0.04364,0.03685,0.02977,0.0264,0.05348,0.02702,0.03931,0.03195,0.04558,0.06289,0.02573,0.03521,0.06805,0.03751,0.03896,0.03166,0.09051,0.0719,0.0793,0.09641,0.09773]},"CONDITIONS_BY_TYPE":{"CONCEPT_NAME":["Primary Condition","Secondary Condition"],"COUNT_VALUE":[550,362]},"AGE_AT_FIRST_DIAGNOSIS":{"CATEGORY":["MALE","FEMALE"],"MIN_VALUE":[0,0],"P10_VALUE":[5,6],"P25_VALUE":[15,16],"MEDIAN_VALUE":[26,31],"P75_VALUE":[40,50],"P90_VALUE":[56,60],"MAX_VALUE":[94,91]}}
