{"PREVALENCE_BY_GENDER_AGE_YEAR":{"TRELLIS_NAME":["40-49","60-69","40-49","50-59","40-49","50-59","50-59","70-79","50-59","70-79","40-49","60-69","50-59","40-49","60-69","50-59","60-69"],"SERIES_NAME":["FEMALE","FEMALE","FEMALE","FEMALE","FEMALE","FEMALE","FEMALE","FEMALE","FEMALE","FEMALE","FEMALE","FEMALE","FEMALE","FEMALE","FEMALE","FEMALE","FEMALE"],"X_CALENDAR_YEAR":[2005,2005,2006,2006,2009,2009,2010,2010,2011,2011,2011,2011,2012,2012,2012,2013,2013],"Y_PREVALENCE_1000PP":[0.33398,0.33608,0.27357,0.22242,0.22504,0.23928,0.30802,0.37613,0.34908,0.43325,0.33738,0.45641,0.21881,0.21498,0.42114,0.2292,0.38806]},"PREVALENCE_BY_MONTH":{"X_CALENDAR_MONTH":["200603","201010","201106","201108","201110","201112","201208","201210"],"Y_PREVALENCE_1000PP":[0.02276,0.01871,0.02233,0.02576,0.02271,0.02616,0.02726,0.02069]},"CONDITIONS_BY_TYPE":{"CONCEPT_NAME":["Primary Condition","Secondary Condition"],"COUNT_VALUE":[201,189]},"AGE_AT_FIRST_DIAGNOSIS":{"CATEGORY":"FEMALE","MIN_VALUE":27,"P10_VALUE":38,"P25_VALUE":45,"MEDIAN_VALUE":55,"P75_VALUE":66,"P90_VALUE":76,"MAX_VALUE":91}}
