{"PREVALENCE_BY_GENDER_AGE_YEAR":{"TRELLIS_NAME":["60-69","60-69","80-89","70-79","60-69","80-89","60-69","80-89","60-69","60-69","70-79","70-79","70-79","50-59","60-69","80-89","70-79","60-69","70-79","60-69","60-69"],"SERIES_NAME":["MALE","MALE","MALE","FEMALE","FEMALE","MALE","MALE","FEMALE","MALE","FEMALE","MALE","FEMALE","FEMALE","MALE","MALE","FEMALE","MALE","FEMALE","MALE","FEMALE","MALE"],"X_CALENDAR_YEAR":[2007,2008,2008,2009,2009,2009,2009,2009,2010,2010,2011,2011,2012,2012,2012,2012,2012,2012,2013,2014,2014],"Y_PREVALENCE_1000PP":[0.48969,0.57156,1.33757,0.63155,0.387,0.96154,0.3283,0.64781,0.36798,0.29345,0.44673,0.61893,0.55096,0.35683,0.318,0.74675,0.44981,0.33691,0.51987,0.40805,0.33921]},"PREVALENCE_BY_MONTH":{"X_CALENDAR_MONTH":["200502","200801","200804","200807","200808","200902","200904","200905","200911","200912","201001","201006","201010","201011","201102","201103","201108","201203","201204","201205","201206","201207","201208","201210","201301","201302","201304","201312","201408","201410","201501","201502","201503","201504","201505"],"Y_PREVALENCE_1000PP":[0.0285,0.02292,0.02266,0.02243,0.02241,0.03764,0.02184,0.03112,0.01863,0.02484,0.03416,0.0186,0.02495,0.01875,0.02522,0.02203,0.02254,0.02968,0.02658,0.04004,0.0202,0.03052,0.02726,0.02069,0.0316,0.0213,0.02162,0.02396,0.04383,0.04748,0.05874,0.04326,0.0482,0.12773,0.08377]},"CONDITIONS_BY_TYPE":{"CONCEPT_NAME":["Primary Condition","Secondary Condition"],"COUNT_VALUE":[45,570]},"AGE_AT_FIRST_DIAGNOSIS":{"CATEGORY":["FEMALE","MALE"],"MIN_VALUE":[0,0],"P10_VALUE":[11,7],"P25_VALUE":[48,46],"MEDIAN_VALUE":[66,62],"P75_VALUE":[79,76],"P90_VALUE":[89,85],"MAX_VALUE":[105,98]}}
