{"PREVALENCE_BY_GENDER_AGE_YEAR":{"TRELLIS_NAME":["0-9","0-9","0-9","0-9","0-9","0-9","0-9","0-9","0-9","0-9","0-9","0-9","0-9","0-9"],"SERIES_NAME":["FEMALE","MALE","MALE","FEMALE","MALE","MALE","MALE","FEMALE","MALE","FEMALE","MALE","MALE","MALE","FEMALE"],"X_CALENDAR_YEAR":[2006,2006,2007,2008,2008,2009,2010,2010,2011,2011,2012,2013,2014,2015],"Y_PREVALENCE_1000PP":[0.25855,0.26599,0.39156,0.38598,0.31001,0.23815,0.34201,0.3883,0.27876,0.27535,0.285,0.29912,0.41319,0.49813]},"PREVALENCE_BY_MONTH":{"X_CALENDAR_MONTH":["200702","200709","200710","200802","200803","200804","200905","201105","201310","201402","201412"],"Y_PREVALENCE_1000PP":[0.02794,0.02344,0.02652,0.02612,0.01949,0.02266,0.02178,0.01905,0.02316,0.03315,0.03595]},"CONDITIONS_BY_TYPE":{"CONCEPT_NAME":["Primary Condition","Secondary Condition"],"COUNT_VALUE":[248,97]},"AGE_AT_FIRST_DIAGNOSIS":{"CATEGORY":["MALE","FEMALE"],"MIN_VALUE":[0,1],"P10_VALUE":[1,2],"P25_VALUE":[3,4],"MEDIAN_VALUE":[7,17],"P75_VALUE":[46,51],"P90_VALUE":[68,64],"MAX_VALUE":[85,94]}}
