{"PREVALENCE_BY_GENDER_AGE_YEAR":{"TRELLIS_NAME":["80-89","50-59","70-79","80-89","60-69","60-69","80-89","50-59","70-79","60-69","70-79","60-69"],"SERIES_NAME":["FEMALE","MALE","FEMALE","FEMALE","MALE","MALE","FEMALE","MALE","FEMALE","FEMALE","MALE","MALE"],"X_CALENDAR_YEAR":[2004,2005,2005,2005,2005,2006,2006,2006,2006,2007,2012,2012],"Y_PREVALENCE_1000PP":[1.17746,0.38979,0.68182,0.97439,0.53574,0.40056,1.13823,0.40323,0.55191,0.28301,1.04955,0.424]},"PREVALENCE_BY_MONTH":{"X_CALENDAR_MONTH":["200407","200502","200505","200511","200512","200601","200602","200603","200605","201204","201206","201209","201211","201501"],"Y_PREVALENCE_1000PP":[0.03846,0.0285,0.02637,0.0319,0.03554,0.03111,0.02699,0.03035,0.04091,0.01993,0.0303,0.02404,0.02778,0.03916]},"CONDITIONS_BY_TYPE":{"CONCEPT_NAME":["Primary Condition","Secondary Condition"],"COUNT_VALUE":[64,350]},"AGE_AT_FIRST_DIAGNOSIS":{"CATEGORY":["FEMALE","MALE"],"MIN_VALUE":[0,0],"P10_VALUE":[42,45],"P25_VALUE":[60,58],"MEDIAN_VALUE":[74,70],"P75_VALUE":[83,80],"P90_VALUE":[88,86],"MAX_VALUE":[98,101]}}
