{"PREVALENCE_BY_GENDER_AGE_YEAR":{"TRELLIS_NAME":["0-9","10-19","0-9","10-19","0-9","0-9","10-19","10-19","10-19","0-9","10-19","0-9","10-19","0-9","0-9","10-19","10-19","0-9","0-9","0-9","10-19","0-9","10-19","0-9","30-39","50-59"],"SERIES_NAME":["MALE","MALE","FEMALE","FEMALE","FEMALE","MALE","MALE","FEMALE","FEMALE","FEMALE","MALE","MALE","MALE","MALE","FEMALE","FEMALE","MALE","FEMALE","MALE","FEMALE","MALE","MALE","FEMALE","MALE","MALE","MALE"],"X_CALENDAR_YEAR":[2004,2004,2004,2004,2005,2005,2005,2005,2006,2006,2006,2006,2007,2007,2007,2007,2008,2008,2008,2009,2009,2009,2009,2010,2014,2015],"Y_PREVALENCE_1000PP":[1.82499,3.92927,0.99437,1.70078,0.70071,1.32428,1.88518,1.26409,0.90367,0.81875,2.13339,0.72197,0.65938,0.85431,0.52468,0.25478,0.63816,0.54037,0.55113,0.34265,0.26774,0.4763,0.24491,0.20521,0.43466,0.64697]},"PREVALENCE_BY_MONTH":{"X_CALENDAR_MONTH":["200401","200402","200403","200404","200405","200406","200409","200410","200411","200412","200501","200502","200503","200504","200505","200506","200507","200509","200510","200511","200512","200601","200602","200603","200604","200605","200606","200609","200610","200611","200701","200703","200704","200705","200709","200711","200805","200807","200809","200810","200811","200903","200904","201005","201107","201205","201206","201407","201412","201501","201502"],"Y_PREVALENCE_1000PP":[0.31764,0.1437,0.19729,0.1017,0.15841,0.08898,0.05148,0.05429,0.07802,0.04519,0.05354,0.03325,0.04145,0.07649,0.03516,0.04736,0.02546,0.02461,0.02828,0.05583,0.03159,0.06222,0.05013,0.05691,0.04144,0.0781,0.0369,0.0289,0.02503,0.02487,0.03155,0.03109,0.02752,0.02728,0.02009,0.02644,0.01937,0.02563,0.02549,0.03484,0.02216,0.02809,0.01872,0.0186,0.02246,0.02002,0.0202,0.05157,0.04194,0.04568,0.04326]},"CONDITIONS_BY_TYPE":{"CONCEPT_NAME":["Primary Condition","Secondary Condition"],"COUNT_VALUE":[764,223]},"AGE_AT_FIRST_DIAGNOSIS":{"CATEGORY":["MALE","FEMALE"],"MIN_VALUE":[0,0],"P10_VALUE":[1,1],"P25_VALUE":[4,4],"MEDIAN_VALUE":[12,12],"P75_VALUE":[15,17],"P90_VALUE":[45,55],"MAX_VALUE":[101,85]}}
