{"PREVALENCE_BY_GENDER_AGE_YEAR":{"TRELLIS_NAME":["0-9","40-49","40-49","0-9","0-9","40-49","60-69","0-9","30-39","0-9","0-9","40-49","0-9","0-9","10-19","50-59","60-69","50-59","40-49","10-19","0-9","0-9","50-59","0-9","0-9","40-49","50-59","0-9","0-9","0-9","0-9","0-9","0-9"],"SERIES_NAME":["FEMALE","FEMALE","FEMALE","FEMALE","FEMALE","FEMALE","FEMALE","FEMALE","FEMALE","FEMALE","MALE","FEMALE","MALE","FEMALE","FEMALE","FEMALE","FEMALE","FEMALE","FEMALE","FEMALE","MALE","FEMALE","FEMALE","MALE","FEMALE","FEMALE","FEMALE","FEMALE","MALE","FEMALE","MALE","FEMALE","FEMALE"],"X_CALENDAR_YEAR":[2004,2004,2005,2005,2006,2006,2007,2007,2008,2008,2008,2008,2009,2009,2009,2009,2010,2010,2010,2010,2010,2010,2011,2011,2011,2011,2012,2012,2012,2013,2013,2014,2015],"Y_PREVALENCE_1000PP":[0.3867,0.41569,0.29687,0.37371,0.30165,0.30777,0.33017,0.24216,0.16102,0.30878,0.37891,0.19433,0.27217,0.34265,0.24491,0.27346,0.29345,0.20535,0.22631,0.25002,0.23941,0.5048,0.24435,0.3136,0.31469,0.26991,0.29175,0.36126,0.35625,0.42114,0.3739,0.46455,0.58115]},"PREVALENCE_BY_MONTH":{"X_CALENDAR_MONTH":["200411","200504","200507","200610","200611","200703","200708","200709","200803","200808","200811","200812","200903","200905","200906","200907","200912","201006","201007","201008","201010","201012","201101","201106","201107","201202","201205","201206","201211","201305","201503"],"Y_PREVALENCE_1000PP":[0.03641,0.03599,0.0297,0.02503,0.02843,0.02073,0.02354,0.02678,0.01949,0.02561,0.02216,0.01891,0.02497,0.02178,0.01867,0.02492,0.01863,0.0248,0.01864,0.04666,0.01871,0.02823,0.01887,0.02871,0.02567,0.02634,0.03337,0.03703,0.02083,0.02546,0.0482]},"CONDITIONS_BY_TYPE":{"CONCEPT_NAME":["Primary Condition","Secondary Condition"],"COUNT_VALUE":[496,185]},"AGE_AT_FIRST_DIAGNOSIS":{"CATEGORY":["MALE","FEMALE"],"MIN_VALUE":[0,0],"P10_VALUE":[0,2],"P25_VALUE":[2,9],"MEDIAN_VALUE":[14,38],"P75_VALUE":[51,54],"P90_VALUE":[64,67],"MAX_VALUE":[85,92]}}
