{"PREVALENCE_BY_GENDER_AGE_YEAR":{"TRELLIS_NAME":["0-9","0-9","10-19","0-9","50-59"],"SERIES_NAME":["FEMALE","MALE","FEMALE","MALE","FEMALE"],"X_CALENDAR_YEAR":[2005,2005,2005,2006,2007],"Y_PREVALENCE_1000PP":[0.37371,0.2483,0.30338,0.26599,0.21553]},"PREVALENCE_BY_MONTH":{"X_CALENDAR_MONTH":["200508","200510","200511","200512","200601","200604","200706","200709","201105"],"Y_PREVALENCE_1000PP":[0.03747,0.02828,0.03589,0.03159,0.035,0.0226,0.02377,0.02344,0.01905]},"CONDITIONS_BY_TYPE":{"CONCEPT_NAME":["Primary Condition","Secondary Condition"],"COUNT_VALUE":[291,91]},"AGE_AT_FIRST_DIAGNOSIS":{"CATEGORY":["FEMALE","MALE"],"MIN_VALUE":[0,0],"P10_VALUE":[7,3],"P25_VALUE":[16,9],"MEDIAN_VALUE":[35,26],"P75_VALUE":[54,53],"P90_VALUE":[64,65],"MAX_VALUE":[83,92]}}
