{"PREVALENCE_BY_GENDER_AGE_YEAR":{"TRELLIS_NAME":["40-49","50-59","30-39","60-69","60-69","30-39","40-49","40-49","70-79","70-79","40-49","40-49","70-79","30-39","20-29","70-79","50-59","70-79","40-49","30-39","20-29","60-69","80-89","50-59","50-59","70-79","60-69","70-79","80-89","60-69","30-39","70-79","50-59","20-29","30-39","80-89","60-69","20-29","80-89","60-69","70-79","50-59","60-69","60-69","20-29","30-39","60-69","80-89","20-29","70-79","60-69","30-39","50-59","40-49","30-39","20-29","80-89","20-29","60-69","70-79","50-59","40-49","70-79","50-59","40-49","70-79","40-49","50-59","70-79","50-59","40-49","60-69","30-39","60-69","20-29","80-89","20-29"],"SERIES_NAME":["FEMALE","MALE","FEMALE","FEMALE","MALE","MALE","FEMALE","MALE","MALE","FEMALE","FEMALE","FEMALE","MALE","FEMALE","FEMALE","MALE","MALE","FEMALE","FEMALE","FEMALE","FEMALE","MALE","MALE","FEMALE","MALE","FEMALE","FEMALE","MALE","MALE","MALE","FEMALE","FEMALE","FEMALE","MALE","FEMALE","MALE","MALE","FEMALE","FEMALE","FEMALE","MALE","MALE","FEMALE","MALE","FEMALE","FEMALE","MALE","FEMALE","FEMALE","MALE","FEMALE","FEMALE","FEMALE","FEMALE","FEMALE","MALE","MALE","FEMALE","MALE","FEMALE","FEMALE","FEMALE","MALE","MALE","MALE","FEMALE","MALE","MALE","MALE","FEMALE","FEMALE","FEMALE","FEMALE","MALE","FEMALE","MALE","FEMALE"],"X_CALENDAR_YEAR":[2004,2004,2005,2005,2005,2005,2005,2006,2006,2006,2006,2007,2007,2007,2007,2008,2008,2008,2008,2008,2008,2008,2008,2009,2009,2009,2009,2009,2009,2009,2009,2010,2010,2010,2010,2010,2010,2010,2010,2010,2011,2011,2011,2011,2011,2011,2012,2012,2012,2012,2012,2012,2012,2012,2013,2013,2013,2013,2013,2013,2013,2013,2013,2013,2013,2014,2014,2014,2014,2014,2014,2014,2014,2014,2014,2014,2015],"Y_PREVALENCE_1000PP":[0.3695,0.49892,0.25924,0.4481,0.53574,0.67996,0.22265,0.41469,0.5216,0.41394,0.23937,0.23393,0.5711,0.17123,0.16303,0.63037,0.55505,0.45322,0.19433,0.18786,0.17984,0.40009,1.17037,0.23928,0.29605,0.5684,0.344,0.70362,1.44231,0.54717,0.28692,0.62688,0.27379,0.35146,0.18378,0.92436,0.68338,0.15003,0.95582,0.25153,0.89346,0.2949,0.45641,0.72228,0.28767,0.24541,0.424,0.74675,0.19423,0.89962,0.50537,0.29375,0.25528,0.21498,0.27921,0.38195,1.80805,0.29448,0.42923,0.36465,0.382,0.27198,0.8912,0.42676,0.38787,0.45071,0.44474,0.40893,0.46915,0.37654,0.30976,0.31737,0.38546,0.56536,0.29811,1.43039,0.44145]},"PREVALENCE_BY_MONTH":{"X_CALENDAR_MONTH":["200404","200410","200411","200412","200501","200502","200503","200505","200507","200509","200510","200605","200607","200608","200610","200611","200701","200703","200704","200709","200710","200711","200712","200801","200802","200803","200805","200806","200807","200808","200809","200811","200812","200901","200902","200903","200904","200905","200906","200908","200909","200910","200911","200912","201001","201002","201003","201004","201005","201006","201007","201008","201009","201011","201012","201103","201104","201105","201106","201107","201108","201109","201110","201111","201112","201201","201203","201204","201205","201206","201208","201209","201210","201211","201212","201301","201303","201304","201305","201306","201307","201308","201309","201310","201311","201312","201401","201403","201404","201405","201406","201407","201408","201409","201410","201411","201412","201501","201502","201503","201504","201505"],"Y_PREVALENCE_1000PP":[0.05933,0.04886,0.05201,0.03515,0.02921,0.038,0.04145,0.03516,0.02546,0.04512,0.03636,0.02231,0.03303,0.03636,0.03218,0.02132,0.02103,0.03109,0.02064,0.02344,0.02983,0.02644,0.0231,0.02619,0.0457,0.01949,0.02905,0.02897,0.01922,0.02241,0.02549,0.02533,0.02521,0.01885,0.0251,0.03434,0.03121,0.02178,0.02178,0.02182,0.03111,0.04657,0.01863,0.02794,0.03416,0.03107,0.02166,0.04646,0.02481,0.0248,0.02485,0.02178,0.0187,0.02813,0.02823,0.01888,0.02533,0.03175,0.02871,0.03209,0.02898,0.03561,0.02919,0.03581,0.02616,0.02952,0.02638,0.03654,0.03003,0.02356,0.03067,0.02061,0.03794,0.0382,0.02796,0.04916,0.03575,0.03963,0.04364,0.03685,0.03349,0.03394,0.0382,0.04631,0.02752,0.04393,0.04466,0.04193,0.04289,0.03521,0.04083,0.05157,0.02922,0.06562,0.05804,0.04525,0.05992,0.04568,0.06489,0.10444,0.12773,0.08377]},"CONDITIONS_BY_TYPE":{"CONCEPT_NAME":["Primary Condition","Secondary Condition"],"COUNT_VALUE":[740,574]},"AGE_AT_FIRST_DIAGNOSIS":{"CATEGORY":["FEMALE","MALE"],"MIN_VALUE":[0,0],"P10_VALUE":[23,24],"P25_VALUE":[31,41],"MEDIAN_VALUE":[49,61],"P75_VALUE":[67,74],"P90_VALUE":[79,82],"MAX_VALUE":[96,94]}}
