{"PREVALENCE_BY_GENDER_AGE_YEAR":{"TRELLIS_NAME":["30-39","80-89","60-69","70-79","50-59","40-49","30-39","20-29","60-69","50-59","40-49","70-79","40-49","50-59","70-79","80-89","60-69","60-69","70-79","50-59","60-69","40-49","50-59","70-79","80-89","30-39","60-69","90-99","40-49","70-79","50-59","60-69","80-89","30-39","70-79","40-49","50-59","50-59","60-69","70-79","70-79","50-59","60-69","80-89","70-79","50-59","40-49","80-89","60-69","60-69","80-89","50-59","70-79","40-49","70-79","60-69"],"SERIES_NAME":["FEMALE","FEMALE","FEMALE","FEMALE","FEMALE","FEMALE","FEMALE","FEMALE","FEMALE","FEMALE","FEMALE","FEMALE","FEMALE","FEMALE","FEMALE","FEMALE","FEMALE","FEMALE","FEMALE","FEMALE","FEMALE","FEMALE","FEMALE","FEMALE","FEMALE","FEMALE","FEMALE","FEMALE","FEMALE","FEMALE","FEMALE","FEMALE","FEMALE","FEMALE","FEMALE","FEMALE","FEMALE","FEMALE","FEMALE","FEMALE","FEMALE","FEMALE","FEMALE","FEMALE","FEMALE","FEMALE","FEMALE","FEMALE","FEMALE","FEMALE","FEMALE","FEMALE","FEMALE","FEMALE","FEMALE","FEMALE"],"X_CALENDAR_YEAR":[2004,2004,2004,2004,2004,2004,2005,2005,2005,2005,2005,2005,2006,2006,2006,2006,2006,2007,2007,2007,2008,2008,2008,2008,2009,2009,2009,2009,2009,2009,2009,2010,2010,2010,2010,2010,2010,2011,2011,2011,2012,2012,2012,2012,2013,2013,2013,2013,2013,2014,2014,2014,2014,2015,2015,2015],"Y_PREVALENCE_1000PP":[0.31687,1.68209,2.5033,2.821,1.26576,0.78518,0.32404,0.18923,1.2883,0.65194,0.48241,1.74242,0.44455,0.44484,1.79372,1.2647,0.70437,0.84902,1.4059,0.71844,0.81074,0.5182,0.66214,1.35966,0.86374,0.20867,0.559,3,0.35364,1.57888,0.71783,0.92228,0.84962,0.15752,2.19408,0.48495,0.75293,0.38398,0.58089,0.99028,0.97949,0.29175,0.50537,0.9601,1.15473,0.3056,0.23313,0.99811,0.81925,0.49873,0.69971,0.54389,1.09459,0.65306,0.82962,0.59759]},"PREVALENCE_BY_MONTH":{"X_CALENDAR_MONTH":["200401","200402","200403","200404","200405","200406","200407","200408","200409","200410","200411","200503","200504","200505","200506","200507","200508","200509","200511","200512","200601","200602","200603","200604","200605","200606","200609","200610","200611","200612","200701","200702","200704","200705","200707","200708","200709","200710","200711","200712","200801","200802","200804","200805","200806","200807","200808","200809","200810","200811","200812","200901","200903","200904","200905","200906","200907","200908","200909","200910","200911","200912","201001","201002","201003","201004","201005","201006","201007","201008","201009","201010","201011","201012","201102","201104","201105","201106","201109","201201","201203","201206","201207","201210","201301","201303","201305","201307","201309","201310","201311","201312","201402","201403","201404","201405","201408","201409","201410","201411","201501","201502","201503","201504","201505"],"Y_PREVALENCE_1000PP":[0.31764,0.20901,0.15783,0.13561,0.12069,0.0616,0.07692,0.10879,0.06292,0.04886,0.04681,0.03224,0.03599,0.1011,0.06459,0.03395,0.0458,0.06973,0.02791,0.02764,0.03889,0.05013,0.0607,0.03014,0.03347,0.02952,0.02167,0.03933,0.03198,0.02124,0.03856,0.02445,0.02408,0.02387,0.03043,0.0269,0.02678,0.02983,0.02314,0.0198,0.02619,0.02285,0.04855,0.03228,0.02897,0.02243,0.03522,0.04142,0.04752,0.02849,0.02206,0.03456,0.03434,0.05305,0.02801,0.03733,0.04361,0.02805,0.03111,0.02484,0.02795,0.02484,0.04347,0.02175,0.01856,0.04955,0.04031,0.04341,0.02485,0.028,0.03741,0.05924,0.04376,0.0251,0.03783,0.0285,0.01905,0.02233,0.01942,0.0328,0.02308,0.0202,0.0373,0.02759,0.02809,0.02503,0.02909,0.03721,0.03056,0.04245,0.02752,0.03594,0.03315,0.03774,0.0386,0.03521,0.0487,0.03029,0.03693,0.03394,0.03916,0.04326,0.08838,0.12773,0.08377]},"CONDITIONS_BY_TYPE":{"CONCEPT_NAME":["Primary Condition","Secondary Condition"],"COUNT_VALUE":[1018,356]},"AGE_AT_FIRST_DIAGNOSIS":{"CATEGORY":"FEMALE","MIN_VALUE":0,"P10_VALUE":41,"P25_VALUE":51,"MEDIAN_VALUE":63,"P75_VALUE":73,"P90_VALUE":79,"MAX_VALUE":102}}
