{"PREVALENCE_BY_GENDER_AGE_YEAR":{"TRELLIS_NAME":["40-49","30-39","20-29","40-49","30-39","20-29","20-29","30-39","40-49","40-49","30-39","20-29","40-49","30-39","20-29","40-49","20-29","30-39","40-49","20-29","30-39","20-29","40-49","30-39","20-29","40-49","30-39","20-29","30-39","40-49","40-49","20-29","30-39","20-29","30-39","40-49"],"SERIES_NAME":["FEMALE","FEMALE","FEMALE","FEMALE","FEMALE","FEMALE","FEMALE","FEMALE","FEMALE","FEMALE","FEMALE","FEMALE","FEMALE","FEMALE","FEMALE","FEMALE","FEMALE","FEMALE","FEMALE","FEMALE","FEMALE","FEMALE","FEMALE","FEMALE","FEMALE","FEMALE","FEMALE","FEMALE","FEMALE","FEMALE","FEMALE","FEMALE","FEMALE","FEMALE","FEMALE","FEMALE"],"X_CALENDAR_YEAR":[2004,2004,2004,2005,2005,2005,2006,2006,2006,2007,2007,2007,2008,2008,2008,2009,2009,2009,2010,2010,2010,2011,2011,2011,2012,2012,2012,2013,2013,2013,2014,2014,2014,2015,2015,2015],"Y_PREVALENCE_1000PP":[0.32331,0.87139,0.463,0.51952,0.97213,0.40999,0.3458,0.92873,0.58134,0.3676,1.56963,0.78798,0.74492,1.66389,0.5909,0.41794,0.44415,1.25202,0.38796,0.52512,1.20767,0.44458,1.01215,1.44517,0.69367,0.85991,1.8506,0.61841,2.17162,0.69938,0.75228,0.26499,1.96236,0.44145,1.39958,0.57143]},"PREVALENCE_BY_MONTH":{"X_CALENDAR_MONTH":["200407","200410","200412","200501","200504","200505","200508","200510","200512","200601","200604","200608","200609","200610","200611","200701","200704","200705","200706","200707","200708","200709","200710","200711","200712","200801","200802","200803","200804","200805","200806","200809","200810","200811","200904","200909","200910","200911","201001","201003","201004","201005","201006","201007","201008","201010","201101","201102","201103","201104","201105","201106","201107","201109","201110","201111","201112","201201","201202","201203","201204","201205","201206","201207","201208","201209","201210","201211","201212","201302","201303","201304","201305","201307","201308","201309","201310","201311","201312","201401","201403","201404","201405","201406","201407","201408","201409","201412","201501","201503","201504","201505"],"Y_PREVALENCE_1000PP":[0.04487,0.038,0.03515,0.02921,0.02699,0.02637,0.02498,0.02828,0.02369,0.02333,0.03014,0.02182,0.02167,0.02145,0.02843,0.04207,0.02064,0.04432,0.02377,0.02029,0.03027,0.03683,0.02652,0.02314,0.02969,0.02619,0.04244,0.03248,0.02913,0.03873,0.03863,0.0446,0.01901,0.03799,0.02496,0.04045,0.03726,0.03105,0.04037,0.02475,0.02478,0.02171,0.0217,0.01864,0.028,0.02495,0.02202,0.02522,0.01888,0.02533,0.02222,0.02233,0.02567,0.02266,0.03893,0.04558,0.04252,0.02952,0.0428,0.02308,0.03654,0.03003,0.03703,0.02713,0.05112,0.03091,0.02414,0.02431,0.03145,0.0213,0.03575,0.03243,0.04,0.04094,0.04903,0.04202,0.03859,0.03538,0.05192,0.02436,0.04193,0.03431,0.02641,0.03176,0.06095,0.03896,0.03029,0.03595,0.05874,0.07231,0.05895,0.09773]},"CONDITIONS_BY_TYPE":{"CONCEPT_NAME":["Primary Condition","Secondary Condition"],"COUNT_VALUE":[314,681]},"AGE_AT_FIRST_DIAGNOSIS":{"CATEGORY":"FEMALE","MIN_VALUE":17,"P10_VALUE":26,"P25_VALUE":30,"MEDIAN_VALUE":35,"P75_VALUE":39,"P90_VALUE":41,"MAX_VALUE":62}}
