{"PREVALENCE_BY_GENDER_AGE_YEAR":{"TRELLIS_NAME":["0-9","0-9","30-39","0-9","0-9","0-9","10-19","0-9","10-19","0-9","10-19","0-9","10-19","10-19","0-9","10-19","0-9","0-9","0-9","10-19","10-19","20-29","0-9","10-19","0-9","30-39","20-29","0-9","10-19","0-9","30-39","0-9","0-9","10-19","10-19","0-9","10-19","0-9","10-19","20-29","30-39","0-9","0-9","10-19","10-19","0-9","0-9"],"SERIES_NAME":["FEMALE","MALE","FEMALE","FEMALE","MALE","FEMALE","FEMALE","MALE","MALE","MALE","MALE","FEMALE","FEMALE","MALE","FEMALE","FEMALE","MALE","FEMALE","MALE","MALE","FEMALE","FEMALE","MALE","MALE","FEMALE","FEMALE","MALE","MALE","MALE","FEMALE","FEMALE","MALE","FEMALE","MALE","FEMALE","FEMALE","FEMALE","MALE","MALE","MALE","FEMALE","FEMALE","MALE","MALE","FEMALE","FEMALE","MALE"],"X_CALENDAR_YEAR":[2004,2004,2004,2005,2005,2006,2006,2006,2006,2007,2007,2007,2007,2008,2008,2008,2008,2009,2009,2009,2009,2010,2010,2010,2010,2011,2011,2011,2011,2011,2012,2012,2012,2012,2012,2013,2013,2013,2013,2013,2013,2014,2014,2014,2015,2015,2015],"Y_PREVALENCE_1000PP":[0.7734,0.81644,0.4753,0.84085,0.74491,0.64638,0.31628,0.75997,0.40636,0.85431,0.37679,0.92828,0.42463,0.45583,1.23514,0.4957,1.68785,0.91373,1.32685,0.53548,0.40818,0.17504,0.75242,0.3175,0.62129,0.19087,0.40258,0.9408,0.60219,1.14074,0.20562,0.92626,0.4014,0.42493,0.26082,0.80017,0.41944,0.7478,0.30448,0.38195,0.18614,1.06848,0.99165,0.3524,0.57186,0.58115,1.02242]},"PREVALENCE_BY_MONTH":{"X_CALENDAR_MONTH":["200401","200404","200405","200406","200407","200409","200410","200501","200504","200505","200507","200508","200511","200601","200602","200604","200605","200606","200607","200608","200610","200611","200701","200702","200704","200705","200706","200707","200708","200709","200710","200711","200801","200802","200803","200804","200805","200806","200807","200808","200809","200810","200811","200812","200901","200902","200903","200904","200905","200906","200907","200908","200909","200910","200911","200912","201001","201003","201006","201008","201009","201011","201012","201101","201102","201103","201104","201105","201106","201108","201109","201110","201111","201112","201201","201202","201203","201205","201206","201209","201210","201212","201301","201303","201304","201306","201307","201308","201309","201310","201311","201312","201401","201403","201406","201407","201408","201409","201410","201412","201502","201503","201504","201505"],"Y_PREVALENCE_1000PP":[0.11911,0.05085,0.0528,0.04791,0.04487,0.03432,0.038,0.03894,0.03599,0.02637,0.0297,0.02915,0.0319,0.02722,0.02313,0.03014,0.02975,0.02214,0.02202,0.02546,0.02145,0.03198,0.02103,0.02095,0.02064,0.03069,0.02377,0.04057,0.04372,0.03013,0.03315,0.02644,0.04911,0.02938,0.02273,0.03884,0.02582,0.05794,0.04806,0.02881,0.0446,0.04752,0.02216,0.05988,0.02513,0.0251,0.04058,0.04993,0.01867,0.04355,0.04984,0.03117,0.02178,0.02484,0.01863,0.02794,0.03726,0.02784,0.03411,0.02489,0.03117,0.03751,0.01882,0.04089,0.03783,0.0535,0.038,0.05397,0.02871,0.02576,0.02266,0.02271,0.01953,0.03925,0.03608,0.01976,0.03957,0.0367,0.0202,0.03091,0.02069,0.03145,0.02458,0.0286,0.02883,0.03685,0.02605,0.02263,0.02674,0.03473,0.04718,0.03195,0.0406,0.02516,0.04537,0.04689,0.02922,0.04543,0.06331,0.06591,0.05768,0.06427,0.08843,0.16754]},"CONDITIONS_BY_TYPE":{"CONCEPT_NAME":["Primary Condition","Secondary Condition"],"COUNT_VALUE":[854,434]},"AGE_AT_FIRST_DIAGNOSIS":{"CATEGORY":["FEMALE","MALE"],"MIN_VALUE":[0,0],"P10_VALUE":[0,0],"P25_VALUE":[2,1],"MEDIAN_VALUE":[10,6],"P75_VALUE":[31,16],"P90_VALUE":[52,44],"MAX_VALUE":[93,89]}}
