{"PREVALENCE_BY_GENDER_AGE_YEAR":{"TRELLIS_NAME":["30-39","0-9","0-9","0-9","70-79","0-9","30-39","0-9","0-9","0-9","0-9","40-49","60-69","30-39","70-79","0-9","0-9","40-49","40-49","0-9","0-9","10-19","0-9","0-9","0-9","0-9","60-69","60-69","20-29","20-29","70-79","0-9","40-49","0-9","10-19","0-9"],"SERIES_NAME":["FEMALE","MALE","FEMALE","MALE","FEMALE","FEMALE","FEMALE","FEMALE","MALE","MALE","FEMALE","FEMALE","MALE","FEMALE","FEMALE","MALE","FEMALE","MALE","FEMALE","MALE","FEMALE","MALE","MALE","FEMALE","MALE","FEMALE","MALE","FEMALE","FEMALE","FEMALE","FEMALE","FEMALE","FEMALE","MALE","MALE","MALE"],"X_CALENDAR_YEAR":[2005,2006,2006,2007,2007,2007,2007,2008,2008,2009,2009,2009,2010,2010,2010,2010,2010,2011,2011,2011,2011,2011,2012,2012,2013,2013,2013,2013,2013,2014,2014,2014,2014,2014,2014,2015],"Y_PREVALENCE_1000PP":[0.19443,0.22799,0.25855,0.35596,0.40169,0.52468,0.19977,0.30878,0.34446,0.51033,0.45686,0.22504,0.31541,0.15752,0.43882,0.51301,0.27181,0.39548,0.23617,0.48782,0.4327,0.32425,0.35625,0.52182,0.48607,0.42114,0.32192,0.25871,0.26503,0.26499,0.38632,0.46455,0.30976,0.70242,0.3524,0.58424]},"PREVALENCE_BY_MONTH":{"X_CALENDAR_MONTH":["200505","200507","200605","200608","200610","200611","200703","200704","200705","200706","200707","200708","200709","200712","200801","200805","200812","200901","200905","200910","201006","201007","201008","201010","201012","201101","201103","201104","201106","201107","201112","201202","201203","201204","201205","201210","201211","201212","201301","201302","201303","201304","201305","201306","201307","201308","201401","201402","201403","201404","201406","201407","201409","201412","201503","201505"],"Y_PREVALENCE_1000PP":[0.02637,0.02546,0.02231,0.02546,0.02145,0.02843,0.02763,0.02752,0.02728,0.02038,0.02029,0.03027,0.03013,0.0231,0.02946,0.02259,0.01891,0.02827,0.02178,0.03726,0.03411,0.02174,0.028,0.02495,0.03137,0.01887,0.02832,0.02533,0.02552,0.02246,0.04252,0.01976,0.02308,0.02325,0.02669,0.03449,0.02083,0.02446,0.0316,0.02485,0.03575,0.03243,0.02546,0.02579,0.02233,0.03771,0.03654,0.03315,0.03774,0.0386,0.03629,0.03282,0.04543,0.04794,0.05624,0.11169]},"CONDITIONS_BY_TYPE":{"CONCEPT_NAME":"Secondary Condition","COUNT_VALUE":773},"AGE_AT_FIRST_DIAGNOSIS":{"CATEGORY":["FEMALE","MALE"],"MIN_VALUE":[0,0],"P10_VALUE":[1,1],"P25_VALUE":[9,3],"MEDIAN_VALUE":[34,23],"P75_VALUE":[59,54],"P90_VALUE":[75,71],"MAX_VALUE":[95,95]}}
