{"PREVALENCE_BY_GENDER_AGE_YEAR":{"TRELLIS_NAME":["0-9","0-9","0-9","0-9","0-9","0-9","0-9","10-19","0-9","10-19","0-9","0-9","0-9","0-9","10-19","20-29","10-19","0-9","0-9","0-9","10-19","0-9","0-9","0-9","10-19","10-19","0-9","10-19","0-9","10-19","10-19","0-9","0-9","10-19","10-19","0-9","10-19","0-9"],"SERIES_NAME":["MALE","FEMALE","FEMALE","MALE","FEMALE","MALE","MALE","MALE","FEMALE","MALE","FEMALE","MALE","FEMALE","MALE","FEMALE","MALE","FEMALE","MALE","FEMALE","MALE","MALE","FEMALE","MALE","FEMALE","MALE","FEMALE","MALE","MALE","FEMALE","FEMALE","FEMALE","FEMALE","MALE","MALE","FEMALE","FEMALE","MALE","MALE"],"X_CALENDAR_YEAR":[2004,2004,2005,2005,2006,2006,2007,2007,2007,2008,2008,2008,2009,2009,2009,2010,2010,2010,2010,2011,2011,2011,2012,2012,2012,2012,2013,2013,2013,2013,2014,2014,2014,2014,2015,2015,2015,2015],"Y_PREVALENCE_1000PP":[1.68091,2.2097,1.49484,1.24152,0.81875,1.44393,1.49503,0.37679,1.04936,0.31908,0.88776,1.61896,1.18023,1.59902,0.32654,0.30125,0.25002,1.36804,1.04842,0.87111,0.32425,1.10141,1.14001,1.00349,0.3305,0.26082,0.97214,0.30448,0.84228,0.37284,0.53955,0.65038,1.15693,0.64607,0.66717,0.91324,0.64935,0.80333]},"PREVALENCE_BY_MONTH":{"X_CALENDAR_MONTH":["200401","200402","200403","200404","200405","200406","200407","200408","200409","200410","200411","200412","200501","200502","200503","200504","200505","200506","200507","200508","200509","200510","200511","200512","200601","200602","200603","200604","200605","200606","200607","200608","200609","200610","200611","200612","200701","200703","200704","200705","200706","200707","200708","200709","200710","200711","200712","200801","200802","200803","200804","200805","200806","200807","200808","200809","200810","200811","200812","200901","200902","200903","200904","200905","200906","200907","200908","200909","200910","200911","200912","201001","201002","201003","201004","201005","201006","201007","201008","201009","201010","201011","201012","201102","201103","201104","201105","201106","201107","201108","201109","201110","201111","201201","201202","201204","201205","201206","201207","201208","201209","201210","201211","201212","201302","201303","201304","201305","201306","201307","201308","201309","201310","201312","201401","201402","201403","201404","201405","201406","201407","201408","201409","201410","201411","201412","201501","201502","201503","201504","201505"],"Y_PREVALENCE_1000PP":[0.25808,0.10451,0.13811,0.1017,0.06789,0.08214,0.08333,0.04835,0.0572,0.076,0.06762,0.0703,0.05841,0.04275,0.04606,0.04949,0.05714,0.03014,0.04243,0.02915,0.04512,0.0404,0.0319,0.03554,0.03889,0.03856,0.04553,0.03014,0.03347,0.02583,0.04036,0.02909,0.02167,0.06078,0.02132,0.02478,0.04908,0.02073,0.02752,0.0341,0.04075,0.04395,0.03363,0.03013,0.02983,0.03305,0.02639,0.04256,0.0457,0.03572,0.02913,0.04519,0.05794,0.03204,0.01921,0.02867,0.03484,0.03482,0.04412,0.0377,0.04392,0.06243,0.04369,0.05601,0.05288,0.04361,0.03741,0.03734,0.01863,0.02174,0.01863,0.04037,0.04039,0.04641,0.01858,0.02171,0.03721,0.02796,0.04044,0.04052,0.04677,0.04064,0.03451,0.01892,0.04091,0.03483,0.0381,0.0319,0.02567,0.01932,0.02914,0.03244,0.04232,0.02624,0.0461,0.02325,0.02002,0.03366,0.0407,0.05794,0.03778,0.04139,0.02778,0.02796,0.0355,0.0429,0.02883,0.02909,0.03685,0.04094,0.03771,0.02292,0.04245,0.03195,0.02436,0.02901,0.03774,0.04718,0.03961,0.03629,0.06095,0.06332,0.07067,0.06331,0.05091,0.06591,0.04568,0.06489,0.13658,0.08843,0.11169]},"CONDITIONS_BY_TYPE":{"CONCEPT_NAME":["Primary Condition","Secondary Condition"],"COUNT_VALUE":[1609,901]},"AGE_AT_FIRST_DIAGNOSIS":{"CATEGORY":["FEMALE","MALE"],"MIN_VALUE":[0,0],"P10_VALUE":[0,0],"P25_VALUE":[0,0],"MEDIAN_VALUE":[1,1],"P75_VALUE":[10,10],"P90_VALUE":[23,25],"MAX_VALUE":[84,64]}}
