{"PREVALENCE_BY_GENDER_AGE_YEAR":{"TRELLIS_NAME":["0-9","10-19","10-19","20-29","20-29","10-19","10-19","30-39","20-29","10-19","0-9","10-19","0-9","10-19","20-29","0-9","0-9","10-19","10-19","20-29","10-19","0-9","10-19","0-9","20-29","20-29","10-19","10-19","0-9","0-9","10-19","10-19","0-9","20-29","20-29"],"SERIES_NAME":["MALE","FEMALE","MALE","FEMALE","FEMALE","MALE","FEMALE","FEMALE","FEMALE","FEMALE","FEMALE","FEMALE","FEMALE","MALE","MALE","MALE","FEMALE","MALE","FEMALE","FEMALE","FEMALE","MALE","FEMALE","MALE","MALE","FEMALE","MALE","FEMALE","FEMALE","FEMALE","FEMALE","MALE","MALE","FEMALE","MALE"],"X_CALENDAR_YEAR":[2004,2006,2006,2006,2007,2007,2007,2008,2008,2008,2008,2009,2009,2009,2010,2010,2010,2010,2010,2011,2011,2011,2012,2012,2012,2012,2013,2013,2013,2014,2014,2014,2014,2014,2014],"Y_PREVALENCE_1000PP":[0.28816,0.40665,0.60954,0.1729,0.16303,0.28259,0.46709,0.18786,0.15415,0.4544,0.27019,0.48982,0.34265,0.53548,0.40167,0.27361,0.3883,0.3175,0.29169,0.23537,0.68608,0.41813,0.30429,0.285,0.30888,0.19423,0.55821,0.51265,0.2948,0.4181,0.48559,0.3524,0.24791,0.23186,0.49656]},"PREVALENCE_BY_MONTH":{"X_CALENDAR_MONTH":["200505","200604","200611","200702","200703","200705","200802","200804","200806","200810","200811","200904","200905","200910","200912","201005","201007","201008","201102","201109","201110","201111","201201","201205","201206","201207","201304","201310","201401","201403","201407","201410","201411","201503","201504"],"Y_PREVALENCE_1000PP":[0.02637,0.02637,0.02132,0.02445,0.02073,0.02387,0.02285,0.02589,0.01931,0.02217,0.02533,0.03121,0.02178,0.02173,0.02173,0.03101,0.02174,0.02178,0.02207,0.0259,0.02919,0.02604,0.02296,0.0367,0.02693,0.02713,0.02162,0.02702,0.02842,0.02935,0.03751,0.05276,0.03394,0.06427,0.0786]},"CONDITIONS_BY_TYPE":{"CONCEPT_NAME":["Primary Condition","Secondary Condition"],"COUNT_VALUE":[487,253]},"AGE_AT_FIRST_DIAGNOSIS":{"CATEGORY":["MALE","FEMALE"],"MIN_VALUE":[1,0],"P10_VALUE":[4,3],"P25_VALUE":[9,11],"MEDIAN_VALUE":[18,18],"P75_VALUE":[26,28],"P90_VALUE":[51,54],"MAX_VALUE":[80,80]}}
