{"PREVALENCE_BY_GENDER_AGE_YEAR":{"TRELLIS_NAME":["60-69","80-89","80-89","60-69","70-79","70-79","50-59","60-69","80-89","80-89","60-69","70-79","70-79","70-79","50-59","80-89","60-69","80-89","80-89","50-59","70-79","70-79","80-89","60-69","60-69","70-79","70-79","80-89","80-89","60-69","50-59","70-79","60-69","70-79","80-89","80-89","60-69","60-69","50-59","70-79","70-79","50-59","70-79","50-59","70-79","80-89","60-69","80-89","60-69","50-59","70-79","70-79","60-69","80-89","60-69","80-89","70-79","50-59","70-79","50-59","80-89","60-69","60-69","80-89","60-69","80-89"],"SERIES_NAME":["FEMALE","FEMALE","MALE","MALE","MALE","FEMALE","MALE","MALE","MALE","FEMALE","FEMALE","MALE","FEMALE","FEMALE","FEMALE","MALE","FEMALE","FEMALE","FEMALE","FEMALE","FEMALE","MALE","FEMALE","MALE","FEMALE","MALE","FEMALE","FEMALE","MALE","MALE","MALE","FEMALE","FEMALE","MALE","FEMALE","MALE","MALE","FEMALE","FEMALE","MALE","FEMALE","FEMALE","MALE","MALE","FEMALE","MALE","MALE","FEMALE","FEMALE","FEMALE","FEMALE","MALE","FEMALE","MALE","MALE","FEMALE","MALE","MALE","FEMALE","FEMALE","FEMALE","MALE","FEMALE","MALE","FEMALE","FEMALE"],"X_CALENDAR_YEAR":[2004,2004,2004,2004,2004,2004,2004,2005,2005,2005,2005,2005,2005,2006,2006,2006,2006,2006,2007,2007,2007,2007,2008,2008,2008,2008,2008,2009,2009,2009,2009,2009,2009,2009,2010,2010,2010,2010,2010,2010,2010,2011,2011,2011,2011,2011,2011,2011,2011,2012,2012,2012,2012,2012,2012,2012,2013,2013,2013,2013,2013,2013,2013,2013,2014,2014],"Y_PREVALENCE_1000PP":[0.69536,1.68209,2.44499,0.66275,1.25916,1.183,0.74838,0.53574,1.94426,2.50557,0.39209,1.24557,1.13636,0.89686,0.25949,1.7248,0.4025,2.14999,2.01255,0.25145,1.00422,0.89745,1.68445,0.45725,0.36033,0.70916,0.58271,2.59123,1.28205,0.49245,0.34539,1.45257,0.516,1.5636,1.59303,1.07842,0.84109,0.75459,0.23957,0.68166,1.00301,0.41889,0.59564,0.34405,1.79489,1.49276,0.72228,1.77379,1.0373,0.40115,1.71411,0.74968,0.5896,1.78971,0.371,2.4536,1.3368,0.37341,1.58016,0.3056,3.32705,0.80481,0.99172,1.80805,0.36271,0.81633]},"PREVALENCE_BY_MONTH":{"X_CALENDAR_MONTH":["200402","200403","200404","200405","200407","200408","200409","200410","200411","200412","200501","200502","200503","200504","200505","200508","200509","200512","200601","200602","200603","200604","200605","200607","200608","200610","200611","200701","200706","200707","200708","200709","200710","200711","200712","200801","200802","200803","200804","200805","200806","200807","200808","200810","200811","200812","200901","200903","200904","200905","200906","200907","200908","200909","200910","200911","200912","201001","201002","201003","201004","201005","201006","201007","201008","201009","201010","201011","201012","201101","201102","201103","201104","201105","201106","201107","201108","201109","201110","201111","201112","201201","201202","201203","201205","201206","201207","201208","201209","201210","201211","201212","201301","201302","201303","201304","201305","201306","201307","201308","201309","201310","201311","201312","201401"],"Y_PREVALENCE_1000PP":[0.13063,0.05919,0.0678,0.11315,0.04487,0.09066,0.05148,0.038,0.03641,0.04519,0.02921,0.057,0.05527,0.03599,0.05275,0.03747,0.04102,0.03554,0.03889,0.03856,0.04173,0.04144,0.03347,0.03303,0.02546,0.02145,0.02487,0.02804,0.02377,0.02705,0.04035,0.02344,0.02652,0.01983,0.02639,0.04256,0.01959,0.02273,0.02266,0.02905,0.02253,0.02884,0.02561,0.01901,0.01899,0.01891,0.02199,0.03434,0.03433,0.04668,0.04666,0.04672,0.03741,0.04045,0.03726,0.04968,0.04036,0.05589,0.04661,0.04641,0.02168,0.03411,0.0248,0.02174,0.03733,0.02806,0.04365,0.02501,0.04078,0.03145,0.05044,0.02517,0.04433,0.06984,0.01914,0.05776,0.06762,0.06151,0.04541,0.0586,0.04252,0.04592,0.0461,0.03957,0.06006,0.04376,0.04748,0.05453,0.05152,0.02759,0.04167,0.03844,0.03511,0.04615,0.06078,0.04684,0.05819,0.0479,0.10792,0.0792,0.04966,0.11964,0.06683,0.05192,0.05684]},"CONDITIONS_BY_TYPE":{"CONCEPT_NAME":["Primary Condition","Secondary Condition"],"COUNT_VALUE":[1090,446]},"AGE_AT_FIRST_DIAGNOSIS":{"CATEGORY":["MALE","FEMALE"],"MIN_VALUE":[27,24],"P10_VALUE":[54,56],"P25_VALUE":[61,64],"MEDIAN_VALUE":[72,75],"P75_VALUE":[80,82],"P90_VALUE":[87,87],"MAX_VALUE":[103,101]}}
