{"PREVALENCE_BY_GENDER_AGE_YEAR":{"TRELLIS_NAME":["60-69","70-79","60-69","60-69","70-79","70-79","70-79","50-59","70-79","60-69","70-79","60-69","70-79","60-69"],"SERIES_NAME":["FEMALE","FEMALE","FEMALE","MALE","FEMALE","MALE","MALE","FEMALE","MALE","FEMALE","FEMALE","FEMALE","MALE","MALE"],"X_CALENDAR_YEAR":[2005,2007,2007,2008,2008,2008,2010,2010,2011,2011,2013,2014,2014,2014],"Y_PREVALENCE_1000PP":[0.33608,0.46863,0.42451,0.34294,0.45322,0.63037,0.53018,0.20535,0.59564,0.29044,0.36465,0.36271,0.54735,0.33921]},"PREVALENCE_BY_MONTH":{"X_CALENDAR_MONTH":["200507","200508","200701","200702","200703","200704","200706","200707","200708","200710","200801","200802","200803","200804","200807","200808","200809","200810","200811","200812","200901","200902","200903","200909","201004","201006","201009","201010","201011","201101","201105","201109","201111","201304","201309","201310","201401","201402","201403","201404","201406","201411","201412","201501","201503","201504"],"Y_PREVALENCE_1000PP":[0.02546,0.02498,0.02103,0.02095,0.02763,0.02064,0.02717,0.02367,0.02354,0.02652,0.02292,0.02285,0.02923,0.03237,0.02563,0.03202,0.0223,0.03168,0.02849,0.01891,0.01885,0.02823,0.02185,0.02489,0.02168,0.0186,0.02494,0.02806,0.01875,0.01887,0.01905,0.0259,0.02604,0.02522,0.02674,0.02316,0.04466,0.02901,0.03774,0.03002,0.03629,0.05091,0.04194,0.06526,0.0482,0.05895]},"CONDITIONS_BY_TYPE":{"CONCEPT_NAME":["Primary Condition","Secondary Condition"],"COUNT_VALUE":[1248,112]},"AGE_AT_FIRST_DIAGNOSIS":{"CATEGORY":["MALE","FEMALE"],"MIN_VALUE":[27,17],"P10_VALUE":[46,54],"P25_VALUE":[58,59],"MEDIAN_VALUE":[67,68],"P75_VALUE":[75,76],"P90_VALUE":[82,84],"MAX_VALUE":[93,95]}}
