{"PREVALENCE_BY_GENDER_AGE_YEAR":{"TRELLIS_NAME":["10-19","10-19","10-19","10-19","10-19","50-59","0-9","10-19","30-39","0-9"],"SERIES_NAME":["MALE","FEMALE","FEMALE","FEMALE","FEMALE","MALE","MALE","MALE","FEMALE","MALE"],"X_CALENDAR_YEAR":[2009,2010,2011,2012,2013,2014,2014,2014,2014,2015],"Y_PREVALENCE_1000PP":[0.26774,0.29169,0.25728,0.43471,0.41944,0.35051,0.33055,0.7048,0.21025,0.51121]},"PREVALENCE_BY_MONTH":{"X_CALENDAR_MONTH":["200903","201007","201008","201010","201106","201110","201208","201209","201210","201212","201312","201403","201404","201405","201408","201409","201411","201412","201501","201502","201503","201504","201505"],"Y_PREVALENCE_1000PP":[0.02185,0.02174,0.02489,0.01871,0.02552,0.01946,0.02045,0.02404,0.02069,0.02446,0.02396,0.02935,0.04718,0.04401,0.04383,0.04543,0.0396,0.04194,0.06526,0.05047,0.05624,0.0786,0.11169]},"CONDITIONS_BY_TYPE":{"CONCEPT_NAME":["Primary Condition","Secondary Condition"],"COUNT_VALUE":[264,269]},"AGE_AT_FIRST_DIAGNOSIS":{"CATEGORY":["FEMALE","MALE"],"MIN_VALUE":[0,0],"P10_VALUE":[9,3],"P25_VALUE":[15,10],"MEDIAN_VALUE":[33,21],"P75_VALUE":[54,58],"P90_VALUE":[73,70],"MAX_VALUE":[95,88]}}
