{"PREVALENCE_BY_GENDER_AGE_YEAR":{"TRELLIS_NAME":["80-89","60-69","70-79","70-79","50-59","70-79","40-49","50-59","70-79","50-59","40-49","60-69","80-89","30-39","30-39","60-69","80-89","20-29","20-29"],"SERIES_NAME":["FEMALE","FEMALE","FEMALE","MALE","MALE","FEMALE","MALE","MALE","MALE","FEMALE","FEMALE","FEMALE","FEMALE","FEMALE","MALE","MALE","MALE","FEMALE","MALE"],"X_CALENDAR_YEAR":[2013,2013,2013,2013,2013,2014,2014,2014,2014,2014,2014,2014,2014,2014,2014,2014,2014,2014,2014],"Y_PREVALENCE_1000PP":[0.77631,0.34495,0.42543,0.59413,0.32007,1.48091,0.88948,0.87627,1.72023,0.87859,0.48677,1.22416,1.98251,0.31538,0.5071,0.90457,1.43039,0.29811,0.55862]},"PREVALENCE_BY_MONTH":{"X_CALENDAR_MONTH":["201106","201108","201207","201308","201309","201311","201312","201401","201402","201403","201404","201405","201406","201407","201408","201409","201410","201411","201412"],"Y_PREVALENCE_1000PP":[0.01914,0.02576,0.02035,0.0264,0.02674,0.03538,0.14377,0.14617,0.1326,0.14256,0.16299,0.09243,0.07712,0.05626,0.0487,0.05553,0.04221,0.05091,0.05393]},"CONDITIONS_BY_TYPE":{"CONCEPT_NAME":["Primary Condition","Secondary Condition"],"COUNT_VALUE":[549,238]},"AGE_AT_FIRST_DIAGNOSIS":{"CATEGORY":["FEMALE","MALE"],"MIN_VALUE":[6,15],"P10_VALUE":[29,29],"P25_VALUE":[45,44],"MEDIAN_VALUE":[63,61],"P75_VALUE":[74,73],"P90_VALUE":[84,80],"MAX_VALUE":[99,94]}}
