{"PREVALENCE_BY_GENDER_AGE_YEAR":{"TRELLIS_NAME":["60-69","20-29","30-39","50-59","40-49","30-39","20-29","60-69","30-39","40-49","40-49","50-59","50-59","40-49","50-59","70-79","10-19","30-39","60-69","20-29","20-29","20-29","30-39","40-49","50-59","40-49","50-59","30-39","20-29","60-69","60-69","70-79","50-59","40-49","60-69","20-29","30-39","50-59","40-49","50-59","60-69","30-39","60-69","20-29","70-79","40-49","40-49","50-59","30-39","50-59","50-59","40-49","70-79","60-69","20-29","60-69","30-39","50-59","50-59","40-49","70-79","60-69","60-69","20-29","80-89","20-29","80-89","40-49","50-59","70-79","10-19","70-79","50-59","40-49","30-39","30-39","20-29","60-69","80-89","30-39","60-69","20-29","20-29","60-69","70-79","70-79","50-59","40-49","50-59","30-39","50-59","50-59","40-49","60-69","20-29"],"SERIES_NAME":["FEMALE","FEMALE","FEMALE","FEMALE","FEMALE","MALE","FEMALE","FEMALE","FEMALE","MALE","FEMALE","FEMALE","FEMALE","FEMALE","MALE","FEMALE","FEMALE","FEMALE","FEMALE","FEMALE","MALE","FEMALE","FEMALE","MALE","FEMALE","FEMALE","MALE","FEMALE","FEMALE","MALE","FEMALE","FEMALE","FEMALE","FEMALE","MALE","FEMALE","FEMALE","MALE","FEMALE","FEMALE","FEMALE","FEMALE","FEMALE","FEMALE","FEMALE","FEMALE","MALE","FEMALE","FEMALE","FEMALE","MALE","FEMALE","FEMALE","FEMALE","FEMALE","MALE","FEMALE","FEMALE","MALE","FEMALE","MALE","FEMALE","MALE","FEMALE","FEMALE","MALE","MALE","MALE","MALE","MALE","FEMALE","FEMALE","FEMALE","FEMALE","FEMALE","MALE","FEMALE","FEMALE","FEMALE","FEMALE","MALE","FEMALE","MALE","FEMALE","FEMALE","MALE","MALE","FEMALE","FEMALE","FEMALE","FEMALE","MALE","FEMALE","MALE","FEMALE"],"X_CALENDAR_YEAR":[2004,2004,2004,2004,2004,2004,2005,2005,2005,2005,2005,2005,2006,2006,2006,2006,2006,2006,2006,2006,2007,2007,2007,2007,2007,2007,2007,2008,2008,2008,2008,2008,2008,2008,2009,2009,2009,2009,2009,2009,2009,2010,2010,2010,2010,2010,2010,2010,2011,2011,2011,2011,2011,2011,2011,2011,2012,2012,2012,2012,2012,2012,2012,2012,2012,2012,2012,2013,2013,2013,2013,2013,2013,2013,2013,2013,2013,2013,2013,2014,2014,2014,2014,2014,2014,2014,2014,2014,2014,2015,2015,2015,2015,2015,2015],"Y_PREVALENCE_1000PP":[0.62583,0.42442,0.55452,0.30378,0.69281,0.83411,0.18923,0.4481,0.32404,0.46845,0.40819,0.40746,0.48191,0.64973,0.46083,0.48293,0.2711,0.41943,0.4025,0.25935,0.33574,0.21737,0.39954,0.43891,0.43107,0.40102,0.32019,0.29521,0.2826,0.62872,0.36033,0.38848,0.31364,0.29149,0.60188,0.27142,0.28692,0.34539,0.54654,0.376,0.559,0.28879,0.29345,0.30007,0.37613,0.38796,0.37912,0.30802,0.38174,0.41889,0.44235,0.97841,0.43325,0.41492,0.36613,0.30955,0.32312,0.58349,0.35683,0.57327,0.67471,0.37903,0.742,0.4717,0.85342,0.5148,1.044,0.38787,0.53345,0.51987,0.27963,0.72931,0.5348,0.46625,0.37228,0.38964,0.41227,0.43118,0.77631,0.31538,0.67843,0.39748,0.37242,0.72543,0.5151,0.46915,0.70102,0.48677,0.83675,0.3817,0.58845,0.7548,0.65306,0.66591,0.44145]},"PREVALENCE_BY_MONTH":{"X_CALENDAR_MONTH":["200401","200402","200403","200404","200405","200406","200407","200409","200410","200411","200412","200501","200502","200503","200504","200505","200506","200507","200508","200509","200511","200512","200602","200603","200604","200605","200606","200607","200608","200609","200610","200611","200612","200701","200702","200703","200704","200705","200706","200707","200709","200710","200801","200802","200803","200804","200805","200806","200807","200808","200809","200810","200811","200812","200901","200902","200903","200904","200905","200906","200907","200908","200909","200910","200911","200912","201001","201002","201003","201004","201005","201006","201007","201008","201011","201012","201102","201103","201104","201105","201106","201107","201108","201109","201110","201111","201112","201201","201202","201203","201204","201205","201206","201207","201208","201209","201210","201211","201212","201301","201302","201303","201304","201305","201306","201307","201308","201309","201310","201311","201312","201401","201402","201403","201404","201405","201406","201407","201408","201409","201410","201411","201412","201501","201502","201503","201504","201505","201506"],"Y_PREVALENCE_1000PP":[0.15882,0.15676,0.10851,0.1017,0.08298,0.05476,0.04487,0.04576,0.05429,0.07802,0.03515,0.02921,0.06651,0.03685,0.04499,0.03077,0.04736,0.04668,0.03747,0.03281,0.03589,0.03948,0.02699,0.03415,0.04898,0.04091,0.04059,0.03303,0.05455,0.05419,0.06793,0.0533,0.03186,0.04207,0.03841,0.04836,0.06536,0.04091,0.02038,0.03381,0.03013,0.02983,0.02946,0.02938,0.03897,0.04208,0.02905,0.03541,0.03524,0.02561,0.03186,0.02851,0.01899,0.02206,0.03141,0.04706,0.03121,0.04057,0.04045,0.03111,0.04672,0.03117,0.03734,0.04036,0.02795,0.04347,0.03416,0.02486,0.02166,0.04336,0.02481,0.03101,0.02174,0.03422,0.03126,0.02823,0.02837,0.03776,0.07916,0.05079,0.03828,0.0385,0.04186,0.08093,0.04217,0.06511,0.03597,0.0328,0.02963,0.04287,0.03322,0.03337,0.02693,0.04748,0.07157,0.06526,0.07932,0.05903,0.05941,0.05618,0.0426,0.06078,0.03963,0.03273,0.05527,0.02233,0.06034,0.06112,0.06561,0.0629,0.03994,0.04872,0.02486,0.02935,0.04289,0.06162,0.06805,0.07033,0.08767,0.04038,0.06331,0.07354,0.10186,0.13052,0.11535,0.11248,0.21615,0.11169,0.32178]},"CONDITIONS_BY_TYPE":{"CONCEPT_NAME":["Primary Condition","Secondary Condition"],"COUNT_VALUE":[1783,792]},"AGE_AT_FIRST_DIAGNOSIS":{"CATEGORY":["FEMALE","MALE"],"MIN_VALUE":[2,3],"P10_VALUE":[24,20],"P25_VALUE":[31,36],"MEDIAN_VALUE":[47,54],"P75_VALUE":[61,68],"P90_VALUE":[73,77],"MAX_VALUE":[94,97]}}
