{"PREVALENCE_BY_GENDER_AGE_YEAR":{"TRELLIS_NAME":["0-9","0-9","0-9","0-9","0-9","0-9","0-9","0-9","0-9","0-9","0-9","0-9","0-9","0-9","0-9","0-9","0-9","0-9","0-9","0-9","0-9","0-9","0-9","0-9"],"SERIES_NAME":["FEMALE","MALE","FEMALE","MALE","FEMALE","MALE","MALE","FEMALE","FEMALE","MALE","FEMALE","MALE","MALE","FEMALE","MALE","FEMALE","MALE","FEMALE","FEMALE","MALE","FEMALE","MALE","MALE","FEMALE"],"X_CALENDAR_YEAR":[2004,2004,2005,2005,2006,2006,2007,2007,2008,2008,2009,2009,2010,2010,2011,2011,2012,2012,2013,2013,2014,2014,2015,2015],"Y_PREVALENCE_1000PP":[0.44194,0.72039,0.56056,0.78629,0.47402,0.94996,0.85431,0.4036,0.23159,0.55113,0.60915,0.27217,0.47881,0.23298,0.90595,0.51137,0.78375,0.4014,0.2948,0.71041,0.51101,0.82638,0.58424,0.49813]},"PREVALENCE_BY_MONTH":{"X_CALENDAR_MONTH":["200502","200503","200508","200603","200608","200610","200705","200710","200711","200805","200904","201009","201103","201108","201110","201205","201209","201210","201304","201310","201501","201504"],"Y_PREVALENCE_1000PP":[0.038,0.03685,0.02498,0.02276,0.02182,0.02145,0.02728,0.01989,0.01983,0.02259,0.01872,0.02182,0.01888,0.02576,0.02919,0.02002,0.02404,0.02069,0.02522,0.03473,0.05874,0.05895]},"CONDITIONS_BY_TYPE":{"CONCEPT_NAME":["Primary Condition","Secondary Condition"],"COUNT_VALUE":[473,136]},"AGE_AT_FIRST_DIAGNOSIS":{"CATEGORY":["FEMALE","MALE"],"MIN_VALUE":[0,0],"P10_VALUE":[0,0],"P25_VALUE":[1,1],"MEDIAN_VALUE":[3,2],"P75_VALUE":[36,16],"P90_VALUE":[60,55],"MAX_VALUE":[99,90]}}
