{"PREVALENCE_BY_GENDER_AGE_YEAR":{"TRELLIS_NAME":["0-9","10-19","0-9","0-9","10-19","0-9","0-9","0-9","0-9","10-19","0-9","10-19","0-9","0-9","10-19","0-9","0-9","0-9","10-19","0-9","0-9","10-19","0-9","0-9","0-9","10-19","0-9","0-9","10-19","0-9","0-9","10-19","0-9","0-9"],"SERIES_NAME":["MALE","MALE","FEMALE","MALE","MALE","FEMALE","FEMALE","MALE","MALE","MALE","FEMALE","MALE","FEMALE","MALE","MALE","MALE","FEMALE","MALE","MALE","FEMALE","MALE","MALE","FEMALE","MALE","FEMALE","MALE","FEMALE","MALE","MALE","FEMALE","MALE","MALE","FEMALE","MALE"],"X_CALENDAR_YEAR":[2004,2004,2004,2005,2005,2005,2006,2006,2007,2007,2007,2008,2008,2008,2009,2009,2009,2010,2010,2010,2011,2011,2011,2012,2012,2012,2013,2013,2013,2014,2014,2014,2015,2015],"Y_PREVALENCE_1000PP":[10.90193,0.42099,7.12628,14.40159,0.34276,8.26832,4.74015,9.65156,12.70779,0.37679,7.30516,0.31908,6.98626,10.98825,0.35698,11.05705,6.3961,14.12497,0.40822,8.27088,13.24088,0.37058,7.15915,12.78945,6.98431,0.47214,9.68625,17.31165,0.50746,10.31311,17.9324,0.88101,6.8078,14.89812]},"PREVALENCE_BY_MONTH":{"X_CALENDAR_MONTH":["200401","200402","200403","200404","200405","200406","200407","200408","200409","200410","200411","200412","200501","200502","200503","200504","200505","200506","200507","200508","200509","200510","200511","200512","200601","200602","200603","200604","200605","200606","200607","200608","200609","200610","200611","200612","200701","200702","200703","200704","200705","200706","200707","200708","200709","200710","200711","200712","200801","200802","200803","200804","200805","200806","200807","200808","200809","200810","200811","200812","200901","200902","200903","200904","200905","200906","200907","200908","200909","200910","200911","200912","201001","201002","201003","201004","201005","201006","201007","201008","201009","201010","201011","201012","201101","201102","201103","201104","201105","201106","201107","201108","201109","201110","201111","201112","201201","201202","201203","201204","201205","201206","201207","201208","201209","201210","201211","201212","201301","201302","201303","201304","201305","201306","201307","201308","201309","201310","201311","201312","201401","201402","201403","201404","201405","201406","201407","201408","201409","201410","201411","201412","201501","201502","201503","201504","201505"],"Y_PREVALENCE_1000PP":[0.75439,0.47028,0.32553,0.20341,0.28665,0.13005,0.07051,0.07857,0.16015,0.31485,0.24966,0.25608,0.24825,0.15201,0.21186,0.17097,0.25933,0.21098,0.16973,0.14573,0.20099,0.35152,0.27115,0.14609,0.15555,0.1311,0.15556,0.15069,0.14877,0.11439,0.06238,0.08728,0.09392,0.17876,0.11015,0.16282,0.10166,0.13969,0.17962,0.14792,0.13297,0.14263,0.11157,0.09752,0.1741,0.31158,0.26111,0.15837,0.14405,0.18607,0.17213,0.14889,0.14524,0.10301,0.10893,0.08004,0.15292,0.15522,0.21527,0.17019,0.14136,0.16627,0.16544,0.16539,0.20538,0.1151,0.07787,0.08105,0.12757,0.16145,0.15837,0.15213,0.13352,0.10875,0.1516,0.20131,0.22016,0.18294,0.16464,0.15865,0.17768,0.21515,0.22506,0.21017,0.19814,0.14186,0.14475,0.16148,0.19365,0.10845,0.14118,0.13523,0.15863,0.27248,0.21812,0.1766,0.18038,0.15475,0.15498,0.10963,0.13346,0.15149,0.15261,0.09883,0.17517,0.30005,0.21181,0.20269,0.28441,0.22722,0.25383,0.27384,0.21821,0.18793,0.16374,0.10182,0.22539,0.38208,0.401,0.21167,0.19083,0.19475,0.23899,0.23161,0.28169,0.21323,0.20161,0.31171,0.31297,0.46957,0.44689,0.47337,0.45031,0.4542,0.40171,0.56003,0.93541]},"CONDITIONS_BY_TYPE":{"CONCEPT_NAME":["Primary Condition","Secondary Condition"],"COUNT_VALUE":[6772,854]},"AGE_AT_FIRST_DIAGNOSIS":{"CATEGORY":["FEMALE","MALE"],"MIN_VALUE":[0,0],"P10_VALUE":[1,1],"P25_VALUE":[1,1],"MEDIAN_VALUE":[2,2],"P75_VALUE":[3,3],"P90_VALUE":[5,5],"MAX_VALUE":[90,91]}}
