{"PREVALENCE_BY_GENDER_AGE_YEAR":{"TRELLIS_NAME":["30-39","40-49","0-9","20-29","10-19","0-9","20-29","20-29","10-19","40-49","0-9","20-29","0-9","40-49","30-39","50-59","40-49","40-49","30-39","30-39","40-49","10-19","50-59","10-19","20-29","10-19","10-19"],"SERIES_NAME":["MALE","MALE","FEMALE","MALE","MALE","MALE","MALE","FEMALE","MALE","MALE","FEMALE","MALE","MALE","FEMALE","MALE","MALE","FEMALE","MALE","MALE","MALE","MALE","MALE","MALE","MALE","MALE","MALE","MALE"],"X_CALENDAR_YEAR":[2004,2005,2006,2006,2006,2006,2007,2007,2007,2007,2007,2008,2008,2008,2009,2009,2009,2010,2010,2011,2011,2011,2012,2012,2012,2013,2014],"Y_PREVALENCE_1000PP":[0.55607,0.46845,0.25855,0.37117,0.30477,0.26599,0.3917,0.16303,0.56518,0.32918,0.24216,0.32029,0.24112,0.19433,0.41486,0.29605,0.1929,0.37912,0.41181,0.42473,0.45198,0.27793,0.35683,0.42493,0.41184,0.45671,0.41114]},"PREVALENCE_BY_MONTH":{"X_CALENDAR_MONTH":["200407","200408","200507","200508","200509","200607","200608","200609","200705","200706","200707","200708","200709","200805","200806","200807","200808","200809","200906","200908","201006","201007","201008","201009","201105","201106","201107","201108","201203","201204","201206","201207","201208","201306","201307","201308","201309","201406","201407"],"Y_PREVALENCE_1000PP":[0.03846,0.03626,0.0297,0.03331,0.02871,0.0477,0.04,0.02529,0.03069,0.06113,0.02705,0.02354,0.02678,0.02582,0.03541,0.02563,0.02561,0.0223,0.02178,0.04987,0.03411,0.06213,0.02178,0.0187,0.0254,0.02233,0.02888,0.04508,0.01978,0.01993,0.03366,0.02713,0.02386,0.04422,0.02605,0.03017,0.02292,0.02722,0.05157]},"CONDITIONS_BY_TYPE":{"CONCEPT_NAME":["Primary Condition","Secondary Condition"],"COUNT_VALUE":[507,85]},"AGE_AT_FIRST_DIAGNOSIS":{"CATEGORY":["FEMALE","MALE"],"MIN_VALUE":[1,0],"P10_VALUE":[8,8],"P25_VALUE":[19,14],"MEDIAN_VALUE":[36,30],"P75_VALUE":[51,46],"P90_VALUE":[63,59],"MAX_VALUE":[89,92]}}
