{"PREVALENCE_BY_GENDER_AGE_YEAR":{"TRELLIS_NAME":["20-29","50-59","10-19","10-19","50-59","50-59"],"SERIES_NAME":["FEMALE","FEMALE","FEMALE","FEMALE","FEMALE","FEMALE"],"X_CALENDAR_YEAR":[2006,2007,2011,2013,2013,2014],"Y_PREVALENCE_1000PP":[0.23053,0.21553,0.30016,0.27963,0.2674,0.25103]},"PREVALENCE_BY_MONTH":{"X_CALENDAR_MONTH":["201001","201002","201004","201007","201203","201205","201212","201301","201307","201309","201310","201311","201312","201401","201408"],"Y_PREVALENCE_1000PP":[0.02174,0.01864,0.01858,0.02485,0.01978,0.02002,0.02446,0.02458,0.02233,0.02674,0.03088,0.02752,0.03594,0.02842,0.02922]},"CONDITIONS_BY_TYPE":{"CONCEPT_NAME":["Primary Condition","Secondary Condition"],"COUNT_VALUE":[267,475]},"AGE_AT_FIRST_DIAGNOSIS":{"CATEGORY":["FEMALE","MALE"],"MIN_VALUE":[4,2],"P10_VALUE":[17,12],"P25_VALUE":[27,17],"MEDIAN_VALUE":[44,38],"P75_VALUE":[56,55],"P90_VALUE":[67,65],"MAX_VALUE":[91,83]}}
