{"PREVALENCE_BY_GENDER_AGE_YEAR":{"TRELLIS_NAME":["10-19","70-79","50-59","40-49","30-39","20-29","60-69","50-59","10-19","40-49","70-79","30-39","20-29","60-69","20-29","60-69","30-39","40-49","50-59","10-19","60-69","10-19","50-59","40-49","20-29","30-39","10-19","60-69","40-49","50-59","70-79","30-39","20-29","10-19","40-49","70-79","50-59","60-69","20-29","30-39","40-49","70-79","10-19","50-59","30-39","60-69","20-29","10-19","40-49","60-69","20-29","30-39","50-59","10-19","20-29","30-39","50-59","40-49","30-39","20-29","10-19","40-49","50-59","60-69","10-19","50-59","40-49","30-39","20-29","60-69","20-29","30-39","40-49"],"SERIES_NAME":["FEMALE","FEMALE","FEMALE","FEMALE","FEMALE","FEMALE","FEMALE","FEMALE","FEMALE","FEMALE","FEMALE","FEMALE","FEMALE","FEMALE","FEMALE","FEMALE","FEMALE","FEMALE","FEMALE","FEMALE","FEMALE","FEMALE","FEMALE","FEMALE","FEMALE","FEMALE","FEMALE","FEMALE","FEMALE","FEMALE","FEMALE","FEMALE","FEMALE","FEMALE","FEMALE","FEMALE","FEMALE","FEMALE","FEMALE","FEMALE","FEMALE","FEMALE","FEMALE","FEMALE","FEMALE","FEMALE","FEMALE","FEMALE","FEMALE","FEMALE","FEMALE","FEMALE","FEMALE","FEMALE","FEMALE","FEMALE","FEMALE","FEMALE","FEMALE","FEMALE","FEMALE","FEMALE","FEMALE","FEMALE","FEMALE","FEMALE","FEMALE","FEMALE","FEMALE","FEMALE","FEMALE","FEMALE","FEMALE"],"X_CALENDAR_YEAR":[2004,2004,2004,2004,2004,2004,2004,2005,2005,2005,2005,2005,2005,2005,2006,2006,2006,2006,2006,2006,2007,2007,2007,2007,2007,2007,2008,2008,2008,2008,2008,2008,2008,2009,2009,2009,2009,2009,2009,2009,2010,2010,2010,2010,2010,2010,2010,2011,2011,2011,2011,2011,2011,2012,2012,2012,2012,2012,2013,2013,2013,2013,2013,2014,2014,2014,2014,2014,2014,2015,2015,2015,2015],"Y_PREVALENCE_1000PP":[2.79414,1.183,1.6708,2.21699,3.24791,4.8229,0.97351,1.10015,1.16297,1.48434,0.75758,2.04148,3.02763,0.95222,2.56469,0.60374,1.40807,1.09428,0.77847,1.76215,0.75468,1.44374,0.79029,1.00254,1.71182,1.31279,1.15664,0.36033,1.32789,0.87123,0.58271,0.91246,2.05529,1.30618,1.18952,0.37893,0.27346,0.258,2.27009,1.35636,1.09922,0.62688,1.83349,0.68449,1.23392,0.92228,2.02546,2.05823,0.91093,0.33194,2.6152,0.89982,0.48871,1.26065,1.97003,1.02811,0.32822,0.82408,1.17888,1.82578,1.02531,1.04907,0.2674,0.27203,1.13305,0.71124,0.88503,1.01622,2.15303,0.4482,1.07208,0.76341,1.46939]},"PREVALENCE_BY_MONTH":{"X_CALENDAR_MONTH":["200401","200402","200403","200404","200405","200406","200407","200408","200409","200410","200411","200412","200501","200502","200503","200504","200505","200506","200507","200508","200509","200510","200511","200512","200601","200602","200603","200604","200605","200606","200607","200608","200609","200610","200611","200612","200701","200702","200703","200704","200705","200706","200707","200708","200709","200710","200711","200712","200801","200802","200803","200804","200805","200806","200807","200808","200809","200810","200811","200812","200901","200902","200903","200904","200905","200906","200907","200908","200909","200910","200911","200912","201001","201002","201003","201004","201005","201006","201007","201008","201009","201010","201011","201012","201101","201102","201103","201104","201105","201106","201107","201108","201109","201110","201111","201112","201201","201202","201203","201204","201205","201206","201207","201208","201209","201210","201211","201212","201301","201302","201303","201304","201305","201306","201307","201308","201309","201310","201311","201312","201401","201402","201403","201404","201405","201406","201407","201408","201409","201410","201411","201412","201501","201502","201503","201504","201505"],"Y_PREVALENCE_1000PP":[0.99261,0.37884,0.39459,0.22883,0.14332,0.30117,0.21154,0.13901,0.16587,0.17371,0.14564,0.11046,0.14116,0.10926,0.09672,0.09448,0.11428,0.08181,0.0976,0.12907,0.11485,0.07677,0.0957,0.07502,0.105,0.05013,0.11003,0.07535,0.07438,0.10332,0.06605,0.11273,0.04696,0.05363,0.07462,0.04955,0.0666,0.0454,0.06218,0.0516,0.05455,0.07132,0.07438,0.08071,0.07366,0.05966,0.0628,0.05279,0.07857,0.06202,0.0682,0.07768,0.0581,0.04829,0.06408,0.05122,0.06053,0.08236,0.03482,0.05043,0.08168,0.05333,0.06243,0.1061,0.06535,0.028,0.06541,0.04987,0.05289,0.06831,0.07142,0.05278,0.05589,0.05904,0.05878,0.08362,0.06202,0.09612,0.08387,0.0871,0.06235,0.04989,0.07189,0.05333,0.05661,0.05359,0.07552,0.05699,0.04762,0.06061,0.05776,0.0483,0.07769,0.0519,0.1172,0.06214,0.03608,0.0461,0.03957,0.0299,0.04337,0.07069,0.04748,0.06475,0.05496,0.05173,0.07639,0.04892,0.07023,0.03905,0.0429,0.04684,0.05819,0.05527,0.06326,0.06411,0.04966,0.03088,0.06683,0.03594,0.0812,0.04144,0.04612,0.06434,0.07042,0.03629,0.06564,0.0828,0.06562,0.07914,0.07354,0.0719,0.08484,0.06489,0.15265,0.13755,0.16754]},"CONDITIONS_BY_TYPE":{"CONCEPT_NAME":["Primary Condition","Secondary Condition"],"COUNT_VALUE":[1402,1562]},"AGE_AT_FIRST_DIAGNOSIS":{"CATEGORY":"FEMALE","MIN_VALUE":2,"P10_VALUE":19,"P25_VALUE":22,"MEDIAN_VALUE":30,"P75_VALUE":44,"P90_VALUE":57,"MAX_VALUE":94}}
