{"PREVALENCE_BY_GENDER_AGE_YEAR":{"TRELLIS_NAME":["0-9","0-9","0-9","0-9","0-9","0-9","30-39","20-29","10-19","0-9","0-9","0-9","0-9","0-9","0-9","30-39","0-9","0-9","0-9","0-9","10-19","0-9","10-19","0-9","10-19","0-9","10-19","0-9"],"SERIES_NAME":["FEMALE","MALE","MALE","FEMALE","FEMALE","MALE","MALE","MALE","MALE","MALE","FEMALE","MALE","FEMALE","MALE","FEMALE","FEMALE","MALE","FEMALE","FEMALE","MALE","MALE","FEMALE","FEMALE","MALE","MALE","MALE","MALE","FEMALE"],"X_CALENDAR_YEAR":[2006,2006,2007,2007,2008,2008,2009,2009,2009,2009,2009,2010,2010,2011,2011,2012,2012,2012,2013,2013,2013,2014,2014,2014,2014,2015,2015,2015],"Y_PREVALENCE_1000PP":[0.38783,0.41798,0.53394,0.64576,0.42458,0.4478,0.41486,0.35723,0.53548,0.88456,0.72337,1.26543,1.04842,1.63769,1.14074,0.20562,1.46063,1.04363,1.22131,1.00953,0.45671,1.30075,0.32373,1.90067,0.46987,1.09545,0.64935,0.91324]},"PREVALENCE_BY_MONTH":{"X_CALENDAR_MONTH":["200612","200703","200704","200705","200709","200711","200804","200806","200807","200808","200812","200901","200903","200904","200905","200906","200908","200909","200910","200911","200912","201001","201002","201003","201005","201006","201007","201008","201009","201010","201011","201012","201102","201103","201104","201105","201106","201107","201108","201109","201110","201111","201112","201201","201203","201204","201205","201206","201207","201208","201209","201210","201211","201212","201301","201302","201304","201305","201306","201307","201308","201309","201310","201311","201312","201401","201402","201403","201404","201405","201406","201407","201408","201409","201410","201411","201412","201501","201502","201503","201504","201505"],"Y_PREVALENCE_1000PP":[0.02478,0.02763,0.0344,0.02046,0.02344,0.01983,0.01942,0.01931,0.02563,0.01921,0.02206,0.02199,0.02185,0.01872,0.02489,0.02178,0.02805,0.03734,0.05589,0.02484,0.02484,0.04037,0.03107,0.03713,0.04031,0.03721,0.02796,0.02178,0.02806,0.02495,0.01875,0.01882,0.04098,0.03776,0.03166,0.02857,0.02871,0.03529,0.01932,0.04856,0.02271,0.04232,0.01962,0.0492,0.04287,0.03322,0.05005,0.0606,0.05087,0.03408,0.03091,0.02069,0.02431,0.02796,0.05267,0.0426,0.05765,0.02546,0.0479,0.03721,0.03394,0.03438,0.03859,0.03145,0.03594,0.05684,0.03729,0.04612,0.05576,0.04401,0.05444,0.06095,0.04383,0.03534,0.03693,0.07354,0.12583,0.08484,0.06489,0.09641,0.05895,0.1815]},"CONDITIONS_BY_TYPE":{"CONCEPT_NAME":["Primary Condition","Secondary Condition"],"COUNT_VALUE":[346,328]},"AGE_AT_FIRST_DIAGNOSIS":{"CATEGORY":["FEMALE","MALE"],"MIN_VALUE":[0,0],"P10_VALUE":[1,1],"P25_VALUE":[2,3],"MEDIAN_VALUE":[9,7],"P75_VALUE":[39,30],"P90_VALUE":[64,58],"MAX_VALUE":[93,89]}}
