{"PREVALENCE_BY_GENDER_AGE_YEAR":{"TRELLIS_NAME":["20-29","30-39","30-39","40-49","50-59","20-29","40-49","30-39","40-49","50-59","30-39","40-49","30-39","20-29","40-49","50-59","20-29","30-39","40-49","50-59","50-59","40-49","30-39","30-39","40-49","50-59","50-59","30-39","40-49","50-59","50-59","30-39","20-29","30-39","40-49","50-59"],"SERIES_NAME":["MALE","FEMALE","MALE","MALE","MALE","MALE","MALE","MALE","MALE","MALE","MALE","MALE","MALE","MALE","MALE","MALE","MALE","MALE","MALE","MALE","MALE","MALE","MALE","MALE","MALE","MALE","MALE","MALE","MALE","FEMALE","MALE","MALE","MALE","MALE","MALE","MALE"],"X_CALENDAR_YEAR":[2004,2004,2004,2004,2004,2005,2005,2005,2006,2006,2006,2007,2008,2008,2008,2008,2009,2009,2009,2009,2010,2010,2010,2011,2011,2011,2012,2012,2012,2013,2013,2013,2014,2014,2014,2014],"Y_PREVALENCE_1000PP":[0.55981,0.35648,1.11214,0.59307,0.83153,0.50219,1.00381,0.60441,1.00711,0.63364,0.68013,0.65836,0.85257,0.48044,0.75786,0.30276,0.4593,0.82973,0.91089,0.69078,0.48548,0.64991,0.47064,0.36406,0.45198,0.2949,0.45879,0.62426,0.59938,0.2292,0.37341,0.58445,0.55862,0.65198,0.44474,0.35051]},"PREVALENCE_BY_MONTH":{"X_CALENDAR_MONTH":["200401","200402","200403","200404","200405","200410","200507","200508","200510","200511","200512","200601","200603","200605","200609","200610","200703","200806","200807","200808","200809","200902","200903","200905","200906","200908","200909","200910","200911","200912","201003","201004","201005","201106","201107","201205","201207","201209","201302","201307","201311","201401","201410","201412"],"Y_PREVALENCE_1000PP":[0.11911,0.10451,0.05919,0.05085,0.04526,0.038,0.02546,0.03747,0.03232,0.0319,0.03159,0.02333,0.03794,0.02231,0.02529,0.03218,0.02418,0.01931,0.03204,0.02561,0.02867,0.01882,0.01873,0.04045,0.02178,0.02182,0.01867,0.01863,0.02484,0.01863,0.02475,0.02168,0.02171,0.01914,0.01925,0.02669,0.02713,0.02061,0.0213,0.02233,0.02359,0.03654,0.04221,0.03595]},"CONDITIONS_BY_TYPE":{"CONCEPT_NAME":["Primary Condition","Secondary Condition"],"COUNT_VALUE":[95,546]},"AGE_AT_FIRST_DIAGNOSIS":{"CATEGORY":["MALE","FEMALE"],"MIN_VALUE":[0,14],"P10_VALUE":[23,19],"P25_VALUE":[32,30],"MEDIAN_VALUE":[41,42],"P75_VALUE":[51,50],"P90_VALUE":[57,59],"MAX_VALUE":[82,88]}}
