{"PREVALENCE_BY_GENDER_AGE_YEAR":{"TRELLIS_NAME":["70-79","60-69","70-79","80-89","60-69","60-69"],"SERIES_NAME":["MALE","FEMALE","MALE","FEMALE","FEMALE","FEMALE"],"X_CALENDAR_YEAR":[2010,2010,2011,2012,2013,2014],"Y_PREVALENCE_1000PP":[0.53018,0.29345,0.44673,0.85342,0.30183,0.31737]},"PREVALENCE_BY_MONTH":{"X_CALENDAR_MONTH":["201010","201012","201101","201102","201103","201105","201106","201107","201108","201109","201110","201111","201203","201208","201209","201304","201305","201306","201310","201311","201312","201407","201411","201412","201501"],"Y_PREVALENCE_1000PP":[0.01871,0.0251,0.03145,0.02207,0.02517,0.03492,0.03509,0.02888,0.02254,0.02266,0.01946,0.02279,0.02638,0.02386,0.02061,0.03243,0.04364,0.03316,0.02702,0.02359,0.02796,0.02813,0.03394,0.04194,0.05221]},"CONDITIONS_BY_TYPE":{"CONCEPT_NAME":["Primary Condition","Secondary Condition"],"COUNT_VALUE":[1310,88]},"AGE_AT_FIRST_DIAGNOSIS":{"CATEGORY":["MALE","FEMALE"],"MIN_VALUE":[30,29],"P10_VALUE":[52,55],"P25_VALUE":[62,62],"MEDIAN_VALUE":[71,69],"P75_VALUE":[77,80],"P90_VALUE":[82,84],"MAX_VALUE":[96,89]}}
