{"PREVALENCE_BY_GENDER_AGE_YEAR":{"TRELLIS_NAME":["20-29","30-39","20-29","20-29","30-39","20-29","30-39","20-29","30-39","20-29","30-39"],"SERIES_NAME":["MALE","MALE","MALE","MALE","MALE","MALE","MALE","MALE","MALE","MALE","MALE"],"X_CALENDAR_YEAR":[2010,2011,2011,2012,2012,2013,2013,2014,2014,2015,2015],"Y_PREVALENCE_1000PP":[0.55229,0.48541,0.80515,1.23552,0.74911,1.41867,0.71433,1.48967,0.5071,1.40557,1.02745]},"PREVALENCE_BY_MONTH":{"X_CALENDAR_MONTH":["201104","201106","201201","201203","201208","201303","201412"],"Y_PREVALENCE_1000PP":[0.019,0.01914,0.02296,0.02308,0.02045,0.0286,0.03595]},"CONDITIONS_BY_TYPE":{"CONCEPT_NAME":["Primary Condition","Secondary Condition"],"COUNT_VALUE":[192,69]},"AGE_AT_FIRST_DIAGNOSIS":{"CATEGORY":["FEMALE","MALE"],"MIN_VALUE":[6,2],"P10_VALUE":[-9999,19],"P25_VALUE":[10,22],"MEDIAN_VALUE":[19,26],"P75_VALUE":[26,32],"P90_VALUE":[51,41],"MAX_VALUE":[51,67]}}
