{"PREVALENCE_BY_GENDER_AGE_YEAR":{"TRELLIS_NAME":["60-69","70-79","40-49","50-59","50-59","60-69","60-69","50-59","50-59","40-49","40-49","70-79","70-79","30-39","50-59","40-49","40-49","50-59","60-69","10-19","60-69","10-19","50-59","70-79","50-59","40-49","70-79","60-69","50-59","50-59","70-79","60-69","20-29","20-29","30-39","10-19","60-69","50-59","40-49","40-49","50-59","60-69","60-69","50-59","40-49","50-59","30-39","50-59","50-59","40-49","60-69","30-39","60-69","60-69","50-59","70-79","40-49","60-69","60-69","30-39","60-69","30-39","60-69","70-79","40-49","50-59","70-79","40-49","50-59"],"SERIES_NAME":["MALE","FEMALE","MALE","MALE","FEMALE","MALE","FEMALE","FEMALE","MALE","MALE","FEMALE","FEMALE","MALE","FEMALE","FEMALE","FEMALE","MALE","MALE","MALE","MALE","MALE","FEMALE","FEMALE","FEMALE","MALE","MALE","MALE","FEMALE","MALE","FEMALE","FEMALE","MALE","FEMALE","MALE","MALE","MALE","FEMALE","MALE","MALE","FEMALE","FEMALE","FEMALE","MALE","MALE","MALE","FEMALE","MALE","FEMALE","MALE","MALE","MALE","MALE","FEMALE","MALE","MALE","FEMALE","FEMALE","FEMALE","MALE","FEMALE","MALE","FEMALE","FEMALE","FEMALE","MALE","MALE","MALE","FEMALE","FEMALE"],"X_CALENDAR_YEAR":[2004,2004,2004,2004,2004,2005,2005,2005,2005,2005,2005,2005,2005,2006,2006,2006,2006,2006,2006,2006,2007,2007,2007,2007,2007,2008,2008,2008,2008,2008,2008,2009,2009,2009,2009,2009,2009,2009,2009,2009,2009,2010,2010,2010,2010,2010,2010,2011,2011,2011,2011,2012,2012,2012,2013,2013,2013,2013,2013,2013,2014,2014,2014,2014,2014,2014,2014,2014,2014],"Y_PREVALENCE_1000PP":[1.04147,0.819,1.01669,0.49892,0.40504,0.53574,0.61614,0.36672,0.58468,0.53537,0.29687,0.68182,0.67069,0.17975,0.22242,0.23937,0.53318,0.57604,0.46732,0.35556,0.48969,0.25478,0.25145,0.53558,0.64038,0.4872,0.55157,0.36033,0.75689,0.2091,0.45322,0.6566,0.17272,0.35723,0.3556,0.40161,0.258,0.74012,0.42866,0.1929,0.23928,0.46114,0.42054,0.43694,0.70407,0.34224,0.52947,0.24435,0.3932,0.39548,0.51592,0.37456,0.2948,0.424,0.42676,0.72931,0.23313,0.43118,0.59019,0.21716,0.45228,0.31538,0.27203,0.5151,0.44474,0.52576,0.54735,0.30976,0.46021]},"PREVALENCE_BY_MONTH":{"X_CALENDAR_MONTH":["200401","200402","200403","200404","200405","200406","200407","200408","200409","200410","200411","200412","200501","200502","200503","200504","200505","200506","200507","200508","200509","200510","200511","200512","200601","200602","200603","200604","200605","200606","200607","200608","200610","200612","200701","200702","200703","200704","200705","200706","200707","200708","200709","200710","200711","200712","200801","200802","200803","200804","200805","200806","200807","200808","200810","200811","200812","200901","200902","200903","200904","200905","200906","200907","200908","200909","200910","200911","200912","201001","201002","201003","201004","201005","201006","201007","201008","201009","201010","201012","201101","201102","201103","201104","201106","201107","201108","201109","201112","201201","201202","201203","201204","201206","201207","201209","201210","201211","201301","201302","201303","201305","201306","201307","201308","201309","201310","201311","201312","201401","201402","201403","201404","201405","201406","201407","201408","201409","201410","201411","201501","201502","201503","201504","201505"],"Y_PREVALENCE_1000PP":[0.13897,0.11757,0.05919,0.05085,0.09052,0.08898,0.05769,0.04835,0.03432,0.038,0.09362,0.04519,0.02921,0.05225,0.04145,0.04049,0.03077,0.0775,0.06365,0.05829,0.06153,0.03232,0.02791,0.04343,0.03111,0.05784,0.04173,0.04521,0.03719,0.04428,0.03303,0.03273,0.03575,0.02124,0.03155,0.02794,0.05181,0.04128,0.02387,0.03056,0.02367,0.02018,0.02678,0.04309,0.02314,0.05609,0.03929,0.03591,0.03572,0.02589,0.02905,0.03863,0.03845,0.02881,0.03484,0.03482,0.04728,0.04398,0.03451,0.03746,0.04369,0.02489,0.03422,0.03115,0.02182,0.01867,0.02794,0.05279,0.04036,0.03105,0.04039,0.03094,0.03097,0.03721,0.04031,0.04349,0.03422,0.03429,0.02183,0.02823,0.02202,0.03153,0.01888,0.03483,0.02871,0.02888,0.01932,0.02914,0.02616,0.03608,0.03293,0.02638,0.02325,0.02356,0.02713,0.03091,0.03449,0.03125,0.04565,0.0426,0.03575,0.02182,0.02211,0.03721,0.03394,0.03056,0.03473,0.04324,0.07189,0.05278,0.04144,0.07547,0.06005,0.08363,0.06351,0.06095,0.07306,0.03029,0.04748,0.03394,0.04568,0.0793,0.07231,0.18668,0.13961]},"CONDITIONS_BY_TYPE":{"CONCEPT_NAME":["Primary Condition","Secondary Condition"],"COUNT_VALUE":[5394,231]},"AGE_AT_FIRST_DIAGNOSIS":{"CATEGORY":["MALE","FEMALE"],"MIN_VALUE":[2,1],"P10_VALUE":[14,17],"P25_VALUE":[34,36],"MEDIAN_VALUE":[51,55],"P75_VALUE":[63,69],"P90_VALUE":[71,78],"MAX_VALUE":[91,93]}}
