{"PREVALENCE_BY_GENDER_AGE_YEAR":{"TRELLIS_NAME":["50-59","60-69","50-59","50-59","60-69","60-69","50-59","60-69","50-59","50-59","60-69","60-69","60-69","50-59","60-69","60-69","50-59","50-59","60-69","60-69","30-39","80-89","60-69","60-69","50-59","70-79","50-59","50-59","60-69","70-79","60-69"],"SERIES_NAME":["MALE","MALE","MALE","MALE","MALE","MALE","MALE","MALE","MALE","FEMALE","FEMALE","FEMALE","MALE","MALE","MALE","MALE","MALE","FEMALE","FEMALE","MALE","FEMALE","MALE","MALE","FEMALE","MALE","MALE","FEMALE","MALE","FEMALE","MALE","MALE"],"X_CALENDAR_YEAR":[2004,2005,2005,2006,2006,2007,2008,2009,2009,2009,2009,2010,2010,2010,2011,2012,2013,2013,2013,2013,2014,2014,2014,2014,2014,2014,2014,2015,2015,2015,2015],"Y_PREVALENCE_1000PP":[0.58207,0.53574,0.38979,0.34562,0.6676,0.48969,0.35321,0.49245,0.34539,0.23928,0.473,0.33537,0.42054,0.33984,0.30955,0.477,0.4801,0.2674,0.34495,0.75115,0.2453,1.11252,1.13071,0.63475,0.52576,0.86011,0.37654,0.7548,0.82169,0.90791,1.23668]},"PREVALENCE_BY_MONTH":{"X_CALENDAR_MONTH":["200403","200406","200407","200411","200412","200503","200505","200506","200507","200509","200512","200602","200612","200703","200804","200903","200904","200905","200907","200910","200912","201001","201002","201004","201005","201008","201010","201101","201103","201112","201201","201202","201204","201205","201208","201210","201211","201212","201301","201302","201303","201304","201305","201306","201307","201308","201309","201310","201311","201312","201401","201402","201403","201404","201405","201406","201407","201408","201409","201410","201411","201412","201501","201502","201503","201504","201505"],"Y_PREVALENCE_1000PP":[0.05919,0.04107,0.04487,0.04161,0.03515,0.03224,0.04835,0.03014,0.0297,0.02871,0.02764,0.02313,0.02124,0.02073,0.02913,0.02185,0.03121,0.02801,0.02803,0.02173,0.03105,0.03726,0.01864,0.01858,0.02171,0.02489,0.02806,0.01887,0.01888,0.02616,0.02296,0.03293,0.01993,0.02669,0.03408,0.03104,0.02431,0.02796,0.0316,0.03195,0.03575,0.05044,0.02182,0.03685,0.05954,0.06034,0.04202,0.05403,0.04718,0.04792,0.06496,0.04558,0.07128,0.08149,0.07482,0.0862,0.07033,0.06332,0.07067,0.08969,0.11314,0.13182,0.09789,0.11535,0.15265,0.20633,0.19546]},"CONDITIONS_BY_TYPE":{"CONCEPT_NAME":["Primary Condition","Secondary Condition"],"COUNT_VALUE":[695,704]},"AGE_AT_FIRST_DIAGNOSIS":{"CATEGORY":["MALE","FEMALE"],"MIN_VALUE":[0,6],"P10_VALUE":[21,20],"P25_VALUE":[42,38],"MEDIAN_VALUE":[59,56],"P75_VALUE":[68,65],"P90_VALUE":[76,75],"MAX_VALUE":[91,95]}}
