{"PREVALENCE_BY_GENDER_AGE_YEAR":{"TRELLIS_NAME":["10-19","0-9","10-19","0-9","10-19","0-9","0-9","10-19","10-19","0-9","10-19","0-9","10-19","0-9","0-9","10-19","10-19","10-19","0-9","0-9","0-9","10-19","0-9","10-19","10-19","0-9","0-9","10-19","10-19","0-9","0-9","10-19","0-9","10-19","0-9","10-19","20-29","20-29","10-19","0-9","10-19","0-9","20-29","20-29","10-19","0-9","10-19","0-9","10-19","10-19","0-9","0-9","20-29"],"SERIES_NAME":["MALE","FEMALE","FEMALE","MALE","MALE","MALE","FEMALE","FEMALE","FEMALE","FEMALE","MALE","MALE","MALE","MALE","FEMALE","FEMALE","MALE","FEMALE","FEMALE","MALE","FEMALE","MALE","MALE","FEMALE","FEMALE","MALE","FEMALE","MALE","FEMALE","MALE","FEMALE","MALE","MALE","MALE","FEMALE","FEMALE","MALE","FEMALE","MALE","MALE","FEMALE","FEMALE","FEMALE","FEMALE","FEMALE","FEMALE","MALE","MALE","FEMALE","MALE","FEMALE","MALE","MALE"],"X_CALENDAR_YEAR":[2004,2004,2004,2004,2005,2005,2005,2005,2006,2006,2006,2006,2007,2007,2007,2007,2008,2008,2008,2008,2009,2009,2009,2009,2010,2010,2010,2010,2011,2011,2011,2011,2012,2012,2012,2012,2012,2012,2013,2013,2013,2013,2013,2014,2014,2014,2014,2014,2015,2015,2015,2015,2015],"Y_PREVALENCE_1000PP":[5.12209,2.2097,2.55118,3.3138,3.6561,3.22794,1.82183,1.76973,1.12959,1.29277,1.87941,2.58388,1.83685,1.7798,0.84756,1.01911,2.00565,0.70225,1.08075,1.61896,0.53301,1.1602,1.53098,1.02045,0.70839,1.19703,0.31064,1.63288,1.15775,1.46347,0.86539,2.13081,1.38938,2.40793,0.80279,1.17371,0.30888,0.19423,3.34923,1.19649,1.44475,0.75805,0.20614,0.29811,1.29492,0.92911,4.63996,1.19825,2.28746,4.22078,0.83022,1.31454,0.76668]},"PREVALENCE_BY_MONTH":{"X_CALENDAR_MONTH":["200401","200402","200403","200404","200405","200406","200407","200408","200409","200410","200411","200412","200501","200502","200503","200504","200505","200506","200507","200508","200509","200510","200511","200512","200601","200602","200603","200604","200605","200606","200607","200608","200609","200610","200611","200612","200701","200702","200703","200704","200705","200706","200707","200708","200709","200710","200711","200801","200802","200803","200804","200805","200806","200807","200808","200809","200810","200811","200901","200902","200903","200904","200905","200906","200907","200909","200910","200911","200912","201004","201006","201007","201008","201009","201010","201011","201012","201101","201102","201103","201104","201105","201106","201107","201108","201109","201110","201111","201112","201201","201202","201203","201204","201205","201206","201207","201208","201209","201210","201211","201212","201301","201302","201303","201304","201305","201306","201307","201308","201309","201310","201311","201312","201401","201402","201403","201404","201405","201406","201407","201408","201409","201410","201411","201412","201501","201502","201503","201504","201505"],"Y_PREVALENCE_1000PP":[0.29778,0.22208,0.32553,0.18646,0.26402,0.11636,0.10256,0.07857,0.09151,0.10857,0.12483,0.11046,0.09735,0.09976,0.0783,0.16197,0.08791,0.08612,0.05941,0.06662,0.06973,0.08485,0.08374,0.06317,0.06222,0.0694,0.06829,0.06028,0.03347,0.06273,0.02936,0.06546,0.02167,0.07866,0.0533,0.04247,0.05959,0.05587,0.04836,0.0344,0.0716,0.03736,0.03719,0.05717,0.04687,0.05635,0.05619,0.03929,0.03264,0.04222,0.06474,0.02259,0.03219,0.05126,0.02881,0.06053,0.04118,0.06015,0.0377,0.04392,0.04994,0.03745,0.06224,0.04666,0.03738,0.02178,0.02173,0.02484,0.02484,0.02478,0.0217,0.02174,0.03733,0.03429,0.05924,0.07189,0.05646,0.03145,0.02837,0.08811,0.03483,0.07937,0.01914,0.04492,0.03864,0.0518,0.05839,0.06186,0.03925,0.06559,0.05268,0.06595,0.0598,0.09342,0.04713,0.03391,0.05453,0.04809,0.05173,0.05208,0.04543,0.05969,0.05681,0.06793,0.07927,0.07274,0.05896,0.04838,0.04148,0.04584,0.07719,0.06683,0.05192,0.03248,0.08702,0.09224,0.10294,0.06162,0.04537,0.08908,0.12176,0.09591,0.14245,0.10748,0.08389,0.17621,0.13698,0.28923,0.24563,0.23734]},"CONDITIONS_BY_TYPE":{"CONCEPT_NAME":["Primary Condition","Secondary Condition"],"COUNT_VALUE":[816,1795]},"AGE_AT_FIRST_DIAGNOSIS":{"CATEGORY":["FEMALE","MALE"],"MIN_VALUE":[0,0],"P10_VALUE":[5,5],"P25_VALUE":[7,7],"MEDIAN_VALUE":[10,10],"P75_VALUE":[15,13],"P90_VALUE":[21,17],"MAX_VALUE":[82,67]}}
