{"PREVALENCE_BY_GENDER_AGE_YEAR":{"TRELLIS_NAME":["30-39","0-9","10-19","20-29","20-29","30-39","0-9","0-9","10-19","20-29","30-39","0-9","10-19","0-9","10-19","0-9","0-9","0-9","30-39","0-9","0-9","0-9","10-19","0-9","0-9","20-29","20-29"],"SERIES_NAME":["FEMALE","MALE","MALE","MALE","FEMALE","MALE","FEMALE","MALE","MALE","MALE","FEMALE","MALE","MALE","FEMALE","FEMALE","MALE","FEMALE","FEMALE","MALE","MALE","FEMALE","MALE","MALE","FEMALE","MALE","FEMALE","MALE"],"X_CALENDAR_YEAR":[2006,2006,2006,2006,2006,2007,2007,2007,2007,2008,2008,2008,2009,2009,2009,2010,2010,2011,2012,2012,2012,2013,2013,2014,2014,2014,2014],"Y_PREVALENCE_1000PP":[0.20971,0.34198,0.30477,0.43303,0.25935,0.43956,0.24216,0.24917,0.37679,0.42705,0.16102,0.20668,0.26774,0.30458,0.28573,0.27361,0.42713,0.4327,0.37456,0.24938,0.24084,0.29912,0.30448,0.27873,0.33055,0.36436,0.37242]},"PREVALENCE_BY_MONTH":{"X_CALENDAR_MONTH":["200511","200604","200606","200608","200609","200610","200611","200704","200708","200710","200801","200803","200805","200806","200905","200910","201005","201008","201012","201107","201112","201201","201204","201302","201307","201308","201309","201404","201406","201407","201411","201412","201505"],"Y_PREVALENCE_1000PP":[0.0319,0.0226,0.03321,0.02909,0.02167,0.02145,0.02843,0.02064,0.02018,0.0232,0.02292,0.02923,0.01937,0.01931,0.02178,0.01863,0.0186,0.02178,0.0251,0.02246,0.01962,0.02296,0.02325,0.0213,0.04466,0.0264,0.02674,0.03002,0.04083,0.02813,0.04525,0.03595,0.09773]},"CONDITIONS_BY_TYPE":{"CONCEPT_NAME":["Primary Condition","Secondary Condition"],"COUNT_VALUE":[582,240]},"AGE_AT_FIRST_DIAGNOSIS":{"CATEGORY":["FEMALE","MALE"],"MIN_VALUE":[0,0],"P10_VALUE":[1,0],"P25_VALUE":[6,7],"MEDIAN_VALUE":[24,21],"P75_VALUE":[36,37],"P90_VALUE":[46,49],"MAX_VALUE":[88,87]}}
