{"PREVALENCE_BY_GENDER_AGE_YEAR":{"TRELLIS_NAME":["10-19","10-19","0-9","0-9","10-19","10-19","10-19","10-19","10-19","0-9","10-19","0-9","10-19","0-9","10-19","10-19","0-9","0-9","10-19","10-19","0-9","10-19","0-9","0-9","10-19","0-9","10-19","10-19","0-9","10-19","0-9","10-19","10-19","0-9"],"SERIES_NAME":["FEMALE","MALE","MALE","MALE","MALE","FEMALE","MALE","FEMALE","MALE","MALE","FEMALE","MALE","MALE","FEMALE","FEMALE","FEMALE","MALE","FEMALE","MALE","MALE","FEMALE","FEMALE","MALE","FEMALE","FEMALE","MALE","MALE","FEMALE","FEMALE","MALE","MALE","FEMALE","MALE","MALE"],"X_CALENDAR_YEAR":[2006,2006,2006,2007,2007,2007,2008,2008,2009,2009,2009,2010,2010,2010,2010,2011,2011,2011,2011,2012,2012,2012,2012,2013,2013,2013,2013,2014,2014,2014,2014,2015,2015,2015],"Y_PREVALENCE_1000PP":[0.2711,0.45715,0.22799,0.24917,0.37679,0.38217,0.31908,0.33047,0.49085,0.40826,0.28573,0.30781,0.77108,0.34947,0.33336,0.38592,0.55751,0.66871,0.78747,0.75543,0.52182,0.47818,0.32063,0.37903,0.65247,0.63563,0.55821,0.86328,0.37164,0.82227,0.74374,0.8578,1.19048,0.94939]},"PREVALENCE_BY_MONTH":{"X_CALENDAR_MONTH":["200402","200405","200407","200408","200410","200412","200501","200502","200503","200506","200509","200511","200512","200603","200604","200605","200606","200607","200608","200609","200610","200611","200612","200701","200702","200703","200704","200705","200706","200707","200708","200709","200710","200711","200712","200801","200802","200803","200804","200807","200808","200809","200810","200811","200812","200901","200904","200906","200907","200908","200909","200910","200911","200912","201001","201002","201003","201004","201005","201006","201007","201008","201009","201010","201011","201012","201101","201102","201103","201104","201105","201106","201107","201108","201109","201110","201111","201112","201201","201202","201203","201204","201205","201206","201207","201208","201209","201210","201211","201212","201301","201302","201303","201304","201305","201306","201307","201308","201309","201310","201311","201312","201401","201402","201403","201404","201405","201406","201407","201408","201409","201410","201411","201412","201501","201502","201503","201504","201505"],"Y_PREVALENCE_1000PP":[0.07838,0.0528,0.05128,0.03626,0.038,0.03013,0.02921,0.03325,0.02763,0.02583,0.02461,0.03988,0.02369,0.03415,0.03391,0.02231,0.02583,0.03303,0.04,0.0289,0.03575,0.04619,0.0354,0.03155,0.03841,0.038,0.04128,0.04432,0.03056,0.05072,0.04708,0.05357,0.04309,0.05619,0.04289,0.04256,0.04244,0.02923,0.02589,0.02884,0.02241,0.02549,0.01901,0.02216,0.03152,0.02827,0.01872,0.02178,0.03738,0.03429,0.02489,0.03726,0.04037,0.04968,0.06831,0.06525,0.06188,0.06194,0.05581,0.04651,0.03728,0.05599,0.05611,0.04365,0.03751,0.03764,0.04718,0.05044,0.06923,0.07599,0.06349,0.05742,0.05134,0.05152,0.03561,0.05514,0.05209,0.05887,0.05247,0.06585,0.05606,0.05315,0.08008,0.0505,0.0407,0.04771,0.05152,0.04139,0.03472,0.04892,0.02458,0.0426,0.0572,0.05405,0.05819,0.05159,0.05954,0.06411,0.06112,0.06175,0.0747,0.07987,0.07714,0.07459,0.07547,0.09436,0.07042,0.04537,0.07502,0.06819,0.04038,0.09497,0.06222,0.06591,0.09789,0.12256,0.13658,0.12773,0.1815]},"CONDITIONS_BY_TYPE":{"CONCEPT_NAME":["Primary Condition","Secondary Condition"],"COUNT_VALUE":[5289,307]},"AGE_AT_FIRST_DIAGNOSIS":{"CATEGORY":["FEMALE","MALE"],"MIN_VALUE":[0,1],"P10_VALUE":[3,3],"P25_VALUE":[6,7],"MEDIAN_VALUE":[14,13],"P75_VALUE":[33,33],"P90_VALUE":[58,60],"MAX_VALUE":[82,77]}}
