{"PREVALENCE_BY_GENDER_AGE_YEAR":{"TRELLIS_NAME":["80-89","70-79","70-79","50-59","60-69","80-89","60-69","90-99","80-89","60-69","90-99","80-89","60-69","70-79","50-59","40-49","70-79","90-99","80-89","60-69","80-89","50-59","70-79","70-79","90-99","60-69","80-89","90-99","60-69","80-89","60-69","50-59","70-79","70-79","40-49","50-59","50-59","70-79","40-49","50-59","70-79","90-99","60-69","60-69","90-99","80-89","80-89","70-79","50-59","50-59","70-79","60-69","80-89","90-99","60-69","80-89","90-99","50-59","70-79","70-79","50-59","40-49","80-89","90-99","60-69","60-69","80-89","90-99","30-39","90-99","60-69","80-89","60-69","80-89","90-99","70-79","70-79","50-59","40-49","50-59","50-59","70-79","50-59","60-69","70-79","80-89","80-89","60-69"],"SERIES_NAME":["MALE","MALE","FEMALE","FEMALE","MALE","FEMALE","FEMALE","FEMALE","FEMALE","MALE","MALE","MALE","FEMALE","MALE","FEMALE","FEMALE","FEMALE","MALE","MALE","MALE","FEMALE","FEMALE","FEMALE","MALE","FEMALE","FEMALE","MALE","MALE","MALE","FEMALE","FEMALE","FEMALE","MALE","FEMALE","FEMALE","MALE","FEMALE","MALE","FEMALE","MALE","FEMALE","FEMALE","FEMALE","MALE","MALE","MALE","FEMALE","FEMALE","FEMALE","MALE","MALE","FEMALE","MALE","MALE","MALE","FEMALE","FEMALE","MALE","MALE","FEMALE","FEMALE","FEMALE","MALE","MALE","FEMALE","MALE","FEMALE","FEMALE","MALE","MALE","MALE","MALE","FEMALE","FEMALE","FEMALE","FEMALE","MALE","MALE","FEMALE","FEMALE","FEMALE","FEMALE","MALE","FEMALE","MALE","FEMALE","MALE","MALE"],"X_CALENDAR_YEAR":[2007,2007,2007,2007,2007,2007,2007,2008,2008,2008,2008,2008,2008,2008,2008,2008,2008,2009,2009,2009,2009,2009,2009,2009,2009,2009,2010,2010,2010,2010,2010,2010,2010,2010,2010,2010,2011,2011,2011,2011,2011,2011,2011,2011,2011,2011,2011,2012,2012,2012,2012,2012,2012,2012,2012,2012,2012,2013,2013,2013,2013,2013,2013,2013,2013,2013,2013,2013,2014,2014,2014,2014,2014,2014,2014,2014,2014,2014,2014,2014,2015,2015,2015,2015,2015,2015,2015,2015],"Y_PREVALENCE_1000PP":[2.84192,1.46855,0.93727,0.21553,0.67332,1.53901,0.37734,3.08483,3.2566,0.34294,8.58896,6.35345,0.49545,2.52147,0.2091,0.19433,1.42441,7.23764,4.80769,0.54717,3.99482,0.20509,1.07364,2.42358,5,0.473,7.24079,9.17431,1.26163,4.6729,1.04804,0.34224,3.25684,1.75527,0.19398,0.38839,0.48871,4.914,0.20243,0.54065,2.35192,3.64631,1.24476,1.80571,9.02708,7.16525,5.53005,2.50995,0.47409,0.81562,4.64802,1.22131,8.7994,12.11556,1.90799,5.01387,5.38358,0.64014,5.27293,3.2211,1.1842,0.31084,9.64291,11.62791,1.98344,2.25346,4.21426,5.07614,0.57954,19.17808,2.65717,10.01271,1.94958,5.48105,6.97472,3.73447,5.94261,1.46045,0.26551,0.87859,0.95623,3.62958,1.5096,1.04579,4.92866,4.06504,7.23888,2.94901]},"PREVALENCE_BY_MONTH":{"X_CALENDAR_MONTH":["200610","200611","200612","200701","200702","200703","200704","200705","200706","200707","200708","200709","200710","200711","200712","200801","200802","200803","200804","200805","200806","200807","200808","200809","200810","200811","200812","200901","200902","200903","200904","200905","200906","200907","200908","200909","200910","200911","200912","201001","201002","201003","201004","201005","201006","201007","201008","201009","201010","201011","201012","201101","201102","201103","201104","201105","201106","201107","201108","201109","201110","201111","201112","201201","201202","201203","201204","201205","201206","201207","201208","201209","201210","201211","201212","201301","201302","201303","201304","201305","201306","201307","201308","201309","201310","201311","201312","201401","201402","201403","201404","201405","201406","201407","201408","201409","201410","201411","201412","201501","201502","201503","201504","201505","201506"],"Y_PREVALENCE_1000PP":[0.0286,0.04264,0.05663,0.04908,0.05937,0.05181,0.06536,0.08183,0.07132,0.09129,0.0639,0.06696,0.05635,0.08263,0.11878,0.09822,0.09793,0.12016,0.15537,0.1872,0.17061,0.1634,0.15687,0.16566,0.16472,0.16145,0.17019,0.16335,0.15685,0.18729,0.16539,0.15559,0.13377,0.14328,0.15274,0.16491,0.16145,0.15216,0.16455,0.15526,0.13983,0.16707,0.15485,0.16434,0.24805,0.26094,0.30175,0.32108,0.31493,0.31571,0.2635,0.27677,0.27112,0.33042,0.3008,0.32699,0.33812,0.26632,0.28334,0.3043,0.31465,0.30602,0.28453,0.30829,0.32926,0.27698,0.28237,0.36368,0.33664,0.40357,0.38511,0.31256,0.35523,0.35765,0.35295,0.36166,0.35504,0.38968,0.38914,0.3564,0.41639,0.42052,0.33187,0.42022,0.49014,0.3892,0.47126,0.47098,0.42266,0.50314,0.52756,0.54136,0.58977,0.6142,0.52601,0.63099,0.57509,0.54871,0.57523,0.5743,0.63444,0.707,1.00215,1.4101,1.17988]},"CONDITIONS_BY_TYPE":{"CONCEPT_NAME":["Primary Condition","Secondary Condition"],"COUNT_VALUE":[23505,2310]},"AGE_AT_FIRST_DIAGNOSIS":{"CATEGORY":["FEMALE","MALE"],"MIN_VALUE":[1,0],"P10_VALUE":[50,52],"P25_VALUE":[61,65],"MEDIAN_VALUE":[73,74],"P75_VALUE":[82,82],"P90_VALUE":[88,87],"MAX_VALUE":[104,99]}}
