{"PREVALENCE_BY_GENDER_AGE_YEAR":{"TRELLIS_NAME":["60-69","70-79","50-59","60-69","60-69","50-59","60-69","50-59","60-69","70-79","50-59","60-69","50-59"],"SERIES_NAME":["FEMALE","FEMALE","FEMALE","FEMALE","FEMALE","FEMALE","FEMALE","FEMALE","FEMALE","FEMALE","FEMALE","FEMALE","FEMALE"],"X_CALENDAR_YEAR":[2008,2010,2010,2010,2011,2011,2012,2012,2013,2013,2013,2014,2014],"Y_PREVALENCE_1000PP":[0.36033,0.5015,0.37647,0.29345,0.45641,0.31417,0.37903,0.29175,0.51742,0.36465,0.2674,0.68009,0.3347]},"PREVALENCE_BY_MONTH":{"X_CALENDAR_MONTH":["200805","201003","201011","201103","201105","201107","201109","201202","201203","201211","201302","201305","201312","201402","201404","201406","201407","201409","201503"],"Y_PREVALENCE_1000PP":[0.02259,0.01856,0.01875,0.01888,0.01905,0.02567,0.02266,0.01976,0.02638,0.02083,0.0284,0.02182,0.02396,0.02901,0.04289,0.02722,0.03282,0.04543,0.0482]},"CONDITIONS_BY_TYPE":{"CONCEPT_NAME":["Primary Condition","Secondary Condition"],"COUNT_VALUE":[728,243]},"AGE_AT_FIRST_DIAGNOSIS":{"CATEGORY":["FEMALE","MALE"],"MIN_VALUE":[17,14],"P10_VALUE":[47,39],"P25_VALUE":[54,52],"MEDIAN_VALUE":[62,64],"P75_VALUE":[70,71],"P90_VALUE":[78,81],"MAX_VALUE":[98,88]}}
