{"PREVALENCE_BY_GENDER_AGE_YEAR":{"TRELLIS_NAME":["0-9","0-9","0-9","0-9","0-9","0-9","0-9","0-9","0-9","0-9","0-9","0-9","0-9","0-9","0-9","0-9","0-9","0-9","0-9","0-9","0-9"],"SERIES_NAME":["MALE","FEMALE","MALE","MALE","FEMALE","FEMALE","MALE","FEMALE","MALE","MALE","FEMALE","MALE","FEMALE","MALE","FEMALE","FEMALE","MALE","FEMALE","MALE","MALE","FEMALE"],"X_CALENDAR_YEAR":[2005,2006,2006,2007,2007,2008,2008,2009,2009,2010,2010,2011,2011,2012,2012,2013,2013,2014,2014,2015,2015],"Y_PREVALENCE_1000PP":[0.33107,0.99112,0.83596,0.67633,0.6054,0.65617,0.65447,0.60915,0.85054,0.82082,0.54363,1.21955,1.06207,1.06876,0.92321,1.05285,1.60778,1.6724,1.69407,1.16848,1.41137]},"PREVALENCE_BY_MONTH":{"X_CALENDAR_MONTH":["200601","200610","200611","200612","200707","200809","200901","201009","201102","201103","201104","201108","201109","201110","201111","201201","201202","201203","201204","201205","201212","201301","201304","201305","201306","201309","201310","201401","201404","201405","201406","201407","201408","201409","201410","201411","201412","201501","201502","201503","201504"],"Y_PREVALENCE_1000PP":[0.02722,0.0286,0.02487,0.02124,0.02705,0.01911,0.02199,0.0187,0.02522,0.03147,0.02533,0.02576,0.02266,0.02595,0.01953,0.02624,0.02305,0.01978,0.01993,0.03337,0.02097,0.02809,0.02162,0.02546,0.02211,0.03056,0.03473,0.02436,0.02573,0.03081,0.04083,0.03282,0.02922,0.04038,0.04748,0.03394,0.03595,0.07179,0.04326,0.0482,0.05895]},"CONDITIONS_BY_TYPE":{"CONCEPT_NAME":["Primary Condition","Secondary Condition"],"COUNT_VALUE":[95,431]},"AGE_AT_FIRST_DIAGNOSIS":{"CATEGORY":["FEMALE","MALE"],"MIN_VALUE":[0,0],"P10_VALUE":[0,0],"P25_VALUE":[0,0],"MEDIAN_VALUE":[0,0],"P75_VALUE":[0,0],"P90_VALUE":[0,0],"MAX_VALUE":[1,1]}}
