{"PREVALENCE_BY_GENDER_AGE_YEAR":{"TRELLIS_NAME":["0-9","0-9","0-9","0-9","0-9","0-9","0-9","0-9"],"SERIES_NAME":["MALE","MALE","FEMALE","FEMALE","MALE","FEMALE","FEMALE","MALE"],"X_CALENDAR_YEAR":[2007,2011,2011,2012,2012,2013,2014,2014],"Y_PREVALENCE_1000PP":[0.24917,0.66204,0.74738,1.80629,1.67439,0.2948,0.32519,0.24791]},"PREVALENCE_BY_MONTH":{"X_CALENDAR_MONTH":["201110","201111","201112","201201","201202","201203","201204","201205","201206","201207"],"Y_PREVALENCE_1000PP":[0.02595,0.03256,0.03597,0.01968,0.04939,0.02638,0.03654,0.02669,0.08416,0.05765]},"CONDITIONS_BY_TYPE":{"CONCEPT_NAME":["Primary Condition","Secondary Condition"],"COUNT_VALUE":[7,207]},"AGE_AT_FIRST_DIAGNOSIS":{"CATEGORY":["FEMALE","MALE"],"MIN_VALUE":[0,0],"P10_VALUE":[0,0],"P25_VALUE":[0,0],"MEDIAN_VALUE":[0,0],"P75_VALUE":[0,0],"P90_VALUE":[0,0],"MAX_VALUE":[76,88]}}
