{"PREVALENCE_BY_GENDER_AGE_YEAR":{"TRELLIS_NAME":["0-9","0-9","0-9","0-9","0-9","0-9","0-9","0-9","0-9","0-9","0-9","10-19","0-9","0-9","0-9","0-9"],"SERIES_NAME":["FEMALE","MALE","FEMALE","MALE","FEMALE","MALE","FEMALE","MALE","FEMALE","MALE","FEMALE","FEMALE","FEMALE","MALE","MALE","FEMALE"],"X_CALENDAR_YEAR":[2008,2009,2009,2010,2010,2011,2011,2012,2012,2013,2013,2013,2014,2014,2015,2015],"Y_PREVALENCE_1000PP":[0.23159,0.20413,0.22843,0.27361,0.34947,0.27876,0.66871,0.49875,0.52182,0.82258,0.75805,0.27963,1.11493,0.78506,0.65727,1.32835]},"PREVALENCE_BY_MONTH":{"X_CALENDAR_MONTH":["201012","201101","201102","201106","201209","201211","201212","201305","201306","201307","201308","201310","201311","201312","201401","201403","201404","201405","201407","201408","201409","201410","201411","201412","201501","201502","201503","201504","201505"],"Y_PREVALENCE_1000PP":[0.01882,0.01887,0.01892,0.02233,0.02061,0.02778,0.02796,0.03273,0.02579,0.02233,0.03771,0.03473,0.02752,0.03994,0.03654,0.03774,0.03002,0.02641,0.02813,0.03896,0.04543,0.04221,0.0396,0.05393,0.05221,0.05768,0.10444,0.09825,0.16754]},"CONDITIONS_BY_TYPE":{"CONCEPT_NAME":["Primary Condition","Secondary Condition"],"COUNT_VALUE":[72,389]},"AGE_AT_FIRST_DIAGNOSIS":{"CATEGORY":["MALE","FEMALE"],"MIN_VALUE":[0,0],"P10_VALUE":[0,0],"P25_VALUE":[0,1],"MEDIAN_VALUE":[3,3],"P75_VALUE":[9,14],"P90_VALUE":[17,26],"MAX_VALUE":[77,76]}}
