{"PREVALENCE_BY_GENDER_AGE_YEAR":{"TRELLIS_NAME":["0-9","10-19","0-9","0-9","10-19","0-9","0-9","0-9","0-9","0-9","10-19","0-9","0-9","0-9","10-19","0-9","0-9","0-9","10-19","0-9","0-9","0-9","10-19","10-19","0-9","0-9","0-9","0-9","0-9","0-9","0-9"],"SERIES_NAME":["FEMALE","MALE","MALE","MALE","MALE","FEMALE","FEMALE","MALE","MALE","FEMALE","MALE","FEMALE","MALE","MALE","MALE","FEMALE","MALE","FEMALE","MALE","MALE","FEMALE","MALE","MALE","FEMALE","FEMALE","FEMALE","MALE","FEMALE","MALE","FEMALE","MALE"],"X_CALENDAR_YEAR":[2004,2004,2004,2005,2005,2005,2006,2006,2007,2007,2008,2008,2008,2009,2009,2009,2010,2010,2010,2011,2011,2012,2012,2012,2012,2013,2013,2014,2014,2015,2015],"Y_PREVALENCE_1000PP":[1.21534,0.42099,1.29671,1.77951,0.45701,0.88756,1.42205,1.21594,1.03229,1.37224,0.50141,1.38953,1.48118,1.565,0.31236,1.71324,1.60744,1.59205,0.36286,1.568,1.29809,1.67439,0.28329,0.26082,1.48517,1.38977,1.60778,2.04404,2.02463,1.41137,1.16848]},"PREVALENCE_BY_MONTH":{"X_CALENDAR_MONTH":["200402","200403","200405","200407","200408","200409","200410","200411","200501","200504","200505","200506","200507","200508","200509","200510","200511","200604","200605","200606","200607","200608","200609","200610","200611","200704","200705","200706","200707","200708","200709","200710","200711","200803","200804","200805","200806","200807","200808","200809","200810","200811","200812","200904","200905","200906","200907","200908","200909","200910","200911","200912","201001","201003","201004","201005","201006","201007","201008","201009","201010","201011","201012","201103","201104","201105","201106","201107","201108","201109","201110","201111","201112","201201","201202","201203","201204","201205","201206","201207","201208","201209","201210","201211","201212","201303","201304","201305","201306","201307","201308","201309","201310","201311","201401","201403","201404","201405","201406","201407","201408","201409","201410","201411","201412","201501","201502","201504","201505"],"Y_PREVALENCE_1000PP":[0.07838,0.09865,0.0528,0.03846,0.0544,0.07435,0.05429,0.04161,0.03407,0.04049,0.03956,0.05167,0.04243,0.04164,0.05743,0.06061,0.0319,0.02637,0.02975,0.0369,0.05137,0.03273,0.0578,0.03933,0.02132,0.0344,0.04432,0.02038,0.05072,0.05044,0.03348,0.02652,0.02975,0.02273,0.02913,0.0355,0.04829,0.04485,0.04482,0.05416,0.05385,0.03166,0.02837,0.02496,0.02801,0.056,0.07164,0.05611,0.04978,0.04347,0.04037,0.02173,0.02484,0.03713,0.03407,0.04961,0.07131,0.03728,0.03422,0.03117,0.02183,0.04689,0.03137,0.02832,0.0285,0.03175,0.05104,0.04171,0.0483,0.03237,0.01946,0.04883,0.0327,0.02624,0.0461,0.03957,0.03654,0.02669,0.0505,0.0407,0.04771,0.04465,0.03104,0.04861,0.04543,0.03575,0.02522,0.04,0.06633,0.05582,0.04903,0.0382,0.03473,0.03931,0.02842,0.02516,0.03002,0.03961,0.0862,0.07033,0.09741,0.1262,0.08442,0.06222,0.05992,0.05221,0.05047,0.13755,0.27923]},"CONDITIONS_BY_TYPE":{"CONCEPT_NAME":["Primary Condition","Secondary Condition"],"COUNT_VALUE":[2316,124]},"AGE_AT_FIRST_DIAGNOSIS":{"CATEGORY":["MALE","FEMALE"],"MIN_VALUE":[1,0],"P10_VALUE":[3,2],"P25_VALUE":[4,3],"MEDIAN_VALUE":[6,5],"P75_VALUE":[8,8],"P90_VALUE":[12,46],"MAX_VALUE":[100,97]}}
