{"PREVALENCE_BY_GENDER_AGE_YEAR":{"TRELLIS_NAME":["70-79","60-69","60-69","70-79","60-69","50-59","80-89","70-79","80-89","80-89","60-69","50-59","70-79","70-79","70-79","80-89","80-89","70-79","50-59","70-79","60-69","80-89","60-69","80-89","70-79","80-89","60-69","60-69","70-79"],"SERIES_NAME":["FEMALE","MALE","MALE","MALE","FEMALE","MALE","FEMALE","FEMALE","MALE","FEMALE","FEMALE","FEMALE","FEMALE","MALE","FEMALE","MALE","FEMALE","FEMALE","MALE","MALE","FEMALE","MALE","MALE","FEMALE","MALE","FEMALE","MALE","MALE","FEMALE"],"X_CALENDAR_YEAR":[2004,2007,2008,2008,2008,2008,2009,2009,2010,2010,2010,2010,2010,2011,2011,2011,2011,2012,2012,2012,2012,2012,2012,2012,2013,2013,2013,2014,2014],"Y_PREVALENCE_1000PP":[0.637,0.36726,0.57156,0.55157,0.27025,0.35321,0.64781,0.37893,0.92436,1.27443,0.33537,0.34224,0.62688,0.74455,0.68082,1.49276,1.14775,0.55096,0.35683,0.74968,0.25268,1.34228,0.53,1.28014,0.4456,0.66541,0.48288,0.33921,0.38632]},"PREVALENCE_BY_MONTH":{"X_CALENDAR_MONTH":["200507","200710","200802","200804","200807","200809","200812","200901","200911","201001","201004","201005","201006","201007","201008","201009","201010","201012","201101","201103","201105","201106","201108","201109","201110","201201","201202","201203","201205","201207","201208","201209","201210","201212","201301","201303","201308","201312","201401","201402","201503","201505"],"Y_PREVALENCE_1000PP":[0.02546,0.0232,0.01959,0.01942,0.02243,0.02549,0.01891,0.02513,0.01863,0.02174,0.01858,0.02481,0.03101,0.02485,0.03111,0.02182,0.02495,0.01882,0.03145,0.02517,0.02222,0.02233,0.01932,0.02266,0.02919,0.01968,0.03622,0.03627,0.02336,0.02713,0.02045,0.02061,0.02759,0.03145,0.02458,0.02145,0.0264,0.02396,0.02842,0.02901,0.0482,0.09773]},"CONDITIONS_BY_TYPE":{"CONCEPT_NAME":"Secondary Condition","COUNT_VALUE":595},"AGE_AT_FIRST_DIAGNOSIS":{"CATEGORY":["FEMALE","MALE"],"MIN_VALUE":[0,0],"P10_VALUE":[38,39],"P25_VALUE":[56,54],"MEDIAN_VALUE":[71,65],"P75_VALUE":[82,76],"P90_VALUE":[90,84],"MAX_VALUE":[105,97]}}
