{"PREVALENCE_BY_GENDER_AGE_YEAR":{"TRELLIS_NAME":["80-89","20-29","60-69","60-69","20-29","30-39","10-19","70-79","50-59","40-49","50-59","40-49","30-39","20-29","60-69","20-29","40-49","70-79","40-49","50-59","30-39","40-49","50-59","70-79","50-59","40-49","30-39","30-39","60-69","80-89","10-19","20-29","30-39","20-29","40-49","50-59","70-79","40-49","50-59","60-69","60-69","10-19","20-29","20-29","30-39","60-69","10-19","40-49","50-59","70-79","40-49","50-59","20-29","80-89","20-29","60-69","50-59","70-79","40-49","50-59","60-69","60-69","30-39","20-29","50-59","30-39","10-19","70-79","50-59","50-59","20-29","60-69","50-59","40-49","10-19","70-79","50-59","50-59","30-39","20-29","20-29","60-69","40-49","50-59","20-29","60-69","30-39","50-59","40-49","70-79","50-59","50-59","50-59"],"SERIES_NAME":["FEMALE","FEMALE","MALE","FEMALE","MALE","FEMALE","MALE","FEMALE","FEMALE","FEMALE","MALE","MALE","MALE","FEMALE","FEMALE","MALE","MALE","FEMALE","FEMALE","FEMALE","MALE","MALE","MALE","FEMALE","FEMALE","FEMALE","MALE","FEMALE","FEMALE","FEMALE","MALE","MALE","MALE","MALE","MALE","FEMALE","FEMALE","FEMALE","MALE","MALE","FEMALE","MALE","MALE","FEMALE","MALE","FEMALE","MALE","MALE","MALE","FEMALE","FEMALE","FEMALE","FEMALE","FEMALE","MALE","FEMALE","MALE","FEMALE","FEMALE","FEMALE","FEMALE","MALE","FEMALE","MALE","FEMALE","MALE","MALE","FEMALE","MALE","FEMALE","MALE","FEMALE","MALE","FEMALE","MALE","FEMALE","FEMALE","MALE","FEMALE","MALE","FEMALE","FEMALE","FEMALE","FEMALE","MALE","FEMALE","FEMALE","FEMALE","FEMALE","FEMALE","MALE","MALE","FEMALE"],"X_CALENDAR_YEAR":[2004,2004,2004,2004,2004,2004,2004,2004,2004,2004,2004,2004,2004,2005,2005,2005,2005,2005,2005,2005,2005,2006,2006,2006,2006,2006,2006,2006,2006,2006,2006,2006,2007,2007,2007,2007,2007,2007,2007,2007,2007,2007,2008,2008,2008,2008,2008,2008,2008,2008,2008,2008,2009,2009,2009,2009,2009,2009,2009,2009,2010,2010,2010,2010,2010,2010,2010,2010,2010,2011,2011,2011,2011,2011,2011,2012,2012,2012,2012,2012,2012,2012,2013,2013,2013,2013,2013,2014,2014,2014,2014,2015,2015],"Y_PREVALENCE_1000PP":[1.17746,0.2315,0.56807,1.46026,0.74641,0.23765,0.49116,1.183,0.91135,0.50806,0.58207,0.76252,1.48285,0.18923,0.33608,0.71741,0.86997,0.75758,0.40819,0.5297,0.67996,0.53318,0.80645,0.48293,0.59312,0.47875,0.88417,0.20971,0.50312,0.75882,0.35556,0.43303,0.81633,0.50361,0.32918,0.53883,0.60253,0.30076,0.53365,0.42848,0.56601,0.56518,0.64058,0.20553,1.09616,0.27025,0.82049,0.70373,0.60551,0.51797,0.2591,0.48789,0.17272,0.86374,0.56137,0.387,0.39473,0.37893,0.25719,0.5811,0.41922,0.36798,0.23628,0.50208,0.37647,0.52947,0.36286,0.5015,0.29129,0.24435,0.35225,0.29044,0.34405,0.33738,0.4169,0.36731,0.25528,0.30586,0.17625,0.36036,0.22198,0.25268,0.23313,0.2674,0.54564,0.30183,0.18614,0.46021,0.30976,0.38632,0.35051,0.64697,0.80912]},"PREVALENCE_BY_MONTH":{"X_CALENDAR_MONTH":["200401","200402","200403","200404","200405","200406","200407","200408","200409","200410","200411","200412","200501","200503","200505","200506","200507","200508","200510","200511","200512","200601","200602","200603","200604","200605","200606","200607","200608","200609","200610","200611","200612","200701","200702","200703","200704","200705","200706","200707","200708","200709","200710","200711","200712","200801","200802","200803","200804","200805","200806","200807","200808","200809","200810","200811","200812","200901","200902","200903","200904","200905","200907","200908","200909","200910","200911","200912","201001","201002","201003","201004","201005","201006","201007","201008","201009","201010","201011","201012","201101","201102","201103","201104","201105","201106","201107","201108","201109","201110","201111","201201","201202","201203","201204","201205","201206","201208","201209","201210","201212","201301","201303","201304","201305","201306","201307","201312","201401","201402","201403","201404","201408","201411","201501","201502","201503","201504","201505"],"Y_PREVALENCE_1000PP":[0.33749,0.2482,0.20716,0.12713,0.09806,0.05476,0.05128,0.07253,0.04004,0.08686,0.12483,0.06527,0.05841,0.05527,0.05275,0.05167,0.0297,0.06662,0.02828,0.04386,0.09476,0.05055,0.0694,0.11003,0.07158,0.04463,0.06273,0.06605,0.05818,0.04335,0.03933,0.02487,0.0354,0.05609,0.05238,0.08635,0.07912,0.07501,0.07471,0.04057,0.04372,0.05022,0.0232,0.03636,0.03959,0.05566,0.06529,0.04872,0.05179,0.05487,0.03863,0.04165,0.04482,0.05734,0.06019,0.05065,0.05988,0.04712,0.03764,0.02809,0.02808,0.04045,0.04049,0.03741,0.02178,0.03726,0.02174,0.04036,0.02795,0.03107,0.03713,0.03097,0.05271,0.03101,0.02485,0.04355,0.06235,0.04054,0.04376,0.02823,0.03774,0.05359,0.03461,0.02533,0.01905,0.02233,0.02888,0.02254,0.02266,0.01946,0.02279,0.02296,0.02963,0.02638,0.03654,0.03003,0.03703,0.0409,0.02748,0.02414,0.02446,0.02809,0.02503,0.02883,0.02182,0.02948,0.02977,0.02796,0.04466,0.04144,0.04612,0.02573,0.03896,0.0396,0.05221,0.07209,0.07231,0.12773,0.11169]},"CONDITIONS_BY_TYPE":{"CONCEPT_NAME":["Primary Condition","Secondary Condition"],"COUNT_VALUE":[2722,198]},"AGE_AT_FIRST_DIAGNOSIS":{"CATEGORY":["FEMALE","MALE"],"MIN_VALUE":[6,3],"P10_VALUE":[26,15],"P25_VALUE":[41,23],"MEDIAN_VALUE":[54,36],"P75_VALUE":[66,53],"P90_VALUE":[79,62],"MAX_VALUE":[101,89]}}
