{"PREVALENCE_BY_GENDER_AGE_YEAR":{"TRELLIS_NAME":["10-19","10-19","10-19","10-19","10-19","10-19","10-19","0-9","0-9","10-19","10-19","10-19","10-19","20-29","10-19","0-9","10-19","10-19","50-59","10-19","10-19","20-29","60-69","30-39","10-19","60-69","10-19","10-19"],"SERIES_NAME":["FEMALE","FEMALE","FEMALE","MALE","FEMALE","MALE","FEMALE","FEMALE","FEMALE","MALE","FEMALE","MALE","FEMALE","MALE","FEMALE","FEMALE","MALE","FEMALE","FEMALE","FEMALE","MALE","FEMALE","FEMALE","FEMALE","FEMALE","FEMALE","FEMALE","MALE"],"X_CALENDAR_YEAR":[2004,2005,2006,2007,2007,2008,2008,2008,2009,2009,2009,2010,2010,2011,2011,2011,2011,2012,2013,2013,2013,2013,2013,2014,2014,2014,2015,2015],"Y_PREVALENCE_1000PP":[0.36445,0.40451,0.40665,0.47099,0.63694,0.41025,0.53701,0.27019,0.2665,0.40161,0.61227,0.63501,0.70839,0.30193,0.94336,0.31469,0.37058,0.86941,0.2292,0.55926,0.50746,0.29448,0.25871,0.21025,0.70141,0.31737,1.04842,0.64935]},"PREVALENCE_BY_MONTH":{"X_CALENDAR_MONTH":["200405","200505","200506","200507","200508","200509","200601","200602","200603","200606","200607","200608","200609","200610","200611","200612","200701","200703","200704","200705","200706","200707","200708","200709","200710","200711","200712","200801","200802","200803","200804","200805","200806","200807","200808","200809","200810","200811","200812","200901","200902","200903","200904","200905","200906","200907","200908","200909","200910","200911","200912","201001","201002","201003","201004","201005","201006","201007","201008","201009","201010","201011","201012","201101","201102","201103","201104","201105","201106","201107","201108","201109","201110","201111","201112","201201","201202","201203","201204","201205","201206","201207","201208","201209","201210","201211","201212","201301","201302","201303","201304","201305","201306","201307","201308","201309","201310","201311","201312","201401","201402","201403","201404","201405","201406","201407","201408","201409","201410","201411","201412","201501","201502","201503","201504","201505"],"Y_PREVALENCE_1000PP":[0.04526,0.02637,0.02583,0.04243,0.02498,0.02461,0.03111,0.03085,0.03035,0.0369,0.02202,0.02546,0.02167,0.02503,0.02487,0.02478,0.02454,0.02073,0.0344,0.02728,0.02377,0.06086,0.0639,0.05357,0.05635,0.04958,0.04289,0.03601,0.03591,0.04872,0.04531,0.05164,0.06438,0.05126,0.06723,0.07327,0.06652,0.06648,0.07249,0.04712,0.06902,0.04994,0.07177,0.06535,0.04044,0.0623,0.04987,0.07779,0.03415,0.04347,0.0652,0.04658,0.05593,0.06497,0.04955,0.07132,0.04961,0.06213,0.06844,0.04988,0.05924,0.05939,0.06587,0.04718,0.05359,0.06608,0.04749,0.07619,0.05104,0.05134,0.05152,0.06151,0.06812,0.06837,0.07522,0.06231,0.05597,0.06924,0.05315,0.05672,0.07069,0.03391,0.05453,0.03435,0.05173,0.05208,0.05591,0.07023,0.0426,0.07865,0.06846,0.04364,0.07001,0.06699,0.06411,0.0573,0.05403,0.03538,0.03994,0.05278,0.03729,0.0587,0.06005,0.06162,0.06805,0.07971,0.06819,0.06562,0.06859,0.08485,0.08988,0.08484,0.06489,0.09641,0.1572,0.16754]},"CONDITIONS_BY_TYPE":{"CONCEPT_NAME":["Primary Condition","Secondary Condition"],"COUNT_VALUE":[3161,281]},"AGE_AT_FIRST_DIAGNOSIS":{"CATEGORY":["FEMALE","MALE"],"MIN_VALUE":[3,2],"P10_VALUE":[8,10],"P25_VALUE":[14,13],"MEDIAN_VALUE":[33,27],"P75_VALUE":[59,58],"P90_VALUE":[75,70],"MAX_VALUE":[91,82]}}
