{"PREVALENCE_BY_GENDER_AGE_YEAR":{"TRELLIS_NAME":["0-9","10-19","10-19","0-9","0-9","0-9","10-19","10-19","0-9","10-19","10-19","0-9","0-9","10-19","0-9","10-19","10-19","10-19","0-9","0-9","30-39","0-9","10-19","0-9","10-19","0-9","10-19","0-9","10-19","30-39","30-39","0-9","40-49","10-19","10-19","0-9","10-19","10-19","20-29","30-39","20-29","10-19","10-19","0-9","10-19","30-39","10-19","20-29"],"SERIES_NAME":["FEMALE","MALE","FEMALE","MALE","FEMALE","MALE","MALE","FEMALE","FEMALE","FEMALE","MALE","MALE","MALE","MALE","FEMALE","FEMALE","MALE","FEMALE","FEMALE","MALE","MALE","FEMALE","MALE","MALE","FEMALE","MALE","MALE","MALE","MALE","FEMALE","MALE","MALE","MALE","MALE","FEMALE","MALE","MALE","FEMALE","MALE","MALE","MALE","FEMALE","MALE","MALE","FEMALE","MALE","MALE","MALE"],"X_CALENDAR_YEAR":[2004,2004,2004,2004,2005,2005,2005,2005,2006,2006,2006,2006,2007,2007,2007,2007,2008,2008,2008,2008,2009,2009,2009,2009,2009,2010,2010,2011,2011,2012,2012,2012,2012,2012,2012,2013,2013,2013,2013,2014,2014,2014,2014,2014,2015,2015,2015,2015],"Y_PREVALENCE_1000PP":[0.44194,1.54364,0.36445,1.34473,0.88756,2.35888,2.68495,0.96071,1.20658,1.26514,2.23498,2.46989,1.7798,2.02524,0.6054,0.63694,1.45866,0.78486,0.50178,1.10227,0.41486,0.2665,0.93708,0.74848,0.36736,0.37621,0.63501,0.24391,0.50954,0.20562,0.43698,0.32063,0.35963,0.56657,0.47818,0.26173,1.47163,0.27963,0.70934,0.43466,0.74483,0.53955,0.88101,0.24791,0.66717,1.321,0.8658,1.53335]},"PREVALENCE_BY_MONTH":{"X_CALENDAR_MONTH":["200409","200410","200411","200412","200501","200502","200503","200504","200505","200506","200507","200508","200509","200510","200511","200512","200601","200602","200603","200604","200605","200606","200607","200608","200609","200610","200611","200612","200701","200702","200703","200704","200705","200706","200707","200708","200709","200710","200711","200712","200801","200802","200804","200805","200806","200807","200809","200810","200811","200812","200901","200902","200903","200904","200905","200906","200911","200912","201004","201005","201008","201101","201109","201203","201204","201205","201206","201208","201210","201211","201212","201301","201302","201303","201305","201307","201308","201309","201310","201311","201402","201403","201404","201406","201407","201408","201501","201503","201504","201505"],"Y_PREVALENCE_1000PP":[0.06292,0.08143,0.08842,0.08034,0.05354,0.06176,0.06909,0.09448,0.07033,0.06028,0.04243,0.05829,0.06153,0.0404,0.0638,0.03948,0.07,0.06169,0.08726,0.05651,0.04463,0.04428,0.02569,0.05091,0.04335,0.09653,0.04974,0.04247,0.04207,0.03841,0.04145,0.05504,0.05796,0.04075,0.03043,0.03699,0.02678,0.07292,0.02644,0.0231,0.03274,0.02285,0.04855,0.02259,0.03541,0.03204,0.04142,0.05068,0.03799,0.02521,0.05026,0.03137,0.05619,0.05617,0.02801,0.01867,0.01863,0.02173,0.03097,0.02791,0.02489,0.02202,0.01942,0.01978,0.02658,0.03337,0.0303,0.02386,0.02069,0.02083,0.03145,0.02809,0.05326,0.03218,0.04,0.04466,0.02263,0.02292,0.02702,0.03538,0.02901,0.02935,0.02573,0.04083,0.03751,0.03409,0.05221,0.16068,0.10808,0.16754]},"CONDITIONS_BY_TYPE":{"CONCEPT_NAME":["Primary Condition","Secondary Condition"],"COUNT_VALUE":[828,556]},"AGE_AT_FIRST_DIAGNOSIS":{"CATEGORY":["MALE","FEMALE"],"MIN_VALUE":[1,0],"P10_VALUE":[5,5],"P25_VALUE":[7,8],"MEDIAN_VALUE":[12,14],"P75_VALUE":[18,21],"P90_VALUE":[38,45],"MAX_VALUE":[95,94]}}
