{"PREVALENCE_BY_GENDER_AGE_YEAR":{"TRELLIS_NAME":["70-79","70-79","0-9","80-89","0-9","0-9","70-79","60-69","0-9","0-9","0-9","60-69","60-69","0-9","80-89","70-79","0-9","0-9","50-59","80-89","60-69","50-59","70-79","60-69","0-9","0-9","80-89","20-29","80-89","60-69","50-59","70-79","50-59","0-9","70-79","0-9","50-59","50-59","70-79","40-49","0-9","0-9","80-89","60-69","80-89","60-69","50-59","70-79","50-59","70-79","0-9","10-19","40-49","10-19","60-69","0-9","80-89","60-69","80-89","0-9","40-49","50-59","70-79","0-9","70-79","50-59","60-69","60-69","80-89","20-29","80-89","20-29","30-39","60-69","80-89","0-9","10-19","60-69","80-89","90-99","70-79","50-59","70-79","0-9","10-19","40-49","50-59","50-59","70-79","50-59","60-69","90-99","70-79","0-9","0-9","60-69","80-89"],"SERIES_NAME":["FEMALE","MALE","MALE","FEMALE","FEMALE","MALE","FEMALE","FEMALE","MALE","FEMALE","MALE","MALE","FEMALE","FEMALE","FEMALE","MALE","FEMALE","MALE","MALE","FEMALE","MALE","MALE","FEMALE","FEMALE","MALE","FEMALE","FEMALE","FEMALE","MALE","MALE","FEMALE","FEMALE","MALE","MALE","MALE","FEMALE","FEMALE","MALE","FEMALE","FEMALE","MALE","FEMALE","MALE","MALE","FEMALE","FEMALE","FEMALE","FEMALE","MALE","MALE","FEMALE","MALE","MALE","FEMALE","FEMALE","MALE","MALE","MALE","FEMALE","MALE","MALE","MALE","MALE","FEMALE","FEMALE","FEMALE","MALE","FEMALE","FEMALE","MALE","MALE","FEMALE","MALE","MALE","MALE","MALE","MALE","FEMALE","FEMALE","FEMALE","FEMALE","MALE","MALE","FEMALE","FEMALE","FEMALE","FEMALE","FEMALE","FEMALE","MALE","FEMALE","FEMALE","MALE","FEMALE","MALE","MALE","FEMALE"],"X_CALENDAR_YEAR":[2004,2004,2004,2004,2005,2005,2005,2005,2006,2006,2007,2007,2007,2007,2008,2008,2008,2008,2008,2009,2009,2009,2009,2009,2009,2009,2010,2010,2010,2010,2010,2010,2010,2010,2010,2010,2011,2011,2011,2011,2011,2011,2011,2011,2011,2011,2012,2012,2012,2012,2012,2012,2012,2012,2012,2012,2012,2012,2012,2013,2013,2013,2013,2013,2013,2013,2013,2013,2013,2013,2013,2013,2014,2014,2014,2014,2014,2014,2014,2014,2014,2014,2014,2014,2014,2014,2014,2015,2015,2015,2015,2015,2015,2015,2015,2015,2015],"Y_PREVALENCE_1000PP":[0.728,0.68681,0.33618,1.17746,0.37371,0.45522,0.45455,0.39209,0.79796,0.34474,0.67633,0.42848,0.37734,0.4036,0.78608,0.55157,0.38598,0.55113,0.35321,1.61952,0.38302,0.29605,0.44209,0.473,0.51033,0.60915,1.27443,0.17504,1.23248,0.78852,0.27379,0.5015,0.38839,0.58142,0.45444,0.85427,0.31417,0.44235,0.68082,0.23617,0.41813,0.4327,1.04493,0.72228,1.35643,0.45641,0.51056,1.10193,0.35683,1.04955,0.84293,0.42493,1.01894,0.26082,0.50537,0.53438,1.93885,1.219,3.09366,0.89736,0.64645,0.64014,1.114,0.5896,1.33706,0.382,0.85846,0.86237,2.21803,0.43651,1.95872,0.17669,0.72443,1.63953,1.90718,0.90902,0.41114,1.0428,1.86589,3.48736,1.0302,1.40203,1.32927,0.69683,0.32373,0.30976,0.71124,0.5149,0.72592,1.18611,1.26989,4.04585,1.16732,1.16231,1.16848,1.80746,1.4782]},"PREVALENCE_BY_MONTH":{"X_CALENDAR_MONTH":["200401","200402","200405","200411","200505","200506","200507","200509","200510","200511","200512","200601","200603","200604","200608","200610","200701","200703","200705","200706","200707","200708","200709","200710","200712","200801","200802","200803","200805","200806","200808","200809","200811","200812","200901","200902","200903","200904","200905","200906","200907","200908","200909","200910","200911","200912","201001","201002","201003","201004","201005","201006","201007","201008","201009","201010","201011","201012","201101","201102","201103","201104","201105","201106","201107","201108","201109","201110","201111","201112","201201","201202","201203","201204","201205","201206","201207","201208","201209","201210","201211","201212","201301","201302","201303","201304","201305","201306","201307","201308","201309","201310","201311","201312","201401","201402","201403","201404","201405","201406","201407","201408","201409","201410","201411","201412","201501","201502","201503","201504","201505"],"Y_PREVALENCE_1000PP":[0.13897,0.07838,0.0528,0.03641,0.03516,0.03014,0.0297,0.03281,0.02424,0.02791,0.02369,0.02722,0.02276,0.03014,0.02909,0.04648,0.02454,0.04145,0.05796,0.02377,0.03381,0.02018,0.03683,0.02652,0.03629,0.03929,0.04244,0.02923,0.02905,0.02575,0.02881,0.01911,0.02533,0.02521,0.02827,0.03137,0.02809,0.04057,0.03112,0.01867,0.04049,0.04987,0.03734,0.02794,0.03416,0.03415,0.04658,0.04661,0.0495,0.04955,0.03411,0.06201,0.04038,0.03422,0.03741,0.03742,0.02501,0.04078,0.02202,0.02837,0.05664,0.05383,0.04444,0.06699,0.05455,0.0483,0.02266,0.04541,0.01953,0.04252,0.07543,0.05597,0.07584,0.06976,0.07007,0.0606,0.06444,0.09883,0.06869,0.06553,0.07292,0.08038,0.07023,0.06391,0.08938,0.05765,0.09819,0.10318,0.06699,0.07543,0.06112,0.07333,0.07076,0.07588,0.09744,0.11602,0.10482,0.10294,0.11443,0.10888,0.07971,0.07793,0.10601,0.14773,0.15839,0.12583,0.20231,0.18745,0.24102,0.29475,0.48865]},"CONDITIONS_BY_TYPE":{"CONCEPT_NAME":["Primary Condition","Secondary Condition"],"COUNT_VALUE":[634,1211]},"AGE_AT_FIRST_DIAGNOSIS":{"CATEGORY":["MALE","FEMALE"],"MIN_VALUE":[0,0],"P10_VALUE":[1,2],"P25_VALUE":[16,32],"MEDIAN_VALUE":[57,63],"P75_VALUE":[70,78],"P90_VALUE":[82,86],"MAX_VALUE":[102,100]}}
