{"PREVALENCE_BY_GENDER_AGE_YEAR":{"TRELLIS_NAME":["60-69","60-69","50-59","40-49","50-59","40-49","60-69","60-69","50-59","40-49","50-59","70-79","50-59","40-49","70-79","70-79","50-59","60-69","30-39","60-69","60-69","70-79","50-59","50-59","40-49","70-79","30-39","60-69","80-89","70-79","40-49","60-69","50-59","70-79","40-49","50-59","80-89","60-69","30-39","50-59","50-59","40-49","70-79","40-49","60-69","70-79","30-39","60-69","20-29","60-69","70-79","50-59","70-79","50-59","30-39","50-59","70-79","50-59","40-49","70-79","40-49","60-69","60-69","70-79","50-59","40-49","50-59","70-79","60-69","60-69","80-89","70-79","50-59","40-49","70-79","50-59","60-69","60-69","60-69","60-69","80-89","70-79","40-49","70-79","50-59","50-59","40-49","50-59","70-79","60-69"],"SERIES_NAME":["FEMALE","MALE","FEMALE","MALE","MALE","FEMALE","MALE","FEMALE","FEMALE","MALE","MALE","FEMALE","FEMALE","MALE","FEMALE","MALE","MALE","MALE","FEMALE","MALE","FEMALE","FEMALE","FEMALE","MALE","FEMALE","MALE","FEMALE","MALE","MALE","MALE","MALE","FEMALE","MALE","FEMALE","FEMALE","FEMALE","MALE","MALE","FEMALE","FEMALE","MALE","MALE","FEMALE","FEMALE","FEMALE","MALE","FEMALE","MALE","FEMALE","FEMALE","FEMALE","MALE","MALE","FEMALE","FEMALE","FEMALE","MALE","MALE","MALE","FEMALE","FEMALE","FEMALE","MALE","FEMALE","FEMALE","FEMALE","MALE","MALE","FEMALE","MALE","FEMALE","MALE","MALE","MALE","FEMALE","FEMALE","FEMALE","MALE","MALE","FEMALE","FEMALE","FEMALE","MALE","MALE","MALE","FEMALE","FEMALE","FEMALE","FEMALE","FEMALE"],"X_CALENDAR_YEAR":[2004,2004,2004,2004,2004,2004,2005,2005,2005,2005,2005,2005,2006,2006,2006,2006,2006,2006,2007,2007,2007,2007,2007,2007,2007,2007,2008,2008,2008,2008,2008,2008,2008,2008,2008,2008,2009,2009,2009,2009,2009,2009,2009,2009,2009,2009,2010,2010,2010,2010,2010,2010,2010,2010,2011,2011,2011,2011,2011,2011,2011,2011,2011,2012,2012,2012,2012,2012,2012,2012,2012,2013,2013,2013,2013,2013,2013,2013,2014,2014,2014,2014,2014,2014,2014,2014,2014,2015,2015,2015],"Y_PREVALENCE_1000PP":[0.69536,0.85211,0.40504,0.67779,0.58207,0.41569,0.91841,0.4481,0.36672,0.46845,0.51972,0.60606,0.66726,0.47393,0.48293,0.7824,0.57604,1.26844,0.19977,1.34664,0.37734,0.60253,0.68252,0.85383,0.23393,1.06062,0.24153,0.85734,1.33757,1.02435,0.6496,0.81074,0.55505,0.38848,0.19433,0.55759,1.12179,0.93018,0.18259,0.51273,0.64144,0.37507,0.44209,0.28934,0.559,0.85998,0.15752,0.89366,0.15003,0.71267,0.5015,0.63113,0.90888,0.41069,0.1636,0.41889,1.26573,0.5898,0.45198,0.8665,0.26991,0.58089,0.56751,0.97949,0.61996,0.28664,0.61171,0.97459,0.5896,0.477,0.64007,1.48533,0.53345,0.45252,0.97241,0.6112,0.77613,0.53654,0.90457,0.54407,0.93294,0.83704,0.81536,0.78192,0.70102,0.29286,0.26551,0.66201,0.82962,0.5229]},"PREVALENCE_BY_MONTH":{"X_CALENDAR_MONTH":["200401","200402","200403","200404","200405","200406","200407","200408","200409","200410","200411","200412","200501","200502","200503","200504","200505","200506","200507","200508","200509","200510","200511","200512","200601","200602","200603","200604","200605","200606","200607","200608","200609","200610","200611","200612","200701","200702","200703","200704","200705","200706","200707","200708","200709","200710","200711","200712","200801","200802","200803","200804","200805","200806","200807","200808","200809","200810","200811","200812","200901","200902","200903","200904","200905","200906","200907","200908","200909","200910","200911","200912","201001","201002","201003","201004","201005","201006","201007","201008","201009","201010","201011","201012","201101","201102","201103","201104","201105","201106","201107","201108","201109","201110","201111","201112","201201","201202","201203","201204","201205","201206","201207","201208","201209","201210","201211","201212","201301","201302","201303","201304","201305","201306","201307","201308","201309","201310","201311","201312","201401","201402","201403","201404","201405","201406","201407","201408","201409","201410","201411","201412","201501","201502","201503","201504","201505"],"Y_PREVALENCE_1000PP":[0.29778,0.16982,0.14797,0.14408,0.12824,0.13005,0.14103,0.10879,0.05148,0.09771,0.09362,0.08034,0.07301,0.07601,0.05066,0.06299,0.06154,0.0775,0.06365,0.04996,0.07383,0.05657,0.05981,0.05528,0.05055,0.07326,0.07967,0.06781,0.09298,0.10332,0.07339,0.10909,0.09031,0.07866,0.09238,0.07079,0.09114,0.0908,0.07254,0.07568,0.11252,0.0849,0.07438,0.08071,0.11383,0.10938,0.1256,0.07589,0.08512,0.1012,0.09743,0.10034,0.08392,0.09014,0.09612,0.06083,0.09876,0.1172,0.1108,0.06934,0.08482,0.10039,0.09052,0.04993,0.09958,0.09333,0.09344,0.07481,0.09334,0.06831,0.07763,0.05589,0.0621,0.06214,0.08353,0.06814,0.06822,0.06511,0.08698,0.04977,0.07793,0.11225,0.0844,0.09724,0.12895,0.09773,0.08811,0.08232,0.09524,0.08612,0.09626,0.04186,0.09712,0.06812,0.07813,0.07522,0.07871,0.09549,0.07914,0.10963,0.11678,0.11109,0.10513,0.10224,0.10991,0.11381,0.125,0.11882,0.14396,0.09941,0.11798,0.12251,0.10547,0.1216,0.11164,0.09805,0.09551,0.13508,0.09042,0.07987,0.08526,0.12431,0.10063,0.08578,0.11003,0.08166,0.11253,0.12176,0.14639,0.13718,0.12445,0.11385,0.10442,0.14419,0.20085,0.18668,0.363]},"CONDITIONS_BY_TYPE":{"CONCEPT_NAME":["Primary Condition","Secondary Condition"],"COUNT_VALUE":[8328,697]},"AGE_AT_FIRST_DIAGNOSIS":{"CATEGORY":["FEMALE","MALE"],"MIN_VALUE":[0,0],"P10_VALUE":[35,43],"P25_VALUE":[50,53],"MEDIAN_VALUE":[61,64],"P75_VALUE":[71,72],"P90_VALUE":[78,80],"MAX_VALUE":[96,93]}}
