{"PREVALENCE_BY_GENDER_AGE_YEAR":{"TRELLIS_NAME":["50-59","60-69","60-69","60-69","60-69","60-69","60-69"],"SERIES_NAME":["MALE","MALE","MALE","FEMALE","MALE","FEMALE","MALE"],"X_CALENDAR_YEAR":[2005,2006,2007,2011,2012,2012,2013],"Y_PREVALENCE_1000PP":[0.45475,0.40056,0.42848,0.24895,0.318,0.25268,0.37558]},"PREVALENCE_BY_MONTH":{"X_CALENDAR_MONTH":["200607","200706","200710","200902","201005","201201","201206","201302","201404","201503"],"Y_PREVALENCE_1000PP":[0.02202,0.02038,0.01989,0.02196,0.02171,0.01968,0.02693,0.0213,0.02573,0.05624]},"CONDITIONS_BY_TYPE":{"CONCEPT_NAME":["Primary Condition","Secondary Condition"],"COUNT_VALUE":[297,241]},"AGE_AT_FIRST_DIAGNOSIS":{"CATEGORY":["MALE","FEMALE"],"MIN_VALUE":[0,2],"P10_VALUE":[27,25],"P25_VALUE":[45,46],"MEDIAN_VALUE":[61,60],"P75_VALUE":[71,74],"P90_VALUE":[80,80],"MAX_VALUE":[91,97]}}
