{"PREVALENCE_BY_GENDER_AGE_YEAR":{"TRELLIS_NAME":["0-9","0-9","0-9","0-9","0-9","0-9","0-9","0-9","0-9","0-9","0-9","0-9","0-9"],"SERIES_NAME":["FEMALE","MALE","FEMALE","MALE","FEMALE","MALE","MALE","FEMALE","FEMALE","MALE","MALE","FEMALE","FEMALE"],"X_CALENDAR_YEAR":[2004,2004,2005,2005,2006,2006,2007,2007,2008,2008,2009,2009,2010],"Y_PREVALENCE_1000PP":[1.04961,1.15263,0.65399,0.74491,0.60329,0.83596,0.9255,0.96864,1.15794,0.86115,0.3062,0.38072,0.31064]},"PREVALENCE_BY_MONTH":{"X_CALENDAR_MONTH":["200406","200408","200410","200411","200507","200511","200603","200612","200705","200708","200709","200711","200802","200803","200805","200806","200808","200809","200812"],"Y_PREVALENCE_1000PP":[0.05476,0.06044,0.038,0.03121,0.05092,0.02393,0.03794,0.02124,0.02046,0.0269,0.03683,0.02314,0.03264,0.02273,0.01937,0.02253,0.03522,0.0223,0.02206]},"CONDITIONS_BY_TYPE":{"CONCEPT_NAME":["Primary Condition","Secondary Condition"],"COUNT_VALUE":[228,147]},"AGE_AT_FIRST_DIAGNOSIS":{"CATEGORY":["MALE","FEMALE"],"MIN_VALUE":[0,0],"P10_VALUE":[1,1],"P25_VALUE":[2,2],"MEDIAN_VALUE":[3,3],"P75_VALUE":[4,5],"P90_VALUE":[9,8],"MAX_VALUE":[83,76]}}
