{"PREVALENCE_BY_GENDER_AGE_YEAR":{"TRELLIS_NAME":["30-39","30-39","20-29","40-49","30-39","10-19","60-69","50-59","40-49","20-29","30-39","40-49","50-59","40-49","50-59","60-69","50-59","60-69","20-29","50-59","30-39","60-69","40-49","20-29","30-39","50-59","40-49","50-59","30-39","20-29","60-69","50-59","40-49","50-59","10-19","40-49","30-39","20-29"],"SERIES_NAME":["MALE","MALE","MALE","FEMALE","MALE","MALE","FEMALE","MALE","MALE","MALE","MALE","FEMALE","MALE","MALE","FEMALE","FEMALE","MALE","FEMALE","MALE","FEMALE","MALE","FEMALE","MALE","MALE","FEMALE","FEMALE","FEMALE","MALE","MALE","MALE","FEMALE","MALE","MALE","FEMALE","MALE","MALE","MALE","MALE"],"X_CALENDAR_YEAR":[2004,2005,2006,2007,2008,2009,2009,2009,2009,2009,2009,2010,2010,2010,2010,2010,2011,2011,2011,2011,2011,2012,2012,2012,2012,2012,2012,2012,2013,2013,2013,2013,2013,2013,2014,2014,2014,2014],"Y_PREVALENCE_1000PP":[0.55607,0.45331,0.37117,0.20051,0.36539,0.35698,0.258,0.39473,0.32149,0.4593,0.3556,0.22631,0.29129,0.43328,0.23957,0.54498,0.44235,0.33194,0.40258,0.20945,0.60676,0.25268,0.59938,0.46332,0.29375,0.21881,0.28664,0.30586,0.51951,0.60021,0.25871,0.32007,0.51716,0.3438,0.3524,0.59299,0.5071,0.49656]},"PREVALENCE_BY_MONTH":{"X_CALENDAR_MONTH":["200404","200406","200604","200605","200612","200707","200708","200712","200907","200908","200909","200910","200911","200912","201001","201003","201004","201005","201006","201007","201009","201011","201101","201102","201103","201104","201105","201106","201108","201110","201111","201201","201202","201203","201204","201205","201206","201208","201209","201210","201211","201212","201301","201302","201303","201304","201305","201306","201307","201308","201309","201310","201311","201401","201404","201408","201410","201411","201412","201503","201505"],"Y_PREVALENCE_1000PP":[0.05085,0.06845,0.02637,0.02231,0.02124,0.02029,0.02018,0.0231,0.02803,0.02805,0.02178,0.01863,0.02484,0.02484,0.02174,0.03094,0.03407,0.02171,0.0186,0.02485,0.0187,0.02188,0.02202,0.03468,0.03147,0.0285,0.02857,0.02552,0.03542,0.02271,0.02279,0.02624,0.03293,0.03627,0.02325,0.02669,0.02693,0.02386,0.02061,0.03104,0.04167,0.02796,0.02458,0.0497,0.03575,0.03243,0.04,0.03316,0.02233,0.03017,0.02674,0.03088,0.02359,0.02436,0.03002,0.02922,0.03166,0.0396,0.04794,0.05624,0.08377]},"CONDITIONS_BY_TYPE":{"CONCEPT_NAME":["Primary Condition","Secondary Condition"],"COUNT_VALUE":[1043,208]},"AGE_AT_FIRST_DIAGNOSIS":{"CATEGORY":["FEMALE","MALE"],"MIN_VALUE":[0,0],"P10_VALUE":[22,16],"P25_VALUE":[34,25],"MEDIAN_VALUE":[50,36],"P75_VALUE":[62,48],"P90_VALUE":[69,59],"MAX_VALUE":[89,86]}}
