{"PREVALENCE_BY_GENDER_AGE_YEAR":{"TRELLIS_NAME":["60-69","80-89","70-79","60-69","70-79","50-59","70-79","50-59","60-69","60-69","50-59","70-79","60-69","50-59","10-19","70-79","60-69","50-59","70-79","10-19","0-9","0-9","60-69","0-9","10-19","70-79","50-59","40-49","50-59","0-9","0-9","70-79","10-19","60-69","30-39","50-59","40-49","70-79","10-19","0-9","0-9","60-69","20-29","70-79","40-49","50-59","0-9","10-19","30-39","60-69","30-39","60-69","80-89","40-49","50-59","70-79","0-9","10-19","40-49","50-59","30-39","70-79","60-69","80-89"],"SERIES_NAME":["MALE","MALE","MALE","MALE","MALE","MALE","MALE","MALE","MALE","MALE","MALE","MALE","MALE","MALE","MALE","MALE","MALE","MALE","MALE","MALE","MALE","FEMALE","MALE","MALE","MALE","MALE","MALE","MALE","MALE","MALE","FEMALE","MALE","MALE","MALE","MALE","MALE","MALE","MALE","MALE","FEMALE","MALE","MALE","MALE","MALE","MALE","MALE","MALE","MALE","MALE","MALE","MALE","MALE","MALE","MALE","MALE","MALE","MALE","MALE","MALE","MALE","MALE","MALE","MALE","MALE"],"X_CALENDAR_YEAR":[2004,2004,2004,2005,2005,2005,2006,2006,2006,2007,2007,2007,2008,2008,2008,2008,2009,2009,2009,2009,2009,2009,2010,2010,2010,2010,2010,2010,2011,2011,2011,2011,2011,2011,2012,2012,2012,2012,2012,2012,2012,2012,2012,2013,2013,2013,2013,2013,2013,2013,2014,2014,2014,2014,2014,2014,2014,2014,2015,2015,2015,2015,2015,2015],"Y_PREVALENCE_1000PP":[0.66275,1.90166,1.03022,0.53574,0.95813,0.38979,1.21707,0.51843,0.73436,0.85695,0.53365,1.06062,0.45725,0.40367,0.31908,0.63037,0.54717,0.34539,0.46908,0.66934,0.4763,0.6853,0.63082,0.41041,0.45358,1.06037,0.29129,0.37912,0.6881,0.87111,0.27535,1.04236,0.97276,1.34138,0.43698,0.8666,0.83913,1.6493,1.13314,0.24084,0.74813,1.32499,0.41184,1.70813,0.77575,0.9602,0.82258,0.86268,0.38964,2.19981,0.43466,2.77024,1.43039,1.33422,1.16836,2.9713,0.33055,0.64607,1.44823,2.04874,0.88067,3.37224,3.80518,2.06825]},"PREVALENCE_BY_MONTH":{"X_CALENDAR_MONTH":["200407","200509","200601","200602","200603","200608","200610","200611","200701","200703","200706","200707","200710","200711","200804","200806","200807","200809","200812","200901","200902","200903","200904","200905","200906","200907","200908","200909","200910","200911","201001","201002","201004","201005","201006","201007","201008","201010","201011","201012","201101","201102","201103","201104","201105","201106","201107","201108","201109","201110","201111","201112","201201","201202","201203","201204","201205","201206","201207","201208","201209","201210","201211","201212","201301","201302","201303","201304","201305","201306","201307","201308","201309","201310","201311","201312","201401","201402","201403","201404","201405","201406","201407","201408","201409","201410","201411","201412","201501","201502","201503","201504","201505","201506"],"Y_PREVALENCE_1000PP":[0.05128,0.02461,0.03111,0.02313,0.03794,0.02546,0.02503,0.03908,0.02103,0.02763,0.02717,0.02029,0.03646,0.01983,0.02589,0.01931,0.02884,0.01911,0.02521,0.02199,0.03137,0.01873,0.02184,0.03734,0.02178,0.03426,0.04052,0.04356,0.02484,0.02484,0.02795,0.02175,0.01858,0.02791,0.0217,0.02796,0.02489,0.02495,0.02813,0.02196,0.0346,0.03783,0.03147,0.0285,0.04444,0.04147,0.04171,0.02576,0.01942,0.02919,0.04883,0.06868,0.06887,0.08561,0.05276,0.04319,0.06006,0.0505,0.02035,0.02045,0.03091,0.05173,0.05556,0.05242,0.05618,0.03195,0.07508,0.03603,0.08365,0.0479,0.05954,0.03017,0.04584,0.05403,0.05897,0.09585,0.0406,0.09531,0.08386,0.04289,0.08363,0.05898,0.08439,0.07306,0.09086,0.05804,0.06788,0.13182,0.20231,0.1514,0.20085,0.14738,0.34904,0.32178]},"CONDITIONS_BY_TYPE":{"CONCEPT_NAME":["Primary Condition","Secondary Condition"],"COUNT_VALUE":[735,1472]},"AGE_AT_FIRST_DIAGNOSIS":{"CATEGORY":["FEMALE","MALE"],"MIN_VALUE":[3,1],"P10_VALUE":[4,9],"P25_VALUE":[7,30],"MEDIAN_VALUE":[19,59],"P75_VALUE":[49,69],"P90_VALUE":[64,76],"MAX_VALUE":[83,95]}}
