{"PREVALENCE_BY_GENDER_AGE_YEAR":{"TRELLIS_NAME":["60-69","0-9","50-59","20-29","0-9","0-9","50-59","50-59","70-79","0-9","60-69","0-9","60-69","20-29","0-9","50-59","70-79","50-59","40-49","30-39","20-29","60-69","20-29","20-29","0-9","0-9"],"SERIES_NAME":["FEMALE","FEMALE","FEMALE","MALE","FEMALE","MALE","MALE","FEMALE","FEMALE","MALE","FEMALE","FEMALE","MALE","FEMALE","MALE","MALE","FEMALE","FEMALE","FEMALE","FEMALE","MALE","FEMALE","MALE","FEMALE","MALE","FEMALE"],"X_CALENDAR_YEAR":[2009,2009,2009,2010,2010,2011,2011,2012,2012,2012,2012,2012,2012,2012,2013,2013,2013,2013,2013,2013,2013,2013,2014,2014,2014,2014],"Y_PREVALENCE_1000PP":[0.258,0.22843,0.20509,0.35146,0.23298,0.27876,0.3932,0.25528,0.36731,0.39188,0.25268,0.24084,0.424,0.16648,0.29912,0.32007,0.36465,0.4202,0.34969,0.18614,0.32739,0.4743,0.37242,0.39748,0.33055,0.60392]},"PREVALENCE_BY_MONTH":{"X_CALENDAR_MONTH":["200712","200806","200902","200907","200909","200910","201002","201005","201010","201012","201105","201109","201110","201112","201201","201202","201203","201204","201205","201206","201207","201208","201209","201210","201211","201212","201301","201302","201303","201304","201305","201307","201308","201309","201310","201311","201401","201402","201403","201404","201405","201406","201409","201410","201501","201503","201504"],"Y_PREVALENCE_1000PP":[0.0198,0.01931,0.01882,0.02492,0.02489,0.01863,0.02486,0.02791,0.02806,0.0251,0.01905,0.0259,0.02595,0.0327,0.02952,0.02634,0.02638,0.02325,0.03003,0.0202,0.02035,0.04771,0.02748,0.03104,0.03125,0.03844,0.02458,0.02485,0.02145,0.02522,0.03273,0.04838,0.04148,0.0382,0.03088,0.03538,0.03248,0.04144,0.03774,0.03002,0.05722,0.04083,0.03534,0.04748,0.05874,0.08034,0.08843]},"CONDITIONS_BY_TYPE":{"CONCEPT_NAME":["Primary Condition","Secondary Condition"],"COUNT_VALUE":[286,291]},"AGE_AT_FIRST_DIAGNOSIS":{"CATEGORY":["FEMALE","MALE"],"MIN_VALUE":[0,0],"P10_VALUE":[3,2],"P25_VALUE":[21,18],"MEDIAN_VALUE":[45,42],"P75_VALUE":[62,64],"P90_VALUE":[77,75],"MAX_VALUE":[101,88]}}
