{"PREVALENCE_BY_GENDER_AGE_YEAR":{"TRELLIS_NAME":["60-69","80-89","70-79","50-59","20-29","50-59","50-59","40-49","70-79","30-39","50-59","40-49","20-29","20-29","60-69","30-39"],"SERIES_NAME":["MALE","MALE","MALE","MALE","FEMALE","FEMALE","MALE","FEMALE","MALE","FEMALE","FEMALE","FEMALE","FEMALE","FEMALE","MALE","MALE"],"X_CALENDAR_YEAR":[2004,2004,2004,2004,2005,2005,2005,2005,2005,2006,2006,2006,2006,2009,2010,2014],"Y_PREVALENCE_1000PP":[0.85211,1.62999,1.37363,0.58207,0.22076,0.32597,0.38979,0.29687,0.67069,0.17975,0.22242,0.23937,0.28817,0.14805,0.31541,0.5071]},"PREVALENCE_BY_MONTH":{"X_CALENDAR_MONTH":["200401","200403","200404","200405","200406","200408","200505","200507","200509","200510","200511","200512","200601","200603","200606","200607","200608","200907","201004","201008","201102","201212","201302","201304","201312","201403"],"Y_PREVALENCE_1000PP":[0.13897,0.11838,0.05085,0.08298,0.06845,0.03626,0.02637,0.0297,0.02461,0.02828,0.02791,0.02764,0.04667,0.04553,0.02952,0.03303,0.03636,0.02492,0.02168,0.01866,0.01892,0.02796,0.02485,0.02162,0.02396,0.02516]},"CONDITIONS_BY_TYPE":{"CONCEPT_NAME":["Primary Condition","Secondary Condition"],"COUNT_VALUE":[195,318]},"AGE_AT_FIRST_DIAGNOSIS":{"CATEGORY":["MALE","FEMALE"],"MIN_VALUE":[0,0],"P10_VALUE":[11,4],"P25_VALUE":[27,23],"MEDIAN_VALUE":[56,41],"P75_VALUE":[72,60],"P90_VALUE":[80,78],"MAX_VALUE":[99,97]}}
