{"PREVALENCE_BY_GENDER_AGE_YEAR":{"TRELLIS_NAME":["40-49","50-59","50-59","30-39","60-69","30-39","50-59","50-59","40-49","40-49","30-39","50-59","40-49","40-49","50-59","60-69","20-29","30-39","60-69","60-69","40-49","50-59","40-49","50-59","30-39","20-29","60-69","50-59","50-59","40-49","60-69","40-49","20-29","50-59","40-49","40-49","50-59","60-69","60-69","50-59","30-39","40-49","50-59","50-59","30-39","50-59","40-49","60-69","30-39","50-59","40-49","70-79","60-69","70-79","40-49","50-59","30-39","60-69","60-69","60-69","40-49","50-59","50-59","60-69","40-49","50-59"],"SERIES_NAME":["MALE","MALE","FEMALE","MALE","FEMALE","MALE","FEMALE","MALE","MALE","FEMALE","MALE","FEMALE","FEMALE","MALE","MALE","FEMALE","MALE","MALE","MALE","FEMALE","MALE","FEMALE","FEMALE","MALE","MALE","FEMALE","MALE","MALE","FEMALE","FEMALE","FEMALE","MALE","MALE","MALE","MALE","FEMALE","FEMALE","FEMALE","FEMALE","FEMALE","MALE","MALE","MALE","FEMALE","MALE","MALE","MALE","FEMALE","FEMALE","MALE","MALE","MALE","MALE","MALE","MALE","MALE","MALE","FEMALE","MALE","MALE","MALE","MALE","FEMALE","FEMALE","MALE","MALE"],"X_CALENDAR_YEAR":[2004,2004,2004,2004,2005,2005,2005,2005,2005,2005,2006,2006,2006,2006,2006,2006,2007,2007,2007,2007,2007,2007,2007,2007,2008,2008,2008,2008,2008,2008,2008,2008,2009,2009,2009,2009,2009,2009,2010,2010,2010,2010,2010,2011,2011,2011,2011,2011,2012,2012,2012,2012,2012,2013,2013,2013,2013,2013,2013,2014,2014,2014,2014,2014,2015,2015],"Y_PREVALENCE_1000PP":[1.01669,0.74838,0.30378,0.74143,0.39209,0.60441,0.24448,0.71461,1.00381,0.29687,0.68013,0.44484,0.23937,0.7109,0.46083,0.60374,0.3917,0.69074,0.42848,0.51884,0.71323,0.25145,0.3676,0.53365,0.36539,0.15415,0.5144,0.35321,0.45304,0.22671,0.31529,0.43306,0.35723,0.29605,0.53582,0.1929,0.23928,0.301,0.29345,0.27379,0.35298,0.43328,0.53403,0.27926,0.42473,0.34405,0.67797,0.24895,0.17625,0.45879,0.53944,0.52478,0.371,0.4456,0.45252,0.74683,0.38964,0.25871,0.42923,0.50882,0.59299,0.6426,0.6694,0.36271,1.01376,0.97046]},"PREVALENCE_BY_MONTH":{"X_CALENDAR_MONTH":["200401","200402","200403","200404","200405","200406","200407","200408","200409","200410","200411","200412","200501","200502","200503","200504","200505","200506","200507","200508","200509","200510","200511","200512","200601","200602","200603","200604","200605","200606","200607","200608","200609","200610","200611","200612","200701","200702","200703","200704","200705","200706","200707","200708","200709","200710","200711","200712","200801","200802","200803","200804","200805","200806","200807","200808","200809","200811","200812","200901","200903","200904","200905","200906","200907","200908","200909","200910","200911","200912","201001","201002","201003","201004","201005","201006","201007","201008","201009","201010","201102","201103","201104","201105","201106","201108","201109","201110","201111","201112","201201","201202","201203","201204","201205","201206","201207","201208","201209","201210","201211","201212","201301","201302","201303","201304","201305","201306","201307","201308","201309","201310","201311","201312","201401","201402","201403","201404","201405","201406","201407","201408","201409","201410","201411","201412","201501","201502","201503","201504","201505"],"Y_PREVALENCE_1000PP":[0.23823,0.11757,0.13811,0.1017,0.08298,0.08898,0.05769,0.07253,0.04576,0.07057,0.07282,0.04017,0.07301,0.038,0.05987,0.06299,0.06154,0.08181,0.08487,0.06245,0.06153,0.05657,0.05583,0.04343,0.07389,0.06555,0.07588,0.06028,0.05579,0.06273,0.03669,0.05455,0.03974,0.0572,0.06396,0.05309,0.0631,0.03841,0.05872,0.0516,0.0341,0.03396,0.071,0.03363,0.04018,0.04972,0.05619,0.03959,0.05238,0.04244,0.03572,0.04208,0.07101,0.03541,0.04165,0.04162,0.03186,0.02216,0.02206,0.02513,0.01873,0.03433,0.02801,0.03733,0.03115,0.03117,0.02489,0.02173,0.03416,0.03726,0.04037,0.03107,0.02784,0.03407,0.02791,0.04341,0.04038,0.04044,0.02806,0.01871,0.01892,0.02832,0.019,0.01905,0.02552,0.01932,0.01942,0.0519,0.04883,0.04906,0.0328,0.03622,0.03297,0.04319,0.06339,0.04376,0.0407,0.05112,0.03091,0.04828,0.05208,0.02097,0.05267,0.03905,0.03218,0.05765,0.02909,0.04422,0.04466,0.03771,0.04966,0.03473,0.02359,0.05591,0.03654,0.04972,0.06289,0.05147,0.05722,0.05898,0.05626,0.08767,0.06562,0.09497,0.08485,0.09587,0.11095,0.09372,0.12051,0.10808,0.13961]},"CONDITIONS_BY_TYPE":{"CONCEPT_NAME":["Primary Condition","Secondary Condition"],"COUNT_VALUE":[576,4032]},"AGE_AT_FIRST_DIAGNOSIS":{"CATEGORY":["MALE","FEMALE"],"MIN_VALUE":[17,14],"P10_VALUE":[29,28],"P25_VALUE":[37,37],"MEDIAN_VALUE":[47,51],"P75_VALUE":[56,60],"P90_VALUE":[66,68],"MAX_VALUE":[84,92]}}
