{"PREVALENCE_BY_GENDER_AGE_YEAR":{"TRELLIS_NAME":["30-39","40-49","30-39","30-39","20-29","40-49","20-29","20-29","30-39","20-29","20-29"],"SERIES_NAME":["FEMALE","FEMALE","FEMALE","FEMALE","FEMALE","FEMALE","FEMALE","FEMALE","FEMALE","FEMALE","FEMALE"],"X_CALENDAR_YEAR":[2005,2005,2006,2007,2007,2008,2008,2009,2009,2013,2014],"Y_PREVALENCE_1000PP":[0.22683,0.29687,0.41943,0.22831,0.1902,0.19433,0.20553,0.17272,0.1565,0.26503,0.26499]},"PREVALENCE_BY_MONTH":{"X_CALENDAR_MONTH":"200511","Y_PREVALENCE_1000PP":0.02393},"CONDITIONS_BY_TYPE":{"CONCEPT_NAME":["Primary Condition","Secondary Condition"],"COUNT_VALUE":[149,112]},"AGE_AT_FIRST_DIAGNOSIS":{"CATEGORY":"FEMALE","MIN_VALUE":0,"P10_VALUE":20,"P25_VALUE":25,"MEDIAN_VALUE":33,"P75_VALUE":44,"P90_VALUE":57,"MAX_VALUE":90}}
