{"PREVALENCE_BY_GENDER_AGE_YEAR":{"TRELLIS_NAME":["70-79","70-79","50-59","80-89","90-99","80-89","70-79","70-79","60-69","80-89","80-89","90-99","60-69","90-99","80-89","80-89","90-99","60-69","70-79","70-79","60-69","90-99","60-69","80-89","70-79","50-59","70-79","80-89","60-69","70-79","70-79","90-99","80-89","60-69","80-89","70-79","90-99","60-69","70-79","80-89","60-69","80-89","90-99","70-79","70-79","60-69","80-89","90-99","80-89","60-69","90-99","70-79","70-79","90-99","60-69","80-89","80-89","90-99","60-69","70-79","50-59","70-79","60-69","60-69","80-89","90-99","80-89","70-79","70-79","60-69","80-89","60-69","90-99","80-89","90-99","90-99","60-69","80-89","60-69","80-89","90-99","70-79","70-79","70-79","90-99","70-79","60-69","90-99","80-89","80-89"],"SERIES_NAME":["MALE","FEMALE","FEMALE","FEMALE","FEMALE","MALE","MALE","FEMALE","MALE","MALE","FEMALE","FEMALE","MALE","MALE","MALE","FEMALE","FEMALE","FEMALE","MALE","FEMALE","MALE","FEMALE","FEMALE","FEMALE","FEMALE","FEMALE","MALE","MALE","FEMALE","MALE","FEMALE","FEMALE","FEMALE","MALE","MALE","FEMALE","FEMALE","FEMALE","MALE","FEMALE","MALE","MALE","MALE","MALE","FEMALE","MALE","MALE","MALE","FEMALE","FEMALE","FEMALE","MALE","FEMALE","MALE","MALE","MALE","FEMALE","FEMALE","FEMALE","FEMALE","MALE","MALE","FEMALE","MALE","FEMALE","FEMALE","MALE","MALE","FEMALE","FEMALE","FEMALE","MALE","FEMALE","MALE","MALE","MALE","MALE","MALE","FEMALE","FEMALE","FEMALE","FEMALE","MALE","FEMALE","FEMALE","MALE","MALE","MALE","MALE","FEMALE"],"X_CALENDAR_YEAR":[2004,2004,2004,2004,2004,2004,2005,2005,2005,2005,2005,2005,2006,2006,2006,2006,2006,2006,2006,2006,2007,2007,2007,2007,2007,2007,2007,2007,2008,2008,2008,2008,2008,2008,2008,2009,2009,2009,2009,2009,2009,2009,2009,2010,2010,2010,2010,2010,2010,2010,2010,2011,2011,2011,2011,2011,2011,2011,2011,2012,2012,2012,2012,2012,2012,2012,2012,2013,2013,2013,2013,2013,2013,2013,2013,2014,2014,2014,2014,2014,2014,2014,2014,2015,2015,2015,2015,2015,2015,2015],"Y_PREVALENCE_1000PP":[1.25916,1.547,0.35441,2.85955,7.25163,1.62999,0.86232,1.13636,0.61228,2.37632,3.75835,12.14329,0.40056,10.23392,2.87466,4.17352,9.35094,0.30187,1.91254,1.3108,0.48969,7.42706,0.33017,2.95963,1.13811,0.21553,1.1422,2.48668,0.31529,1.18194,1.35966,7.71208,3.48119,0.5144,3.84551,1.2631,9,0.516,1.64178,4.31872,0.76603,3.52564,9.65018,1.06037,1.12839,0.47311,4.15961,6.88073,4.8853,0.3773,5.24809,1.04236,1.60921,9.02708,0.67069,3.43335,5.32137,9.11577,0.33194,2.14264,0.30586,1.6493,0.50537,0.742,5.44058,10.76716,4.9217,2.8964,2.61335,0.77613,7.43041,1.01942,13.11337,4.97213,10.73345,9.13242,0.73496,5.08582,0.54407,6.99708,13.94943,2.12478,2.033,2.17775,8.09171,2.20493,0.95129,16.71309,5.94623,6.83666]},"PREVALENCE_BY_MONTH":{"X_CALENDAR_MONTH":["200401","200402","200403","200404","200405","200406","200407","200408","200409","200411","200412","200501","200502","200503","200505","200506","200507","200508","200509","200510","200511","200512","200601","200602","200603","200604","200605","200606","200607","200608","200609","200610","200611","200612","200701","200702","200703","200704","200705","200706","200707","200708","200709","200710","200711","200712","200801","200802","200803","200804","200805","200806","200807","200808","200809","200810","200811","200812","200901","200902","200903","200904","200905","200906","200907","200908","200909","200910","200911","200912","201001","201002","201003","201004","201005","201006","201007","201008","201009","201010","201011","201012","201101","201102","201103","201104","201105","201106","201107","201108","201109","201110","201111","201112","201201","201202","201203","201204","201205","201206","201207","201208","201209","201210","201211","201212","201301","201302","201303","201304","201305","201306","201307","201308","201309","201310","201311","201312","201401","201402","201403","201404","201405","201406","201407","201408","201409","201410","201411","201412","201501","201502","201503","201504","201505"],"Y_PREVALENCE_1000PP":[0.15882,0.10451,0.06905,0.05085,0.07543,0.04791,0.04487,0.03626,0.06864,0.04161,0.06527,0.05841,0.0285,0.04606,0.03956,0.03445,0.06365,0.02915,0.05332,0.04848,0.05583,0.05923,0.04667,0.02699,0.07588,0.05651,0.04463,0.08487,0.03303,0.06546,0.03974,0.02503,0.05685,0.06017,0.03856,0.03143,0.0449,0.04816,0.03751,0.02377,0.02705,0.02354,0.04352,0.03646,0.08593,0.03629,0.06548,0.02938,0.03248,0.02266,0.04519,0.05151,0.04485,0.05443,0.05097,0.04118,0.02849,0.01891,0.04084,0.03451,0.04682,0.02496,0.0778,0.04977,0.06541,0.05923,0.04667,0.05589,0.05279,0.03726,0.04968,0.05282,0.0495,0.06194,0.04341,0.04961,0.04349,0.03733,0.04988,0.04054,0.02813,0.04078,0.04403,0.04414,0.08182,0.06649,0.05397,0.05104,0.05455,0.05796,0.05503,0.0519,0.06511,0.07522,0.08527,0.05597,0.07254,0.07973,0.05672,0.10099,0.078,0.10224,0.06869,0.08277,0.09028,0.06989,0.16152,0.11006,0.11798,0.12611,0.12365,0.08844,0.14142,0.11314,0.09551,0.12736,0.08649,0.04792,0.12992,0.12017,0.1174,0.09865,0.05722,0.11342,0.10784,0.18021,0.15144,0.14773,0.13576,0.16178,0.19579,0.19466,0.33743,0.3144,0.32111]},"CONDITIONS_BY_TYPE":{"CONCEPT_NAME":["Primary Condition","Secondary Condition"],"COUNT_VALUE":[241,2421]},"AGE_AT_FIRST_DIAGNOSIS":{"CATEGORY":["MALE","FEMALE"],"MIN_VALUE":[19,30],"P10_VALUE":[63,68],"P25_VALUE":[70,76],"MEDIAN_VALUE":[79,83],"P75_VALUE":[85,89],"P90_VALUE":[90,94],"MAX_VALUE":[103,102]}}
