{"PREVALENCE_BY_GENDER_AGE_YEAR":{"TRELLIS_NAME":["60-69","70-79","60-69","60-69"],"SERIES_NAME":["MALE","FEMALE","FEMALE","MALE"],"X_CALENDAR_YEAR":[2006,2008,2008,2008],"Y_PREVALENCE_1000PP":[0.40056,0.38848,0.27025,0.40009]},"PREVALENCE_BY_MONTH":{"X_CALENDAR_MONTH":["200605","200606","200608","200609","200611","200704","200705","200706","200707","200710","200711","200803","200805","200806","200807","200808","200811","200901","201208","201304","201305","201306","201308","201309"],"Y_PREVALENCE_1000PP":[0.02231,0.02583,0.02546,0.02529,0.02132,0.02408,0.02387,0.02038,0.03043,0.0232,0.01983,0.03248,0.02259,0.02253,0.01922,0.02241,0.03166,0.01885,0.02386,0.02162,0.02182,0.02211,0.02263,0.02292]},"CONDITIONS_BY_TYPE":{"CONCEPT_NAME":["Primary Condition","Secondary Condition"],"COUNT_VALUE":[789,39]},"AGE_AT_FIRST_DIAGNOSIS":{"CATEGORY":["FEMALE","MALE"],"MIN_VALUE":[3,3],"P10_VALUE":[14,18],"P25_VALUE":[36,49],"MEDIAN_VALUE":[59,63],"P75_VALUE":[71,73],"P90_VALUE":[78,77],"MAX_VALUE":[87,88]}}
