{"PREVALENCE_BY_GENDER_AGE_YEAR":{"TRELLIS_NAME":["0-9","10-19","10-19","40-49","50-59","20-29","0-9","60-69","50-59","10-19","40-49","40-49","0-9","0-9","10-19","30-39","20-29","20-29","60-69","60-69","10-19","30-39","50-59","40-49","60-69","50-59","30-39","20-29","10-19","10-19","50-59","20-29","40-49","50-59","10-19","60-69","20-29","10-19","50-59","30-39","20-29","10-19","60-69","50-59","40-49","10-19","70-79","50-59","10-19","60-69","60-69"],"SERIES_NAME":["FEMALE","MALE","FEMALE","FEMALE","FEMALE","FEMALE","MALE","FEMALE","FEMALE","FEMALE","MALE","FEMALE","FEMALE","MALE","MALE","FEMALE","MALE","FEMALE","FEMALE","FEMALE","MALE","FEMALE","FEMALE","FEMALE","FEMALE","FEMALE","MALE","FEMALE","MALE","FEMALE","FEMALE","FEMALE","MALE","FEMALE","MALE","FEMALE","FEMALE","MALE","FEMALE","FEMALE","MALE","MALE","FEMALE","FEMALE","FEMALE","FEMALE","FEMALE","FEMALE","MALE","FEMALE","FEMALE"],"X_CALENDAR_YEAR":[2004,2004,2004,2004,2004,2004,2004,2004,2005,2005,2005,2005,2005,2005,2005,2005,2005,2005,2005,2006,2006,2006,2006,2006,2007,2007,2008,2008,2008,2008,2008,2009,2009,2009,2009,2009,2010,2010,2011,2011,2011,2011,2011,2012,2012,2012,2013,2013,2013,2013,2014],"Y_PREVALENCE_1000PP":[0.33146,0.98232,0.78965,0.3695,0.65819,0.38583,0.28816,0.55629,0.24448,0.65733,0.40153,0.22265,0.46714,0.45522,1.02828,0.25924,0.71741,0.18923,0.33608,0.35218,0.55874,0.20971,0.33363,0.30777,0.33017,0.57475,0.42628,0.17984,0.45583,0.24785,0.24394,0.14805,0.32149,0.27346,0.26774,0.344,0.20005,0.27215,0.24435,0.19087,0.30193,0.50954,0.4979,0.29175,0.32247,0.30429,0.36465,0.4202,0.30448,0.34495,0.45339]},"PREVALENCE_BY_MONTH":{"X_CALENDAR_MONTH":["200402","200403","200404","200405","200406","200407","200408","200409","200410","200411","200412","200501","200504","200505","200506","200507","200508","200509","200510","200511","200512","200601","200602","200604","200605","200608","200610","200611","200612","200702","200703","200704","200708","200710","200804","200805","200806","200807","200808","200812","200903","200905","200906","200907","200908","200909","200911","201009","201010","201011","201103","201106","201107","201108","201109","201110","201111","201202","201205","201206","201209","201303","201304","201307","201308","201309","201401","201403","201406","201407","201408","201409","201411","201504","201505"],"Y_PREVALENCE_1000PP":[0.09144,0.05919,0.07628,0.04526,0.1232,0.05769,0.09066,0.0572,0.03257,0.03641,0.04017,0.03407,0.06749,0.04835,0.03445,0.0297,0.05829,0.07383,0.0404,0.0319,0.02764,0.035,0.02699,0.03014,0.04091,0.03273,0.03218,0.03198,0.02832,0.03841,0.02418,0.02408,0.02018,0.02652,0.01942,0.01937,0.02897,0.04165,0.02561,0.02206,0.01873,0.01867,0.01867,0.0218,0.0187,0.02489,0.01863,0.02494,0.02495,0.01875,0.02832,0.04466,0.03209,0.02576,0.02914,0.01946,0.0293,0.01976,0.0367,0.0202,0.02748,0.03218,0.04324,0.02233,0.03017,0.03056,0.02436,0.02516,0.02722,0.03282,0.03896,0.03534,0.03394,0.10808,0.13961]},"CONDITIONS_BY_TYPE":{"CONCEPT_NAME":["Primary Condition","Secondary Condition"],"COUNT_VALUE":[968,151]},"AGE_AT_FIRST_DIAGNOSIS":{"CATEGORY":["MALE","FEMALE"],"MIN_VALUE":[1,1],"P10_VALUE":[8,13],"P25_VALUE":[13,26],"MEDIAN_VALUE":[23,48],"P75_VALUE":[45,60],"P90_VALUE":[61,70],"MAX_VALUE":[89,96]}}
