{"PREVALENCE_BY_GENDER_AGE_YEAR":{"TRELLIS_NAME":["60-69","20-29","40-49","50-59","40-49","70-79","50-59","10-19","60-69","60-69","20-29","50-59","70-79","40-49","30-39","20-29","60-69","60-69","40-49","70-79","50-59","60-69","70-79","50-59","20-29","60-69","50-59"],"SERIES_NAME":["FEMALE","FEMALE","MALE","MALE","FEMALE","FEMALE","FEMALE","MALE","FEMALE","MALE","FEMALE","FEMALE","FEMALE","FEMALE","MALE","MALE","MALE","FEMALE","MALE","FEMALE","FEMALE","FEMALE","FEMALE","FEMALE","MALE","FEMALE","FEMALE"],"X_CALENDAR_YEAR":[2011,2011,2011,2011,2011,2011,2011,2012,2012,2012,2012,2012,2012,2012,2013,2013,2013,2013,2013,2013,2013,2014,2014,2014,2014,2015,2015],"Y_PREVALENCE_1000PP":[0.29044,0.18306,0.45198,0.3932,0.26991,0.49514,0.52362,0.3305,0.50537,0.318,0.16648,0.25528,0.73462,0.32247,0.45457,0.38195,0.37558,0.51742,0.38787,0.54698,0.2292,0.45339,0.77265,0.6694,0.37242,0.59759,0.44134]},"PREVALENCE_BY_MONTH":{"X_CALENDAR_MONTH":["201011","201102","201103","201104","201105","201106","201107","201108","201109","201110","201111","201112","201201","201202","201203","201204","201205","201206","201207","201208","201209","201210","201211","201212","201301","201302","201303","201304","201305","201306","201307","201308","201309","201310","201311","201312","201401","201402","201403","201404","201405","201406","201407","201408","201409","201410","201411","201412","201501","201502","201503","201504","201505","201506"],"Y_PREVALENCE_1000PP":[0.01875,0.02837,0.0472,0.04749,0.04444,0.05104,0.05776,0.08693,0.07769,0.06163,0.07162,0.07195,0.07871,0.07573,0.08573,0.10298,0.09676,0.07406,0.06104,0.07498,0.05496,0.03449,0.04514,0.03844,0.05618,0.08166,0.08938,0.09728,0.0691,0.05896,0.05954,0.0528,0.06494,0.05403,0.05504,0.05991,0.0609,0.09116,0.07966,0.06434,0.07482,0.07712,0.08439,0.10715,0.12115,0.14773,0.14142,0.14381,0.11747,0.12256,0.15265,0.16703,0.25131,0.42905]},"CONDITIONS_BY_TYPE":{"CONCEPT_NAME":["Primary Condition","Secondary Condition"],"COUNT_VALUE":[186,6982]},"AGE_AT_FIRST_DIAGNOSIS":{"CATEGORY":["MALE","FEMALE"],"MIN_VALUE":[0,1],"P10_VALUE":[19,22],"P25_VALUE":[26,41],"MEDIAN_VALUE":[47,57],"P75_VALUE":[63,70],"P90_VALUE":[74,79],"MAX_VALUE":[91,95]}}
