{"PREVALENCE_BY_GENDER_AGE_YEAR":{"TRELLIS_NAME":["0-9","0-9","10-19"],"SERIES_NAME":["MALE","MALE","MALE"],"X_CALENDAR_YEAR":[2013,2014,2014],"Y_PREVALENCE_1000PP":[0.33651,0.78506,0.46987]},"PREVALENCE_BY_MONTH":{"X_CALENDAR_MONTH":["201207","201210","201306","201312","201401","201403","201404","201405","201409","201410","201412","201501","201503"],"Y_PREVALENCE_1000PP":[0.02035,0.02069,0.02579,0.02796,0.0406,0.03354,0.0386,0.02641,0.06562,0.03693,0.04194,0.04568,0.0482]},"CONDITIONS_BY_TYPE":{"CONCEPT_NAME":["Primary Condition","Secondary Condition"],"COUNT_VALUE":[117,290]},"AGE_AT_FIRST_DIAGNOSIS":{"CATEGORY":["MALE","FEMALE"],"MIN_VALUE":[0,0],"P10_VALUE":[1,5],"P25_VALUE":[5,18],"MEDIAN_VALUE":[21,41],"P75_VALUE":[45,61],"P90_VALUE":[62,77],"MAX_VALUE":[89,95]}}
