{"PREVALENCE_BY_GENDER_AGE_YEAR":{"TRELLIS_NAME":["10-19","20-29","20-29","10-19","10-19","20-29","30-39","20-29"],"SERIES_NAME":["FEMALE","FEMALE","FEMALE","FEMALE","FEMALE","FEMALE","FEMALE","FEMALE"],"X_CALENDAR_YEAR":[2011,2011,2012,2012,2013,2013,2014,2014],"Y_PREVALENCE_1000PP":[0.25728,0.52304,0.80466,0.47818,0.46605,0.64786,0.2453,0.49685]},"PREVALENCE_BY_MONTH":{"X_CALENDAR_MONTH":["201107","201201","201202","201203","201204","201205","201206","201307","201309","201408"],"Y_PREVALENCE_1000PP":[0.02246,0.02624,0.02963,0.03297,0.04319,0.03003,0.0202,0.02605,0.02292,0.02922]},"CONDITIONS_BY_TYPE":{"CONCEPT_NAME":["Primary Condition","Secondary Condition"],"COUNT_VALUE":[85,176]},"AGE_AT_FIRST_DIAGNOSIS":{"CATEGORY":"FEMALE","MIN_VALUE":16,"P10_VALUE":18,"P25_VALUE":20,"MEDIAN_VALUE":23,"P75_VALUE":26,"P90_VALUE":31,"MAX_VALUE":43}}
