{"PREVALENCE_BY_GENDER_AGE_YEAR":{"TRELLIS_NAME":["80-89","80-89","40-49","50-59","70-79","60-69","60-69","50-59","70-79","60-69","50-59","70-79","50-59","50-59","0-9","80-89","60-69"],"SERIES_NAME":["MALE","MALE","MALE","MALE","MALE","FEMALE","MALE","FEMALE","MALE","MALE","FEMALE","MALE","MALE","FEMALE","MALE","MALE","MALE"],"X_CALENDAR_YEAR":[2004,2010,2011,2011,2011,2011,2011,2011,2012,2012,2012,2013,2013,2014,2014,2014,2014],"Y_PREVALENCE_1000PP":[1.90166,0.92436,0.39548,0.3932,0.52118,0.24895,0.41273,0.24435,1.04955,0.318,0.25528,0.59413,0.37341,0.29286,0.28923,1.43039,0.62189]},"PREVALENCE_BY_MONTH":{"X_CALENDAR_MONTH":["200507","200709","200810","200906","200909","201002","201003","201011","201106","201107","201108","201110","201111","201112","201201","201202","201203","201206","201207","201208","201209","201301","201304","201305","201307","201309","201310","201311","201401","201403","201404","201406","201408","201410","201412","201503","201504","201505"],"Y_PREVALENCE_1000PP":[0.02546,0.02678,0.01901,0.01867,0.02178,0.01864,0.01856,0.01875,0.01914,0.02888,0.02254,0.02271,0.0293,0.02943,0.02624,0.02634,0.01978,0.0303,0.03391,0.03067,0.02061,0.02107,0.03603,0.02546,0.03721,0.04202,0.02316,0.02752,0.03248,0.04193,0.03002,0.02722,0.03896,0.04748,0.05992,0.0482,0.05895,0.09773]},"CONDITIONS_BY_TYPE":{"CONCEPT_NAME":["Primary Condition","Secondary Condition"],"COUNT_VALUE":[19,613]},"AGE_AT_FIRST_DIAGNOSIS":{"CATEGORY":["MALE","FEMALE"],"MIN_VALUE":[0,0],"P10_VALUE":[18,18],"P25_VALUE":[47,37],"MEDIAN_VALUE":[66,56],"P75_VALUE":[76,71],"P90_VALUE":[84,86],"MAX_VALUE":[97,98]}}
