{"PREVALENCE_BY_GENDER_AGE_YEAR":{"TRELLIS_NAME":["40-49","40-49","30-39","40-49","60-69","50-59","40-49","60-69","30-39","20-29","20-29","60-69","40-49","30-39","40-49","50-59","20-29","40-49","40-49","50-59","40-49","50-59","30-39","20-29","20-29","40-49"],"SERIES_NAME":["MALE","MALE","MALE","MALE","MALE","MALE","MALE","MALE","MALE","MALE","MALE","MALE","MALE","MALE","FEMALE","MALE","MALE","FEMALE","MALE","MALE","MALE","MALE","MALE","MALE","MALE","MALE"],"X_CALENDAR_YEAR":[2005,2009,2009,2010,2010,2011,2011,2011,2011,2011,2012,2012,2012,2012,2012,2012,2013,2013,2013,2013,2014,2014,2014,2014,2015,2015],"Y_PREVALENCE_1000PP":[0.40153,0.37507,0.41486,0.64991,0.36798,0.5898,1.18644,0.36114,0.60676,0.65419,0.41184,0.318,0.77919,0.99881,0.21498,0.50976,0.54564,0.31084,1.35755,0.85352,0.88948,0.35051,0.79687,0.62069,1.02223,0.86894]},"PREVALENCE_BY_MONTH":{"X_CALENDAR_MONTH":["200604","200901","200911","201003","201005","201008","201009","201101","201103","201104","201105","201106","201108","201109","201110","201111","201201","201202","201204","201205","201206","201211","201301","201302","201304","201305","201306","201307","201308","201309","201310","201311","201403","201404","201405","201409","201412","201501","201502","201503","201504"],"Y_PREVALENCE_1000PP":[0.0226,0.02199,0.01863,0.02166,0.02791,0.02178,0.03117,0.02202,0.02517,0.02216,0.03492,0.02233,0.02576,0.01942,0.04217,0.0293,0.02624,0.03293,0.02325,0.04004,0.02356,0.04167,0.02107,0.02485,0.03243,0.02546,0.03316,0.04466,0.0264,0.04584,0.02702,0.02752,0.02516,0.02573,0.02641,0.04038,0.03595,0.03916,0.05768,0.07231,0.05895]},"CONDITIONS_BY_TYPE":{"CONCEPT_NAME":["Primary Condition","Secondary Condition"],"COUNT_VALUE":[93,491]},"AGE_AT_FIRST_DIAGNOSIS":{"CATEGORY":["FEMALE","MALE"],"MIN_VALUE":[4,4],"P10_VALUE":[19,23],"P25_VALUE":[32,32],"MEDIAN_VALUE":[46,44],"P75_VALUE":[66,54],"P90_VALUE":[77,66],"MAX_VALUE":[96,86]}}
