{"PREVALENCE_BY_GENDER_AGE_YEAR":{"TRELLIS_NAME":["60-69","60-69","30-39"],"SERIES_NAME":["MALE","FEMALE","FEMALE"],"X_CALENDAR_YEAR":[2012,2014,2014],"Y_PREVALENCE_1000PP":[0.424,0.40805,0.21025]},"PREVALENCE_BY_MONTH":{"X_CALENDAR_MONTH":["201407","201108","201402","201207","201304","201212","201412","201205"],"Y_PREVALENCE_1000PP":[0.03751,0.01932,0.02486,0.02035,0.02162,0.02097,0.05393,0.02002]},"LENGTH_OF_ERA":{"CATEGORY":"Length of era","MIN_VALUE":1,"P10_VALUE":1,"P25_VALUE":1,"MEDIAN_VALUE":1,"P75_VALUE":1,"P90_VALUE":1,"MAX_VALUE":55},"AGE_AT_FIRST_DIAGNOSIS":{"CATEGORY":["MALE","FEMALE"],"MIN_VALUE":[0,0],"P10_VALUE":[7,18],"P25_VALUE":[23,38],"MEDIAN_VALUE":[50,57],"P75_VALUE":[66,72],"P90_VALUE":[77,83],"MAX_VALUE":[89,95]}}
