{"PREVALENCE_BY_GENDER_AGE_YEAR":{"TRELLIS_NAME":["70-79","80-89","70-79","70-79","70-79","80-89","70-79","70-79","80-89","80-89","70-79","80-89","60-69","80-89","80-89","80-89","70-79","80-89"],"SERIES_NAME":["MALE","FEMALE","MALE","FEMALE","FEMALE","MALE","FEMALE","MALE","FEMALE","MALE","FEMALE","FEMALE","MALE","MALE","FEMALE","MALE","FEMALE","FEMALE"],"X_CALENDAR_YEAR":[2005,2006,2008,2008,2010,2010,2011,2011,2011,2011,2012,2012,2012,2013,2013,2014,2014,2015],"Y_PREVALENCE_1000PP":[0.57488,1.01176,0.55157,0.38848,0.75226,1.38654,0.49514,0.59564,0.83472,1.04493,0.48975,1.38681,0.318,1.20536,1.55262,1.27146,0.38632,1.10865]},"PREVALENCE_BY_MONTH":{"X_CALENDAR_MONTH":["200806","201502","201102","201406","201310","201312","201012","201304","201401","200601","201211"],"Y_PREVALENCE_1000PP":[0.02253,0.04326,0.02207,0.04083,0.02316,0.02796,0.01882,0.02522,0.02436,0.02722,0.02083]},"LENGTH_OF_ERA":{"CATEGORY":"Length of era","MIN_VALUE":1,"P10_VALUE":1,"P25_VALUE":1,"MEDIAN_VALUE":1,"P75_VALUE":1,"P90_VALUE":1,"MAX_VALUE":29},"AGE_AT_FIRST_DIAGNOSIS":{"CATEGORY":["MALE","FEMALE"],"MIN_VALUE":[1,2],"P10_VALUE":[47,57],"P25_VALUE":[59,69],"MEDIAN_VALUE":[73,78],"P75_VALUE":[82,85],"P90_VALUE":[85,89],"MAX_VALUE":[97,101]}}
