{"PREVALENCE_BY_GENDER_AGE_YEAR":{"TRELLIS_NAME":["70-79","40-49","30-39","60-69","30-39","20-29","50-59","50-59"],"SERIES_NAME":["FEMALE","MALE","MALE","MALE","FEMALE","MALE","MALE","MALE"],"X_CALENDAR_YEAR":[2013,2013,2013,2013,2014,2014,2014,2015],"Y_PREVALENCE_1000PP":[0.36465,0.38787,0.58445,0.37558,0.21025,0.37242,0.40893,0.64697]},"PREVALENCE_BY_MONTH":{"X_CALENDAR_MONTH":["201504","201202","201408","201505","201405","201305","201401","201302","201203","201412","201406","201410","201308","201501","201301","201304","201303","201208"],"Y_PREVALENCE_1000PP":[0.06878,0.01976,0.02922,0.08377,0.03521,0.03273,0.02842,0.0213,0.01978,0.04794,0.02722,0.03166,0.04148,0.04568,0.02107,0.02883,0.02503,0.02045]},"LENGTH_OF_ERA":{"CATEGORY":"Length of era","MIN_VALUE":1,"P10_VALUE":1,"P25_VALUE":1,"MEDIAN_VALUE":1,"P75_VALUE":1,"P90_VALUE":8,"MAX_VALUE":122},"AGE_AT_FIRST_DIAGNOSIS":{"CATEGORY":["MALE","FEMALE"],"MIN_VALUE":[3,6],"P10_VALUE":[20,22],"P25_VALUE":[32,31],"MEDIAN_VALUE":[44,42],"P75_VALUE":[62,59],"P90_VALUE":[71,72],"MAX_VALUE":[91,84]}}
