{"PREVALENCE_BY_GENDER_AGE_YEAR":{"TRELLIS_NAME":["50-59","40-49","60-69","30-39","40-49","50-59","30-39","40-49","50-59","30-39","50-59","40-49","60-69","30-39","20-29","60-69","50-59","40-49","30-39","60-69","40-49","50-59","20-29","30-39","40-49","50-59","60-69","20-29","30-39","20-29","40-49","30-39","50-59","50-59","40-49","30-39","30-39","40-49","50-59","50-59","40-49","20-29","30-39","20-29","30-39","40-49"],"SERIES_NAME":["FEMALE","FEMALE","FEMALE","FEMALE","FEMALE","FEMALE","FEMALE","FEMALE","FEMALE","FEMALE","FEMALE","FEMALE","FEMALE","FEMALE","FEMALE","FEMALE","FEMALE","FEMALE","FEMALE","FEMALE","FEMALE","FEMALE","FEMALE","FEMALE","FEMALE","FEMALE","FEMALE","FEMALE","FEMALE","FEMALE","FEMALE","FEMALE","FEMALE","FEMALE","FEMALE","FEMALE","FEMALE","FEMALE","FEMALE","FEMALE","FEMALE","FEMALE","FEMALE","FEMALE","FEMALE","FEMALE"],"X_CALENDAR_YEAR":[2004,2004,2004,2004,2005,2005,2005,2006,2006,2006,2007,2007,2007,2007,2007,2008,2008,2008,2008,2009,2009,2009,2009,2009,2010,2010,2010,2010,2010,2011,2011,2011,2011,2012,2012,2012,2013,2013,2013,2014,2014,2014,2014,2015,2015,2015],"Y_PREVALENCE_1000PP":[1.1645,3.69498,0.62583,1.54474,3.15422,1.1409,1.42579,2.15436,0.66726,1.64774,0.9699,2.57319,0.33017,1.76941,0.16303,0.45041,0.83638,2.07281,1.31501,0.258,1.8968,0.68364,0.14805,1.53894,1.97213,0.61604,0.25153,0.17504,1.89026,0.26152,2.46289,1.69057,0.73306,0.32822,2.04228,1.40998,1.52013,1.86502,0.4202,0.58573,2.83211,0.33124,2.20766,0.37838,1.52681,2.77551]},"PREVALENCE_BY_MONTH":{"X_CALENDAR_MONTH":["200403","201306","201004","200906","201309","200612","201007","201201","201301","201412","200702","201304","201402","200406","200903","201312","201010","200609","200511","200705","200811","201206","201203","200808","200912","200606","201302","200909","201205","200607","200410","200604","201204","201409","200602","200712","201110","200901","200509","200812","201003","200603","200911","201006","201012","200703","200708","200905","200506","200605","200809","201307","201208","201401","201111","201211","201002","201210","200510","201303","201207","200608","201001","200507","200908","201503","201505","201310","200902","200706","200803","201009","200411","201403","200709","200402","201407","201406","201104","200404","201305","201410","200408","201008","201101","200806","201404","200503","200704","200611","201011","201308","200701","201209","201005","200910","200407","200907","201108","201105","201107","200904","201103","200504","201311","201112","201109","201106","201102","200710","200508","200801","201504","200505","201405","200501","200502","201411","200707","200409","200711","201501","200412","201408","200601","200807","200810","200805","200804","201202","200512","201502"],"Y_PREVALENCE_1000PP":[0.1677,0.02948,0.05265,0.03733,0.04202,0.06017,0.05591,0.02296,0.02107,0.0719,0.07334,0.03243,0.03315,0.15743,0.04682,0.03994,0.04989,0.04335,0.0638,0.05114,0.06332,0.0202,0.04287,0.05443,0.03726,0.04797,0.0426,0.028,0.04337,0.0477,0.10857,0.05274,0.04983,0.07067,0.04241,0.06269,0.04217,0.05026,0.05332,0.05043,0.03403,0.06829,0.0559,0.0217,0.03764,0.038,0.05381,0.01867,0.06889,0.04835,0.02867,0.04466,0.03749,0.04872,0.03907,0.02431,0.05282,0.02414,0.09293,0.0286,0.02374,0.04364,0.02484,0.03819,0.04052,0.22496,0.1815,0.05403,0.05333,0.05094,0.03897,0.06858,0.08842,0.04612,0.03348,0.18289,0.06095,0.03629,0.06333,0.0678,0.02909,0.1108,0.08462,0.05288,0.06605,0.03219,0.05576,0.08751,0.08256,0.03198,0.03751,0.03771,0.03506,0.02748,0.03411,0.02794,0.08333,0.03738,0.04508,0.05714,0.03529,0.04369,0.02832,0.05849,0.03538,0.04579,0.04856,0.04147,0.04098,0.02983,0.05413,0.03929,0.14738,0.05275,0.05282,0.04868,0.05225,0.0396,0.04733,0.0572,0.05949,0.04568,0.05523,0.10715,0.035,0.03204,0.06019,0.02905,0.05503,0.09549,0.06712,0.08651]},"LENGTH_OF_ERA":{"CATEGORY":"Length of era","MIN_VALUE":1,"P10_VALUE":1,"P25_VALUE":1,"MEDIAN_VALUE":1,"P75_VALUE":1,"P90_VALUE":1,"MAX_VALUE":97},"AGE_AT_FIRST_DIAGNOSIS":{"CATEGORY":"FEMALE","MIN_VALUE":22,"P10_VALUE":32,"P25_VALUE":36,"MEDIAN_VALUE":42,"P75_VALUE":47,"P90_VALUE":53,"MAX_VALUE":88}}
