{"PREVALENCE_BY_GENDER_AGE_YEAR":{"TRELLIS_NAME":["50-59","40-49","50-59"],"SERIES_NAME":["FEMALE","MALE","MALE"],"X_CALENDAR_YEAR":[2008,2010,2013],"Y_PREVALENCE_1000PP":[0.2091,0.43328,0.37341]},"PREVALENCE_BY_MONTH":{"X_CALENDAR_MONTH":["200709","201102","201501","201502","201302","201209","200403","200809","200708"],"Y_PREVALENCE_1000PP":[0.02009,0.01892,0.04568,0.04326,0.0213,0.02061,0.05919,0.01911,0.02354]},"LENGTH_OF_ERA":{"CATEGORY":"Length of era","MIN_VALUE":1,"P10_VALUE":1,"P25_VALUE":1,"MEDIAN_VALUE":1,"P75_VALUE":1,"P90_VALUE":18,"MAX_VALUE":139},"AGE_AT_FIRST_DIAGNOSIS":{"CATEGORY":["FEMALE","MALE"],"MIN_VALUE":[10,1],"P10_VALUE":[32,25],"P25_VALUE":[44,36],"MEDIAN_VALUE":[55,49],"P75_VALUE":[67,62],"P90_VALUE":[72,71],"MAX_VALUE":[83,84]}}
