{"PREVALENCE_BY_GENDER_AGE_YEAR":{"TRELLIS_NAME":["60-69","0-9","60-69","10-19","60-69","50-59","10-19","0-9","70-79","40-49","50-59","40-49","70-79","50-59","70-79","80-89","60-69","60-69","10-19","60-69","70-79","80-89","60-69","40-49","10-19","50-59","70-79","0-9","10-19","60-69","60-69","50-59","10-19","70-79","40-49","10-19","0-9","70-79","50-59","70-79","0-9","70-79","0-9","60-69","60-69","50-59","60-69","60-69","70-79","10-19","40-49","50-59","70-79","0-9","70-79","0-9","60-69","60-69","20-29","10-19","70-79","70-79","50-59","0-9","10-19","60-69","60-69"],"SERIES_NAME":["MALE","MALE","FEMALE","FEMALE","FEMALE","FEMALE","MALE","MALE","FEMALE","FEMALE","FEMALE","FEMALE","MALE","MALE","FEMALE","MALE","MALE","FEMALE","MALE","FEMALE","FEMALE","FEMALE","FEMALE","FEMALE","FEMALE","FEMALE","MALE","FEMALE","MALE","FEMALE","MALE","MALE","FEMALE","FEMALE","FEMALE","MALE","FEMALE","MALE","FEMALE","FEMALE","MALE","MALE","FEMALE","MALE","FEMALE","FEMALE","MALE","FEMALE","MALE","FEMALE","FEMALE","FEMALE","FEMALE","MALE","MALE","FEMALE","FEMALE","MALE","MALE","FEMALE","FEMALE","MALE","FEMALE","MALE","MALE","FEMALE","MALE"],"X_CALENDAR_YEAR":[2004,2004,2004,2004,2005,2005,2005,2005,2005,2005,2006,2006,2006,2006,2006,2006,2006,2006,2006,2007,2007,2008,2008,2009,2009,2009,2009,2009,2009,2010,2010,2010,2010,2010,2010,2010,2010,2010,2010,2011,2011,2011,2011,2011,2011,2012,2012,2012,2012,2012,2013,2013,2013,2013,2013,2013,2013,2013,2013,2014,2014,2014,2014,2014,2014,2014,2015],"Y_PREVALENCE_1000PP":[0.66275,0.38421,0.48675,0.36445,0.4481,0.48896,1.02828,0.33107,0.75758,0.33398,0.22242,0.27357,0.60854,0.46083,0.48293,1.14987,0.46732,0.50312,0.30477,0.42451,0.53558,0.89837,0.31529,0.1929,0.24491,0.20509,0.62544,0.2665,0.31236,0.33537,0.36798,0.38839,0.29169,0.68957,0.25864,0.58965,0.23298,0.60592,0.23957,0.43325,0.20907,0.67009,0.27535,0.72228,0.24895,0.29175,0.371,0.33691,0.52478,0.26082,0.23313,0.3056,0.4862,0.22434,0.81693,0.25268,0.43118,0.37558,0.32739,0.32373,0.57949,0.46915,0.3347,0.45451,0.3524,0.27203,0.85616]},"PREVALENCE_BY_MONTH":{"X_CALENDAR_MONTH":["200908","201409","201406","201011","200609","200507","201303","201105","200606","201111","201108","201109","200505","200510","200812","200603","201504","200902","201207","201502","201410","201201","200504","201501","201012","201407","200408","200410","200508","201106","200601","201408","201411","200511","201204","201008","201202","200810","200411","201404","200502","201310","201104","200503","200604","200401","201102","201005","200412","201003","201208","200405","201205","201311","200911","200804","200607","200610","201211","201212","200912","201306","200703","201302","201009","201301","201304","201307","201006","201401","200611","200608","201101","201308","200709","200706","200512","200602","200701","200702","200910","200711","200901","200904","201004","201412","200605","201203","200704","200907","201505","201110","200509","200506","201305","201405","200409","201007","201312","201010","201309","201103","201402","200403","200612","200406"],"Y_PREVALENCE_1000PP":[0.03741,0.04038,0.04083,0.02813,0.02529,0.05092,0.03218,0.03175,0.05166,0.02604,0.0322,0.02914,0.04835,0.0404,0.02521,0.03794,0.10808,0.02196,0.02374,0.06489,0.04748,0.02296,0.03599,0.07831,0.02196,0.05157,0.04231,0.04886,0.06662,0.02552,0.02722,0.03409,0.04525,0.0319,0.0299,0.05599,0.02634,0.01901,0.05201,0.03002,0.03325,0.05017,0.038,0.03224,0.03391,0.13897,0.01892,0.04651,0.03515,0.0495,0.02386,0.06789,0.03337,0.07076,0.02484,0.01942,0.02936,0.02503,0.03125,0.03145,0.01863,0.02948,0.03109,0.02485,0.03741,0.02107,0.03963,0.04466,0.0248,0.03654,0.02487,0.03273,0.04089,0.04148,0.02678,0.02377,0.03554,0.05398,0.02804,0.02445,0.02484,0.02975,0.02513,0.01872,0.03097,0.05393,0.04091,0.04287,0.02752,0.02492,0.12565,0.02919,0.04922,0.06459,0.02909,0.02641,0.06292,0.03106,0.03594,0.04365,0.04202,0.02517,0.02486,0.08878,0.02832,0.05476]},"LENGTH_OF_ERA":{"CATEGORY":"Length of era","MIN_VALUE":1,"P10_VALUE":1,"P25_VALUE":1,"MEDIAN_VALUE":1,"P75_VALUE":1,"P90_VALUE":4,"MAX_VALUE":84},"AGE_AT_FIRST_DIAGNOSIS":{"CATEGORY":["FEMALE","MALE"],"MIN_VALUE":[0,0],"P10_VALUE":[9,7],"P25_VALUE":[27,16],"MEDIAN_VALUE":[53,50],"P75_VALUE":[71,69],"P90_VALUE":[82,79],"MAX_VALUE":[101,94]}}
