{"PREVALENCE_BY_GENDER_AGE_YEAR":{"TRELLIS_NAME":["70-79","80-89","70-79","50-59","60-69","60-69","80-89","80-89","60-69","40-49","70-79","50-59","70-79","50-59","80-89","80-89","60-69","50-59","70-79","40-49","50-59","70-79","60-69","60-69","80-89","80-89","60-69","50-59","70-79","40-49","50-59","70-79","40-49","50-59","70-79","50-59","40-49","70-79","40-49","60-69","80-89","80-89","90-99","60-69","30-39","50-59","70-79","50-59","70-79","40-49","60-69","80-89","90-99","80-89","60-69","90-99","40-49","50-59","70-79","50-59","70-79","60-69","60-69","80-89","90-99","80-89","90-99","60-69","90-99","80-89","80-89","60-69","70-79","40-49","70-79","50-59","50-59","40-49","50-59","50-59","40-49","40-49","70-79","60-69","70-79","60-69","80-89","90-99","80-89"],"SERIES_NAME":["MALE","MALE","MALE","MALE","MALE","MALE","FEMALE","MALE","FEMALE","MALE","MALE","MALE","FEMALE","FEMALE","FEMALE","MALE","MALE","FEMALE","FEMALE","MALE","MALE","MALE","FEMALE","MALE","MALE","FEMALE","FEMALE","FEMALE","MALE","MALE","MALE","FEMALE","FEMALE","FEMALE","MALE","MALE","MALE","FEMALE","FEMALE","FEMALE","FEMALE","MALE","MALE","MALE","MALE","MALE","FEMALE","FEMALE","MALE","MALE","FEMALE","MALE","FEMALE","FEMALE","MALE","MALE","MALE","MALE","MALE","FEMALE","FEMALE","FEMALE","MALE","FEMALE","FEMALE","MALE","MALE","MALE","MALE","MALE","FEMALE","FEMALE","FEMALE","MALE","MALE","MALE","FEMALE","FEMALE","FEMALE","MALE","MALE","FEMALE","FEMALE","FEMALE","MALE","MALE","MALE","MALE","FEMALE"],"X_CALENDAR_YEAR":[2004,2007,2007,2007,2007,2008,2008,2008,2008,2008,2008,2008,2008,2008,2009,2009,2009,2009,2009,2009,2009,2009,2009,2010,2010,2010,2010,2010,2010,2010,2010,2010,2010,2011,2011,2011,2011,2011,2011,2011,2011,2011,2011,2011,2012,2012,2012,2012,2012,2012,2012,2012,2012,2012,2012,2012,2013,2013,2013,2013,2013,2013,2013,2013,2013,2013,2013,2014,2014,2014,2014,2014,2014,2014,2014,2014,2014,2014,2015,2015,2015,2015,2015,2015,2015,2015,2015,2015,2015],"Y_PREVALENCE_1000PP":[1.03022,2.30906,1.38696,0.7471,1.59148,3.42936,3.70578,5.18308,1.03594,0.9744,4.33378,1.91745,1.48916,0.24394,0.75578,2.5641,2.2981,0.20509,0.44209,0.32149,0.93748,2.57994,0.64499,3.67976,3.69743,2.01784,0.83843,0.37647,5.0746,0.75823,2.18468,1.25376,0.3233,0.38398,4.54173,2.26089,0.90395,1.42353,0.26991,1.12029,1.87813,4.62756,6.01805,4.69484,0.37456,4.63883,2.87726,0.65643,12.14484,1.73819,1.68457,12.37882,3.58905,5.3339,8.95696,13.04753,2.1333,4.80102,8.24359,0.6112,3.34265,1.55226,7.0823,3.43795,3.80711,8.58822,8.05009,10.00678,7.30594,10.80737,4.08163,1.72289,3.09059,1.77896,11.80702,5.08237,0.75308,0.30976,0.58845,4.85228,1.59305,0.4898,2.79996,0.97109,10.63554,9.41781,10.85832,8.35655,1.29342]},"PREVALENCE_BY_MONTH":{"X_CALENDAR_MONTH":["201007","201402","200801","201210","201010","201405","201001","200901","201110","200807","200804","201505","201408","201306","201301","201309","201112","201304","201411","201202","200906","200903","201109","201502","200909","200904","201106","201307","200912","201004","201103","200711","201211","201504","201002","200908","201312","200911","201206","201501","201302","200811","200810","200910","201208","201404","201009","201305","201303","201005","200401","200806","200803","201203","201205","201410","201401","201407","201212","201006","201003","201108","201111","201201","201012","200809","201409","201503","201412","200710","200907","201308","200808","200712","201102","201311","200812","201107","200905","200902","201105","200805","201207","201204","201209","201406","201011","201310","201008","200802","201101","201403","201104"],"Y_PREVALENCE_1000PP":[0.10251,0.2279,0.10149,0.26901,0.0686,0.24207,0.08384,0.08796,0.1038,0.06728,0.07768,1.10295,0.2484,0.17319,0.21419,0.22157,0.12755,0.15133,0.33375,0.19756,0.04355,0.01873,0.08741,0.5335,0.02489,0.04369,0.10526,0.1563,0.04968,0.13937,0.10699,0.10577,0.22223,0.73688,0.07147,0.04364,0.21965,0.06211,0.22555,0.3981,0.17397,0.1013,0.08869,0.04347,0.23515,0.24448,0.05923,0.21821,0.21093,0.10543,0.15882,0.06438,0.11692,0.22752,0.23022,0.49595,0.20301,0.32351,0.15376,0.11782,0.09282,0.14489,0.08139,0.1607,0.05646,0.06053,0.27764,0.6347,0.45539,0.12927,0.04361,0.18856,0.08004,0.04949,0.06936,0.23588,0.08194,0.10268,0.04045,0.03451,0.06667,0.07746,0.156,0.27241,0.26447,0.26767,0.05939,0.18911,0.05599,0.10446,0.08492,0.22641,0.08549]},"LENGTH_OF_ERA":{"CATEGORY":"Length of era","MIN_VALUE":1,"P10_VALUE":1,"P25_VALUE":1,"MEDIAN_VALUE":1,"P75_VALUE":1,"P90_VALUE":1,"MAX_VALUE":311},"AGE_AT_FIRST_DIAGNOSIS":{"CATEGORY":["MALE","FEMALE"],"MIN_VALUE":[0,0],"P10_VALUE":[51,53],"P25_VALUE":[59,62],"MEDIAN_VALUE":[67,72],"P75_VALUE":[75,80],"P90_VALUE":[82,87],"MAX_VALUE":[99,97]}}
