{"PREVALENCE_BY_GENDER_AGE_YEAR":{"TRELLIS_NAME":["60-69","30-39","70-79","50-59","30-39","20-29","80-89","60-69","70-79","40-49","50-59","50-59","40-49","70-79","30-39","20-29","60-69","80-89"],"SERIES_NAME":["FEMALE","FEMALE","FEMALE","FEMALE","FEMALE","FEMALE","FEMALE","FEMALE","FEMALE","FEMALE","FEMALE","FEMALE","FEMALE","FEMALE","FEMALE","FEMALE","FEMALE","FEMALE"],"X_CALENDAR_YEAR":[2004,2004,2004,2004,2005,2005,2005,2005,2005,2005,2005,2006,2006,2006,2006,2006,2006,2006],"Y_PREVALENCE_1000PP":[1.46026,0.23765,0.728,0.75946,0.38885,0.53614,1.94878,3.41679,2.19697,0.77928,2.93375,3.52165,1.47044,3.58744,0.5093,0.74924,4.88026,2.65587]},"PREVALENCE_BY_MONTH":{"X_CALENDAR_MONTH":["200412","200601","200511","200607","200505","200504","200405","200501","200502","200508","200411","200406","200507","200510","200402","200606","200609","200610","200603","200512","200602","200503","200410","200605","200506","200608","200604","200509"],"Y_PREVALENCE_1000PP":[0.03515,0.08555,0.14355,0.14311,0.08791,0.03149,0.04526,0.06815,0.03325,0.07078,0.11443,0.04791,0.17822,0.12525,0.09144,0.23248,0.24926,0.13944,0.10623,0.15793,0.10025,0.04606,0.03257,0.17108,0.10334,0.32001,0.05274,0.06973]},"LENGTH_OF_ERA":{"CATEGORY":"Length of era","MIN_VALUE":1,"P10_VALUE":1,"P25_VALUE":1,"MEDIAN_VALUE":1,"P75_VALUE":1,"P90_VALUE":1,"MAX_VALUE":34},"AGE_AT_FIRST_DIAGNOSIS":{"CATEGORY":["FEMALE","MALE"],"MIN_VALUE":[17,2],"P10_VALUE":[32,2],"P25_VALUE":[48,22],"MEDIAN_VALUE":[58,52],"P75_VALUE":[67,63],"P90_VALUE":[77,66],"MAX_VALUE":[94,81]}}
