{"PREVALENCE_BY_GENDER_AGE_YEAR":{"TRELLIS_NAME":["50-59","40-49","40-49","50-59","60-69","60-69","30-39","40-49","20-29"],"SERIES_NAME":["FEMALE","FEMALE","MALE","MALE","MALE","FEMALE","FEMALE","FEMALE","MALE"],"X_CALENDAR_YEAR":[2004,2004,2004,2004,2004,2004,2004,2005,2009],"Y_PREVALENCE_1000PP":[0.45567,0.64662,0.84724,0.58207,0.75743,0.69536,0.35648,0.29687,0.35723]},"PREVALENCE_BY_MONTH":{"X_CALENDAR_MONTH":["200501","200410","200404","200402","200403","200405","200502","200409","200406","200412"],"Y_PREVALENCE_1000PP":[0.04381,0.038,0.0678,0.13063,0.05919,0.09806,0.03325,0.04004,0.08214,0.06025]},"LENGTH_OF_ERA":{"CATEGORY":"Length of era","MIN_VALUE":1,"P10_VALUE":1,"P25_VALUE":1,"MEDIAN_VALUE":1,"P75_VALUE":1,"P90_VALUE":1,"MAX_VALUE":149},"AGE_AT_FIRST_DIAGNOSIS":{"CATEGORY":["MALE","FEMALE"],"MIN_VALUE":[1,3],"P10_VALUE":[18,24],"P25_VALUE":[26,33],"MEDIAN_VALUE":[41,46],"P75_VALUE":[58,58],"P90_VALUE":[66,67],"MAX_VALUE":[84,92]}}
