{"PREVALENCE_BY_GENDER_AGE_YEAR":{"TRELLIS_NAME":["50-59","30-39","40-49","60-69","40-49","10-19","30-39","20-29","20-29","60-69","40-49","10-19","50-59","30-39","20-29","60-69","10-19","40-49"],"SERIES_NAME":["MALE","MALE","MALE","MALE","MALE","MALE","MALE","MALE","MALE","MALE","MALE","MALE","MALE","MALE","MALE","MALE","MALE","MALE"],"X_CALENDAR_YEAR":[2007,2009,2010,2010,2011,2011,2011,2011,2012,2012,2012,2012,2012,2013,2013,2013,2013,2013],"Y_PREVALENCE_1000PP":[0.32019,0.3556,0.32496,0.31541,0.39548,0.37058,0.42473,0.55354,0.36036,0.477,0.59938,0.661,0.30586,0.38964,0.49108,0.32192,0.30448,0.51716]},"PREVALENCE_BY_MONTH":{"X_CALENDAR_MONTH":["201201","201204","201108","201203","201304","201202","201111","201309","201103","201305","201208","201212","201006"],"Y_PREVALENCE_1000PP":[0.01968,0.02658,0.01932,0.01978,0.02522,0.01976,0.01953,0.02292,0.01888,0.03637,0.02045,0.02446,0.0217]},"LENGTH_OF_ERA":{"CATEGORY":"Length of era","MIN_VALUE":1,"P10_VALUE":1,"P25_VALUE":1,"MEDIAN_VALUE":1,"P75_VALUE":1,"P90_VALUE":1,"MAX_VALUE":22},"AGE_AT_FIRST_DIAGNOSIS":{"CATEGORY":"MALE","MIN_VALUE":0,"P10_VALUE":11,"P25_VALUE":21,"MEDIAN_VALUE":40,"P75_VALUE":58,"P90_VALUE":70,"MAX_VALUE":87}}
