{"PREVALENCE_BY_GENDER_AGE_YEAR":{"TRELLIS_NAME":["60-69","70-79","60-69"],"SERIES_NAME":["FEMALE","FEMALE","MALE"],"X_CALENDAR_YEAR":[2013,2013,2014],"Y_PREVALENCE_1000PP":[0.25871,0.54698,0.39575]},"PREVALENCE_BY_MONTH":{"X_CALENDAR_MONTH":["201306","201411","201310","201407","201504","201410","201304","201305","201405","201404","201408"],"Y_PREVALENCE_1000PP":[0.02211,0.03394,0.02316,0.03282,0.05895,0.03166,0.02162,0.02182,0.03081,0.02573,0.02922]},"LENGTH_OF_ERA":{"CATEGORY":"Length of era","MIN_VALUE":1,"P10_VALUE":1,"P25_VALUE":1,"MEDIAN_VALUE":1,"P75_VALUE":1,"P90_VALUE":1,"MAX_VALUE":32},"AGE_AT_FIRST_DIAGNOSIS":{"CATEGORY":["MALE","FEMALE"],"MIN_VALUE":[42,19],"P10_VALUE":[44,54],"P25_VALUE":[58,66],"MEDIAN_VALUE":[64,75],"P75_VALUE":[75,82],"P90_VALUE":[84,85],"MAX_VALUE":[90,92]}}
