{"PREVALENCE_BY_GENDER_AGE_YEAR":{"TRELLIS_NAME":["40-49","40-49","50-59","40-49","60-69","60-69","30-39","50-59","40-49","30-39","20-29","40-49","50-59","30-39","40-49","70-79","60-69","30-39","60-69","60-69","50-59","40-49","40-49","10-19","0-9","50-59","30-39","0-9","70-79","10-19","50-59","70-79","40-49","60-69","60-69","30-39","30-39","40-49","70-79","50-59","0-9","60-69","40-49","50-59","50-59","30-39","60-69","80-89","20-29","20-29","30-39","60-69","20-29","70-79","50-59","40-49","50-59","10-19","60-69","50-59","30-39","60-69","60-69"],"SERIES_NAME":["FEMALE","FEMALE","FEMALE","FEMALE","FEMALE","MALE","FEMALE","FEMALE","FEMALE","FEMALE","FEMALE","FEMALE","FEMALE","FEMALE","FEMALE","FEMALE","FEMALE","FEMALE","MALE","FEMALE","MALE","MALE","FEMALE","MALE","FEMALE","FEMALE","FEMALE","MALE","MALE","FEMALE","MALE","FEMALE","FEMALE","FEMALE","MALE","FEMALE","MALE","FEMALE","FEMALE","FEMALE","MALE","FEMALE","FEMALE","FEMALE","MALE","FEMALE","FEMALE","FEMALE","MALE","FEMALE","FEMALE","MALE","FEMALE","FEMALE","MALE","FEMALE","FEMALE","MALE","FEMALE","FEMALE","FEMALE","FEMALE","MALE"],"X_CALENDAR_YEAR":[2004,2005,2006,2006,2006,2006,2007,2007,2007,2008,2008,2008,2008,2009,2009,2009,2009,2010,2010,2010,2010,2010,2010,2010,2010,2011,2011,2011,2011,2011,2011,2011,2011,2011,2011,2012,2012,2012,2012,2012,2012,2012,2013,2013,2013,2013,2013,2013,2013,2013,2014,2014,2014,2014,2014,2014,2014,2014,2014,2015,2015,2015,2015],"Y_PREVALENCE_1000PP":[0.3695,0.25976,0.29656,0.23937,0.30187,0.46732,0.28539,0.3233,0.30076,0.26837,0.15415,0.29149,0.27879,0.1565,0.25719,0.5684,0.473,0.31504,0.31541,0.33537,0.38839,0.37912,0.35563,0.27215,0.27181,0.34908,0.32721,0.20907,0.74455,0.34304,0.44235,0.43325,0.4386,0.4979,0.46432,0.41124,0.37456,0.57327,0.55096,0.65643,0.24938,0.96862,0.34969,0.573,0.53345,0.27921,0.68989,0.99811,0.32739,0.23559,0.49059,0.56536,0.23186,0.45071,0.52576,0.48677,0.54389,0.3524,0.36271,0.73556,0.3817,0.59759,0.66591]},"PREVALENCE_BY_MONTH":{"X_CALENDAR_MONTH":["200703","201001","201305","201201","201410","201302","201010","200905","201111","201308","201204","200510","200701","200910","200902","200611","201101","200907","201307","201104","200610","201007","201006","200706","201503","201004","200606","201003","201310","200608","201011","200903","201202","201210","201304","201112","201301","201306","201303","201209","200612","201212","200512","200702","200911","200411","201309","200708","200904","200810","200801","200908","200906","201107","200811","200909","201110","200805","200509","200409","201405","201408","200602","201203","200804","201206","200601","201002","201502","201505","201211","200503","201412","201208","201406","201409","201205","201103","201008","200806","201403","201005","201106","201108","201501","201504","201407","200809","201312","201404","201207","201012","200711","200803","201109","201009","200707","201105","201102","200812","201311","200710","201401"],"Y_PREVALENCE_1000PP":[0.02418,0.02484,0.04,0.02952,0.1108,0.03905,0.0343,0.02178,0.02279,0.0528,0.04319,0.03232,0.02804,0.02794,0.02823,0.04264,0.02831,0.01869,0.02977,0.04749,0.03575,0.02485,0.04341,0.03056,0.07231,0.03407,0.04428,0.02475,0.05403,0.02546,0.04064,0.01873,0.05597,0.04139,0.06125,0.04579,0.03511,0.04422,0.04648,0.04122,0.0354,0.03495,0.02369,0.02794,0.02795,0.04681,0.04202,0.02018,0.02184,0.02534,0.02619,0.02494,0.01867,0.04492,0.02216,0.028,0.03244,0.02582,0.03281,0.05148,0.05722,0.0487,0.0347,0.06265,0.01942,0.0505,0.02722,0.02175,0.0793,0.23734,0.0382,0.03224,0.10786,0.03749,0.04537,0.04543,0.03337,0.0535,0.028,0.05151,0.05451,0.03101,0.03509,0.0483,0.09789,0.1179,0.0422,0.02867,0.05991,0.06005,0.03391,0.0596,0.01983,0.01949,0.04532,0.0187,0.02367,0.04127,0.04729,0.04097,0.02359,0.04309,0.04872]},"LENGTH_OF_ERA":{"CATEGORY":"Length of era","MIN_VALUE":1,"P10_VALUE":1,"P25_VALUE":1,"MEDIAN_VALUE":1,"P75_VALUE":1,"P90_VALUE":8,"MAX_VALUE":101},"AGE_AT_FIRST_DIAGNOSIS":{"CATEGORY":["MALE","FEMALE"],"MIN_VALUE":[0,0],"P10_VALUE":[9,17],"P25_VALUE":[25,33],"MEDIAN_VALUE":[52,50],"P75_VALUE":[67,66],"P90_VALUE":[77,77],"MAX_VALUE":[92,97]}}
