{"PREVALENCE_BY_GENDER_AGE_YEAR":{"TRELLIS_NAME":["70-79","70-79","60-69","60-69","70-79","50-59"],"SERIES_NAME":["FEMALE","MALE","FEMALE","FEMALE","FEMALE","FEMALE"],"X_CALENDAR_YEAR":[2010,2012,2012,2014,2014,2014],"Y_PREVALENCE_1000PP":[0.43882,0.52478,0.2948,0.36271,0.38632,0.25103]},"PREVALENCE_BY_MONTH":{"X_CALENDAR_MONTH":["201310","201211","201008","201109","201408","201108","201203"],"Y_PREVALENCE_1000PP":[0.02702,0.02083,0.02178,0.01942,0.02922,0.02254,0.02308]},"LENGTH_OF_ERA":{"CATEGORY":"Length of era","MIN_VALUE":1,"P10_VALUE":1,"P25_VALUE":1,"MEDIAN_VALUE":1,"P75_VALUE":1,"P90_VALUE":1,"MAX_VALUE":92},"AGE_AT_FIRST_DIAGNOSIS":{"CATEGORY":["MALE","FEMALE"],"MIN_VALUE":[25,0],"P10_VALUE":[47,34],"P25_VALUE":[56,52],"MEDIAN_VALUE":[65,67],"P75_VALUE":[75,77],"P90_VALUE":[84,86],"MAX_VALUE":[94,97]}}
