{"PREVALENCE_BY_GENDER_AGE_YEAR":{"TRELLIS_NAME":["60-69","80-89","70-79","60-69","80-89","80-89","50-59","70-79","70-79","50-59","40-49","50-59","70-79","50-59","70-79","60-69","80-89","90-99","60-69","80-89","90-99","60-69","60-69","50-59","50-59","70-79","70-79","60-69","80-89","80-89","60-69","70-79","70-79","80-89","70-79","60-69","70-79","60-69","80-89","70-79","50-59","70-79","50-59","70-79","80-89","50-59","70-79","90-99","60-69","70-79","70-79","60-69","80-89","80-89","70-79"],"SERIES_NAME":["FEMALE","FEMALE","FEMALE","MALE","MALE","FEMALE","FEMALE","MALE","FEMALE","MALE","MALE","FEMALE","MALE","MALE","FEMALE","MALE","FEMALE","FEMALE","FEMALE","FEMALE","FEMALE","FEMALE","MALE","MALE","FEMALE","FEMALE","MALE","MALE","FEMALE","MALE","FEMALE","MALE","FEMALE","FEMALE","FEMALE","FEMALE","MALE","MALE","FEMALE","MALE","MALE","FEMALE","MALE","MALE","FEMALE","MALE","FEMALE","FEMALE","MALE","MALE","FEMALE","MALE","FEMALE","MALE","FEMALE"],"X_CALENDAR_YEAR":[2004,2004,2004,2005,2005,2005,2005,2005,2005,2005,2005,2006,2006,2006,2006,2006,2006,2006,2006,2007,2007,2007,2007,2007,2007,2007,2007,2008,2008,2008,2008,2008,2008,2009,2009,2009,2009,2010,2010,2010,2010,2010,2011,2011,2011,2012,2012,2012,2012,2013,2013,2013,2013,2014,2014],"Y_PREVALENCE_1000PP":[0.48675,1.00925,0.728,1.07148,1.51221,2.64477,0.36672,1.62882,0.90909,0.45475,0.53537,0.25949,0.60854,0.51843,1.37979,1.26844,1.51764,4.40044,0.35218,1.06547,3.71353,0.37734,0.61211,0.53365,0.21553,1.33896,0.65269,0.34294,1.90904,1.67196,0.36033,0.70916,0.77695,1.94342,0.5684,0.301,0.70362,0.42054,0.74342,0.45444,0.43694,0.5015,0.2949,0.52118,1.35643,0.30586,0.36731,2.69179,0.636,0.59413,0.79008,0.59019,0.66541,1.11252,0.45071]},"PREVALENCE_BY_MONTH":{"X_CALENDAR_MONTH":["201502","201204","201012","201201","200809","200607","201304","200610","201002","200503","200502","201211","201501","201206","200811","201503","200808","200507","200803","200411","200902","200805","200901","201110","200806","201106","200904","200609","200710","200711","200603","200708","200606","200801","201411","201109","200511","200412","200903","201202","200512","201001","200604","201505","200601","200506","200605","201209","200508","201205","200812","201405","200810","200807","201307","200608","201308","200905","200611","201309","200911","200701","201210","200704","201312","200705","200702","201303","200908","200510","200501","200907","200504","200612","200703","200712","201010","200706","200709","200802","201009","201011","201401","201311","200405"],"Y_PREVALENCE_1000PP":[0.07209,0.0299,0.02823,0.01968,0.01911,0.03303,0.02883,0.03575,0.01864,0.06448,0.04275,0.02083,0.04568,0.02356,0.02849,0.08034,0.02241,0.04668,0.01949,0.03121,0.02823,0.04196,0.0377,0.01946,0.03219,0.02233,0.02184,0.02529,0.03978,0.02644,0.04173,0.0269,0.03321,0.02619,0.0396,0.0259,0.0319,0.04519,0.02185,0.01976,0.05923,0.02795,0.04144,0.09773,0.02722,0.02583,0.04463,0.02748,0.0458,0.02336,0.03467,0.04401,0.03801,0.02563,0.02605,0.02909,0.03017,0.02801,0.04619,0.03438,0.03105,0.02454,0.02414,0.02752,0.02796,0.04773,0.02794,0.02145,0.02182,0.04444,0.03894,0.01869,0.03149,0.03186,0.0449,0.0231,0.02495,0.03396,0.03348,0.01959,0.03429,0.03751,0.02842,0.03538,0.04526]},"LENGTH_OF_ERA":{"CATEGORY":"Length of era","MIN_VALUE":1,"P10_VALUE":1,"P25_VALUE":1,"MEDIAN_VALUE":1,"P75_VALUE":1,"P90_VALUE":1,"MAX_VALUE":165},"AGE_AT_FIRST_DIAGNOSIS":{"CATEGORY":["FEMALE","MALE"],"MIN_VALUE":[1,1],"P10_VALUE":[46,37],"P25_VALUE":[59,55],"MEDIAN_VALUE":[75,68],"P75_VALUE":[83,77],"P90_VALUE":[91,87],"MAX_VALUE":[100,98]}}
