{"PREVALENCE_BY_GENDER_AGE_YEAR":{"TRELLIS_NAME":["70-79","70-79","40-49","50-59","40-49","50-59","70-79","60-69","20-29","60-69","40-49","50-59","40-49","30-39","50-59","50-59","40-49","30-39","40-49","50-59","60-69","50-59","40-49","70-79","50-59","30-39","50-59","10-19","40-49","70-79","60-69","80-89","60-69","30-39","30-39","40-49","50-59","50-59","70-79","80-89","20-29","60-69","70-79","40-49","60-69","40-49","50-59","70-79","10-19","50-59","40-49","30-39","60-69","60-69","20-29","20-29","30-39","30-39","20-29","70-79","40-49","70-79","50-59","40-49","50-59","10-19","80-89","60-69","50-59","50-59","70-79","60-69","20-29"],"SERIES_NAME":["FEMALE","FEMALE","MALE","FEMALE","MALE","MALE","FEMALE","FEMALE","FEMALE","FEMALE","FEMALE","FEMALE","MALE","FEMALE","MALE","FEMALE","MALE","FEMALE","FEMALE","MALE","MALE","MALE","FEMALE","FEMALE","FEMALE","FEMALE","MALE","FEMALE","FEMALE","FEMALE","FEMALE","FEMALE","MALE","FEMALE","MALE","FEMALE","MALE","FEMALE","FEMALE","FEMALE","FEMALE","MALE","MALE","MALE","FEMALE","FEMALE","FEMALE","FEMALE","MALE","MALE","MALE","FEMALE","FEMALE","MALE","MALE","FEMALE","FEMALE","MALE","FEMALE","FEMALE","MALE","MALE","MALE","FEMALE","FEMALE","MALE","FEMALE","FEMALE","FEMALE","MALE","FEMALE","FEMALE","FEMALE"],"X_CALENDAR_YEAR":[2004,2005,2005,2006,2006,2006,2006,2006,2006,2007,2007,2007,2007,2008,2008,2008,2008,2009,2009,2009,2010,2010,2010,2010,2011,2011,2011,2011,2011,2011,2011,2011,2011,2012,2012,2012,2012,2012,2012,2012,2012,2012,2012,2012,2012,2013,2013,2013,2013,2013,2013,2013,2013,2013,2013,2013,2014,2014,2014,2014,2014,2014,2014,2014,2014,2014,2014,2014,2015,2015,2015,2015,2015],"Y_PREVALENCE_1000PP":[0.637,0.5303,0.53537,0.33363,0.35545,0.34562,0.55191,0.55343,0.1729,0.56601,0.26734,0.25145,0.43891,0.16102,0.30276,0.27879,0.37893,0.1565,0.25719,0.29605,0.42054,0.33984,0.22631,0.43882,0.34908,0.24541,0.54065,0.34304,0.30364,0.74271,0.4979,1.04341,0.41273,0.38187,0.43698,0.53744,0.50976,0.6929,0.73462,0.74675,0.24972,0.424,0.52478,0.41956,0.5896,0.54396,0.7258,0.79008,0.30448,0.64014,0.58181,0.21716,0.73301,0.48288,0.32739,0.38283,0.45555,0.79687,0.29811,1.41652,0.74123,0.86011,0.99311,0.75228,1.08778,0.5286,1.16618,0.95212,0.66201,0.7548,1.34813,0.74699,0.37838]},"PREVALENCE_BY_MONTH":{"X_CALENDAR_MONTH":["200703","201410","200408","201401","201102","200710","201006","200611","201404","201212","201107","201311","201108","200504","201105","201209","200605","200506","200806","200904","201110","201304","200608","200910","201505","200704","201301","200701","201302","201112","201305","201005","201308","201106","200401","201211","200607","201109","201501","201208","201405","201504","201502","200711","201203","201412","201408","201205","201409","201206","201411","201202","200706","201104","201103","201406","201503","201201","201407","201012","201101","200802","201011","201310","201008","201307","200410","200403","200407","200709","200405","201402","201010","201403","200609","200612","201207","201004","201303","200908","200702","200606","201204","200603","200905","200911","201312","200812","201111","201306","201309","201210","200809"],"Y_PREVALENCE_1000PP":[0.03109,0.13718,0.03626,0.05278,0.02207,0.01989,0.0248,0.02132,0.06863,0.03495,0.05455,0.0629,0.02576,0.04499,0.02857,0.04809,0.02975,0.03875,0.02897,0.01872,0.02271,0.05044,0.02909,0.01863,0.30715,0.02064,0.03511,0.02804,0.03905,0.04579,0.04364,0.03411,0.03394,0.04147,0.11911,0.04167,0.0477,0.03561,0.13052,0.06475,0.07042,0.13755,0.12256,0.02644,0.04287,0.08389,0.05358,0.04671,0.15144,0.05723,0.08485,0.03293,0.02717,0.03166,0.02203,0.09981,0.15265,0.02624,0.10315,0.0251,0.02202,0.01959,0.02188,0.06561,0.028,0.05582,0.03257,0.06905,0.04487,0.02009,0.04526,0.06216,0.02183,0.06289,0.02167,0.02124,0.07122,0.02478,0.05005,0.02182,0.04191,0.03321,0.03986,0.02276,0.02801,0.02174,0.07189,0.02206,0.03581,0.06264,0.02292,0.03449,0.02549]},"LENGTH_OF_ERA":{"CATEGORY":"Length of era","MIN_VALUE":1,"P10_VALUE":1,"P25_VALUE":1,"MEDIAN_VALUE":1,"P75_VALUE":1,"P90_VALUE":1,"MAX_VALUE":32},"AGE_AT_FIRST_DIAGNOSIS":{"CATEGORY":["FEMALE","MALE"],"MIN_VALUE":[1,2],"P10_VALUE":[23,16],"P25_VALUE":[37,33],"MEDIAN_VALUE":[54,51],"P75_VALUE":[69,63],"P90_VALUE":[79,75],"MAX_VALUE":[98,100]}}
