{"PREVALENCE_BY_GENDER_AGE_YEAR":{"TRELLIS_NAME":["60-69","50-59","60-69","60-69","60-69","70-79","50-59","70-79","60-69","80-89","50-59","70-79","50-59","60-69","60-69","50-59","70-79","50-59","70-79","60-69","60-69","60-69","80-89","70-79","50-59"],"SERIES_NAME":["FEMALE","FEMALE","FEMALE","MALE","FEMALE","FEMALE","MALE","FEMALE","FEMALE","FEMALE","MALE","FEMALE","FEMALE","FEMALE","MALE","MALE","MALE","FEMALE","FEMALE","MALE","FEMALE","MALE","FEMALE","FEMALE","MALE"],"X_CALENDAR_YEAR":[2008,2008,2009,2010,2010,2010,2011,2011,2011,2011,2012,2012,2012,2012,2012,2013,2013,2013,2013,2013,2013,2014,2014,2014,2014],"Y_PREVALENCE_1000PP":[0.27025,0.2091,0.473,0.42054,0.41922,0.37613,0.2949,0.43325,0.45641,0.73038,0.40781,0.61218,0.21881,0.42114,0.371,0.37341,0.51987,0.4202,0.60775,0.37558,0.68989,0.50882,0.93294,0.90142,0.6426]},"PREVALENCE_BY_MONTH":{"X_CALENDAR_MONTH":["201308","201003","201203","201104","200712","201409","201502","201306","201206","201110","201406","201105","200904","201009","201305","201303","201302","201103","201401","201309","201106","201312","201403","201202","201408","201208","201007","201307","201304","201301","201310","200912","201112","201412","201410","200805","200809","201407","201201"],"Y_PREVALENCE_1000PP":[0.0264,0.01856,0.01978,0.02533,0.0198,0.04038,0.04326,0.02579,0.03703,0.02271,0.0499,0.01905,0.01872,0.0187,0.03637,0.02145,0.0213,0.01888,0.02842,0.03438,0.01914,0.02796,0.03354,0.02634,0.03896,0.02045,0.02485,0.02233,0.02522,0.02809,0.04245,0.02173,0.0327,0.03595,0.05804,0.02582,0.01911,0.03282,0.02296]},"LENGTH_OF_ERA":{"CATEGORY":"Length of era","MIN_VALUE":1,"P10_VALUE":1,"P25_VALUE":1,"MEDIAN_VALUE":1,"P75_VALUE":1,"P90_VALUE":8,"MAX_VALUE":66},"AGE_AT_FIRST_DIAGNOSIS":{"CATEGORY":["MALE","FEMALE"],"MIN_VALUE":[8,1],"P10_VALUE":[46,40],"P25_VALUE":[54,55],"MEDIAN_VALUE":[62,64],"P75_VALUE":[72,74],"P90_VALUE":[80,81],"MAX_VALUE":[96,100]}}
