{"PREVALENCE_BY_GENDER_AGE_YEAR":{"TRELLIS_NAME":["70-79","70-79","90-99","80-89","80-89","70-79","80-89","80-89","70-79","80-89","60-69","60-69","70-79","70-79","80-89","80-89","60-69","80-89","80-89","70-79","80-89","80-89","60-69","70-79","80-89","80-89","60-69","70-79","60-69","80-89","70-79","90-99","80-89","70-79"],"SERIES_NAME":["FEMALE","MALE","FEMALE","FEMALE","MALE","MALE","MALE","FEMALE","FEMALE","FEMALE","FEMALE","MALE","MALE","FEMALE","FEMALE","MALE","FEMALE","MALE","FEMALE","FEMALE","MALE","FEMALE","FEMALE","FEMALE","FEMALE","MALE","FEMALE","FEMALE","FEMALE","MALE","FEMALE","FEMALE","FEMALE","FEMALE"],"X_CALENDAR_YEAR":[2004,2004,2004,2004,2004,2005,2005,2005,2006,2007,2007,2007,2007,2007,2008,2008,2008,2009,2009,2009,2010,2010,2010,2010,2011,2011,2011,2012,2012,2012,2013,2013,2013,2014],"Y_PREVALENCE_1000PP":[0.819,0.68681,4.35098,1.68209,2.71665,0.7665,1.94426,1.67038,0.55191,1.06547,0.28301,0.48969,0.73427,0.46863,1.57215,2.17355,0.31529,1.44231,1.29562,0.5684,1.38654,0.84962,0.29345,0.37613,1.04341,1.79131,0.29044,0.42853,0.33691,0.89485,0.36465,2.53807,0.77631,0.45071]},"PREVALENCE_BY_MONTH":{"X_CALENDAR_MONTH":["200709","200904","200410","201101","201110","201310","200506","201107","200407","201505","200907","201011","201207","201209","200812","201303","201306","201004","200905","200606","200908","201010","200406","200609","201405","200804","201002","200801","200708","201309","201112","201109","200505","201208","201504","200903","200502","200906","200409","201202","200810","201408","200405","200503","200402","200712","201401","201105","200411","201104","200704","200701","200803","201012","200902"],"Y_PREVALENCE_1000PP":[0.02009,0.01872,0.038,0.01887,0.01946,0.02316,0.04736,0.01925,0.03846,0.08377,0.03426,0.01875,0.02035,0.02404,0.02206,0.02145,0.02579,0.02168,0.02178,0.02952,0.02182,0.01871,0.04107,0.02167,0.02641,0.01942,0.01864,0.02292,0.02354,0.02674,0.0327,0.05503,0.03516,0.02045,0.06878,0.02497,0.03325,0.02178,0.04004,0.01976,0.02534,0.03409,0.0528,0.03685,0.09144,0.02639,0.02436,0.02222,0.03641,0.019,0.02408,0.02454,0.02273,0.01882,0.02196]},"LENGTH_OF_ERA":{"CATEGORY":"Length of era","MIN_VALUE":1,"P10_VALUE":1,"P25_VALUE":1,"MEDIAN_VALUE":1,"P75_VALUE":1,"P90_VALUE":1,"MAX_VALUE":101},"AGE_AT_FIRST_DIAGNOSIS":{"CATEGORY":["MALE","FEMALE"],"MIN_VALUE":[3,7],"P10_VALUE":[55,49],"P25_VALUE":[68,63],"MEDIAN_VALUE":[77,75],"P75_VALUE":[83,84],"P90_VALUE":[88,90],"MAX_VALUE":[102,101]}}
