{"PREVALENCE_BY_GENDER_AGE_YEAR":{"TRELLIS_NAME":["50-59","70-79","40-49","80-89","60-69","30-39","40-49","70-79","10-19","50-59","30-39","80-89","60-69","20-29","60-69","80-89","40-49","50-59","70-79","30-39","70-79","50-59","40-49","80-89","60-69","20-29","30-39","60-69","70-79","40-49","50-59","80-89","30-39","60-69","0-9","70-79","40-49","50-59","80-89","30-39","70-79","40-49","0-9","50-59","60-69","80-89","30-39","60-69","20-29","80-89","10-19","40-49","70-79","30-39","50-59","10-19","60-69","20-29","80-89","40-49","70-79","50-59","30-39","20-29","60-69","80-89","30-39","10-19","40-49","50-59","70-79","80-89","60-69","10-19","70-79","50-59","40-49","20-29","30-39","20-29","80-89","60-69","30-39","50-59","70-79","40-49"],"SERIES_NAME":["FEMALE","FEMALE","FEMALE","FEMALE","FEMALE","FEMALE","FEMALE","FEMALE","FEMALE","FEMALE","FEMALE","FEMALE","FEMALE","FEMALE","FEMALE","FEMALE","FEMALE","FEMALE","FEMALE","FEMALE","FEMALE","FEMALE","FEMALE","FEMALE","FEMALE","FEMALE","FEMALE","FEMALE","FEMALE","FEMALE","FEMALE","FEMALE","FEMALE","FEMALE","FEMALE","FEMALE","FEMALE","FEMALE","FEMALE","FEMALE","FEMALE","FEMALE","FEMALE","FEMALE","FEMALE","FEMALE","FEMALE","FEMALE","FEMALE","FEMALE","FEMALE","FEMALE","FEMALE","FEMALE","FEMALE","FEMALE","FEMALE","FEMALE","FEMALE","FEMALE","FEMALE","FEMALE","FEMALE","FEMALE","FEMALE","FEMALE","FEMALE","FEMALE","FEMALE","FEMALE","FEMALE","FEMALE","FEMALE","FEMALE","FEMALE","FEMALE","FEMALE","FEMALE","FEMALE","FEMALE","FEMALE","FEMALE","FEMALE","FEMALE","FEMALE","FEMALE"],"X_CALENDAR_YEAR":[2004,2004,2004,2004,2004,2004,2005,2005,2005,2005,2005,2005,2005,2006,2006,2006,2006,2006,2006,2006,2007,2007,2007,2007,2007,2007,2007,2008,2008,2008,2008,2008,2008,2009,2009,2009,2009,2009,2009,2009,2010,2010,2010,2010,2010,2010,2010,2011,2011,2011,2011,2011,2011,2011,2011,2012,2012,2012,2012,2012,2012,2012,2012,2013,2013,2013,2013,2013,2013,2013,2013,2014,2014,2014,2014,2014,2014,2014,2014,2015,2015,2015,2015,2015,2015,2015],"Y_PREVALENCE_1000PP":[1.46828,3.003,1.24706,1.68209,3.2682,0.55452,1.03904,3.71212,0.35395,1.7521,0.42126,2.22717,3.36078,0.28817,2.86778,3.28823,1.06008,1.55694,4.07037,0.41943,2.74486,2.04756,0.9357,2.13093,2.49988,0.24455,0.31393,2.29709,2.97831,1.06879,2.09096,2.47052,0.5099,2.70898,0.22843,2.21043,0.99662,1.50402,1.18765,0.52168,2.06871,0.58194,0.23298,1.67699,1.88648,2.33645,0.3413,2.36505,0.26152,2.60851,0.34304,0.64103,2.5376,0.32721,1.8152,0.34777,3.15856,0.22198,2.98699,0.93157,2.57117,1.85989,0.38187,0.26503,3.27699,2.32893,0.46535,0.60586,1.08793,2.2538,2.978,2.5656,3.26442,0.48559,3.21937,2.25923,1.01779,0.29811,0.49059,0.44145,2.03252,3.28677,0.3817,1.91247,2.79996,1.06122]},"PREVALENCE_BY_MONTH":{"X_CALENDAR_MONTH":["200407","201011","201409","200410","200802","200404","201211","201403","200401","201208","200604","201008","200703","201406","200912","201307","200805","201005","201304","201209","200902","200808","200504","201206","200605","200610","201002","201108","200611","200602","201502","201503","200709","201310","200607","200906","201412","201104","201003","200511","201107","200608","201203","201212","200907","200503","200706","201505","200712","201101","200909","200811","200509","201303","200806","200701","200910","200506","200911","200904","201305","200702","201103","201302","200908","200512","201306","200901","201301","201110","200505","201501","200502","201001","200711","200705","201312","201210","200807","200403","200804","201109","200708","200606","201309","201201","201106","200609","200508","200905","200412","201410","200507","200510","200408","200710","200612","201407","201111","201408","201010","200707","201311","200409","200501","201009","201007","200406","201004","201012","201105","201205","201504","201411","201405","201202","201402","200903","201112","200803","200411","201506","200601","200801","200810","200405","201404","201102","200809","201308","201006","201204","200812","201207","200402","200704","200603","201401"],"Y_PREVALENCE_1000PP":[0.11539,0.10315,0.19182,0.12486,0.08487,0.24579,0.15278,0.16352,0.8735,0.1261,0.12432,0.08399,0.10363,0.19508,0.06831,0.15258,0.1162,0.09923,0.14052,0.12708,0.1098,0.10565,0.10798,0.10772,0.11901,0.11441,0.09943,0.13201,0.11725,0.14267,0.28117,0.28923,0.08705,0.17753,0.12476,0.09955,0.23369,0.11082,0.09282,0.1276,0.12514,0.10182,0.14508,0.1293,0.12771,0.14738,0.11886,0.37696,0.08248,0.06605,0.10268,0.09181,0.12716,0.13943,0.10301,0.09114,0.11798,0.16362,0.10247,0.11546,0.17093,0.11175,0.11329,0.12071,0.11533,0.11845,0.11792,0.08168,0.16503,0.11678,0.1011,0.21536,0.12826,0.09626,0.10577,0.11252,0.15975,0.15175,0.12495,0.34526,0.13918,0.12302,0.12779,0.12547,0.17955,0.12463,0.13078,0.15172,0.16654,0.06846,0.14059,0.24798,0.1273,0.12929,0.14506,0.10275,0.12742,0.17348,0.12697,0.17534,0.07484,0.1251,0.12187,0.09723,0.08762,0.08728,0.08698,0.15743,0.1022,0.09724,0.09841,0.12345,0.4716,0.1697,0.13644,0.12183,0.13674,0.09677,0.09484,0.10068,0.13523,0.32178,0.11666,0.14405,0.10137,0.19613,0.19301,0.08827,0.10195,0.18102,0.12402,0.12624,0.08825,0.12887,0.27433,0.11696,0.12141,0.1218]},"LENGTH_OF_ERA":{"CATEGORY":"Length of era","MIN_VALUE":1,"P10_VALUE":1,"P25_VALUE":1,"MEDIAN_VALUE":1,"P75_VALUE":43,"P90_VALUE":142,"MAX_VALUE":1368},"AGE_AT_FIRST_DIAGNOSIS":{"CATEGORY":"FEMALE","MIN_VALUE":0,"P10_VALUE":37,"P25_VALUE":50,"MEDIAN_VALUE":61,"P75_VALUE":71,"P90_VALUE":78,"MAX_VALUE":101}}
