{"PREVALENCE_BY_GENDER_AGE_YEAR":{"TRELLIS_NAME":["10-19","0-9","0-9","10-19","0-9","0-9","10-19","10-19","0-9","0-9","10-19","0-9","0-9","10-19","0-9","10-19","0-9","10-19","10-19","0-9","10-19","10-19","0-9","0-9","0-9","10-19","0-9","10-19","10-19","0-9","0-9","10-19","10-19","0-9","10-19","0-9","0-9"],"SERIES_NAME":["MALE","MALE","FEMALE","MALE","MALE","MALE","MALE","FEMALE","FEMALE","MALE","MALE","FEMALE","MALE","FEMALE","FEMALE","MALE","MALE","FEMALE","MALE","FEMALE","FEMALE","MALE","MALE","FEMALE","MALE","MALE","FEMALE","FEMALE","FEMALE","FEMALE","MALE","MALE","FEMALE","FEMALE","MALE","MALE","MALE"],"X_CALENDAR_YEAR":[2004,2004,2005,2005,2005,2006,2006,2007,2007,2007,2008,2008,2008,2009,2009,2009,2009,2010,2010,2010,2011,2011,2011,2011,2012,2012,2012,2012,2013,2013,2013,2013,2014,2014,2014,2014,2015],"Y_PREVALENCE_1000PP":[0.70166,0.33618,0.327,0.45701,0.57937,0.22799,0.30477,0.29724,0.36324,0.21358,0.2735,0.38598,0.24112,0.24491,0.41879,0.31236,0.27217,0.62505,0.63501,0.31064,0.38592,0.69483,0.41813,0.27535,0.4275,0.70822,0.36126,0.69553,0.55926,0.50537,0.3739,0.91343,0.48559,0.65038,0.41114,0.49583,0.43818]},"PREVALENCE_BY_MONTH":{"X_CALENDAR_MONTH":["201104","201310","201307","200805","201101","200503","201208","201107","201304","200604","201502","201203","201406","201211","201004","201301","200905","200404","201306","201008","200908","201204","201201","201407","201410","200806","201012","200512","200602","201110","201311","201308","201111","201108","201404","201009","200506","201411","201006","201202","201405","200708","201312","200711","201112","201409","201501","201103","201010"],"Y_PREVALENCE_1000PP":[0.0285,0.02316,0.03349,0.02259,0.01887,0.03685,0.02045,0.02888,0.03243,0.02637,0.04326,0.02308,0.02722,0.02431,0.01858,0.0316,0.02178,0.05933,0.03685,0.01866,0.0187,0.03986,0.02952,0.03751,0.03166,0.02253,0.01882,0.02369,0.02313,0.01946,0.02752,0.04903,0.03256,0.01932,0.03002,0.0187,0.02583,0.05657,0.0217,0.02963,0.03081,0.02018,0.02796,0.02314,0.01962,0.03029,0.03916,0.01888,0.02495]},"LENGTH_OF_ERA":{"CATEGORY":"Length of era","MIN_VALUE":1,"P10_VALUE":1,"P25_VALUE":1,"MEDIAN_VALUE":1,"P75_VALUE":1,"P90_VALUE":7,"MAX_VALUE":152},"AGE_AT_FIRST_DIAGNOSIS":{"CATEGORY":["MALE","FEMALE"],"MIN_VALUE":[1,1],"P10_VALUE":[3,2],"P25_VALUE":[4,3],"MEDIAN_VALUE":[7,10],"P75_VALUE":[13,20],"P90_VALUE":[17,75],"MAX_VALUE":[84,86]}}
