{"PREVALENCE_BY_GENDER_AGE_YEAR":{"TRELLIS_NAME":["0-9","0-9","10-19","0-9","0-9","10-19","0-9","0-9","10-19","0-9","10-19","0-9","20-29","0-9","0-9","10-19","10-19","0-9","0-9","0-9","0-9","20-29","0-9","10-19","0-9","0-9","0-9","0-9","10-19","0-9","10-19","10-19","0-9","10-19","0-9","0-9","0-9"],"SERIES_NAME":["MALE","FEMALE","MALE","MALE","FEMALE","FEMALE","FEMALE","MALE","MALE","MALE","MALE","FEMALE","MALE","FEMALE","MALE","FEMALE","MALE","MALE","FEMALE","FEMALE","MALE","FEMALE","MALE","MALE","FEMALE","MALE","FEMALE","MALE","MALE","FEMALE","FEMALE","FEMALE","FEMALE","MALE","MALE","FEMALE","MALE"],"X_CALENDAR_YEAR":[2004,2004,2004,2005,2005,2005,2006,2006,2006,2007,2007,2007,2008,2008,2008,2009,2009,2009,2009,2010,2010,2011,2011,2011,2011,2012,2012,2013,2013,2013,2013,2014,2014,2014,2014,2015,2015],"Y_PREVALENCE_1000PP":[0.96052,1.38106,0.56132,1.32428,1.26127,0.50564,0.77566,0.94996,0.35556,1.06788,0.37679,0.88792,0.32029,0.84916,0.86115,0.32654,0.49085,0.98663,0.98987,0.42713,0.68402,0.15691,0.59236,0.69483,0.86539,0.60563,0.6021,0.63563,0.55821,0.67383,0.37284,0.32373,0.88265,0.5286,1.03297,0.49813,1.02242]},"PREVALENCE_BY_MONTH":{"X_CALENDAR_MONTH":["201103","200606","201406","201409","201207","200812","201106","200502","200412","200802","201308","200404","201311","200510","200905","200807","201008","201411","201402","200805","200503","201405","201104","200501","200710","201408","200711","201403","200707","200801","200504","200804","200902","200505","200706","201108","201412","201401","200405","201404","200507","200803","201105","201201","200806","200508","201204","200810","201503","200702","201107","201006","200411","201407","200408","200607","200907","200811","200610","201505","200506","200909","200511","200904","200808","201211","200903","200906","200704","200701","200509","201110","200901","201504","200402","201309","201003","200908","201306","201112","201301","200911","201303","200608","200708","200609","201001","200611","200705","200403","200406","201304","201307","201101"],"Y_PREVALENCE_1000PP":[0.02517,0.03321,0.02722,0.04543,0.02035,0.01891,0.04466,0.03325,0.03013,0.02285,0.04903,0.05085,0.02752,0.03636,0.03734,0.02884,0.028,0.03394,0.02486,0.03228,0.07369,0.03081,0.03166,0.03407,0.02652,0.05358,0.03636,0.03354,0.02367,0.01964,0.04049,0.01942,0.0596,0.04835,0.02717,0.02254,0.04194,0.03248,0.06035,0.05147,0.03819,0.02273,0.01905,0.02296,0.02575,0.04164,0.02658,0.02217,0.08838,0.03143,0.04171,0.0217,0.03121,0.0422,0.06648,0.02569,0.04361,0.04432,0.02145,0.11169,0.05167,0.02489,0.0319,0.03433,0.03842,0.02431,0.0437,0.04355,0.02752,0.02103,0.04512,0.02595,0.02199,0.06878,0.07838,0.02292,0.01856,0.03117,0.04422,0.02943,0.02458,0.01863,0.03218,0.02909,0.04035,0.02167,0.02174,0.03908,0.0341,0.06905,0.0616,0.02883,0.04094,0.01887]},"LENGTH_OF_ERA":{"CATEGORY":"Length of era","MIN_VALUE":1,"P10_VALUE":1,"P25_VALUE":1,"MEDIAN_VALUE":1,"P75_VALUE":1,"P90_VALUE":14,"MAX_VALUE":156},"AGE_AT_FIRST_DIAGNOSIS":{"CATEGORY":["FEMALE","MALE"],"MIN_VALUE":[0,0],"P10_VALUE":[0,0],"P25_VALUE":[0,0],"MEDIAN_VALUE":[3,3],"P75_VALUE":[17,15],"P90_VALUE":[32,26],"MAX_VALUE":[73,65]}}
