{"PREVALENCE_BY_GENDER_AGE_YEAR":{"TRELLIS_NAME":["70-79","50-59","40-49","50-59","60-69","30-39"],"SERIES_NAME":["FEMALE","FEMALE","FEMALE","MALE","FEMALE","FEMALE"],"X_CALENDAR_YEAR":[2004,2004,2004,2004,2004,2004],"Y_PREVALENCE_1000PP":[0.546,0.70882,0.64662,0.66523,0.69536,0.39609]},"PREVALENCE_BY_MONTH":{"X_CALENDAR_MONTH":["200403","200503","200401","200402","200405","200501"],"Y_PREVALENCE_1000PP":[0.17756,0.02763,0.39705,0.2482,0.07543,0.02921]},"LENGTH_OF_ERA":{"CATEGORY":"Length of era","MIN_VALUE":1,"P10_VALUE":1,"P25_VALUE":1,"MEDIAN_VALUE":1,"P75_VALUE":1,"P90_VALUE":1,"MAX_VALUE":30},"AGE_AT_FIRST_DIAGNOSIS":{"CATEGORY":["MALE","FEMALE"],"MIN_VALUE":[21,3],"P10_VALUE":[25,28],"P25_VALUE":[32,39],"MEDIAN_VALUE":[52,51],"P75_VALUE":[59,62],"P90_VALUE":[67,72],"MAX_VALUE":[70,83]}}
