{"PREVALENCE_BY_GENDER_AGE_YEAR":{"TRELLIS_NAME":["30-39","50-59","40-49","50-59","40-49","60-69","50-59","40-49","40-49","50-59","60-69","60-69","60-69","60-69","50-59","40-49","40-49","50-59","70-79","0-9","60-69","50-59","40-49","10-19","30-39","0-9","10-19","0-9","50-59","40-49","50-59","60-69","40-49","10-19","70-79","50-59","50-59","60-69","0-9","10-19","70-79","20-29","60-69","30-39","30-39","0-9","70-79","10-19","50-59","10-19","70-79","40-49","30-39","50-59","60-69","20-29","10-19","60-69","10-19","0-9","10-19","60-69","60-69","70-79","70-79","50-59","50-59","50-59"],"SERIES_NAME":["MALE","FEMALE","MALE","MALE","FEMALE","MALE","FEMALE","FEMALE","MALE","MALE","MALE","FEMALE","MALE","FEMALE","FEMALE","FEMALE","MALE","MALE","FEMALE","MALE","MALE","MALE","MALE","FEMALE","FEMALE","FEMALE","FEMALE","MALE","MALE","FEMALE","FEMALE","MALE","FEMALE","FEMALE","FEMALE","MALE","FEMALE","FEMALE","MALE","MALE","MALE","FEMALE","MALE","FEMALE","MALE","MALE","MALE","MALE","MALE","FEMALE","FEMALE","FEMALE","MALE","FEMALE","FEMALE","FEMALE","MALE","MALE","MALE","MALE","FEMALE","MALE","MALE","FEMALE","MALE","MALE","FEMALE","MALE"],"X_CALENDAR_YEAR":[2004,2004,2004,2004,2004,2004,2005,2005,2005,2005,2005,2005,2006,2006,2006,2006,2006,2006,2006,2007,2007,2007,2007,2007,2007,2008,2008,2008,2008,2008,2008,2008,2009,2009,2009,2009,2009,2009,2009,2009,2009,2009,2009,2009,2009,2010,2010,2010,2010,2010,2010,2010,2010,2010,2010,2010,2011,2012,2012,2013,2013,2013,2014,2014,2014,2014,2014,2015],"Y_PREVALENCE_1000PP":[0.55607,0.30378,0.93197,0.83153,0.46187,0.94679,0.28523,0.33398,0.66921,0.58468,0.76535,0.67216,0.46732,0.4025,0.33363,0.23937,0.41469,0.51843,0.55191,0.42715,0.5509,0.53365,0.32918,0.29724,0.17123,0.23159,0.37178,0.27557,0.40367,0.29149,0.34849,0.62872,0.28934,0.36736,0.82102,0.64144,0.376,0.43,0.3062,0.31236,0.62544,0.14805,0.54717,0.1565,0.41486,0.27361,0.90888,0.49893,0.43694,0.37503,0.81494,0.35563,0.41181,0.20535,0.50306,0.25006,0.27793,0.318,0.28329,0.22434,0.27963,0.37558,0.84803,0.38632,0.54735,0.40893,0.29286,0.64697]},"PREVALENCE_BY_MONTH":{"X_CALENDAR_MONTH":["201010","200803","200906","201407","200409","201408","200412","200705","200406","201411","201503","200601","200806","200810","200903","200511","200807","201405","200508","200804","200607","201311","200707","200710","200501","200708","201404","200408","201009","200510","201002","201501","200505","200405","200902","201304","200507","201102","200502","201106","200909","200704","201308","200809","200411","200812","201007","200701","200801","200404","200805","201402","200410","201409","200610","201003","200401","201006","201412","200706","200402","200703","200808","200611","201005","200407","200912","201307","200709","200811","201406","200702","201403","201101","200802","200506","200503","200712","201502","200602","200908","201011","200911","201205","200512","200504","200907","200910","201004","201001","200403","201210","200901","200608","200612","200604","200605","200905","200509","200609","201505","201209","200606","200904","200603"],"Y_PREVALENCE_1000PP":[0.01871,0.03572,0.03422,0.03282,0.06864,0.07306,0.05523,0.04091,0.0616,0.03394,0.08034,0.02722,0.02253,0.05385,0.03121,0.05981,0.03204,0.02641,0.03747,0.04531,0.03303,0.03145,0.02029,0.03315,0.07788,0.02354,0.04289,0.03626,0.02182,0.0404,0.06836,0.07179,0.03516,0.07543,0.03451,0.02522,0.04243,0.02207,0.03325,0.02233,0.05289,0.04472,0.03017,0.03186,0.05721,0.03467,0.04038,0.02804,0.03601,0.05933,0.02259,0.04144,0.06514,0.03029,0.03933,0.07116,0.11911,0.02791,0.03595,0.02717,0.15676,0.038,0.04162,0.03553,0.02791,0.07051,0.17076,0.02977,0.05022,0.05065,0.02722,0.02445,0.02935,0.02831,0.02938,0.03445,0.04606,0.0231,0.05768,0.03085,0.02805,0.02501,0.03416,0.02336,0.05923,0.03599,0.03426,0.02484,0.04026,0.10868,0.14797,0.02069,0.03141,0.02546,0.05663,0.03014,0.03347,0.02489,0.03281,0.02529,0.15358,0.02404,0.03321,0.03433,0.02656]},"LENGTH_OF_ERA":{"CATEGORY":"Length of era","MIN_VALUE":1,"P10_VALUE":1,"P25_VALUE":1,"MEDIAN_VALUE":1,"P75_VALUE":1,"P90_VALUE":30,"MAX_VALUE":314},"AGE_AT_FIRST_DIAGNOSIS":{"CATEGORY":["MALE","FEMALE"],"MIN_VALUE":[0,0],"P10_VALUE":[7,10],"P25_VALUE":[26,26],"MEDIAN_VALUE":[51,49],"P75_VALUE":[64,65],"P90_VALUE":[72,75],"MAX_VALUE":[92,93]}}
