{"PREVALENCE_BY_GENDER_AGE_YEAR":{"TRELLIS_NAME":["70-79","50-59","40-49","30-39","20-29","60-69","30-39","10-19","70-79","50-59","40-49","60-69","80-89","20-29","10-19","60-69","80-89","20-29","30-39","50-59","40-49","70-79","10-19","60-69","40-49","70-79","50-59","30-39","20-29","80-89","10-19","40-49","70-79","50-59","30-39","60-69","80-89","20-29","50-59","40-49","70-79","10-19","80-89","60-69","20-29","30-39","70-79","10-19","50-59","40-49","30-39","20-29","80-89","60-69","40-49","50-59","10-19","70-79","60-69","80-89","20-29","30-39","40-49","70-79","10-19","20-29","80-89","60-69","30-39","50-59","30-39","60-69","20-29","80-89","10-19","40-49","50-59","70-79","40-49","50-59","70-79","10-19","30-39","60-69","80-89","20-29","70-79","20-29","80-89","60-69","40-49","50-59","30-39"],"SERIES_NAME":["MALE","MALE","MALE","MALE","MALE","MALE","MALE","MALE","MALE","MALE","MALE","MALE","MALE","MALE","MALE","MALE","MALE","MALE","MALE","MALE","MALE","MALE","MALE","MALE","MALE","MALE","MALE","MALE","MALE","MALE","MALE","MALE","MALE","MALE","MALE","MALE","MALE","MALE","MALE","MALE","MALE","MALE","MALE","MALE","MALE","MALE","MALE","MALE","MALE","MALE","MALE","MALE","MALE","MALE","MALE","MALE","MALE","MALE","MALE","MALE","MALE","MALE","MALE","MALE","MALE","MALE","MALE","MALE","MALE","MALE","MALE","MALE","MALE","MALE","MALE","MALE","MALE","MALE","MALE","MALE","MALE","MALE","MALE","MALE","MALE","MALE","MALE","MALE","MALE","MALE","MALE","MALE","MALE"],"X_CALENDAR_YEAR":[2004,2004,2004,2004,2004,2004,2005,2005,2005,2005,2005,2005,2005,2005,2006,2006,2006,2006,2006,2006,2006,2006,2007,2007,2007,2007,2007,2007,2007,2007,2008,2008,2008,2008,2008,2008,2008,2008,2009,2009,2009,2009,2009,2009,2009,2009,2010,2010,2010,2010,2010,2010,2010,2010,2011,2011,2011,2011,2011,2011,2011,2011,2012,2012,2012,2012,2012,2012,2012,2012,2013,2013,2013,2013,2013,2013,2013,2013,2014,2014,2014,2014,2014,2014,2014,2014,2015,2015,2015,2015,2015,2015,2015],"Y_PREVALENCE_1000PP":[0.91575,2.41144,2.28755,2.22428,0.83971,2.17762,2.79541,0.45701,1.91626,1.94894,1.47226,1.60722,1.29618,1.50656,0.45715,2.0028,1.34151,1.17538,2.24444,2.01613,2.01422,1.39094,0.42389,1.53027,2.79805,0.73427,2.5615,2.1978,1.23104,1.24334,0.41025,2.81492,1.41833,2.7248,1.88783,2.57202,1.33757,1.49469,2.81245,3.21492,1.71996,0.53548,1.44231,3.06413,1.531,2.07432,2.04499,0.8618,3.59258,3.62868,2.23556,1.30542,1.69465,4.1003,3.38983,3.78453,0.46322,2.01027,2.68276,1.19421,0.9058,2.18433,3.11676,2.17408,0.56657,1.49292,2.08799,4.92898,3.55827,4.12907,4.28599,6.00923,1.5278,2.71207,0.96417,4.78376,6.5614,3.26773,4.7439,6.54282,3.9878,0.76354,3.5497,5.71009,2.70184,1.48967,3.24254,2.30003,2.32678,5.42237,6.95148,5.06793,3.96301]},"PREVALENCE_BY_MONTH":{"X_CALENDAR_MONTH":["200512","201311","201308","200402","201006","200907","200608","201001","200812","200710","200605","201003","200704","201305","200603","200707","201204","201401","201212","201209","200701","201405","200606","201009","201103","201207","200801","200711","200807","200409","201312","201010","200502","200408","200405","200612","200708","201411","201202","201110","200412","200804","200609","200611","200406","201408","201109","200901","201210","201501","200509","200702","201002","201303","200908","201506","201505","201412","200905","200602","201502","201203","201206","200911","200904","201104","200607","201211","201004","200712","200811","201007","201208","201101","200706","200703","200503","200912","201309","200808","200709","200506","201310","201307","200410","201504","200705","201402","201409","200403","201301","200909","201306","201304","200906","201107","200505","201106","201008","200805","201011","200404","200802","201403","200810","200411","201410","201005","200501","200504","201503","201102","200601","200610","201406","201105","200407","200604","200401","201205","201201","200806","201108","200809","201111","201012","200910","201302","200803","200902","200508","200511","201404","201407","200903","201112","200510","200507"],"Y_PREVALENCE_1000PP":[0.14214,0.29092,0.19611,0.27433,0.19224,0.14951,0.08,0.13973,0.14813,0.11933,0.10785,0.13304,0.11008,0.2873,0.12141,0.11496,0.13288,0.17459,0.18172,0.158,0.11218,0.22447,0.11809,0.1621,0.12273,0.21705,0.12441,0.13551,0.13136,0.10867,0.26359,0.12161,0.09976,0.10275,0.12824,0.10973,0.1177,0.19799,0.10866,0.11029,0.05523,0.11976,0.10476,0.10304,0.10267,0.2143,0.11654,0.12252,0.20348,0.32631,0.10254,0.0873,0.14915,0.18948,0.15586,0.6972,0.7958,0.31158,0.09958,0.08483,0.35327,0.16487,0.13802,0.13663,0.11546,0.15515,0.0844,0.13195,0.18582,0.11548,0.12346,0.15221,0.18744,0.11322,0.10528,0.11053,0.15199,0.12419,0.27506,0.11846,0.08705,0.10764,0.27788,0.23817,0.114,0.5502,0.12274,0.22376,0.21706,0.15783,0.20365,0.14624,0.22109,0.20538,0.14621,0.1123,0.13186,0.14992,0.16798,0.12265,0.18442,0.09323,0.10446,0.2348,0.1077,0.13523,0.28491,0.13333,0.11682,0.12148,0.36154,0.15132,0.09333,0.11441,0.21776,0.13333,0.10256,0.08665,0.27793,0.13012,0.17054,0.09979,0.15133,0.1115,0.11069,0.11293,0.16456,0.23432,0.10717,0.1098,0.11658,0.13159,0.1973,0.19692,0.11862,0.14717,0.04848,0.11033]},"LENGTH_OF_ERA":{"CATEGORY":"Length of era","MIN_VALUE":1,"P10_VALUE":1,"P25_VALUE":1,"MEDIAN_VALUE":1,"P75_VALUE":1,"P90_VALUE":10,"MAX_VALUE":435},"AGE_AT_FIRST_DIAGNOSIS":{"CATEGORY":["MALE","FEMALE"],"MIN_VALUE":[0,11],"P10_VALUE":[26,12],"P25_VALUE":[38,21],"MEDIAN_VALUE":[51,38],"P75_VALUE":[63,49],"P90_VALUE":[72,62],"MAX_VALUE":[99,70]}}
