{"PREVALENCE_BY_GENDER_AGE_YEAR":{"TRELLIS_NAME":["0-9","0-9","0-9","0-9","0-9","0-9","0-9","0-9","0-9","0-9","0-9","0-9","0-9","0-9","0-9","0-9","0-9"],"SERIES_NAME":["MALE","FEMALE","FEMALE","MALE","MALE","MALE","FEMALE","MALE","FEMALE","MALE","FEMALE","MALE","FEMALE","FEMALE","FEMALE","MALE","MALE"],"X_CALENDAR_YEAR":[2004,2004,2005,2005,2006,2007,2008,2009,2009,2010,2010,2011,2011,2013,2014,2014,2015],"Y_PREVALENCE_1000PP":[0.67237,0.3867,0.51385,0.57937,0.22799,0.24917,0.38598,0.3062,0.22843,0.30781,0.23298,0.27876,0.27535,0.2948,0.27873,0.33055,0.7303]},"PREVALENCE_BY_MONTH":{"X_CALENDAR_MONTH":["200406","200407","201503"],"Y_PREVALENCE_1000PP":[0.04107,0.03846,0.0482]},"LENGTH_OF_ERA":{"CATEGORY":"Length of era","MIN_VALUE":1,"P10_VALUE":1,"P25_VALUE":1,"MEDIAN_VALUE":1,"P75_VALUE":1,"P90_VALUE":1,"MAX_VALUE":29},"AGE_AT_FIRST_DIAGNOSIS":{"CATEGORY":["FEMALE","MALE"],"MIN_VALUE":[0,0],"P10_VALUE":[0,0],"P25_VALUE":[0,1],"MEDIAN_VALUE":[1,1],"P75_VALUE":[10,9],"P90_VALUE":[60,38],"MAX_VALUE":[91,82]}}
