{"PREVALENCE_BY_GENDER_AGE_YEAR":{"TRELLIS_NAME":["40-49","20-29","20-29"],"SERIES_NAME":["MALE","MALE","MALE"],"X_CALENDAR_YEAR":[2007,2012,2014],"Y_PREVALENCE_1000PP":[0.32918,0.30888,0.37242]},"PREVALENCE_BY_MONTH":{"X_CALENDAR_MONTH":["201503","201406","200802","200805","200705","201308","201212","201304","201408","201106"],"Y_PREVALENCE_1000PP":[0.0482,0.02722,0.02612,0.01937,0.02387,0.02263,0.02097,0.02522,0.02922,0.01914]},"LENGTH_OF_ERA":{"CATEGORY":"Length of era","MIN_VALUE":1,"P10_VALUE":1,"P25_VALUE":1,"MEDIAN_VALUE":1,"P75_VALUE":1,"P90_VALUE":1,"MAX_VALUE":43},"AGE_AT_FIRST_DIAGNOSIS":{"CATEGORY":["MALE","FEMALE"],"MIN_VALUE":[0,1],"P10_VALUE":[8,9],"P25_VALUE":[14,19],"MEDIAN_VALUE":[30,34],"P75_VALUE":[45,53],"P90_VALUE":[57,63],"MAX_VALUE":[84,97]}}
