{"PREVALENCE_BY_GENDER_AGE_YEAR":{"TRELLIS_NAME":["60-69","70-79","70-79","60-69","70-79","70-79"],"SERIES_NAME":["MALE","FEMALE","MALE","MALE","MALE","MALE"],"X_CALENDAR_YEAR":[2011,2011,2011,2012,2013,2014],"Y_PREVALENCE_1000PP":[0.36114,0.43325,0.59564,0.318,0.6684,0.54735]},"PREVALENCE_BY_MONTH":{"X_CALENDAR_MONTH":["201409","201104","201312","201106","201006"],"Y_PREVALENCE_1000PP":[0.03029,0.0285,0.02396,0.02233,0.0217]},"LENGTH_OF_ERA":{"CATEGORY":"Length of era","MIN_VALUE":1,"P10_VALUE":1,"P25_VALUE":1,"MEDIAN_VALUE":1,"P75_VALUE":1,"P90_VALUE":1,"MAX_VALUE":81},"AGE_AT_FIRST_DIAGNOSIS":{"CATEGORY":["FEMALE","MALE"],"MIN_VALUE":[12,42],"P10_VALUE":[53,52],"P25_VALUE":[64,64],"MEDIAN_VALUE":[71,70],"P75_VALUE":[79,76],"P90_VALUE":[83,80],"MAX_VALUE":[92,89]}}
