{"PREVALENCE_BY_GENDER_AGE_YEAR":{"TRELLIS_NAME":["40-49","20-29","20-29","10-19","0-9","20-29","40-49","10-19","0-9","40-49","20-29","10-19","20-29","30-39","20-29","30-39","10-19","10-19"],"SERIES_NAME":["MALE","FEMALE","FEMALE","MALE","MALE","MALE","MALE","MALE","MALE","FEMALE","MALE","MALE","FEMALE","FEMALE","FEMALE","MALE","FEMALE","MALE"],"X_CALENDAR_YEAR":[2006,2006,2007,2007,2007,2008,2008,2009,2010,2010,2011,2013,2013,2013,2014,2014,2014,2014],"Y_PREVALENCE_1000PP":[0.41469,0.20172,0.16303,0.32969,0.24917,0.37367,0.37893,0.26774,0.23941,0.22631,0.30193,0.35522,0.38283,0.21716,0.19874,0.43466,0.48559,0.7048]},"PREVALENCE_BY_MONTH":{"X_CALENDAR_MONTH":["200810","200907","201205","201208","200807","200610","200607","201302","201303","200603","200508","200612","201207","201503","201210","200710","201111","200404","201008","201404","201409","201406","200712","201502","201410","200801","201311","200403","200809","201305","200705","201309","200711","200707","201004","201006"],"Y_PREVALENCE_1000PP":[0.01901,0.0218,0.02336,0.02726,0.03204,0.02145,0.02202,0.02485,0.0429,0.02276,0.02915,0.02478,0.0373,0.0482,0.02069,0.03315,0.02279,0.05085,0.02178,0.02573,0.04038,0.03176,0.0198,0.04326,0.03693,0.01964,0.02752,0.05919,0.01911,0.02909,0.02046,0.04202,0.01983,0.02029,0.01858,0.02791]},"LENGTH_OF_ERA":{"CATEGORY":"Length of era","MIN_VALUE":1,"P10_VALUE":1,"P25_VALUE":1,"MEDIAN_VALUE":1,"P75_VALUE":1,"P90_VALUE":1,"MAX_VALUE":20},"AGE_AT_FIRST_DIAGNOSIS":{"CATEGORY":["FEMALE","MALE"],"MIN_VALUE":[1,0],"P10_VALUE":[13,8],"P25_VALUE":[22,16],"MEDIAN_VALUE":[41,33],"P75_VALUE":[65,57],"P90_VALUE":[82,76],"MAX_VALUE":[95,92]}}
