{"PREVALENCE_BY_GENDER_AGE_YEAR":{"TRELLIS_NAME":["40-49","40-49","30-39","50-59","40-49","40-49","60-69","50-59","40-49","50-59","50-59","30-39","40-49","60-69","50-59","40-49","30-39","20-29","50-59","40-49","50-59","30-39","20-29"],"SERIES_NAME":["MALE","MALE","MALE","MALE","FEMALE","MALE","MALE","FEMALE","MALE","MALE","FEMALE","MALE","MALE","FEMALE","MALE","FEMALE","MALE","MALE","MALE","MALE","MALE","MALE","MALE"],"X_CALENDAR_YEAR":[2006,2007,2008,2008,2008,2008,2009,2009,2009,2010,2011,2011,2011,2011,2012,2012,2013,2013,2013,2014,2014,2014,2014],"Y_PREVALENCE_1000PP":[0.35545,0.43891,0.54808,0.35321,0.2591,0.37893,0.3283,0.20509,0.64298,0.53403,0.20945,0.48541,0.39548,0.24895,0.61171,0.21498,0.51951,0.32739,0.32007,0.44474,0.35051,0.57954,0.43449]},"PREVALENCE_BY_MONTH":{"X_CALENDAR_MONTH":["201103","201205","200903","201401","201312","201408","201212","201404","200909","201311","201211","201209","201207","201105","201410","201203","201412","200806","200905","201104","201107","201409","201304"],"Y_PREVALENCE_1000PP":[0.02203,0.02336,0.01873,0.05684,0.03594,0.02922,0.02097,0.02573,0.02489,0.03538,0.03125,0.03091,0.02713,0.01905,0.04221,0.01978,0.04194,0.03219,0.02178,0.019,0.02246,0.03029,0.02162]},"LENGTH_OF_ERA":{"CATEGORY":"Length of era","MIN_VALUE":1,"P10_VALUE":1,"P25_VALUE":1,"MEDIAN_VALUE":1,"P75_VALUE":1,"P90_VALUE":1,"MAX_VALUE":169},"AGE_AT_FIRST_DIAGNOSIS":{"CATEGORY":["MALE","FEMALE"],"MIN_VALUE":[20,18],"P10_VALUE":[27,27],"P25_VALUE":[32,39],"MEDIAN_VALUE":[44,49],"P75_VALUE":[52,59],"P90_VALUE":[60,67],"MAX_VALUE":[76,87]}}
