{"PREVALENCE_BY_GENDER_AGE_YEAR":{"TRELLIS_NAME":["0-9","10-19","10-19","0-9","20-29","30-39","20-29","0-9","10-19","0-9","10-19","30-39","0-9","20-29","0-9","10-19","20-29","0-9","10-19","0-9","10-19","0-9","10-19","10-19","0-9","30-39","30-39","20-29","20-29","10-19","0-9","0-9","10-19","40-49","20-29","30-39","10-19","40-49","0-9","0-9","10-19","20-29","20-29","10-19","0-9","10-19","0-9","20-29","0-9","0-9","10-19","10-19","50-59","0-9","10-19","0-9","10-19","30-39","30-39","20-29","20-29","20-29","40-49","10-19","0-9","0-9","10-19","0-9","0-9","10-19","20-29"],"SERIES_NAME":["MALE","FEMALE","MALE","FEMALE","MALE","FEMALE","FEMALE","MALE","MALE","FEMALE","FEMALE","FEMALE","FEMALE","MALE","MALE","MALE","FEMALE","MALE","MALE","FEMALE","FEMALE","MALE","MALE","FEMALE","FEMALE","MALE","FEMALE","FEMALE","MALE","MALE","MALE","FEMALE","FEMALE","FEMALE","MALE","FEMALE","FEMALE","FEMALE","MALE","FEMALE","MALE","MALE","FEMALE","FEMALE","MALE","MALE","FEMALE","MALE","MALE","FEMALE","FEMALE","MALE","FEMALE","FEMALE","FEMALE","MALE","MALE","MALE","FEMALE","MALE","MALE","FEMALE","FEMALE","FEMALE","FEMALE","MALE","MALE","MALE","FEMALE","MALE","MALE"],"X_CALENDAR_YEAR":[2004,2004,2004,2004,2005,2005,2005,2005,2005,2005,2005,2006,2006,2006,2006,2006,2007,2007,2007,2007,2007,2008,2008,2008,2008,2009,2009,2009,2009,2009,2009,2009,2009,2009,2010,2010,2010,2010,2010,2010,2010,2011,2011,2011,2011,2011,2011,2012,2012,2012,2012,2012,2013,2013,2013,2013,2013,2013,2013,2013,2014,2014,2014,2014,2014,2014,2014,2015,2015,2015,2015],"Y_PREVALENCE_1000PP":[2.73749,0.4252,0.63149,1.60203,0.64567,0.29164,0.18923,1.73812,0.91402,1.44812,0.5562,0.20971,2.11152,0.74234,2.2799,0.81272,0.16303,2.24255,0.89488,1.45296,0.3397,2.41122,0.91166,0.28916,1.50533,0.3556,0.20867,0.14805,0.4593,1.60643,2.3475,1.94167,0.32654,0.22504,0.55229,0.15752,0.50004,0.19398,1.60744,1.2814,0.90715,0.4529,0.20922,0.47168,1.74222,0.8338,1.61278,0.56628,1.74564,1.48517,0.56512,0.51936,0.2292,1.34765,0.41944,2.09385,1.06567,0.71433,0.21716,0.38195,0.74483,0.29811,0.26551,0.53955,1.62594,2.47913,1.17467,2.48302,1.4944,1.7316,0.76668]},"PREVALENCE_BY_MONTH":{"X_CALENDAR_MONTH":["200612","201406","200805","200701","200904","201409","201001","201110","201305","201502","200407","201004","200901","200907","201107","201302","200611","200410","200402","201412","201401","201505","200509","200910","201203","201006","201210","200405","201104","200712","200512","200609","201011","200408","200808","200403","200811","201402","200606","200705","201009","201209","201102","201306","200608","201206","201007","200704","201212","201003","201303","200605","200908","200602","201311","201309","201308","200801","200409","200804","200503","200807","201408","200911","200506","201405","200508","201310","201101","200406","200710","201202","200802","200707","201403","201008","201010","200906","200711","201106","200903","201301","201304","201103","201312","200511","200708","201112","201504","200505","201501","200502","201109","201411","200604","200702","201208","200909","200912","200601","201404","200412","201205","201407","201002","200404","201211","200703","200706","201005","200401","200709","200610","200810","201307","200607","201012","201204","200809","200803","201108","201105","200905","200411","200510","201111","200902","200812","201410","201201","201506","200603","200501","200504","200507","200806","201503","201207"],"Y_PREVALENCE_1000PP":[0.06371,0.06805,0.02905,0.05258,0.09674,0.09591,0.0621,0.05514,0.08365,0.10093,0.08974,0.04646,0.06283,0.08721,0.04171,0.06391,0.0533,0.09228,0.10451,0.0779,0.09338,0.29319,0.06563,0.05278,0.04616,0.03721,0.05173,0.09052,0.02216,0.07259,0.03554,0.04335,0.04689,0.07253,0.07363,0.10851,0.05698,0.07873,0.07011,0.04091,0.04364,0.03778,0.04414,0.05896,0.07273,0.0404,0.0466,0.04816,0.04543,0.06497,0.07508,0.04091,0.05923,0.05398,0.05504,0.06112,0.04526,0.02619,0.09151,0.02913,0.06448,0.07369,0.07306,0.06211,0.04736,0.06602,0.08744,0.06947,0.05347,0.09583,0.06298,0.04939,0.03917,0.04733,0.07128,0.028,0.06236,0.07777,0.04958,0.04466,0.07804,0.05267,0.08648,0.05664,0.0639,0.0319,0.08407,0.06868,0.2751,0.05714,0.09789,0.08076,0.06475,0.07354,0.06028,0.0454,0.06816,0.06845,0.04968,0.06611,0.09007,0.06527,0.04671,0.07033,0.05593,0.07628,0.0625,0.038,0.04415,0.04961,0.21838,0.04687,0.07508,0.04752,0.07815,0.08807,0.04078,0.06644,0.08602,0.04872,0.05152,0.06349,0.05601,0.07802,0.03636,0.06837,0.07843,0.05043,0.05276,0.0492,0.48268,0.0607,0.05841,0.07649,0.08062,0.05794,0.20085,0.06444]},"LENGTH_OF_ERA":{"CATEGORY":"Length of era","MIN_VALUE":1,"P10_VALUE":1,"P25_VALUE":1,"MEDIAN_VALUE":1,"P75_VALUE":1,"P90_VALUE":9,"MAX_VALUE":79},"AGE_AT_FIRST_DIAGNOSIS":{"CATEGORY":["MALE","FEMALE"],"MIN_VALUE":[0,0],"P10_VALUE":[0,0],"P25_VALUE":[0,0],"MEDIAN_VALUE":[1,1],"P75_VALUE":[14,19],"P90_VALUE":[28,40],"MAX_VALUE":[79,85]}}
