{"PREVALENCE_BY_GENDER_AGE_YEAR":{"TRELLIS_NAME":["10-19","10-19","20-29","30-39","10-19","20-29","30-39","10-19"],"SERIES_NAME":["MALE","MALE","MALE","MALE","MALE","MALE","MALE","MALE"],"X_CALENDAR_YEAR":[2007,2008,2009,2011,2011,2013,2014,2014],"Y_PREVALENCE_1000PP":[0.28259,0.31908,0.4593,0.36406,0.32425,0.32739,0.43466,0.3524]},"PREVALENCE_BY_MONTH":{"X_CALENDAR_MONTH":["201410","200710","200808","201405","201306"],"Y_PREVALENCE_1000PP":[0.03166,0.0232,0.02241,0.03961,0.02211]},"LENGTH_OF_ERA":{"CATEGORY":"Length of era","MIN_VALUE":1,"P10_VALUE":1,"P25_VALUE":1,"MEDIAN_VALUE":1,"P75_VALUE":1,"P90_VALUE":25,"MAX_VALUE":129},"AGE_AT_FIRST_DIAGNOSIS":{"CATEGORY":["FEMALE","MALE"],"MIN_VALUE":[4,0],"P10_VALUE":[20,13],"P25_VALUE":[35,18],"MEDIAN_VALUE":[51,28],"P75_VALUE":[66,45],"P90_VALUE":[84,61],"MAX_VALUE":[97,88]}}
