{"PREVALENCE_BY_GENDER_AGE_YEAR":{"TRELLIS_NAME":["10-19","10-19","20-29","20-29","10-19","30-39","10-19","10-19","10-19","20-29","20-29","10-19","10-19","20-29","10-19","10-19","20-29","30-39","10-19","0-9","10-19","20-29","20-29","10-19","40-49","10-19","0-9","20-29","30-39","20-29","20-29","20-29","0-9","0-9","10-19","10-19","30-39","50-59","20-29","20-29","0-9","10-19","50-59","10-19","10-19","50-59","0-9","10-19","0-9","30-39","20-29","60-69","20-29","10-19"],"SERIES_NAME":["FEMALE","MALE","MALE","FEMALE","MALE","MALE","FEMALE","MALE","FEMALE","FEMALE","MALE","MALE","FEMALE","MALE","FEMALE","MALE","MALE","MALE","MALE","MALE","FEMALE","MALE","FEMALE","FEMALE","MALE","MALE","MALE","FEMALE","MALE","MALE","MALE","FEMALE","MALE","FEMALE","MALE","FEMALE","FEMALE","MALE","MALE","FEMALE","MALE","MALE","MALE","FEMALE","FEMALE","MALE","FEMALE","MALE","MALE","MALE","MALE","MALE","FEMALE","MALE"],"X_CALENDAR_YEAR":[2004,2004,2005,2005,2005,2006,2006,2007,2007,2007,2007,2008,2008,2008,2009,2009,2009,2010,2010,2010,2010,2010,2010,2011,2011,2011,2011,2011,2011,2011,2012,2012,2012,2012,2012,2012,2012,2012,2013,2013,2013,2013,2013,2013,2014,2014,2014,2014,2014,2014,2014,2014,2014,2015],"Y_PREVALENCE_1000PP":[0.60742,0.49116,0.43045,0.22076,0.34276,0.61212,0.36147,0.65938,0.29724,0.21737,0.50361,0.63816,0.61963,0.37367,0.449,0.26774,0.3062,0.41181,0.72572,0.20521,0.54171,0.6025,0.20005,1.11488,0.45198,0.97276,0.6272,0.20922,0.48541,0.55354,0.5148,0.22198,0.32063,0.24084,1.08593,1.0433,0.20562,0.30586,0.87303,0.26503,0.22434,1.26865,0.42676,1.25833,0.48559,0.35051,0.32519,1.70328,0.49583,0.43466,0.8069,0.33921,0.33124,0.64935]},"PREVALENCE_BY_MONTH":{"X_CALENDAR_MONTH":["201305","200604","201105","201308","200611","200910","201404","200501","201102","200710","201012","201006","201401","201407","201311","200701","201302","201303","201205","200704","200803","201301","201108","201111","201212","201411","201208","201408","201112","200406","201109","201007","201010","200804","201410","200411","201201","201503","200507","200812","201207","200806","201005","201204","201210","201405","200711","200502","200610","201309","200909","200705","200801","200708","201211","201304","201312","201106","201306","201002","201307","201103","201004","201011","201203","201412","200907","201402","201409","200403","201406","200605","201101","201110","201310","201206","200805","201209","201502","200709","201505","200712","200503","201107","201104","201403"],"Y_PREVALENCE_1000PP":[0.06546,0.0226,0.05397,0.0264,0.02132,0.01863,0.03431,0.03407,0.03468,0.03978,0.04392,0.02791,0.0609,0.05157,0.05111,0.02454,0.0355,0.0286,0.04337,0.02064,0.03248,0.07725,0.04186,0.04883,0.05242,0.04525,0.02726,0.05845,0.05887,0.04107,0.01942,0.02485,0.0343,0.04208,0.06859,0.04161,0.0328,0.05624,0.03395,0.02521,0.02713,0.01931,0.0186,0.03986,0.06553,0.07922,0.02644,0.03325,0.0286,0.03056,0.02489,0.02728,0.01964,0.02354,0.04861,0.05405,0.03195,0.03509,0.04422,0.02486,0.0521,0.02517,0.02168,0.02813,0.03297,0.05393,0.02803,0.04144,0.04543,0.07892,0.03176,0.02603,0.04089,0.04541,0.05789,0.0404,0.02259,0.03091,0.05768,0.02344,0.1815,0.0231,0.04145,0.03209,0.03166,0.07128]},"LENGTH_OF_ERA":{"CATEGORY":"Length of era","MIN_VALUE":1,"P10_VALUE":1,"P25_VALUE":1,"MEDIAN_VALUE":1,"P75_VALUE":1,"P90_VALUE":29,"MAX_VALUE":659},"AGE_AT_FIRST_DIAGNOSIS":{"CATEGORY":["FEMALE","MALE"],"MIN_VALUE":[1,3],"P10_VALUE":[10,8],"P25_VALUE":[15,14],"MEDIAN_VALUE":[18,21],"P75_VALUE":[29,35],"P90_VALUE":[48,49],"MAX_VALUE":[93,84]}}
