{"PREVALENCE_BY_GENDER_AGE_YEAR":{"TRELLIS_NAME":["0-9","0-9","0-9","0-9","0-9","0-9","0-9","0-9","0-9","0-9","0-9","0-9","0-9","0-9","0-9","0-9","0-9","0-9","0-9"],"SERIES_NAME":["MALE","FEMALE","MALE","MALE","MALE","FEMALE","MALE","FEMALE","FEMALE","MALE","MALE","FEMALE","MALE","FEMALE","FEMALE","MALE","FEMALE","MALE","MALE"],"X_CALENDAR_YEAR":[2004,2004,2005,2007,2008,2008,2009,2009,2010,2010,2011,2011,2012,2012,2013,2013,2014,2014,2015],"Y_PREVALENCE_1000PP":[0.38421,0.55243,0.70353,0.42715,0.34446,0.46318,0.40826,0.45686,0.27181,0.37621,0.73173,0.51137,0.53438,0.56196,0.37903,0.48607,0.4181,0.82638,0.87636]},"PREVALENCE_BY_MONTH":{"X_CALENDAR_MONTH":["200409","201108","201407","201204","200907","200908","201410","201210","201303","200808","200407","201109","201107","201408","201203","201012","201412"],"Y_PREVALENCE_1000PP":[0.04004,0.02254,0.02813,0.02325,0.01869,0.02182,0.03693,0.02069,0.02145,0.01921,0.03846,0.01942,0.01925,0.03409,0.02308,0.01882,0.03595]},"LENGTH_OF_ERA":{"CATEGORY":"Length of era","MIN_VALUE":1,"P10_VALUE":1,"P25_VALUE":1,"MEDIAN_VALUE":1,"P75_VALUE":1,"P90_VALUE":1,"MAX_VALUE":85},"AGE_AT_FIRST_DIAGNOSIS":{"CATEGORY":["FEMALE","MALE"],"MIN_VALUE":[0,0],"P10_VALUE":[0,0],"P25_VALUE":[0,0],"MEDIAN_VALUE":[1,1],"P75_VALUE":[14,3],"P90_VALUE":[47,17],"MAX_VALUE":[82,63]}}
