{"PREVALENCE_BY_GENDER_AGE_YEAR":{"TRELLIS_NAME":["80-89","70-79","80-89","60-69","80-89","70-79","70-79","60-69"],"SERIES_NAME":["FEMALE","MALE","MALE","MALE","MALE","FEMALE","MALE","FEMALE"],"X_CALENDAR_YEAR":[2012,2013,2013,2014,2014,2014,2014,2014],"Y_PREVALENCE_1000PP":[0.9601,0.6684,0.90402,0.33921,1.27146,0.5151,0.54735,0.40805]},"PREVALENCE_BY_MONTH":{"X_CALENDAR_MONTH":["201502","201211","201504","201501","201411","201412","201401","201410","201407","201305","201408"],"Y_PREVALENCE_1000PP":[0.05768,0.02083,0.09825,0.03916,0.08485,0.05393,0.03654,0.04748,0.04689,0.02909,0.03409]},"LENGTH_OF_ERA":{"CATEGORY":"Length of era","MIN_VALUE":1,"P10_VALUE":1,"P25_VALUE":1,"MEDIAN_VALUE":1,"P75_VALUE":1,"P90_VALUE":15,"MAX_VALUE":45},"AGE_AT_FIRST_DIAGNOSIS":{"CATEGORY":["FEMALE","MALE"],"MIN_VALUE":[16,27],"P10_VALUE":[46,49],"P25_VALUE":[57,57],"MEDIAN_VALUE":[72,72],"P75_VALUE":[82,78],"P90_VALUE":[89,85],"MAX_VALUE":[101,95]}}
