{"PREVALENCE_BY_GENDER_AGE_YEAR":{"TRELLIS_NAME":["20-29","60-69","0-9","0-9","0-9","10-19","10-19","0-9","0-9","20-29","50-59","50-59","0-9","0-9","30-39","50-59","50-59","0-9","0-9","50-59","20-29","50-59","0-9","40-49","50-59","20-29","20-29","60-69","0-9","10-19","50-59","40-49","0-9","10-19","50-59","70-79","40-49","0-9","10-19","30-39","20-29","30-39","60-69","10-19","40-49","0-9","0-9"],"SERIES_NAME":["MALE","MALE","MALE","FEMALE","MALE","MALE","MALE","FEMALE","MALE","FEMALE","FEMALE","MALE","FEMALE","MALE","FEMALE","FEMALE","MALE","MALE","FEMALE","FEMALE","MALE","MALE","FEMALE","FEMALE","FEMALE","MALE","FEMALE","MALE","FEMALE","MALE","FEMALE","FEMALE","MALE","MALE","MALE","MALE","MALE","FEMALE","FEMALE","MALE","FEMALE","MALE","MALE","FEMALE","FEMALE","MALE","MALE"],"X_CALENDAR_YEAR":[2004,2005,2006,2007,2007,2007,2008,2008,2008,2009,2009,2009,2009,2009,2010,2010,2010,2010,2010,2011,2011,2011,2011,2012,2012,2012,2012,2012,2012,2012,2013,2013,2013,2013,2013,2013,2013,2013,2013,2013,2013,2014,2014,2014,2014,2014,2015],"Y_PREVALENCE_1000PP":[0.55981,0.45921,0.26599,0.64576,0.64073,0.28259,0.2735,0.50178,0.34446,0.27142,0.23928,0.34539,0.41879,0.4763,0.15752,0.20535,0.29129,0.44461,0.23298,0.27926,0.30193,0.3932,0.23602,0.21498,0.29175,0.30888,0.24972,0.424,0.28098,0.47214,0.573,0.23313,0.33651,0.30448,0.32007,0.59413,0.58181,0.50537,0.32623,0.45457,0.20614,0.72443,0.33921,0.32373,0.30976,0.33055,0.43818]},"PREVALENCE_BY_MONTH":{"X_CALENDAR_MONTH":["200903","201503","201505","201406","201105","201311","201502","201205","201112","200804","200807","201012","201408","201101","201104","201201","200907","201310","200706","200712","200901","201202","200904","201206","201106","201412","201504","200507","201407","200403","201004","201501","201409","200808","200801","200704","201007","201302","201305","201405","200809","201108","201308","200708","201312","201401","200806","201410","200705","201006","200702","200910","200902","201208","201211","201304","201306","201002","200905","201005","201301","201210","200703","201307","201207","200911","201303"],"Y_PREVALENCE_1000PP":[0.02185,0.0482,0.11169,0.05898,0.01905,0.03931,0.06489,0.03337,0.02943,0.02266,0.03204,0.02196,0.03409,0.01887,0.019,0.01968,0.02492,0.04245,0.02038,0.0231,0.0377,0.02634,0.03121,0.03366,0.0319,0.04794,0.1572,0.02546,0.0422,0.05919,0.03716,0.05874,0.03029,0.02241,0.02619,0.02752,0.01864,0.03195,0.04,0.04841,0.01911,0.01932,0.04148,0.02354,0.04393,0.03654,0.01931,0.03693,0.02728,0.0217,0.02095,0.02173,0.01882,0.02045,0.04167,0.02522,0.04053,0.02486,0.02178,0.02481,0.02458,0.02414,0.03109,0.0521,0.02035,0.02174,0.06078]},"LENGTH_OF_ERA":{"CATEGORY":"Length of era","MIN_VALUE":1,"P10_VALUE":1,"P25_VALUE":1,"MEDIAN_VALUE":1,"P75_VALUE":1,"P90_VALUE":1,"MAX_VALUE":39},"AGE_AT_FIRST_DIAGNOSIS":{"CATEGORY":["FEMALE","MALE"],"MIN_VALUE":[0,0],"P10_VALUE":[4,2],"P25_VALUE":[12,8],"MEDIAN_VALUE":[31,29],"P75_VALUE":[53,56],"P90_VALUE":[68,70],"MAX_VALUE":[96,89]}}
