{"PREVALENCE_BY_GENDER_AGE_YEAR":{"TRELLIS_NAME":["20-29","30-39","40-49","30-39","20-29","40-49","10-19","30-39","10-19","40-49","20-29","30-39","20-29","10-19","40-49","30-39","20-29","10-19","40-49","20-29","30-39","10-19","40-49","20-29","30-39","10-19","40-49","30-39","20-29","10-19","40-49","40-49","30-39","20-29","40-49","20-29","30-39","20-29","30-39","40-49","30-39","40-49","20-29"],"SERIES_NAME":["FEMALE","FEMALE","FEMALE","FEMALE","FEMALE","FEMALE","FEMALE","FEMALE","FEMALE","FEMALE","FEMALE","FEMALE","FEMALE","FEMALE","FEMALE","FEMALE","FEMALE","FEMALE","FEMALE","FEMALE","FEMALE","FEMALE","FEMALE","FEMALE","FEMALE","FEMALE","FEMALE","FEMALE","FEMALE","FEMALE","FEMALE","FEMALE","FEMALE","FEMALE","FEMALE","FEMALE","FEMALE","FEMALE","FEMALE","FEMALE","FEMALE","FEMALE","FEMALE"],"X_CALENDAR_YEAR":[2004,2004,2004,2005,2005,2005,2005,2006,2006,2006,2006,2007,2007,2007,2007,2008,2008,2008,2008,2009,2009,2009,2009,2010,2010,2010,2010,2011,2011,2011,2011,2012,2012,2012,2013,2013,2013,2014,2014,2014,2015,2015,2015],"Y_PREVALENCE_1000PP":[3.24099,5.58482,1.06231,4.4394,2.36533,1.15036,0.45507,4.07442,0.36147,1.12848,2.56469,3.56735,2.22808,0.50955,0.80203,3.67667,2.00391,0.24785,0.87447,1.85062,3.62565,0.40818,0.77158,1.85042,3.85928,0.37503,1.09922,3.163,2.03986,0.4288,0.97841,1.11071,3.87745,1.55383,0.77709,2.09082,4.31222,2.88175,5.29138,1.2833,3.37172,1.06122,1.95497]},"PREVALENCE_BY_MONTH":{"X_CALENDAR_MONTH":["201310","200706","200503","201406","201412","200404","200805","201008","201309","200808","200709","200802","201403","200407","201011","201101","201409","201312","200711","200410","200902","200705","201502","200502","201111","201104","200912","200708","200507","201103","200905","200510","201106","200801","201207","201303","201107","200908","200603","200409","201408","201110","200406","201402","200506","201405","201001","200412","200606","201007","201210","200712","201010","200909","200702","200811","200703","200911","200812","200602","200401","201203","201301","201304","200804","201206","201005","201002","201307","200607","201306","201209","200901","200904","201211","201003","200611","201401","200605","201004","200402","201505","201212","200509","200612","200608","200403","201006","200609","200707","200405","201204","200809","200907","200408","200704","200910","201009","200903","201308","201305","200710","201112","201302","200512","201012","201311","201504","201501","200701","201102","201404","200505","200508","200511","201407","200610","200504","200601","201503","200810","200501","200411","201201","201410","201109","200906","200604","201105","201202","201411","201205","200803","200807","201108","201208","200806"],"Y_PREVALENCE_1000PP":[0.11578,0.07471,0.09211,0.11342,0.1498,0.27969,0.07746,0.04977,0.06494,0.05763,0.06696,0.05549,0.09224,0.12821,0.07502,0.05661,0.14134,0.08387,0.06941,0.16286,0.03764,0.0716,0.12256,0.09501,0.04558,0.06333,0.05589,0.08744,0.0976,0.05035,0.06224,0.10101,0.07018,0.0622,0.05426,0.07865,0.05776,0.07481,0.07209,0.09151,0.08767,0.08434,0.15058,0.09116,0.11626,0.12764,0.09626,0.0954,0.06642,0.06523,0.06208,0.09568,0.06236,0.03734,0.07683,0.09181,0.06218,0.08074,0.07879,0.08097,0.31764,0.06595,0.05969,0.04684,0.0615,0.07406,0.07132,0.05282,0.07443,0.05871,0.06633,0.06183,0.0534,0.08425,0.0625,0.07425,0.07106,0.06902,0.10042,0.08362,0.22208,0.39092,0.07688,0.11485,0.07079,0.09455,0.22689,0.05271,0.0867,0.05748,0.12824,0.06312,0.07009,0.09967,0.11484,0.04128,0.04347,0.07481,0.07179,0.08674,0.05819,0.04972,0.05887,0.05326,0.09081,0.06901,0.08256,0.1572,0.1501,0.07362,0.07251,0.10723,0.08791,0.05829,0.07975,0.08908,0.09653,0.08998,0.10889,0.13658,0.04118,0.07301,0.10923,0.03608,0.11607,0.07769,0.07777,0.07535,0.06032,0.07573,0.13576,0.06339,0.08769,0.03845,0.0483,0.06134,0.08048]},"LENGTH_OF_ERA":{"CATEGORY":"Length of era","MIN_VALUE":1,"P10_VALUE":1,"P25_VALUE":1,"MEDIAN_VALUE":1,"P75_VALUE":1,"P90_VALUE":1,"MAX_VALUE":13},"AGE_AT_FIRST_DIAGNOSIS":{"CATEGORY":"FEMALE","MIN_VALUE":14,"P10_VALUE":22,"P25_VALUE":27,"MEDIAN_VALUE":32,"P75_VALUE":37,"P90_VALUE":40,"MAX_VALUE":57}}
