{"PREVALENCE_BY_GENDER_AGE_YEAR":{"TRELLIS_NAME":["70-79","0-9","10-19","10-19","70-79","50-59","50-59","40-49","40-49","30-39","30-39","20-29","60-69","90-99","20-29","80-89","60-69","0-9","50-59","30-39","10-19","0-9","0-9","70-79","40-49","40-49","50-59","10-19","60-69","20-29","80-89","60-69","30-39","20-29","60-69","80-89","0-9","10-19","20-29","60-69","20-29","30-39","30-39","70-79","0-9","50-59","40-49","10-19","70-79","40-49","50-59"],"SERIES_NAME":["MALE","FEMALE","MALE","FEMALE","FEMALE","FEMALE","MALE","MALE","FEMALE","MALE","FEMALE","MALE","MALE","FEMALE","FEMALE","FEMALE","FEMALE","MALE","FEMALE","MALE","MALE","MALE","FEMALE","FEMALE","FEMALE","MALE","MALE","FEMALE","MALE","FEMALE","FEMALE","FEMALE","FEMALE","MALE","FEMALE","FEMALE","MALE","MALE","MALE","MALE","FEMALE","MALE","FEMALE","MALE","FEMALE","MALE","MALE","FEMALE","FEMALE","FEMALE","FEMALE"],"X_CALENDAR_YEAR":[2004,2004,2004,2004,2004,2004,2004,2004,2004,2004,2004,2004,2004,2004,2004,2004,2004,2004,2005,2005,2005,2005,2005,2005,2005,2005,2005,2005,2005,2005,2005,2005,2005,2005,2006,2006,2006,2006,2006,2006,2006,2006,2006,2006,2006,2006,2006,2006,2006,2006,2006],"Y_PREVALENCE_1000PP":[0.91575,1.93349,0.56132,0.72891,1.092,0.75946,1.2473,0.59307,1.24706,1.20482,0.95061,2.05262,1.60954,4.35098,1.08033,1.00925,1.04304,3.02565,0.81493,1.05772,0.34276,2.11058,1.44812,1.28788,0.81639,0.73613,1.23433,0.80902,0.76535,0.37845,1.39198,0.78418,0.45366,1.07612,0.70437,0.88529,1.63392,0.60954,0.68048,0.93464,0.60515,1.29225,0.35951,1.13014,1.63751,0.69124,0.7109,0.2711,0.82787,0.64973,0.3707]},"PREVALENCE_BY_MONTH":{"X_CALENDAR_MONTH":["200407","200406","200404","200510","200401","200409","200507","200411","200403","200606","200504","200609","200412","200603","200410","200509","200503","200502","200505","200506","200402","200408","200501","200512","200405","200511","200508","200601","200607","200604","200602","200605","200608"],"Y_PREVALENCE_1000PP":[0.1218,0.19165,0.27969,0.10101,0.77424,0.13155,0.08911,0.15084,0.36499,0.07011,0.10798,0.1156,0.17072,0.17453,0.20628,0.07793,0.12896,0.09501,0.21538,0.11626,0.40496,0.14506,0.09735,0.11055,0.23384,0.13159,0.0916,0.11666,0.04403,0.15823,0.11953,0.20083,0.08]},"LENGTH_OF_ERA":{"CATEGORY":"Length of era","MIN_VALUE":1,"P10_VALUE":1,"P25_VALUE":1,"MEDIAN_VALUE":1,"P75_VALUE":1,"P90_VALUE":1,"MAX_VALUE":87},"AGE_AT_FIRST_DIAGNOSIS":{"CATEGORY":["MALE","FEMALE"],"MIN_VALUE":[0,0],"P10_VALUE":[1,1],"P25_VALUE":[3,13],"MEDIAN_VALUE":[25,38],"P75_VALUE":[53,59],"P90_VALUE":[68,75],"MAX_VALUE":[103,99]}}
