{"PREVALENCE_BY_GENDER_AGE_YEAR":{"TRELLIS_NAME":["60-69","60-69","20-29","20-29","30-39","50-59","40-49","40-49","50-59","30-39","60-69","20-29","60-69","30-39","20-29","40-49","40-49","50-59","30-39","50-59","40-49","50-59","50-59","40-49","30-39","30-39","20-29","60-69","20-29","30-39","20-29","20-29","30-39","40-49","50-59","40-49","50-59","60-69","60-69","20-29","20-29","30-39","40-49","50-59","50-59","40-49","60-69","20-29","30-39","30-39","50-59","40-49","50-59","40-49","60-69","20-29","30-39","50-59","40-49","40-49","50-59","30-39","20-29","50-59","30-39","60-69","40-49","50-59","40-49","50-59","40-49","50-59","30-39","60-69","40-49","20-29","20-29","60-69","10-19","40-49","50-59","50-59","40-49","60-69","60-69","20-29","30-39","30-39","60-69","20-29","20-29","30-39","30-39","40-49","50-59","40-49","50-59","30-39","40-49","50-59","50-59","20-29","60-69"],"SERIES_NAME":["FEMALE","MALE","FEMALE","MALE","FEMALE","FEMALE","MALE","FEMALE","MALE","MALE","MALE","FEMALE","FEMALE","FEMALE","MALE","FEMALE","MALE","MALE","MALE","FEMALE","FEMALE","FEMALE","MALE","MALE","MALE","FEMALE","MALE","MALE","FEMALE","MALE","MALE","FEMALE","FEMALE","MALE","MALE","FEMALE","FEMALE","MALE","MALE","FEMALE","MALE","MALE","MALE","MALE","FEMALE","FEMALE","MALE","MALE","MALE","FEMALE","FEMALE","FEMALE","MALE","MALE","MALE","MALE","FEMALE","MALE","MALE","FEMALE","FEMALE","MALE","MALE","FEMALE","MALE","MALE","MALE","MALE","FEMALE","MALE","FEMALE","FEMALE","MALE","FEMALE","MALE","MALE","FEMALE","MALE","MALE","MALE","MALE","FEMALE","FEMALE","FEMALE","MALE","MALE","FEMALE","MALE","MALE","FEMALE","MALE","MALE","FEMALE","MALE","MALE","FEMALE","FEMALE","MALE","MALE","MALE","FEMALE","MALE","MALE"],"X_CALENDAR_YEAR":[2004,2004,2004,2004,2004,2004,2004,2004,2004,2004,2005,2005,2005,2005,2005,2005,2005,2005,2005,2005,2006,2006,2006,2006,2006,2006,2006,2006,2006,2007,2007,2007,2007,2007,2007,2007,2007,2007,2008,2008,2008,2008,2008,2008,2008,2008,2009,2009,2009,2009,2009,2009,2009,2009,2010,2010,2010,2010,2010,2010,2010,2010,2011,2011,2011,2011,2011,2011,2011,2012,2012,2012,2012,2012,2012,2012,2012,2012,2013,2013,2013,2013,2013,2013,2013,2013,2013,2013,2014,2014,2014,2014,2014,2014,2014,2014,2014,2015,2015,2015,2015,2015,2015],"Y_PREVALENCE_1000PP":[0.41722,0.94679,0.38583,3.63874,0.79217,1.11387,5.2529,2.1708,3.65874,3.98517,0.68881,0.28384,0.33608,0.35645,2.00875,1.15036,2.60992,1.62411,2.4932,0.69269,0.47875,0.55605,1.32488,2.36967,2.24444,0.26963,1.97959,0.40056,0.23053,2.76295,1.51083,0.32606,0.39954,2.02996,1.8144,0.26734,0.39514,0.48969,0.57156,0.20553,0.96087,1.52244,1.40746,1.1101,0.31364,0.32388,0.3283,0.66343,1.42239,0.23475,0.27346,0.28934,0.74012,1.1788,0.36798,0.65271,0.15752,1.16516,1.19151,0.48495,0.30802,1.11778,0.80515,0.73306,0.91014,0.67069,1.63842,1.76939,0.37112,1.83514,0.42995,0.61996,1.56065,0.37903,1.61832,0.82368,0.24972,0.795,0.30448,1.93936,2.13379,0.9168,0.81595,0.34495,0.80481,1.36411,0.37228,1.55854,0.90457,0.43061,1.36553,1.23153,0.31538,2.81669,2.57039,0.48677,1.17145,1.76134,1.73787,1.83308,0.66201,1.40557,0.85616]},"PREVALENCE_BY_MONTH":{"X_CALENDAR_MONTH":["200510","200905","201410","201310","200902","200906","201112","201411","200903","200412","200508","201503","201005","200610","201104","201307","201304","201111","201204","200511","201301","200401","200809","201408","201202","200411","201101","201405","200804","200807","200709","201001","201211","200609","200604","200607","200507","201406","200806","200810","201205","201208","201108","200706","201002","200504","200606","200404","200601","201011","201210","201012","201008","200407","201403","201201","200802","201407","201009","200408","200803","201404","200908","200505","200502","201501","201109","201504","200501","201106","201311","200410","200907","200710","200503","200712","201105","201102","200512","200901","201401","201409","200602","200805","201006","200605","201302","200812","200603","200811","200808","201110","200406","201107","201505","200405","200509","201207","200910","200506","201305","201206","200904","201502","201010","201203","201412","200701","200704","200611","201007","201004","200711","200705","200702","200708","200612","200409","200703","200707","200403","200801","200911","201103","201308","201402","201212","201003","201309","201209","201312","200402","201303","201306","200608"],"Y_PREVALENCE_1000PP":[0.06061,0.03423,0.14245,0.08491,0.02823,0.03422,0.03925,0.12445,0.04994,0.14561,0.07078,0.17675,0.03721,0.03575,0.05383,0.07071,0.08287,0.0586,0.03986,0.05184,0.09129,1.17129,0.06053,0.0828,0.03951,0.19765,0.04403,0.07922,0.03884,0.05126,0.07366,0.02484,0.0625,0.05419,0.06028,0.06238,0.04243,0.05444,0.04507,0.02534,0.06006,0.0852,0.02254,0.10528,0.0435,0.12148,0.0738,0.23731,0.09722,0.05939,0.06898,0.04392,0.03422,0.21795,0.13417,0.06887,0.02285,0.08439,0.03429,0.21759,0.02273,0.06863,0.03117,0.13186,0.15201,0.07831,0.06151,0.2358,0.1509,0.0638,0.11794,0.14657,0.03115,0.07955,0.15659,0.07259,0.05397,0.03153,0.06317,0.03456,0.0812,0.09086,0.08097,0.0355,0.02791,0.04463,0.08166,0.03152,0.07588,0.03166,0.04802,0.03568,0.23957,0.0385,0.22338,0.20367,0.06973,0.0407,0.03105,0.09473,0.06546,0.03703,0.03433,0.12256,0.03118,0.07254,0.13782,0.04557,0.05848,0.03553,0.03728,0.02168,0.07271,0.04432,0.03841,0.05381,0.06017,0.16015,0.05527,0.04395,0.40445,0.05238,0.03416,0.06294,0.08297,0.09116,0.07688,0.02784,0.10697,0.05152,0.0639,0.47028,0.06078,0.09212,0.05455]},"LENGTH_OF_ERA":{"CATEGORY":"Length of era","MIN_VALUE":1,"P10_VALUE":1,"P25_VALUE":1,"MEDIAN_VALUE":1,"P75_VALUE":1,"P90_VALUE":2,"MAX_VALUE":491},"AGE_AT_FIRST_DIAGNOSIS":{"CATEGORY":["MALE","FEMALE"],"MIN_VALUE":[0,0],"P10_VALUE":[24,26],"P25_VALUE":[32,35],"MEDIAN_VALUE":[44,46],"P75_VALUE":[52,53],"P90_VALUE":[60,60],"MAX_VALUE":[89,98]}}
