{"PREVALENCE_BY_GENDER_AGE_YEAR":{"TRELLIS_NAME":["0-9","0-9","0-9","0-9","0-9","0-9","0-9","0-9","0-9","0-9","0-9","0-9","0-9","0-9","0-9","0-9","0-9","0-9","0-9","0-9","0-9","0-9","0-9","0-9"],"SERIES_NAME":["FEMALE","MALE","FEMALE","MALE","FEMALE","MALE","MALE","FEMALE","FEMALE","MALE","FEMALE","MALE","MALE","FEMALE","MALE","FEMALE","MALE","FEMALE","FEMALE","MALE","FEMALE","MALE","FEMALE","MALE"],"X_CALENDAR_YEAR":[2004,2004,2005,2005,2006,2006,2007,2007,2008,2008,2009,2009,2010,2010,2011,2011,2012,2012,2013,2013,2014,2014,2015,2015],"Y_PREVALENCE_1000PP":[0.55243,0.67237,0.51385,0.49661,0.99112,0.83596,1.28146,0.68612,1.15794,1.2745,1.56095,1.19076,1.19703,1.08725,1.11502,1.02274,1.67439,1.20419,0.96862,1.34605,0.92911,1.65276,0.7472,0.87636]},"PREVALENCE_BY_MONTH":{"X_CALENDAR_MONTH":["201410","200803","201108","200806","201012","201407","201311","201204","201503","201009","201401","200809","201203","201208","200912","200901","201310","201406","200604","200712","201205","200908","200905","201202","201504","201103","201106","201207","200903","200906","201112","200910","200801","200804","201408","201308","201212","200907","201001","200702","200612","200609","201402","201007","201306"],"Y_PREVALENCE_1000PP":[0.03693,0.02923,0.02898,0.02575,0.0251,0.03282,0.02359,0.02658,0.0482,0.0187,0.02436,0.02867,0.03297,0.03408,0.01863,0.03456,0.02316,0.02722,0.0226,0.0231,0.02002,0.02182,0.02489,0.02305,0.05895,0.01888,0.01914,0.03052,0.02497,0.028,0.01962,0.01863,0.02292,0.02266,0.04383,0.03771,0.03145,0.01869,0.01863,0.03492,0.03186,0.02167,0.02486,0.02796,0.02579]},"LENGTH_OF_ERA":{"CATEGORY":"Length of era","MIN_VALUE":1,"P10_VALUE":1,"P25_VALUE":1,"MEDIAN_VALUE":1,"P75_VALUE":1,"P90_VALUE":1,"MAX_VALUE":28},"AGE_AT_FIRST_DIAGNOSIS":{"CATEGORY":["MALE","FEMALE"],"MIN_VALUE":[0,0],"P10_VALUE":[0,0],"P25_VALUE":[0,0],"MEDIAN_VALUE":[0,0],"P75_VALUE":[0,0],"P90_VALUE":[0,1],"MAX_VALUE":[1,24]}}
