{"PREVALENCE_BY_GENDER_AGE_YEAR":{"TRELLIS_NAME":["50-59","70-79","50-59","70-79","70-79","60-69","0-9","70-79","30-39","30-39","20-29","60-69","70-79","40-49","40-49","50-59","50-59","60-69","70-79","20-29","60-69","80-89","20-29","60-69","50-59","50-59","40-49","70-79","10-19","70-79","50-59","50-59","10-19","70-79","40-49","0-9","10-19","0-9","80-89","60-69","60-69","30-39","30-39","50-59","40-49","70-79","50-59","70-79","40-49","60-69","0-9","20-29","80-89","20-29","60-69","0-9","70-79","50-59","40-49","50-59","40-49","70-79","30-39","20-29","80-89","20-29","60-69","60-69","80-89","30-39","30-39","20-29","60-69","80-89","20-29","0-9","60-69","80-89","70-79","40-49","70-79","50-59","50-59","40-49","50-59","70-79","40-49","60-69","70-79","60-69"],"SERIES_NAME":["FEMALE","MALE","MALE","FEMALE","MALE","MALE","FEMALE","MALE","MALE","FEMALE","FEMALE","MALE","FEMALE","FEMALE","MALE","MALE","FEMALE","FEMALE","MALE","MALE","FEMALE","FEMALE","FEMALE","MALE","FEMALE","MALE","FEMALE","FEMALE","MALE","MALE","FEMALE","MALE","FEMALE","FEMALE","FEMALE","MALE","MALE","FEMALE","FEMALE","MALE","FEMALE","MALE","FEMALE","MALE","FEMALE","FEMALE","FEMALE","MALE","MALE","FEMALE","MALE","MALE","FEMALE","FEMALE","MALE","MALE","MALE","MALE","MALE","FEMALE","FEMALE","FEMALE","FEMALE","MALE","MALE","FEMALE","MALE","FEMALE","FEMALE","MALE","FEMALE","MALE","MALE","MALE","FEMALE","MALE","FEMALE","FEMALE","FEMALE","MALE","MALE","MALE","FEMALE","FEMALE","FEMALE","FEMALE","FEMALE","FEMALE","MALE","MALE"],"X_CALENDAR_YEAR":[2006,2006,2006,2006,2007,2008,2008,2008,2009,2009,2009,2009,2009,2009,2009,2009,2009,2009,2009,2010,2010,2010,2010,2010,2010,2010,2010,2010,2010,2010,2011,2011,2011,2011,2011,2011,2011,2011,2011,2011,2011,2012,2012,2012,2012,2012,2012,2012,2012,2012,2012,2012,2012,2012,2012,2013,2013,2013,2013,2013,2013,2013,2013,2013,2013,2013,2013,2013,2013,2014,2014,2014,2014,2014,2014,2014,2014,2014,2014,2014,2014,2014,2014,2014,2015,2015,2015,2015,2015,2015],"Y_PREVALENCE_1000PP":[0.22242,0.69547,0.40323,0.41394,0.5711,0.40009,0.27019,0.47278,0.41486,0.26084,0.17272,0.76603,0.69471,0.77158,0.75015,0.78946,0.78619,0.301,0.85998,0.40167,0.54498,1.16822,0.20005,0.89366,0.44492,0.48548,0.3233,0.94032,0.3175,0.60592,0.38398,0.34405,0.25728,0.99028,0.20243,0.34844,0.37058,0.27535,0.62604,0.87706,0.33194,0.74911,0.29375,0.50976,0.71659,0.97949,0.76584,0.89962,0.89906,0.8844,0.32063,0.41184,0.74675,0.16648,0.954,0.3739,1.18827,1.22693,1.68078,1.0314,0.54396,1.51939,0.4033,0.60021,1.5067,0.29448,1.34135,1.59538,1.10902,0.65198,0.35042,0.49656,1.30032,0.95359,0.39748,0.28923,1.36017,1.16618,0.57949,1.03773,1.48565,1.10994,0.96226,0.57527,0.5149,0.62221,0.4898,0.5229,0.77821,0.95129]},"PREVALENCE_BY_MONTH":{"X_CALENDAR_MONTH":["201006","201107","201003","201401","201502","201302","201308","200608","201505","201110","200907","201010","201212","201209","201408","201108","200602","201202","201409","200710","201412","201203","200811","201504","201106","201405","201102","201311","201411","201105","201109","201312","201501","200711","201103","201206","200712","201410","201404","201407","201009","200806","200803","201012","201403","201002","201406","201211","200601","200906","201011","201301","200508","201008","201208","201005","201304","201205","201112","200909","201307","200912","201310","200706","201004","201111","200703","201210","200612","201007","201101","201104","200910","201402","201303","201201","200905","201204","201309","200908","200603","201503","201305","200701","200911","201306","201207"],"Y_PREVALENCE_1000PP":[0.06201,0.05455,0.02784,0.07308,0.10093,0.10651,0.09428,0.02182,0.20942,0.03893,0.07787,0.03118,0.04892,0.07213,0.14124,0.02898,0.02699,0.04939,0.13125,0.01989,0.11385,0.07254,0.03482,0.12773,0.04466,0.09683,0.03783,0.05897,0.13576,0.02857,0.04208,0.08387,0.10442,0.01983,0.03147,0.05386,0.0231,0.14245,0.0386,0.0422,0.04364,0.02253,0.02273,0.01882,0.10482,0.01864,0.11342,0.06945,0.035,0.07155,0.03438,0.07374,0.02498,0.05288,0.06816,0.06202,0.09368,0.09009,0.0327,0.07467,0.09676,0.04347,0.07333,0.02038,0.07743,0.04232,0.02763,0.05518,0.02478,0.0466,0.05976,0.03483,0.09936,0.04972,0.06793,0.03608,0.02178,0.11627,0.11843,0.06546,0.02276,0.15265,0.13456,0.02454,0.04658,0.11792,0.05765]},"LENGTH_OF_ERA":{"CATEGORY":"Length of era","MIN_VALUE":1,"P10_VALUE":1,"P25_VALUE":1,"MEDIAN_VALUE":1,"P75_VALUE":1,"P90_VALUE":1,"MAX_VALUE":141},"AGE_AT_FIRST_DIAGNOSIS":{"CATEGORY":["FEMALE","MALE"],"MIN_VALUE":[0,0],"P10_VALUE":[20,12],"P25_VALUE":[38,33],"MEDIAN_VALUE":[54,54],"P75_VALUE":[69,67],"P90_VALUE":[78,76],"MAX_VALUE":[94,93]}}
