{"PREVALENCE_BY_GENDER_AGE_YEAR":{"TRELLIS_NAME":["40-49","30-39","50-59","40-49","30-39","50-59","40-49"],"SERIES_NAME":["MALE","MALE","MALE","MALE","MALE","MALE","MALE"],"X_CALENDAR_YEAR":[2004,2004,2005,2005,2005,2006,2006],"Y_PREVALENCE_1000PP":[1.10141,0.64875,0.45475,1.53918,0.52886,0.40323,0.41469]},"PREVALENCE_BY_MONTH":{"X_CALENDAR_MONTH":["200403","200602","200512","200506"],"Y_PREVALENCE_1000PP":[0.05919,0.02313,0.02764,0.02583]},"LENGTH_OF_ERA":{"CATEGORY":"Length of era","MIN_VALUE":1,"P10_VALUE":1,"P25_VALUE":1,"MEDIAN_VALUE":1,"P75_VALUE":1,"P90_VALUE":1,"MAX_VALUE":1},"AGE_AT_FIRST_DIAGNOSIS":{"CATEGORY":["MALE","FEMALE"],"MIN_VALUE":[0,2],"P10_VALUE":[29,3],"P25_VALUE":[38,24],"MEDIAN_VALUE":[45,46],"P75_VALUE":[50,51],"P90_VALUE":[57,55],"MAX_VALUE":[79,55]}}
