{"PREVALENCE_BY_GENDER_AGE_YEAR":{"TRELLIS_NAME":["50-59","40-49","60-69","60-69","40-49","50-59","60-69","50-59","50-59","60-69","50-59","60-69","50-59","50-59"],"SERIES_NAME":["MALE","MALE","FEMALE","MALE","MALE","MALE","MALE","MALE","MALE","MALE","MALE","MALE","MALE","MALE"],"X_CALENDAR_YEAR":[2008,2008,2008,2009,2009,2009,2010,2010,2011,2011,2012,2012,2013,2014],"Y_PREVALENCE_1000PP":[0.35321,0.6496,0.36033,0.38302,0.42866,0.54275,0.36798,0.29129,0.6881,0.41273,0.45879,0.53,0.32007,0.35051]},"PREVALENCE_BY_MONTH":{"X_CALENDAR_MONTH":["201002","201208","201205","200805","201302","201003","200902","201209","200905","201206","201203","201110","201112","201107","200911","201204","201402","201211","201011","200909","201404","201407","201311","201108","201103","201410"],"Y_PREVALENCE_1000PP":[0.02486,0.02386,0.02002,0.02259,0.0213,0.02475,0.01882,0.02404,0.02178,0.02693,0.02638,0.01946,0.02289,0.02567,0.02174,0.01993,0.04972,0.02083,0.02188,0.01867,0.02573,0.03751,0.02359,0.02254,0.02832,0.03693]},"LENGTH_OF_ERA":{"CATEGORY":"Length of era","MIN_VALUE":1,"P10_VALUE":1,"P25_VALUE":1,"MEDIAN_VALUE":1,"P75_VALUE":1,"P90_VALUE":1,"MAX_VALUE":36},"AGE_AT_FIRST_DIAGNOSIS":{"CATEGORY":["MALE","FEMALE"],"MIN_VALUE":[17,18],"P10_VALUE":[25,28],"P25_VALUE":[37,41],"MEDIAN_VALUE":[48,54],"P75_VALUE":[59,65],"P90_VALUE":[64,75],"MAX_VALUE":[81,89]}}
