{"PREVALENCE_BY_GENDER_AGE_YEAR":{"TRELLIS_NAME":["0-9","0-9","0-9","0-9","0-9","0-9","0-9","0-9","10-19","0-9","0-9","0-9","0-9","0-9","0-9","0-9","0-9","0-9","10-19","0-9","0-9","0-9","0-9","0-9","0-9","0-9"],"SERIES_NAME":["MALE","FEMALE","FEMALE","MALE","FEMALE","MALE","MALE","FEMALE","MALE","FEMALE","MALE","MALE","FEMALE","MALE","FEMALE","MALE","FEMALE","MALE","MALE","FEMALE","FEMALE","MALE","FEMALE","MALE","FEMALE","MALE"],"X_CALENDAR_YEAR":[2004,2004,2005,2005,2006,2006,2007,2007,2008,2008,2008,2009,2009,2010,2010,2011,2011,2012,2012,2012,2013,2013,2014,2014,2015,2015],"Y_PREVALENCE_1000PP":[0.48026,0.3867,0.28028,0.66214,0.25855,0.83596,0.49834,0.52468,0.31908,0.27019,0.75781,0.68043,0.45686,0.71822,0.58246,0.83627,0.70805,0.81938,0.28329,0.68237,0.80017,0.63563,0.8362,1.07429,0.83022,1.31454]},"PREVALENCE_BY_MONTH":{"X_CALENDAR_MONTH":["200606","200805","201204","200812","201503","201209","201210","200603","200902","201502","201108","201412","201403","201410","200910","201203","201101","200802","201201","201012","201404","201107","201407","200901","201505","200604","201004","201309","201109","201504","201112","201103","200808","201010","201007","201106","200906","201312","201211","201408","201411","201111","201006","200905","200412","200402","201301","200912","201308","201009","201307","201304"],"Y_PREVALENCE_1000PP":[0.02214,0.01937,0.01993,0.02206,0.05624,0.02404,0.03449,0.02276,0.02823,0.06489,0.02898,0.04794,0.03774,0.03166,0.03105,0.03627,0.02202,0.01959,0.02624,0.0251,0.0386,0.02888,0.02813,0.01885,0.12565,0.02637,0.01858,0.02674,0.02914,0.06878,0.03925,0.02203,0.02561,0.02495,0.01864,0.01914,0.02178,0.02796,0.02431,0.03896,0.03394,0.02279,0.0248,0.01867,0.03013,0.07838,0.02809,0.02173,0.03017,0.02182,0.02977,0.02162]},"LENGTH_OF_ERA":{"CATEGORY":"Length of era","MIN_VALUE":1,"P10_VALUE":1,"P25_VALUE":1,"MEDIAN_VALUE":1,"P75_VALUE":1,"P90_VALUE":1,"MAX_VALUE":39},"AGE_AT_FIRST_DIAGNOSIS":{"CATEGORY":["FEMALE","MALE"],"MIN_VALUE":[0,0],"P10_VALUE":[0,0],"P25_VALUE":[0,0],"MEDIAN_VALUE":[3,1],"P75_VALUE":[33,18],"P90_VALUE":[54,47],"MAX_VALUE":[89,87]}}
