{"PREVALENCE_BY_GENDER_AGE_YEAR":{"TRELLIS_NAME":["30-39","60-69","80-89","20-29","50-59","70-79","40-49","60-69","50-59","40-49","40-49","50-59","60-69"],"SERIES_NAME":["FEMALE","FEMALE","FEMALE","FEMALE","FEMALE","FEMALE","FEMALE","FEMALE","FEMALE","FEMALE","FEMALE","FEMALE","FEMALE"],"X_CALENDAR_YEAR":[2004,2004,2004,2004,2004,2004,2004,2005,2005,2005,2006,2006,2006],"Y_PREVALENCE_1000PP":[0.67335,2.92052,1.51388,0.27008,3.54412,2.639,3.04836,0.4481,0.5297,0.40819,0.41035,0.63019,0.30187]},"PREVALENCE_BY_MONTH":{"X_CALENDAR_MONTH":["200404","200511","200407","200401","200606","200604","200607","200411","200409","200408","200508","200412","200402","200410","200405","200406","200403","200510","200503"],"Y_PREVALENCE_1000PP":[0.24579,0.02791,0.14103,0.4169,0.02952,0.02637,0.02202,0.03121,0.11439,0.18132,0.02498,0.04017,0.32658,0.114,0.12069,0.17112,0.40445,0.02828,0.02763]},"LENGTH_OF_ERA":{"CATEGORY":"Length of era","MIN_VALUE":1,"P10_VALUE":1,"P25_VALUE":1,"MEDIAN_VALUE":1,"P75_VALUE":1,"P90_VALUE":1,"MAX_VALUE":58},"AGE_AT_FIRST_DIAGNOSIS":{"CATEGORY":["FEMALE","MALE"],"MIN_VALUE":[0,1],"P10_VALUE":[32,3],"P25_VALUE":[44,14],"MEDIAN_VALUE":[54,49],"P75_VALUE":[64,63],"P90_VALUE":[75,72],"MAX_VALUE":[90,87]}}
