{"PREVALENCE_BY_GENDER_AGE_YEAR":{"TRELLIS_NAME":["40-49","50-59","40-49","50-59","80-89","60-69","60-69","40-49","50-59","40-49","70-79","50-59","50-59","60-69","50-59","70-79","60-69","60-69","50-59"],"SERIES_NAME":["MALE","MALE","FEMALE","FEMALE","MALE","MALE","FEMALE","MALE","MALE","FEMALE","FEMALE","MALE","FEMALE","FEMALE","FEMALE","MALE","FEMALE","FEMALE","FEMALE"],"X_CALENDAR_YEAR":[2007,2007,2010,2011,2011,2011,2011,2011,2011,2011,2011,2012,2012,2012,2013,2013,2013,2014,2015],"Y_PREVALENCE_1000PP":[0.43891,0.32019,0.19398,0.38398,0.89566,0.36114,0.37343,0.33898,0.2949,0.26991,0.49514,0.30586,0.32822,0.33691,0.3056,0.51987,0.38806,0.31737,0.5149]},"PREVALENCE_BY_MONTH":{"X_CALENDAR_MONTH":["201410","201207","201503","201111","201206","201005","201107","201208","201110","200907","201302","201306","201112","201108","200710","201308","201103","201105","201106","201109","201407"],"Y_PREVALENCE_1000PP":[0.03166,0.02035,0.05624,0.02279,0.0303,0.0186,0.02246,0.05112,0.02919,0.02803,0.0284,0.02579,0.02289,0.02898,0.01989,0.03017,0.02203,0.03175,0.04785,0.01942,0.03282]},"LENGTH_OF_ERA":{"CATEGORY":"Length of era","MIN_VALUE":1,"P10_VALUE":1,"P25_VALUE":1,"MEDIAN_VALUE":1,"P75_VALUE":1,"P90_VALUE":1,"MAX_VALUE":118},"AGE_AT_FIRST_DIAGNOSIS":{"CATEGORY":["FEMALE","MALE"],"MIN_VALUE":[7,10],"P10_VALUE":[35,38],"P25_VALUE":[47,46],"MEDIAN_VALUE":[56,59],"P75_VALUE":[69,71],"P90_VALUE":[79,80],"MAX_VALUE":[95,111]}}
