{"PREVALENCE_BY_GENDER_AGE_YEAR":{"TRELLIS_NAME":["60-69","60-69","40-49","70-79","50-59","70-79","60-69","50-59","70-79","50-59","70-79","80-89","60-69","50-59","40-49","80-89","60-69","60-69","50-59","50-59"],"SERIES_NAME":["FEMALE","MALE","MALE","MALE","FEMALE","FEMALE","MALE","MALE","FEMALE","FEMALE","MALE","FEMALE","MALE","MALE","FEMALE","MALE","MALE","MALE","MALE","MALE"],"X_CALENDAR_YEAR":[2010,2010,2010,2010,2011,2011,2011,2012,2012,2012,2012,2012,2012,2013,2013,2013,2013,2014,2014,2015],"Y_PREVALENCE_1000PP":[0.29345,0.31541,0.43328,0.45444,0.24435,0.37136,0.41273,0.35683,0.36731,0.25528,0.97459,0.85342,0.318,0.42676,0.23313,0.90402,0.53654,0.50882,0.35051,0.64697]},"PREVALENCE_BY_MONTH":{"X_CALENDAR_MONTH":["201307","201112","201211","200709","201404","201110","201302","201502","200506","200907","201011","201005","201207","201203","201007","201206","201210","201001","200905","200908","201106","201503","201411","201501","201006","201212","201111","201305"],"Y_PREVALENCE_1000PP":[0.03721,0.02289,0.02431,0.02009,0.02573,0.02271,0.02485,0.07209,0.02583,0.0218,0.03126,0.0186,0.03052,0.03297,0.01864,0.02693,0.02069,0.02174,0.01867,0.0187,0.01914,0.0482,0.05091,0.03916,0.0248,0.03145,0.0293,0.03273]},"LENGTH_OF_ERA":{"CATEGORY":"Length of era","MIN_VALUE":1,"P10_VALUE":1,"P25_VALUE":1,"MEDIAN_VALUE":1,"P75_VALUE":1,"P90_VALUE":1,"MAX_VALUE":32},"AGE_AT_FIRST_DIAGNOSIS":{"CATEGORY":["FEMALE","MALE"],"MIN_VALUE":[0,0],"P10_VALUE":[29,33],"P25_VALUE":[47,47],"MEDIAN_VALUE":[63,61],"P75_VALUE":[78,73],"P90_VALUE":[88,81],"MAX_VALUE":[102,105]}}
