{"PREVALENCE_BY_GENDER_AGE_YEAR":{"TRELLIS_NAME":["50-59","40-49","60-69","20-29","30-39","40-49","50-59","30-39","20-29","60-69","20-29","60-69","50-59","40-49","40-49","50-59","30-39","70-79","40-49","50-59","60-69","20-29","30-39","10-19","60-69","70-79","40-49","50-59","20-29","30-39","60-69","40-49","70-79","50-59","50-59","20-29","30-39","50-59","10-19","70-79","40-49","50-59","60-69","20-29","30-39","60-69","20-29","10-19","40-49","50-59","40-49","70-79","30-39","50-59","10-19","60-69","20-29","70-79","40-49","50-59","30-39","20-29","60-69","80-89","30-39","50-59","10-19","40-49","50-59","70-79","60-69","10-19","70-79","50-59","50-59","40-49","20-29","30-39","20-29","60-69","30-39","50-59","40-49"],"SERIES_NAME":["FEMALE","FEMALE","FEMALE","FEMALE","FEMALE","FEMALE","FEMALE","FEMALE","FEMALE","FEMALE","FEMALE","FEMALE","FEMALE","FEMALE","MALE","MALE","FEMALE","FEMALE","FEMALE","FEMALE","FEMALE","FEMALE","FEMALE","FEMALE","FEMALE","FEMALE","FEMALE","FEMALE","FEMALE","FEMALE","FEMALE","FEMALE","FEMALE","MALE","FEMALE","FEMALE","FEMALE","MALE","FEMALE","FEMALE","FEMALE","FEMALE","FEMALE","FEMALE","FEMALE","FEMALE","FEMALE","FEMALE","MALE","MALE","FEMALE","FEMALE","FEMALE","FEMALE","FEMALE","FEMALE","FEMALE","FEMALE","FEMALE","FEMALE","FEMALE","FEMALE","FEMALE","FEMALE","FEMALE","MALE","FEMALE","FEMALE","FEMALE","FEMALE","FEMALE","FEMALE","FEMALE","MALE","FEMALE","FEMALE","FEMALE","FEMALE","FEMALE","FEMALE","FEMALE","FEMALE","FEMALE"],"X_CALENDAR_YEAR":[2004,2004,2004,2004,2004,2005,2005,2005,2005,2005,2006,2006,2006,2006,2006,2006,2006,2007,2007,2007,2007,2007,2007,2008,2008,2008,2008,2008,2008,2008,2009,2009,2009,2009,2009,2009,2009,2010,2010,2010,2010,2010,2010,2010,2010,2011,2011,2011,2011,2011,2011,2011,2011,2011,2012,2012,2012,2012,2012,2012,2012,2013,2013,2013,2013,2013,2013,2013,2013,2013,2014,2014,2014,2014,2014,2014,2014,2014,2015,2015,2015,2015,2015],"Y_PREVALENCE_1000PP":[0.75946,0.739,0.97351,0.54017,0.51491,0.92771,0.85568,0.35645,0.31538,1.12026,0.31698,0.60374,0.77847,0.58134,0.35545,0.34562,0.35951,0.53558,0.70178,1.04174,0.84902,0.29889,0.48516,0.28916,0.94586,0.51797,0.5182,1.18488,0.35968,0.42939,1.03199,0.73943,0.44209,0.34539,1.16219,0.34545,0.46951,0.29129,0.4167,0.68957,0.71126,0.78716,0.92228,0.30007,0.3413,1.20327,0.67995,0.60032,0.33898,0.3932,0.84345,0.61893,0.65441,1.29158,0.39124,2.14782,0.69367,0.73462,0.9674,1.82342,0.88124,0.7951,1.55226,0.77631,1.08581,0.42676,0.27963,1.39876,1.2606,0.54698,2.26696,0.70141,0.90142,0.46734,1.71534,1.68156,0.62935,1.05127,0.63064,1.26989,0.82702,1.32402,0.65306]},"PREVALENCE_BY_MONTH":{"X_CALENDAR_MONTH":["200809","200904","200411","200510","201201","201204","200912","201307","200812","200703","200507","201212","200902","201209","200504","200402","200608","201207","201206","201310","201503","200905","201108","200605","201111","200706","200611","201003","200701","200603","200806","201401","200910","201101","200803","200709","201008","201012","201403","200404","201005","200405","201407","201103","200505","201104","200606","200907","201102","200609","201302","201402","201006","201311","200501","201308","201305","200512","200707","201504","201210","200403","200710","201009","201404","200704","201004","200508","200401","201105","201106","201001","201109","200906","201501","201312","201309","200909","200502","200604","200903","201112","200601","200908","200810","201208","201007","200711","201301","201303","200511","201211","200911","200708","200407","201306","200705","200607","200801","201205","200702","200412","201411","201010","201202","200503","201502","200409","201405","200802","200406","200901","201408","200712","201406","201505","201107","200804","201110","200807","201410","200506","201203","200509","200410","200811","201409","201412","201002","200808","200805","201011","201304"],"Y_PREVALENCE_1000PP":[0.04779,0.04681,0.03121,0.04848,0.06887,0.05315,0.04036,0.08559,0.03152,0.03454,0.07638,0.0664,0.04078,0.0893,0.03149,0.07838,0.02546,0.09157,0.06733,0.11578,0.15265,0.05913,0.06118,0.04091,0.05534,0.03396,0.03198,0.0495,0.02804,0.0645,0.03863,0.10556,0.02484,0.05032,0.06171,0.05692,0.04355,0.05646,0.10063,0.08475,0.03101,0.07543,0.09377,0.07238,0.03077,0.06966,0.02214,0.05607,0.04098,0.04335,0.05681,0.08702,0.0217,0.09435,0.02921,0.08674,0.08001,0.03948,0.03043,0.18668,0.06898,0.12824,0.03646,0.02182,0.09007,0.04472,0.05884,0.0458,0.19852,0.04127,0.07337,0.02174,0.04532,0.03111,0.10442,0.09186,0.04584,0.03734,0.0285,0.03014,0.02497,0.05233,0.03889,0.03429,0.02217,0.0852,0.0497,0.05619,0.07023,0.07865,0.04386,0.09028,0.03726,0.03363,0.05769,0.04422,0.03069,0.05137,0.02619,0.08008,0.02794,0.03515,0.09617,0.04365,0.05268,0.04145,0.13698,0.04576,0.09683,0.03917,0.07529,0.04712,0.09254,0.03629,0.09981,0.22338,0.07701,0.02913,0.04541,0.03845,0.16884,0.03875,0.07914,0.04102,0.038,0.02533,0.09591,0.13782,0.02797,0.06723,0.05164,0.02813,0.07567]},"LENGTH_OF_ERA":{"CATEGORY":"Length of era","MIN_VALUE":1,"P10_VALUE":1,"P25_VALUE":1,"MEDIAN_VALUE":1,"P75_VALUE":1,"P90_VALUE":1,"MAX_VALUE":136},"AGE_AT_FIRST_DIAGNOSIS":{"CATEGORY":["MALE","FEMALE"],"MIN_VALUE":[6,0],"P10_VALUE":[19,24],"P25_VALUE":[36,34],"MEDIAN_VALUE":[50,50],"P75_VALUE":[61,61],"P90_VALUE":[71,69],"MAX_VALUE":[91,98]}}
