{"PREVALENCE_BY_GENDER_AGE_YEAR":{"TRELLIS_NAME":["40-49","50-59","30-39","30-39","40-49","20-29","40-49","50-59","20-29","20-29","50-59","40-49","20-29","20-29","30-39","30-39","40-49","20-29","20-29","30-39","50-59"],"SERIES_NAME":["MALE","MALE","MALE","FEMALE","MALE","MALE","MALE","MALE","MALE","FEMALE","MALE","MALE","FEMALE","MALE","MALE","FEMALE","MALE","MALE","FEMALE","MALE","MALE"],"X_CALENDAR_YEAR":[2004,2004,2004,2004,2007,2007,2008,2008,2008,2008,2009,2009,2009,2009,2009,2009,2010,2010,2011,2014,2014],"Y_PREVALENCE_1000PP":[1.44031,0.74838,1.48285,0.23765,0.76809,0.33574,0.70373,0.50459,0.48044,0.20553,0.54275,1.07164,0.2961,0.3062,0.7112,0.23475,0.37912,0.40167,0.18306,0.57954,0.46734]},"PREVALENCE_BY_MONTH":{"X_CALENDAR_MONTH":["201110","201410","201502","200408","201012","201505","201406","200801","200802","200701","200902","201405","200804","200407","201503","200406","200409","200901","201404","200711","200810","201205","200405","200907","201501","201504","200906","200608","200811","200903","200912","200905","200606","200909","201001","200911","200404"],"Y_PREVALENCE_1000PP":[0.02595,0.03693,0.04326,0.04231,0.02196,0.08377,0.03176,0.03929,0.01959,0.02804,0.04078,0.02641,0.01942,0.10898,0.0482,0.04791,0.04576,0.02199,0.03002,0.02644,0.02851,0.02002,0.06035,0.03115,0.07179,0.05895,0.04355,0.02909,0.02849,0.03746,0.01863,0.02178,0.02583,0.02489,0.01863,0.01863,0.07628]},"LENGTH_OF_ERA":{"CATEGORY":"Length of era","MIN_VALUE":1,"P10_VALUE":1,"P25_VALUE":1,"MEDIAN_VALUE":1,"P75_VALUE":1,"P90_VALUE":1,"MAX_VALUE":50},"AGE_AT_FIRST_DIAGNOSIS":{"CATEGORY":["MALE","FEMALE"],"MIN_VALUE":[5,6],"P10_VALUE":[22,19],"P25_VALUE":[30,25],"MEDIAN_VALUE":[42,37],"P75_VALUE":[51,51],"P90_VALUE":[60,64],"MAX_VALUE":[88,92]}}
