{"PREVALENCE_BY_GENDER_AGE_YEAR":{"TRELLIS_NAME":["20-29","60-69","50-59","60-69","30-39","60-69","40-49","50-59","60-69","50-59","50-59"],"SERIES_NAME":["FEMALE","FEMALE","FEMALE","FEMALE","FEMALE","FEMALE","FEMALE","FEMALE","FEMALE","FEMALE","FEMALE"],"X_CALENDAR_YEAR":[2011,2011,2011,2012,2012,2013,2013,2013,2014,2014,2015],"Y_PREVALENCE_1000PP":[0.15691,0.5394,0.34908,0.46326,0.20562,0.38806,0.31084,0.3056,0.27203,0.25103,0.44134]},"PREVALENCE_BY_MONTH":{"X_CALENDAR_MONTH":["201501","201202","201109","201404","201102","201303","201108","201105","201305","201205","201103","201301","201312","201405","201208","201211","201004","201011","201209","201403","201310","201104","201111","201110","201107"],"Y_PREVALENCE_1000PP":[0.04568,0.01976,0.02914,0.02573,0.02522,0.02503,0.01932,0.01905,0.02182,0.0367,0.03147,0.0316,0.03994,0.02641,0.02045,0.03125,0.01858,0.01875,0.02748,0.02935,0.02316,0.0285,0.03256,0.01946,0.02246]},"LENGTH_OF_ERA":{"CATEGORY":"Length of era","MIN_VALUE":1,"P10_VALUE":1,"P25_VALUE":1,"MEDIAN_VALUE":1,"P75_VALUE":1,"P90_VALUE":1,"MAX_VALUE":240},"AGE_AT_FIRST_DIAGNOSIS":{"CATEGORY":["MALE","FEMALE"],"MIN_VALUE":[4,5],"P10_VALUE":[12,20],"P25_VALUE":[22,30],"MEDIAN_VALUE":[35,43],"P75_VALUE":[53,59],"P90_VALUE":[61,69],"MAX_VALUE":[70,90]}}
