{"PREVALENCE_BY_GENDER_AGE_YEAR":{"TRELLIS_NAME":["20-29","30-39","20-29","60-69","30-39","50-59","40-49","50-59","40-49","30-39","20-29","60-69","20-29","50-59","30-39","40-49","40-49","50-59","30-39","30-39","50-59","40-49","40-49","50-59","20-29","60-69","20-29","30-39","20-29","20-29","30-39","40-49","50-59","40-49","50-59","30-39","30-39","60-69","20-29","20-29","40-49","50-59","40-49","50-59","60-69","20-29","30-39","30-39","50-59","40-49","40-49","50-59","20-29","30-39","20-29","40-49","50-59","40-49","50-59","30-39","30-39","20-29","50-59","30-39","20-29","50-59","40-49","40-49","40-49","50-59","30-39","30-39","40-49","20-29","20-29","60-69","50-59","40-49","50-59","40-49","60-69","20-29","20-29","30-39","30-39","20-29","20-29","30-39","30-39","40-49","50-59","50-59","40-49","30-39","40-49","40-49","50-59","20-29"],"SERIES_NAME":["MALE","FEMALE","FEMALE","FEMALE","MALE","FEMALE","MALE","MALE","FEMALE","FEMALE","MALE","MALE","FEMALE","FEMALE","MALE","FEMALE","MALE","MALE","FEMALE","MALE","MALE","MALE","FEMALE","FEMALE","FEMALE","MALE","MALE","MALE","FEMALE","MALE","FEMALE","MALE","MALE","FEMALE","FEMALE","MALE","FEMALE","MALE","FEMALE","MALE","MALE","MALE","FEMALE","FEMALE","MALE","MALE","MALE","FEMALE","FEMALE","FEMALE","MALE","MALE","FEMALE","FEMALE","MALE","MALE","MALE","FEMALE","FEMALE","MALE","FEMALE","MALE","FEMALE","MALE","FEMALE","MALE","MALE","FEMALE","FEMALE","MALE","FEMALE","MALE","MALE","MALE","FEMALE","MALE","MALE","MALE","FEMALE","FEMALE","MALE","MALE","FEMALE","FEMALE","MALE","FEMALE","MALE","MALE","FEMALE","MALE","MALE","FEMALE","FEMALE","MALE","MALE","FEMALE","MALE","MALE"],"X_CALENDAR_YEAR":[2004,2004,2004,2004,2004,2004,2004,2004,2004,2005,2005,2005,2005,2005,2005,2005,2005,2005,2006,2006,2006,2006,2006,2006,2006,2006,2006,2007,2007,2007,2007,2007,2007,2007,2007,2008,2008,2008,2008,2008,2008,2008,2008,2008,2009,2009,2009,2009,2009,2009,2009,2009,2010,2010,2010,2010,2010,2010,2010,2010,2011,2011,2011,2011,2011,2011,2011,2011,2012,2012,2012,2012,2012,2012,2012,2012,2013,2013,2013,2013,2013,2013,2013,2013,2013,2014,2014,2014,2014,2014,2014,2014,2014,2015,2015,2015,2015,2015],"Y_PREVALENCE_1000PP":[2.42583,0.67335,0.54017,0.48675,4.81928,0.55693,5.08345,1.4136,1.20087,0.58328,2.94139,0.45921,0.37845,0.5297,4.60864,0.74217,4.21602,1.75404,0.71901,3.94477,1.6129,4.38389,0.64973,0.51898,0.43225,0.46732,2.66007,4.4584,0.54343,2.12635,0.57078,4.828,2.18795,0.90229,0.50291,2.92309,0.16102,0.57156,0.43675,1.49469,3.78931,1.31194,0.80969,0.41819,0.6566,1.27584,2.31139,0.41734,0.376,0.41794,3.10775,1.48024,0.40009,0.3938,1.25521,2.81629,1.79629,0.87291,0.47914,2.23556,0.24541,1.15741,0.52362,2.12366,0.18306,1.32704,3.27684,0.74224,0.57327,1.2744,0.17625,2.12248,2.09782,0.87516,0.27747,0.477,1.01355,2.06865,0.4202,0.62167,0.32192,0.87303,0.29448,0.46535,1.55854,0.33124,1.30346,1.0142,0.42051,2.07546,1.51887,0.50205,0.30976,0.88067,1.3034,0.65306,1.40177,1.53335]},"PREVALENCE_BY_MONTH":{"X_CALENDAR_MONTH":["201410","201407","201111","201012","201503","200401","200809","200902","201311","200705","201201","200501","200507","200708","200806","201204","201105","200803","201312","200711","200504","201309","200411","200408","200404","201002","201103","201102","201008","201005","201310","200406","201403","201307","201101","200403","200702","201306","200607","200706","200510","200610","201303","200409","201007","201211","201404","200912","200703","200612","200707","201305","201001","200911","200905","200811","201010","200603","200606","200908","200609","200704","200801","201210","201004","200407","201207","200910","201409","201406","200812","200410","201203","200503","200602","201212","201003","200405","200712","200805","201412","201209","201107","200901","201011","201104","201308","201009","200802","200608","200605","200808","201206","201006","200709","200611","201505","201304","201401","200402","201208","201502","200909","200506","200904","200907","200509","200412","201411","200701","200601","201302","200710","201205","201108","201202","201501","200604","200810","201110","200502","200807","200512","201112","201301","200903","201405","201408","201106","200505","200508","201504","200511","201109","200906","200804"],"Y_PREVALENCE_1000PP":[0.09497,0.07502,0.06186,0.05019,0.18478,0.4169,0.06372,0.05333,0.0629,0.09547,0.06887,0.12169,0.09335,0.12779,0.06438,0.04319,0.06349,0.08769,0.05192,0.11238,0.07649,0.0573,0.09883,0.13901,0.17798,0.07147,0.07867,0.05359,0.07777,0.05892,0.07719,0.21903,0.05451,0.06326,0.03774,0.23675,0.08381,0.0479,0.08807,0.11886,0.07677,0.11798,0.0429,0.12011,0.12115,0.05208,0.0386,0.04347,0.11744,0.08141,0.11157,0.04364,0.05279,0.09316,0.05913,0.05382,0.08419,0.08347,0.08118,0.08728,0.09754,0.1204,0.09822,0.03104,0.07743,0.16026,0.05765,0.08383,0.06562,0.06351,0.04728,0.17914,0.03957,0.15199,0.07712,0.04892,0.07425,0.1735,0.15507,0.0936,0.08389,0.06183,0.0738,0.08168,0.06252,0.04116,0.0528,0.05299,0.0914,0.16,0.13389,0.07043,0.0404,0.06511,0.11383,0.09594,0.20942,0.05405,0.03248,0.18289,0.03067,0.07209,0.03423,0.12487,0.05305,0.06541,0.11075,0.10042,0.0792,0.11919,0.07778,0.0284,0.1127,0.06006,0.07406,0.0428,0.07179,0.09418,0.06335,0.07461,0.09976,0.0833,0.07502,0.03597,0.05267,0.04682,0.05282,0.11689,0.05104,0.12747,0.10409,0.1179,0.1276,0.0518,0.06222,0.11005]},"LENGTH_OF_ERA":{"CATEGORY":"Length of era","MIN_VALUE":1,"P10_VALUE":1,"P25_VALUE":1,"MEDIAN_VALUE":1,"P75_VALUE":1,"P90_VALUE":1,"MAX_VALUE":428},"AGE_AT_FIRST_DIAGNOSIS":{"CATEGORY":["MALE","FEMALE"],"MIN_VALUE":[2,3],"P10_VALUE":[25,24],"P25_VALUE":[31,30],"MEDIAN_VALUE":[40,41],"P75_VALUE":[48,49],"P90_VALUE":[54,56],"MAX_VALUE":[92,99]}}
