{"PREVALENCE_BY_GENDER_AGE_YEAR":{"TRELLIS_NAME":["20-29","30-39","10-19","40-49","20-29","40-49","20-29","40-49","10-19","50-59","30-39"],"SERIES_NAME":["FEMALE","FEMALE","FEMALE","FEMALE","FEMALE","FEMALE","FEMALE","FEMALE","MALE","FEMALE","FEMALE"],"X_CALENDAR_YEAR":[2009,2011,2011,2011,2011,2012,2013,2013,2014,2014,2014],"Y_PREVALENCE_1000PP":[0.14805,0.1636,0.25728,0.30364,0.15691,0.25081,0.17669,0.31084,0.3524,0.25103,0.31538]},"PREVALENCE_BY_MONTH":{"X_CALENDAR_MONTH":["201106","201305","200903","201403","201404"],"Y_PREVALENCE_1000PP":[0.01914,0.02546,0.01873,0.03354,0.02573]},"LENGTH_OF_ERA":{"CATEGORY":"Length of era","MIN_VALUE":1,"P10_VALUE":1,"P25_VALUE":1,"MEDIAN_VALUE":1,"P75_VALUE":1,"P90_VALUE":1,"MAX_VALUE":47},"AGE_AT_FIRST_DIAGNOSIS":{"CATEGORY":["FEMALE","MALE"],"MIN_VALUE":[11,9],"P10_VALUE":[16,11],"P25_VALUE":[24,14],"MEDIAN_VALUE":[35,21],"P75_VALUE":[46,38],"P90_VALUE":[57,47],"MAX_VALUE":[76,75]}}
