{"PREVALENCE_BY_GENDER_AGE_YEAR":{"TRELLIS_NAME":["10-19","10-19","10-19","10-19","10-19","10-19","10-19"],"SERIES_NAME":["FEMALE","MALE","FEMALE","FEMALE","FEMALE","FEMALE","MALE"],"X_CALENDAR_YEAR":[2010,2011,2011,2012,2013,2014,2014],"Y_PREVALENCE_1000PP":[0.29169,0.69483,0.98624,0.739,1.21173,0.91723,0.3524]},"PREVALENCE_BY_MONTH":{"X_CALENDAR_MONTH":["201102","201401","201103","201109","201108","201402","201408","201101","201206","201307","201305","201107","201306","201303","201304"],"Y_PREVALENCE_1000PP":[0.02522,0.03248,0.03147,0.01942,0.03542,0.02486,0.03409,0.01887,0.0303,0.02977,0.02182,0.02567,0.02948,0.02503,0.02162]},"LENGTH_OF_ERA":{"CATEGORY":"Length of era","MIN_VALUE":1,"P10_VALUE":1,"P25_VALUE":1,"MEDIAN_VALUE":1,"P75_VALUE":15,"P90_VALUE":40,"MAX_VALUE":589},"AGE_AT_FIRST_DIAGNOSIS":{"CATEGORY":["MALE","FEMALE"],"MIN_VALUE":[8,7],"P10_VALUE":[10,13],"P25_VALUE":[15,16],"MEDIAN_VALUE":[18,17],"P75_VALUE":[49,35],"P90_VALUE":[60,61],"MAX_VALUE":[89,81]}}
