{"PREVALENCE_BY_GENDER_AGE_YEAR":{"TRELLIS_NAME":["60-69","50-59","40-49","50-59","40-49","60-69","60-69","70-79","70-79","60-69","80-89","60-69","80-89","70-79","50-59","80-89","70-79","50-59","60-69","80-89","70-79","60-69","80-89","70-79","70-79","50-59","70-79","80-89","40-49","70-79","50-59","70-79","60-69","60-69","50-59","70-79","60-69","80-89","60-69","70-79"],"SERIES_NAME":["MALE","FEMALE","MALE","MALE","FEMALE","FEMALE","MALE","FEMALE","FEMALE","MALE","FEMALE","FEMALE","FEMALE","FEMALE","FEMALE","FEMALE","FEMALE","FEMALE","MALE","FEMALE","FEMALE","FEMALE","FEMALE","FEMALE","MALE","FEMALE","FEMALE","FEMALE","FEMALE","FEMALE","FEMALE","MALE","FEMALE","MALE","FEMALE","FEMALE","MALE","MALE","FEMALE","FEMALE"],"X_CALENDAR_YEAR":[2004,2004,2004,2004,2004,2005,2005,2005,2006,2006,2006,2006,2007,2007,2007,2008,2008,2008,2009,2009,2009,2009,2010,2010,2010,2011,2011,2011,2012,2012,2012,2012,2012,2012,2013,2013,2013,2014,2014,2014],"Y_PREVALENCE_1000PP":[0.56807,0.5063,0.59307,0.66523,0.32331,0.4481,0.61228,0.45455,0.55191,0.40056,1.2647,0.4025,0.71031,0.66948,0.21553,1.12296,0.45322,0.34849,0.38302,1.07968,0.37893,0.559,0.63721,0.62688,0.45444,0.41889,0.37136,0.62604,0.25081,0.42853,0.21881,0.44981,0.37903,0.371,0.3056,0.60775,0.42923,0.95359,0.31737,0.38632]},"PREVALENCE_BY_MONTH":{"X_CALENDAR_MONTH":["200611","201307","200906","200912","201310","200901","200503","200907","200712","200604","200904","201104","200404","201305","201005","200506","201110","200807","200412","200605","201409","201203","200608","201209","200509","201003","200811","200410","200804","200408","200909","200708","200612","201408","201312","200908","200710","201106","200812","201012","200603","200705","200707","201504","201105","200501","200411","201207","200902","200905","201503"],"Y_PREVALENCE_1000PP":[0.02487,0.04094,0.02178,0.02173,0.03473,0.01885,0.03224,0.02803,0.0198,0.02637,0.02184,0.019,0.05085,0.04364,0.02171,0.03014,0.02919,0.03204,0.05523,0.03347,0.04543,0.01978,0.02546,0.02748,0.02871,0.01856,0.01899,0.11943,0.01942,0.03626,0.02489,0.02018,0.02124,0.04383,0.03594,0.02494,0.01989,0.02233,0.01891,0.03137,0.02276,0.02046,0.02367,0.08843,0.0254,0.02921,0.07802,0.02374,0.01882,0.01867,0.06427]},"LENGTH_OF_ERA":{"CATEGORY":"Length of era","MIN_VALUE":1,"P10_VALUE":1,"P25_VALUE":1,"MEDIAN_VALUE":1,"P75_VALUE":1,"P90_VALUE":1,"MAX_VALUE":74},"AGE_AT_FIRST_DIAGNOSIS":{"CATEGORY":["FEMALE","MALE"],"MIN_VALUE":[0,0],"P10_VALUE":[32,18],"P25_VALUE":[50,45],"MEDIAN_VALUE":[64,62],"P75_VALUE":[79,72],"P90_VALUE":[88,84],"MAX_VALUE":[100,95]}}
