{"PREVALENCE_BY_GENDER_AGE_YEAR":{"TRELLIS_NAME":["70-79","70-79","50-59","80-89","80-89","60-69","60-69","70-79","70-79","50-59","60-69","80-89","60-69","60-69","60-69","40-49","50-59","50-59","70-79","40-49","70-79","60-69","50-59","50-59","70-79","60-69","60-69","50-59","70-79","10-19","50-59","70-79","70-79","60-69","80-89","60-69","50-59","70-79","50-59","70-79","80-89","60-69","60-69","80-89","60-69","80-89","60-69","10-19","70-79","50-59","50-59"],"SERIES_NAME":["MALE","FEMALE","MALE","FEMALE","MALE","MALE","FEMALE","MALE","FEMALE","MALE","FEMALE","MALE","MALE","MALE","FEMALE","FEMALE","FEMALE","MALE","MALE","MALE","FEMALE","MALE","MALE","FEMALE","MALE","FEMALE","MALE","MALE","FEMALE","MALE","MALE","FEMALE","MALE","FEMALE","FEMALE","MALE","MALE","MALE","FEMALE","FEMALE","MALE","FEMALE","MALE","FEMALE","MALE","FEMALE","FEMALE","FEMALE","MALE","MALE","FEMALE"],"X_CALENDAR_YEAR":[2004,2004,2004,2004,2004,2004,2004,2005,2005,2005,2005,2005,2005,2006,2006,2006,2006,2006,2006,2006,2006,2007,2007,2007,2007,2011,2011,2011,2011,2011,2012,2012,2012,2012,2012,2012,2013,2013,2013,2013,2013,2013,2013,2013,2014,2014,2014,2014,2014,2014,2014],"Y_PREVALENCE_1000PP":[1.8315,1.183,0.66523,1.17746,1.90166,1.04147,0.55629,0.95813,0.75758,0.38979,0.72817,1.29618,0.68881,0.53408,0.70437,0.20518,0.29656,0.34562,0.60854,0.41469,0.89686,0.36726,0.32019,0.50291,0.48952,0.37343,0.41273,0.2949,0.68082,0.27793,0.40781,1.40802,0.67471,0.63171,0.74675,0.583,0.4801,0.96547,0.382,0.85086,0.90402,0.64677,0.80481,0.88721,0.45228,0.81633,0.45339,0.32373,0.54735,0.58418,0.25103]},"PREVALENCE_BY_MONTH":{"X_CALENDAR_MONTH":["200705","200406","201106","200506","201202","200409","200604","201103","201309","200509","201205","200412","200502","201208","201312","200612","201109","201209","200602","201211","200508","200605","200505","201112","201301","201302","201311","200704","201308","201305","200701","201210","201303","200609","201306","200611","201204","200411","201212","201003","201410","201401","200405","201404","200402","200803","201207","200501","201108","200603","200706","200403","201105","201307","200510","200504","201101","201403","201107","200407","200912","200404","200703","201310","201408","200901","201502","201406","201104","201304","200401","200610","200503","200410"],"Y_PREVALENCE_1000PP":[0.03069,0.04107,0.01914,0.02583,0.0461,0.05148,0.02637,0.02517,0.02292,0.04102,0.0367,0.04017,0.0285,0.06475,0.03195,0.04247,0.02266,0.06183,0.03856,0.05208,0.0458,0.02603,0.02637,0.02943,0.02809,0.05326,0.03931,0.02752,0.03394,0.03637,0.08413,0.04828,0.06435,0.04335,0.08107,0.02487,0.03322,0.04681,0.03145,0.01856,0.04221,0.03248,0.06789,0.06005,0.13063,0.02273,0.02035,0.02921,0.0322,0.02656,0.02038,0.09865,0.01905,0.03349,0.03232,0.05399,0.01887,0.06709,0.0385,0.03846,0.01863,0.09323,0.04836,0.03859,0.0487,0.01885,0.05768,0.03176,0.019,0.03963,0.17867,0.09296,0.03224,0.076]},"LENGTH_OF_ERA":{"CATEGORY":"Length of era","MIN_VALUE":1,"P10_VALUE":1,"P25_VALUE":1,"MEDIAN_VALUE":1,"P75_VALUE":1,"P90_VALUE":1,"MAX_VALUE":64},"AGE_AT_FIRST_DIAGNOSIS":{"CATEGORY":["MALE","FEMALE"],"MIN_VALUE":[0,0],"P10_VALUE":[21,26],"P25_VALUE":[49,54],"MEDIAN_VALUE":[63,66],"P75_VALUE":[72,75],"P90_VALUE":[80,82],"MAX_VALUE":[92,94]}}
