{"PREVALENCE_BY_GENDER_AGE_YEAR":{"TRELLIS_NAME":["0-9","0-9","0-9","0-9","0-9","0-9","0-9","0-9","0-9","10-19","0-9","10-19","0-9","10-19"],"SERIES_NAME":["FEMALE","FEMALE","FEMALE","FEMALE","FEMALE","FEMALE","FEMALE","FEMALE","FEMALE","FEMALE","FEMALE","FEMALE","FEMALE","FEMALE"],"X_CALENDAR_YEAR":[2004,2005,2006,2007,2008,2009,2010,2011,2012,2013,2013,2014,2014,2015],"Y_PREVALENCE_1000PP":[0.44194,0.46714,0.51711,0.48432,0.73336,0.30458,0.54363,0.82606,0.36126,0.55926,0.42114,0.37768,0.78974,0.76249]},"PREVALENCE_BY_MONTH":{"X_CALENDAR_MONTH":"200505","Y_PREVALENCE_1000PP":0.03516},"LENGTH_OF_ERA":{"CATEGORY":"Length of era","MIN_VALUE":1,"P10_VALUE":1,"P25_VALUE":1,"MEDIAN_VALUE":1,"P75_VALUE":1,"P90_VALUE":1,"MAX_VALUE":37},"AGE_AT_FIRST_DIAGNOSIS":{"CATEGORY":"FEMALE","MIN_VALUE":0,"P10_VALUE":0,"P25_VALUE":1,"MEDIAN_VALUE":6,"P75_VALUE":18,"P90_VALUE":38,"MAX_VALUE":78}}
