{"PREVALENCE_BY_GENDER_AGE_YEAR":{"TRELLIS_NAME":["80-89","0-9","60-69","70-79","60-69"],"SERIES_NAME":["MALE","FEMALE","MALE","MALE","FEMALE"],"X_CALENDAR_YEAR":[2008,2011,2014,2014,2014],"Y_PREVALENCE_1000PP":[1.17037,0.23602,0.33921,0.86011,0.27203]},"PREVALENCE_BY_MONTH":{"X_CALENDAR_MONTH":["201412","201310","201301","201008","201403","200809","201503","201505","200801","201408","201405","201305","201308","200803","200504","200508","201404","201504"],"Y_PREVALENCE_1000PP":[0.04794,0.02316,0.02458,0.01866,0.03354,0.01911,0.07231,0.08377,0.01964,0.02922,0.03081,0.02546,0.0264,0.01949,0.03149,0.03331,0.03431,0.0786]},"LENGTH_OF_ERA":{"CATEGORY":"Length of era","MIN_VALUE":1,"P10_VALUE":1,"P25_VALUE":1,"MEDIAN_VALUE":1,"P75_VALUE":1,"P90_VALUE":1,"MAX_VALUE":36},"AGE_AT_FIRST_DIAGNOSIS":{"CATEGORY":["FEMALE","MALE"],"MIN_VALUE":[0,0],"P10_VALUE":[1,3],"P25_VALUE":[28,36],"MEDIAN_VALUE":[62,58],"P75_VALUE":[77,75],"P90_VALUE":[86,82],"MAX_VALUE":[93,100]}}
