{"PREVALENCE_BY_GENDER_AGE_YEAR":{"TRELLIS_NAME":["20-29","0-9","0-9","10-19","70-79","70-79","50-59","40-49","50-59","40-49","30-39","20-29","60-69","50-59","0-9","70-79","0-9","10-19","40-49","70-79","50-59","50-59","40-49","70-79","40-49","50-59","0-9","60-69","0-9","60-69","30-39","0-9","60-69","70-79","40-49","40-49","0-9","40-49","0-9","60-69","40-49","50-59","70-79","30-39","60-69","0-9","50-59","60-69","20-29","60-69","20-29","40-49","50-59","70-79","40-49","50-59","30-39","50-59","30-39","60-69","40-49","50-59","50-59","30-39","0-9","60-69","0-9","80-89","60-69","20-29","40-49","70-79","0-9","40-49","50-59","70-79","20-29","60-69","60-69","30-39","60-69","20-29","30-39","10-19","60-69","50-59","40-49","10-19","10-19"],"SERIES_NAME":["FEMALE","MALE","FEMALE","MALE","MALE","FEMALE","FEMALE","MALE","MALE","FEMALE","FEMALE","FEMALE","MALE","FEMALE","FEMALE","MALE","MALE","MALE","FEMALE","FEMALE","MALE","FEMALE","FEMALE","MALE","MALE","MALE","FEMALE","MALE","MALE","FEMALE","FEMALE","MALE","FEMALE","FEMALE","FEMALE","MALE","FEMALE","MALE","MALE","FEMALE","FEMALE","FEMALE","FEMALE","MALE","FEMALE","MALE","FEMALE","FEMALE","FEMALE","MALE","MALE","MALE","MALE","FEMALE","FEMALE","FEMALE","FEMALE","FEMALE","MALE","FEMALE","MALE","MALE","FEMALE","FEMALE","MALE","FEMALE","FEMALE","FEMALE","MALE","MALE","MALE","MALE","MALE","FEMALE","FEMALE","FEMALE","MALE","MALE","FEMALE","FEMALE","MALE","FEMALE","FEMALE","MALE","FEMALE","FEMALE","MALE","FEMALE","MALE"],"X_CALENDAR_YEAR":[2004,2004,2004,2004,2004,2004,2004,2004,2004,2004,2005,2005,2005,2005,2005,2005,2005,2005,2005,2005,2005,2006,2006,2006,2006,2006,2006,2006,2006,2006,2007,2007,2007,2007,2007,2007,2007,2008,2008,2008,2008,2008,2008,2009,2009,2009,2009,2010,2010,2010,2010,2010,2010,2010,2010,2010,2011,2011,2011,2011,2011,2011,2012,2012,2012,2012,2012,2012,2012,2012,2013,2013,2013,2013,2013,2013,2013,2013,2013,2013,2014,2014,2014,2014,2014,2014,2014,2015,2015],"Y_PREVALENCE_1000PP":[0.2315,0.38421,0.49718,0.56132,0.68681,0.728,0.45567,0.59307,0.66523,0.41569,0.22683,0.18923,0.53574,0.44821,0.327,0.57488,0.28969,0.39989,0.25976,0.90909,0.77958,0.3707,0.51294,0.5216,0.35545,0.57604,0.25855,0.6676,0.26599,0.75468,0.28539,0.28477,0.28301,0.66948,0.30076,0.38405,0.32288,0.37893,0.31001,0.49545,0.2591,0.24394,0.38848,0.3556,0.258,0.3062,0.27346,0.41922,0.17504,0.42054,0.35146,0.32496,0.29129,0.68957,0.29097,0.37647,0.21814,0.20945,0.48541,0.33194,0.50847,0.2949,0.32822,0.20562,0.39188,0.37903,0.32112,0.64007,0.318,0.30888,0.38787,0.4456,0.22434,0.31084,0.5348,0.36465,0.43651,0.42923,0.56054,0.27921,0.39575,0.19874,0.28034,0.5286,0.31737,0.3347,0.59299,0.57186,0.64935]},"PREVALENCE_BY_MONTH":{"X_CALENDAR_MONTH":["201310","200907","201007","200709","201302","201107","200706","201502","200602","201412","201104","201211","201402","201002","200512","201403","200404","201110","201208","200610","200808","201206","200401","200503","201203","201010","200607","200403","201205","200605","200506","201209","201011","201008","200406","200612","201005","200511","200912","200802","200604","200805","200601","200410","201406","201409","200812","201504","200603","201101","201105","200909","201207","200708","201304","200906","201108","201503","200507","201307","201301","201112","200902","200606","200703","200710","201311","201404","201308","200405","200504","200510","201111","200908","200905","200705","201401","200501","200803","201405","201004","201009","201201","201309","200704","200402","201012","200409","201408","200801","201312","200502","200408","200910","200804","200611","201410","201501","201210","200608","200509","201305","200806","201003","200711","201103","201212","200609","201505","200505","200702","201303","200508","201202","200412","200911","201306","200810","201109"],"Y_PREVALENCE_1000PP":[0.03088,0.01869,0.0466,0.02678,0.03195,0.02246,0.02377,0.05768,0.03085,0.05992,0.02216,0.03125,0.02901,0.01864,0.02764,0.05451,0.05085,0.03568,0.03067,0.03933,0.02241,0.02693,0.35734,0.08751,0.02308,0.02183,0.05504,0.1677,0.04671,0.06323,0.05167,0.03091,0.03438,0.02489,0.04791,0.03186,0.04341,0.05184,0.04036,0.02285,0.04521,0.03228,0.035,0.08143,0.04537,0.04543,0.03782,0.10808,0.0607,0.04403,0.04444,0.04356,0.02374,0.03699,0.04324,0.02178,0.04186,0.08034,0.03819,0.06326,0.04214,0.02616,0.02196,0.04428,0.02073,0.02652,0.03538,0.0386,0.03394,0.0528,0.04049,0.03636,0.01953,0.0187,0.03112,0.0341,0.05684,0.03407,0.02923,0.04841,0.02787,0.04052,0.01968,0.0573,0.03784,0.07838,0.02823,0.06864,0.0487,0.04256,0.03994,0.06176,0.07253,0.02484,0.02266,0.02132,0.03166,0.03916,0.05173,0.04364,0.05743,0.04364,0.03219,0.0526,0.02644,0.03776,0.04543,0.03251,0.13961,0.04395,0.0454,0.0286,0.05413,0.05597,0.04017,0.02174,0.03316,0.03168,0.03237]},"LENGTH_OF_ERA":{"CATEGORY":"Length of era","MIN_VALUE":1,"P10_VALUE":1,"P25_VALUE":1,"MEDIAN_VALUE":1,"P75_VALUE":1,"P90_VALUE":1,"MAX_VALUE":141},"AGE_AT_FIRST_DIAGNOSIS":{"CATEGORY":["FEMALE","MALE"],"MIN_VALUE":[0,0],"P10_VALUE":[9,4],"P25_VALUE":[29,18],"MEDIAN_VALUE":[51,43],"P75_VALUE":[67,61],"P90_VALUE":[77,72],"MAX_VALUE":[98,91]}}
