{"PREVALENCE_BY_GENDER_AGE_YEAR":{"TRELLIS_NAME":["30-39","50-59","10-19","50-59","70-79","10-19","30-39","60-69","50-59","40-49","50-59","40-49","30-39","60-69","10-19","70-79","40-49","70-79","60-69","30-39","20-29","50-59","10-19","40-49","10-19","50-59","30-39","20-29","30-39","50-59","40-49","10-19","70-79","40-49","10-19","60-69","80-89","20-29","30-39","30-39","50-59","50-59","20-29","60-69","20-29","10-19","10-19","40-49","50-59","10-19","30-39","30-39","60-69","60-69","20-29","20-29","30-39","30-39","60-69","20-29","20-29","10-19","50-59","10-19","60-69","20-29","20-29"],"SERIES_NAME":["MALE","FEMALE","FEMALE","FEMALE","FEMALE","MALE","FEMALE","FEMALE","MALE","FEMALE","FEMALE","MALE","MALE","MALE","FEMALE","FEMALE","FEMALE","MALE","FEMALE","FEMALE","FEMALE","FEMALE","MALE","MALE","FEMALE","FEMALE","MALE","MALE","FEMALE","MALE","MALE","FEMALE","FEMALE","FEMALE","MALE","FEMALE","FEMALE","FEMALE","FEMALE","MALE","MALE","FEMALE","FEMALE","MALE","MALE","MALE","FEMALE","FEMALE","FEMALE","FEMALE","FEMALE","MALE","FEMALE","MALE","MALE","FEMALE","MALE","FEMALE","MALE","FEMALE","MALE","FEMALE","MALE","MALE","FEMALE","MALE","FEMALE"],"X_CALENDAR_YEAR":[2004,2005,2005,2006,2006,2006,2007,2007,2007,2007,2007,2007,2008,2008,2008,2008,2009,2009,2009,2010,2010,2010,2010,2010,2010,2011,2011,2011,2011,2011,2011,2011,2011,2011,2011,2011,2011,2011,2012,2012,2012,2012,2012,2012,2012,2012,2012,2013,2013,2013,2013,2013,2013,2013,2013,2013,2014,2014,2014,2014,2014,2014,2014,2014,2014,2015,2015],"Y_PREVALENCE_1000PP":[0.55607,0.32597,0.30338,0.22242,0.41394,0.30477,0.17123,0.37734,0.37355,0.23393,0.3233,0.43891,0.36539,0.34294,0.24785,0.51797,0.28934,0.46908,0.516,0.28879,0.20005,0.30802,0.54429,0.43328,0.37503,0.24435,0.60676,0.55354,0.19087,0.4915,0.33898,0.4288,0.43325,0.37112,0.46322,0.29044,0.62604,0.26152,0.20562,0.62426,0.35683,0.32822,0.36071,0.371,0.30888,0.37771,0.47818,0.23313,0.3438,0.51265,0.34125,0.45457,0.38806,0.37558,0.70934,0.50062,0.43466,0.31538,0.33921,0.5631,0.68276,0.53955,0.40893,0.41114,0.36271,0.89445,0.50451]},"PREVALENCE_BY_MONTH":{"X_CALENDAR_MONTH":["201008","201310","200703","201403","201011","201406","200709","200404","201104","201405","201005","200706","200409","201307","201112","201408","200807","200712","200508","201202","201108","201411","200801","200810","201004","201410","201207","200603","200905","200708","201111","200510","201201","201007","200902","200410","201407","201009","201402","200705","201303","201306","200612","201309","200609","201109","200502","201504","201312","201501","201404","201106","201110","200904","200806","201103","200711","200901","201012","201203","201503","201206","200803","200503","201505","200808","200506","201210","201311","201409","200509","201412","201107","201102","201105","200908","200912","201304","200907","201401","201101","200704","201302","201301","201308","200607","201205","201305","200701","201003","201211","201208","201002","201006","201209","201212"],"Y_PREVALENCE_1000PP":[0.028,0.03859,0.02073,0.02935,0.02188,0.07712,0.03013,0.09323,0.03166,0.06602,0.03101,0.02377,0.04004,0.0521,0.0556,0.04383,0.01922,0.0231,0.02498,0.0428,0.05796,0.07354,0.02292,0.03168,0.04336,0.05276,0.04748,0.02656,0.02489,0.03027,0.05534,0.03636,0.04592,0.02174,0.03137,0.04886,0.05157,0.04052,0.03315,0.04091,0.02503,0.0479,0.02478,0.04966,0.02529,0.07446,0.0285,0.1965,0.03195,0.05874,0.06434,0.04147,0.0519,0.02496,0.03219,0.05664,0.03305,0.03141,0.05646,0.05606,0.08838,0.05723,0.02598,0.02763,0.23734,0.02241,0.03445,0.06553,0.04718,0.07067,0.02461,0.11385,0.07059,0.03153,0.06667,0.02182,0.02173,0.04684,0.0218,0.03654,0.03145,0.02064,0.05326,0.05618,0.06788,0.02202,0.02669,0.03637,0.02103,0.03094,0.04167,0.03408,0.02797,0.04341,0.04465,0.05242]},"LENGTH_OF_ERA":{"CATEGORY":"Length of era","MIN_VALUE":1,"P10_VALUE":1,"P25_VALUE":1,"MEDIAN_VALUE":1,"P75_VALUE":1,"P90_VALUE":7,"MAX_VALUE":120},"AGE_AT_FIRST_DIAGNOSIS":{"CATEGORY":["MALE","FEMALE"],"MIN_VALUE":[2,1],"P10_VALUE":[13,15],"P25_VALUE":[23,28],"MEDIAN_VALUE":[41,49],"P75_VALUE":[59,65],"P90_VALUE":[74,79],"MAX_VALUE":[92,96]}}
