{"PREVALENCE_BY_GENDER_AGE_YEAR":{"TRELLIS_NAME":["10-19","10-19","10-19","10-19","10-19","10-19","10-19","10-19","10-19","10-19","10-19","10-19","10-19","10-19","10-19","10-19","10-19"],"SERIES_NAME":["MALE","FEMALE","MALE","FEMALE","MALE","FEMALE","MALE","FEMALE","MALE","FEMALE","FEMALE","MALE","MALE","FEMALE","MALE","FEMALE","FEMALE"],"X_CALENDAR_YEAR":[2006,2006,2007,2007,2008,2008,2009,2009,2010,2010,2011,2011,2012,2012,2013,2014,2015],"Y_PREVALENCE_1000PP":[0.55874,0.40665,0.98907,0.42463,0.59258,0.4957,0.66934,0.40818,0.45358,0.50004,0.25728,0.55586,0.3305,0.26082,0.35522,0.37768,0.66717]},"PREVALENCE_BY_MONTH":{"X_CALENDAR_MONTH":["201010","200801","201504","200701","201008","200610","200708","200910","200711","200712","200706","200912","201108","200803","201003","200612","200907","200809","201007","200702","200707","201412","200901","201006"],"Y_PREVALENCE_1000PP":[0.01871,0.02292,0.05895,0.02804,0.02178,0.02503,0.02018,0.02794,0.02314,0.0198,0.03056,0.01863,0.01932,0.02273,0.02784,0.02478,0.01869,0.02549,0.02174,0.02095,0.02367,0.03595,0.01885,0.0217]},"LENGTH_OF_ERA":{"CATEGORY":"Length of era","MIN_VALUE":1,"P10_VALUE":1,"P25_VALUE":1,"MEDIAN_VALUE":1,"P75_VALUE":1,"P90_VALUE":1,"MAX_VALUE":132},"AGE_AT_FIRST_DIAGNOSIS":{"CATEGORY":["FEMALE","MALE"],"MIN_VALUE":[9,0],"P10_VALUE":[12,10],"P25_VALUE":[15,13],"MEDIAN_VALUE":[18,17],"P75_VALUE":[55,31],"P90_VALUE":[76,68],"MAX_VALUE":[92,87]}}
