{"PREVALENCE_BY_GENDER_AGE_YEAR":{"TRELLIS_NAME":["60-69","40-49","60-69","70-79","40-49","50-59","50-59","50-59","40-49","50-59","60-69","50-59","50-59"],"SERIES_NAME":["FEMALE","FEMALE","FEMALE","FEMALE","FEMALE","FEMALE","MALE","FEMALE","FEMALE","FEMALE","FEMALE","FEMALE","FEMALE"],"X_CALENDAR_YEAR":[2005,2005,2006,2007,2007,2009,2010,2010,2013,2013,2013,2014,2015],"Y_PREVALENCE_1000PP":[0.61614,0.22265,0.4025,0.40169,0.20051,0.20509,0.33984,0.20535,0.27198,0.3056,0.25871,0.3347,0.44134]},"PREVALENCE_BY_MONTH":{"X_CALENDAR_MONTH":["201501","201109","201202","201408","201504","200801","201010","201103","200711","200409","201101","201003","201006","200605","200701","200610","201203","200511","201412","200607","201205","201206","201005","200602","200408","200404","201012","201502","200504","200503","200506","200707","200904","201505","201104","201308","200908","201303","200911","201106","200705","201406","201410","201201","200809","200812","201007","201004","200606"],"Y_PREVALENCE_1000PP":[0.05874,0.02914,0.03293,0.04383,0.09825,0.01964,0.02183,0.01888,0.01983,0.03432,0.01887,0.02475,0.0186,0.02231,0.02103,0.03575,0.02638,0.0319,0.05393,0.02202,0.02002,0.0202,0.02171,0.0347,0.04231,0.07628,0.01882,0.04326,0.04049,0.02763,0.03014,0.02367,0.02184,0.08377,0.02216,0.0264,0.02182,0.02145,0.01863,0.02552,0.02387,0.03629,0.03166,0.02624,0.01911,0.01891,0.01864,0.01858,0.02583]},"LENGTH_OF_ERA":{"CATEGORY":"Length of era","MIN_VALUE":1,"P10_VALUE":1,"P25_VALUE":1,"MEDIAN_VALUE":1,"P75_VALUE":1,"P90_VALUE":31,"MAX_VALUE":930},"AGE_AT_FIRST_DIAGNOSIS":{"CATEGORY":["MALE","FEMALE"],"MIN_VALUE":[1,8],"P10_VALUE":[21,25],"P25_VALUE":[44,43],"MEDIAN_VALUE":[53,54],"P75_VALUE":[67,68],"P90_VALUE":[79,78],"MAX_VALUE":[94,88]}}
