{"PREVALENCE_BY_GENDER_AGE_YEAR":{"TRELLIS_NAME":["0-9","0-9","0-9","0-9","0-9","0-9","0-9","0-9","0-9","0-9","0-9","0-9","0-9","0-9","0-9","0-9","0-9","0-9","0-9","0-9","0-9","0-9","0-9","0-9"],"SERIES_NAME":["FEMALE","MALE","MALE","FEMALE","FEMALE","MALE","MALE","FEMALE","FEMALE","MALE","MALE","FEMALE","MALE","FEMALE","MALE","FEMALE","MALE","FEMALE","FEMALE","MALE","FEMALE","MALE","FEMALE","MALE"],"X_CALENDAR_YEAR":[2004,2004,2005,2005,2006,2006,2007,2007,2008,2008,2009,2009,2010,2010,2011,2011,2012,2012,2013,2013,2014,2014,2015,2015],"Y_PREVALENCE_1000PP":[0.55243,0.43224,0.45522,0.60728,0.77566,0.83596,0.74752,0.92828,0.81056,0.89559,1.32685,1.52288,1.81265,1.70854,1.568,1.77012,2.13751,1.36475,1.60034,0.85997,1.11493,0.8677,0.7472,0.43818]},"PREVALENCE_BY_MONTH":{"X_CALENDAR_MONTH":["200903","201109","201106","201207","200911","201103","201306","200810","201010","201401","200608","201003","200801","200907","200609","201006","201004","200906","201212","201302","201112","201001","201209","200910","201007","201305","200704","201208","201206","200908","201203","201009","201303","201012","201505","201102","201404","200904","201204","201201","201407","201111","200706","201101","201108","200909","200709","201304","201008","201107","200802","201005","201301","201011","201110","201211","201406"],"Y_PREVALENCE_1000PP":[0.03121,0.02266,0.03828,0.02713,0.02795,0.06294,0.03316,0.01901,0.02495,0.03654,0.02546,0.02784,0.01964,0.02492,0.02529,0.0248,0.01858,0.03111,0.02796,0.0284,0.02289,0.02795,0.03778,0.02484,0.02485,0.02909,0.02064,0.02726,0.04713,0.02182,0.04287,0.02494,0.02503,0.03451,0.09773,0.03153,0.02573,0.01872,0.04983,0.02624,0.03282,0.01953,0.02038,0.02516,0.02576,0.02178,0.02344,0.02522,0.03733,0.01925,0.02285,0.02481,0.02458,0.02501,0.01946,0.0382,0.03176]},"LENGTH_OF_ERA":{"CATEGORY":"Length of era","MIN_VALUE":1,"P10_VALUE":1,"P25_VALUE":1,"MEDIAN_VALUE":1,"P75_VALUE":1,"P90_VALUE":1,"MAX_VALUE":57},"AGE_AT_FIRST_DIAGNOSIS":{"CATEGORY":["FEMALE","MALE"],"MIN_VALUE":[0,0],"P10_VALUE":[0,0],"P25_VALUE":[0,0],"MEDIAN_VALUE":[0,0],"P75_VALUE":[0,0],"P90_VALUE":[1,1],"MAX_VALUE":[1,1]}}
