{"PREVALENCE_BY_GENDER_AGE_YEAR":{"TRELLIS_NAME":["20-29","30-39","40-49","30-39","20-29","40-49","10-19","10-19","30-39","10-19","40-49","20-29","10-19","30-39","20-29","10-19","10-19","40-49","50-59","30-39","20-29","10-19","10-19","40-49","20-29","30-39","10-19","40-49","20-29","30-39","10-19","40-49","50-59","30-39","50-59","20-29","10-19","40-49","40-49","50-59","30-39","10-19","20-29","0-9","10-19","10-19","40-49","50-59","20-29","30-39","20-29","30-39","10-19","40-49","50-59","30-39","10-19","40-49","50-59","20-29"],"SERIES_NAME":["FEMALE","FEMALE","FEMALE","FEMALE","FEMALE","FEMALE","FEMALE","MALE","FEMALE","FEMALE","FEMALE","FEMALE","MALE","FEMALE","FEMALE","MALE","FEMALE","FEMALE","FEMALE","FEMALE","FEMALE","MALE","FEMALE","FEMALE","FEMALE","FEMALE","FEMALE","FEMALE","FEMALE","FEMALE","FEMALE","FEMALE","FEMALE","FEMALE","FEMALE","FEMALE","FEMALE","FEMALE","FEMALE","FEMALE","FEMALE","FEMALE","FEMALE","MALE","MALE","FEMALE","FEMALE","FEMALE","FEMALE","FEMALE","FEMALE","FEMALE","FEMALE","FEMALE","FEMALE","FEMALE","FEMALE","FEMALE","FEMALE","FEMALE"],"X_CALENDAR_YEAR":[2004,2004,2004,2005,2005,2005,2005,2005,2006,2006,2006,2006,2006,2007,2007,2007,2007,2007,2007,2008,2008,2008,2008,2008,2009,2009,2009,2009,2010,2010,2010,2010,2010,2011,2011,2011,2011,2011,2012,2012,2012,2012,2012,2013,2013,2013,2013,2013,2013,2013,2014,2014,2014,2014,2014,2015,2015,2015,2015,2015],"Y_PREVALENCE_1000PP":[0.77166,0.51491,0.3695,0.45366,0.37845,0.59374,0.45507,0.34276,0.47934,0.72294,0.30777,0.5187,0.30477,0.34247,0.62495,0.47099,0.42463,0.50127,0.39514,0.34888,0.43675,0.31908,0.41309,0.61536,0.5922,0.41734,0.449,0.32149,0.52512,0.28879,0.62505,0.42029,0.20535,0.59988,0.24435,0.49689,0.51456,0.30364,0.39412,0.21881,0.79311,0.47818,0.58269,0.22434,0.35522,0.79228,0.50511,0.3056,0.82455,0.8066,1.25869,1.05127,0.64746,0.44252,0.41838,1.14511,0.57186,0.57143,0.44134,1.00902]},"PREVALENCE_BY_MONTH":{"X_CALENDAR_MONTH":["201310","201001","200812","200609","201004","200703","200912","201307","200606","201305","200909","201210","200604","201411","200706","200709","201202","201011","200601","200810","200407","201304","200908","201101","200401","200910","201403","200603","201211","200607","200701","201008","200702","200404","201002","200911","201303","201306","200904","200512","201302","201003","201207","201208","201005","201205","200907","200602","200610","200510","201407","201112","201504","201104","200712","201301","200411","200903","200803","201212","200611","201209","200511","200412","201311","201308","200704","200608","200707","200408","201102","200605","200508","201206","201012","200906","200409","200501","201408","200406","201405","201402","200711","200801","200710","200804","200708","201105","201009","201010","201401","201106","200612","201109","200502","201006","200809","201502","201107","201007","200905","201103","201312","201501","200503","200405","201201","201204","200805","200506","201505","201404","201409","200505","200901","201410","200705","200403","200802","201406","200410","201203","201309","200806","200902","201110","200504","200811","200509","200808","201503","201108","201111","201412","200507"],"Y_PREVALENCE_1000PP":[0.11578,0.04968,0.03467,0.0289,0.03097,0.04145,0.03105,0.05954,0.04428,0.02546,0.03111,0.04139,0.04521,0.09051,0.03736,0.03013,0.02634,0.03438,0.04278,0.03801,0.04487,0.06846,0.02805,0.02202,0.13897,0.04036,0.08386,0.04553,0.05208,0.03303,0.03155,0.03111,0.04191,0.09323,0.03107,0.01863,0.06078,0.03685,0.04681,0.02764,0.0355,0.04022,0.04748,0.03408,0.03101,0.04671,0.04672,0.0347,0.03218,0.02828,0.06564,0.04579,0.22598,0.03166,0.03959,0.05618,0.06762,0.03121,0.05196,0.03145,0.04264,0.03091,0.03988,0.05021,0.07076,0.06788,0.0344,0.02909,0.03381,0.10275,0.01892,0.03719,0.04164,0.03366,0.03137,0.03422,0.06864,0.03894,0.07306,0.08214,0.05282,0.04972,0.03305,0.05238,0.06298,0.0356,0.05044,0.0254,0.02806,0.03118,0.06902,0.02233,0.05309,0.03561,0.07126,0.03721,0.0223,0.07209,0.0385,0.02796,0.03423,0.02203,0.05991,0.13705,0.05066,0.0528,0.04264,0.05315,0.03228,0.04736,0.1815,0.08149,0.08582,0.04395,0.02199,0.11607,0.04091,0.08878,0.03591,0.10888,0.04886,0.06924,0.08022,0.02575,0.0251,0.0519,0.05399,0.03166,0.03281,0.02241,0.12855,0.03864,0.05209,0.10186,0.04243]},"LENGTH_OF_ERA":{"CATEGORY":"Length of era","MIN_VALUE":1,"P10_VALUE":1,"P25_VALUE":1,"MEDIAN_VALUE":1,"P75_VALUE":5,"P90_VALUE":27,"MAX_VALUE":226},"AGE_AT_FIRST_DIAGNOSIS":{"CATEGORY":["MALE","FEMALE"],"MIN_VALUE":[0,0],"P10_VALUE":[3,15],"P25_VALUE":[12,21],"MEDIAN_VALUE":[18,30],"P75_VALUE":[42,40],"P90_VALUE":[59,52],"MAX_VALUE":[81,88]}}
