{"PREVALENCE_BY_GENDER_AGE_YEAR":{"TRELLIS_NAME":["30-39","20-29","40-49","30-39","20-29","40-49","30-39","40-49","20-29","30-39","20-29","40-49","30-39","40-49","30-39","40-49","20-29","30-39","40-49","30-39","40-49","40-49","30-39","20-29","10-19","40-49","20-29","30-39","20-29","30-39","10-19","40-49","30-39","40-49"],"SERIES_NAME":["FEMALE","FEMALE","FEMALE","FEMALE","FEMALE","FEMALE","FEMALE","FEMALE","FEMALE","FEMALE","FEMALE","FEMALE","FEMALE","FEMALE","FEMALE","FEMALE","FEMALE","FEMALE","FEMALE","FEMALE","FEMALE","FEMALE","FEMALE","FEMALE","FEMALE","FEMALE","FEMALE","FEMALE","FEMALE","FEMALE","FEMALE","FEMALE","FEMALE","FEMALE"],"X_CALENDAR_YEAR":[2004,2004,2004,2005,2005,2005,2006,2006,2006,2007,2007,2007,2008,2008,2009,2009,2010,2010,2010,2011,2011,2012,2012,2012,2013,2013,2013,2013,2014,2014,2014,2014,2015,2015],"Y_PREVALENCE_1000PP":[0.79217,0.42442,0.739,0.84251,0.40999,0.63084,0.80889,0.58134,0.43225,0.99886,0.24455,0.26734,0.64409,0.55059,0.39126,0.41794,0.30007,0.65634,0.42029,0.51808,0.60729,0.35829,0.93999,0.33296,0.32623,0.31084,0.26503,0.68251,0.23186,1.01622,0.43164,0.61952,1.08149,0.65306]},"PREVALENCE_BY_MONTH":{"X_CALENDAR_MONTH":["201408","201205","201108","201504","201312","200512","200501","200903","201503","200504","200604","201003","201404","200608","201212","201410","200705","200607","200801","200612","200406","201005","200408","200805","200605","200706","200703","200410","200503","200506","201207","201411","200602","200509","200606","201001","200812","201505","201210","201203","201206"],"Y_PREVALENCE_1000PP":[0.02922,0.02336,0.01932,0.08843,0.03594,0.03554,0.02921,0.02185,0.06427,0.03149,0.02637,0.03094,0.03431,0.02182,0.02097,0.04748,0.02046,0.03669,0.01964,0.02124,0.05476,0.02171,0.03626,0.02259,0.02231,0.03056,0.02418,0.03257,0.04606,0.02583,0.02374,0.03394,0.02313,0.02871,0.02583,0.02174,0.01891,0.13961,0.02414,0.01978,0.02693]},"LENGTH_OF_ERA":{"CATEGORY":"Length of era","MIN_VALUE":1,"P10_VALUE":1,"P25_VALUE":1,"MEDIAN_VALUE":1,"P75_VALUE":1,"P90_VALUE":1,"MAX_VALUE":30},"AGE_AT_FIRST_DIAGNOSIS":{"CATEGORY":"FEMALE","MIN_VALUE":12,"P10_VALUE":25,"P25_VALUE":30,"MEDIAN_VALUE":36,"P75_VALUE":41,"P90_VALUE":45,"MAX_VALUE":70}}
