{"PREVALENCE_BY_GENDER_AGE_YEAR":{"TRELLIS_NAME":["70-79","50-59","50-59","40-49","70-79","60-69","80-89","60-69","50-59","40-49","50-59","70-79","40-49","70-79","60-69","80-89","60-69","50-59","50-59","40-49","70-79","60-69","60-69","80-89","60-69","90-99","80-89","70-79","50-59","70-79","40-49","50-59","50-59","50-59","40-49","70-79","60-69"],"SERIES_NAME":["FEMALE","FEMALE","MALE","MALE","FEMALE","FEMALE","FEMALE","MALE","MALE","FEMALE","FEMALE","FEMALE","MALE","MALE","FEMALE","FEMALE","MALE","MALE","FEMALE","FEMALE","FEMALE","MALE","FEMALE","FEMALE","FEMALE","FEMALE","FEMALE","FEMALE","MALE","MALE","FEMALE","FEMALE","FEMALE","MALE","FEMALE","FEMALE","FEMALE"],"X_CALENDAR_YEAR":[2010,2011,2011,2011,2011,2011,2011,2011,2012,2012,2012,2012,2012,2012,2012,2012,2012,2013,2013,2013,2013,2013,2013,2013,2014,2014,2014,2014,2014,2014,2014,2014,2015,2015,2015,2015,2015],"Y_PREVALENCE_1000PP":[0.43882,0.4538,0.2949,0.39548,1.05218,0.5394,1.25209,0.41273,0.61171,0.35829,0.8023,1.04071,0.53944,0.52478,0.71594,1.28014,0.53,0.85352,0.5348,0.27198,1.51939,0.32192,1.16419,0.77631,1.0428,2.61552,1.04956,1.48091,0.46734,0.54735,0.39827,0.50205,0.66201,0.97046,0.4898,1.34813,0.74699]},"PREVALENCE_BY_MONTH":{"X_CALENDAR_MONTH":["201410","201208","201111","201201","201303","201211","201105","201206","201503","201407","201204","201212","201203","201302","201207","201209","201306","201210","201011","201307","201403","201409","201505","201406","201106","201309","201103","201412","201408","201104","201110","201107","201101","201312","201502","201112","201301","201402","201109","201311","201304","201012","201010","201205","201504","201411","201202","201501","201405","201401","201404","201108","201102","201305","201308","201310"],"Y_PREVALENCE_1000PP":[0.10552,0.07157,0.02279,0.05903,0.0429,0.0382,0.0254,0.0505,0.08838,0.05626,0.04319,0.03844,0.04287,0.0284,0.02035,0.04465,0.05159,0.06208,0.03438,0.07815,0.04612,0.05048,0.26527,0.07259,0.03828,0.0573,0.02832,0.10786,0.05358,0.02533,0.04541,0.02888,0.02831,0.03594,0.12256,0.01962,0.07023,0.0663,0.02914,0.04718,0.05044,0.03451,0.02495,0.0367,0.10808,0.0396,0.05268,0.05874,0.03081,0.0406,0.05147,0.02254,0.02837,0.04364,0.0528,0.04631]},"LENGTH_OF_ERA":{"CATEGORY":"Length of era","MIN_VALUE":1,"P10_VALUE":1,"P25_VALUE":1,"MEDIAN_VALUE":1,"P75_VALUE":1,"P90_VALUE":1,"MAX_VALUE":109},"AGE_AT_FIRST_DIAGNOSIS":{"CATEGORY":["MALE","FEMALE"],"MIN_VALUE":[15,5],"P10_VALUE":[33,46],"P25_VALUE":[48,56],"MEDIAN_VALUE":[56,66],"P75_VALUE":[68,76],"P90_VALUE":[76,82],"MAX_VALUE":[89,98]}}
