{"PREVALENCE_BY_GENDER_AGE_YEAR":{"TRELLIS_NAME":["10-19","10-19","0-9","0-9","10-19","10-19","0-9","10-19","10-19","0-9","20-29","20-29","10-19","0-9","10-19","0-9","10-19"],"SERIES_NAME":["FEMALE","FEMALE","MALE","FEMALE","FEMALE","MALE","MALE","MALE","FEMALE","FEMALE","FEMALE","MALE","FEMALE","FEMALE","MALE","MALE","FEMALE"],"X_CALENDAR_YEAR":[2010,2011,2011,2012,2012,2012,2012,2013,2013,2013,2013,2014,2014,2014,2014,2014,2015],"Y_PREVALENCE_1000PP":[0.33336,0.4288,0.20907,0.24084,0.65206,0.3305,0.24938,0.60895,0.51265,0.33691,0.26503,0.37242,0.91723,0.4181,0.3524,0.41319,0.57186]},"PREVALENCE_BY_MONTH":{"X_CALENDAR_MONTH":["201301","201205","201504","201404","201407","201302","201505","201305","201312","201107","201401","201405","201207","201109","201211","201306","201310"],"Y_PREVALENCE_1000PP":[0.02107,0.03337,0.05895,0.0386,0.02813,0.0213,0.09773,0.03637,0.02796,0.01925,0.03654,0.03961,0.02374,0.01942,0.02431,0.03316,0.02702]},"LENGTH_OF_ERA":{"CATEGORY":"Length of era","MIN_VALUE":1,"P10_VALUE":1,"P25_VALUE":1,"MEDIAN_VALUE":1,"P75_VALUE":1,"P90_VALUE":1,"MAX_VALUE":43},"AGE_AT_FIRST_DIAGNOSIS":{"CATEGORY":["FEMALE","MALE"],"MIN_VALUE":[2,1],"P10_VALUE":[6,4],"P25_VALUE":[11,8],"MEDIAN_VALUE":[17,17],"P75_VALUE":[34,28],"P90_VALUE":[54,48],"MAX_VALUE":[83,70]}}
