{"PREVALENCE_BY_GENDER_AGE_YEAR":{"TRELLIS_NAME":["60-69","80-89","50-59","60-69","60-69","60-69"],"SERIES_NAME":["FEMALE","MALE","MALE","MALE","MALE","FEMALE"],"X_CALENDAR_YEAR":[2007,2010,2010,2012,2013,2014],"Y_PREVALENCE_1000PP":[0.33017,0.92436,0.33984,0.371,0.32192,0.27203]},"PREVALENCE_BY_MONTH":{"X_CALENDAR_MONTH":["200404","201403","201505","200806","200811","200406","201405","201504"],"Y_PREVALENCE_1000PP":[0.05933,0.02516,0.09773,0.01931,0.01899,0.04791,0.03081,0.05895]},"LENGTH_OF_ERA":{"CATEGORY":"Length of era","MIN_VALUE":1,"P10_VALUE":1,"P25_VALUE":1,"MEDIAN_VALUE":1,"P75_VALUE":1,"P90_VALUE":4,"MAX_VALUE":63},"AGE_AT_FIRST_DIAGNOSIS":{"CATEGORY":["FEMALE","MALE"],"MIN_VALUE":[1,2],"P10_VALUE":[16,9],"P25_VALUE":[44,42],"MEDIAN_VALUE":[63,60],"P75_VALUE":[72,71],"P90_VALUE":[81,80],"MAX_VALUE":[94,90]}}
