{"PREVALENCE_BY_GENDER_AGE_YEAR":{"TRELLIS_NAME":["20-29","30-39","30-39","20-29","30-39","30-39","20-29","30-39","20-29","30-39","20-29","20-29","30-39","20-29","30-39","20-29","30-39","20-29","30-39","20-29","30-39","30-39"],"SERIES_NAME":["FEMALE","FEMALE","FEMALE","FEMALE","FEMALE","FEMALE","FEMALE","FEMALE","FEMALE","FEMALE","FEMALE","FEMALE","FEMALE","FEMALE","FEMALE","FEMALE","FEMALE","FEMALE","FEMALE","FEMALE","FEMALE","FEMALE"],"X_CALENDAR_YEAR":[2004,2004,2005,2006,2006,2007,2007,2008,2008,2009,2009,2010,2010,2011,2011,2012,2012,2013,2013,2014,2014,2015],"Y_PREVALENCE_1000PP":[0.463,0.35648,0.22683,0.5187,0.35951,0.22831,0.48909,0.48307,0.25691,0.46951,0.3948,0.35008,0.47256,0.44458,0.32721,0.27747,0.29375,0.17669,0.27921,0.46373,0.49059,0.57256]},"PREVALENCE_BY_MONTH":{"X_CALENDAR_MONTH":["200612","201010","200904","201412","201410"],"Y_PREVALENCE_1000PP":[0.02124,0.02183,0.01872,0.04794,0.04221]},"LENGTH_OF_ERA":{"CATEGORY":"Length of era","MIN_VALUE":1,"P10_VALUE":1,"P25_VALUE":1,"MEDIAN_VALUE":1,"P75_VALUE":1,"P90_VALUE":8,"MAX_VALUE":85},"AGE_AT_FIRST_DIAGNOSIS":{"CATEGORY":"FEMALE","MIN_VALUE":17,"P10_VALUE":21,"P25_VALUE":25,"MEDIAN_VALUE":30,"P75_VALUE":35,"P90_VALUE":39,"MAX_VALUE":51}}
