{"PREVALENCE_BY_GENDER_AGE_YEAR":{"TRELLIS_NAME":["70-79","70-79","40-49","50-59","80-89","80-89","60-69","60-69","30-39","70-79","40-49","50-59","70-79","50-59","80-89","60-69","60-69","20-29","60-69","80-89","50-59","70-79","60-69","70-79","80-89","60-69","70-79","50-59","70-79","60-69","80-89","70-79","50-59","60-69","70-79","80-89","80-89","60-69","50-59","70-79","50-59","70-79","40-49","60-69","80-89","60-69","70-79","50-59","70-79","80-89","60-69","60-69","30-39","50-59","70-79","60-69","80-89","60-69","70-79","50-59","70-79","30-39","80-89","60-69","60-69","30-39","60-69","20-29","80-89","80-89","60-69","70-79","70-79","50-59","40-49","70-79","60-69"],"SERIES_NAME":["MALE","FEMALE","FEMALE","MALE","FEMALE","MALE","MALE","FEMALE","FEMALE","FEMALE","FEMALE","MALE","MALE","FEMALE","MALE","MALE","FEMALE","FEMALE","MALE","MALE","FEMALE","MALE","MALE","MALE","MALE","FEMALE","MALE","MALE","FEMALE","MALE","MALE","FEMALE","MALE","FEMALE","MALE","FEMALE","MALE","MALE","FEMALE","MALE","MALE","FEMALE","FEMALE","MALE","MALE","FEMALE","MALE","MALE","FEMALE","MALE","MALE","FEMALE","FEMALE","FEMALE","MALE","FEMALE","FEMALE","MALE","MALE","FEMALE","FEMALE","FEMALE","MALE","MALE","FEMALE","FEMALE","MALE","FEMALE","MALE","FEMALE","FEMALE","FEMALE","MALE","FEMALE","FEMALE","MALE","MALE"],"X_CALENDAR_YEAR":[2004,2004,2004,2004,2004,2004,2004,2004,2004,2005,2005,2005,2005,2005,2005,2005,2005,2006,2006,2006,2006,2006,2007,2007,2007,2008,2008,2008,2008,2008,2008,2009,2009,2009,2009,2009,2009,2009,2010,2010,2010,2010,2010,2010,2010,2010,2011,2011,2011,2011,2011,2011,2012,2012,2012,2012,2012,2012,2013,2013,2013,2013,2013,2013,2013,2014,2014,2014,2014,2014,2014,2014,2014,2014,2014,2015,2015],"Y_PREVALENCE_1000PP":[2.97619,0.819,0.27712,0.66523,1.34567,3.53165,2.17762,1.46026,0.35648,0.45455,0.25976,0.64965,1.72463,0.40746,2.16029,1.76029,0.72817,0.1729,1.06816,1.91644,0.33363,1.73868,0.67332,0.97903,1.42096,0.36033,1.33953,0.40367,0.51797,0.85734,1.33757,0.75786,0.54275,0.301,1.9545,0.64781,1.28205,0.76603,0.41069,1.28759,0.58258,0.62688,0.19398,0.73595,1.23248,0.33537,1.04236,0.34405,0.37136,1.49276,0.72228,0.24895,0.17625,0.32822,1.19949,0.33691,0.64007,0.901,1.41107,0.6112,0.60775,0.18614,2.10939,0.85846,0.30183,0.21025,0.45228,0.23186,1.27146,0.81633,0.58941,0.57949,0.93831,0.37654,0.30976,1.03761,0.76104]},"PREVALENCE_BY_MONTH":{"X_CALENDAR_MONTH":["200406","201309","200804","201007","201405","201206","200403","201010","201402","200808","200602","201412","200708","200506","200711","201301","201307","200909","201209","201304","200912","200703","200911","200712","200412","200811","201505","200409","200605","201203","201408","201302","200907","200904","201502","201101","201009","201003","200509","200503","200502","201006","201312","201212","201011","200407","200901","201409","201406","200410","201107","200706","200805","201403","200608","201310","200607","201104","200404","200405","201211","200802","200606","200401","200603","201005","200610","201002","201303","201004","201012","200702","201210","201305","201001","200910","200402","200908","201404","200609","200408","201207","200905","201306","200704","201102","200710","201109","200508","201504","200505","200806","200511","201201","200810","200906","200903","201407","200809","200601","200411","201204","200604","200510","201410","200812","200807","200902","201411","200501","201108","201105","200507","200504","201208","201503"],"Y_PREVALENCE_1000PP":[0.13689,0.03056,0.02589,0.03417,0.02641,0.03703,0.15783,0.02806,0.04558,0.03842,0.0347,0.05393,0.0269,0.06028,0.02314,0.02809,0.03721,0.02178,0.02748,0.04324,0.02794,0.02418,0.02174,0.03959,0.0703,0.01899,0.13961,0.04576,0.04091,0.03627,0.03896,0.04615,0.0218,0.02808,0.05047,0.04089,0.03429,0.03094,0.05332,0.05066,0.0475,0.0248,0.05192,0.04194,0.03126,0.0641,0.03141,0.03029,0.0499,0.05971,0.02888,0.02717,0.02905,0.04612,0.02182,0.05403,0.02202,0.02216,0.12713,0.08298,0.03125,0.02938,0.05904,0.23823,0.04173,0.04961,0.02503,0.02797,0.03218,0.02478,0.02196,0.02445,0.03794,0.04,0.03416,0.02484,0.07838,0.02805,0.03002,0.02529,0.06648,0.02035,0.02801,0.03316,0.02064,0.01892,0.02983,0.02914,0.0458,0.08843,0.04835,0.02575,0.03589,0.03608,0.04752,0.04044,0.02809,0.04689,0.01911,0.02722,0.07802,0.01993,0.04144,0.04848,0.05804,0.02206,0.02884,0.03451,0.03394,0.05354,0.02576,0.03492,0.05092,0.05849,0.03749,0.09641]},"LENGTH_OF_ERA":{"CATEGORY":"Length of era","MIN_VALUE":1,"P10_VALUE":1,"P25_VALUE":1,"MEDIAN_VALUE":1,"P75_VALUE":1,"P90_VALUE":1,"MAX_VALUE":57},"AGE_AT_FIRST_DIAGNOSIS":{"CATEGORY":["MALE","FEMALE"],"MIN_VALUE":[2,3],"P10_VALUE":[50,27],"P25_VALUE":[62,45],"MEDIAN_VALUE":[70,60],"P75_VALUE":[78,72],"P90_VALUE":[82,80],"MAX_VALUE":[97,93]}}
