{"PREVALENCE_BY_GENDER_AGE_YEAR":{"TRELLIS_NAME":["60-69","80-89","60-69","80-89","70-79","70-79","40-49","60-69","80-89","80-89","60-69","50-59","40-49","70-79","70-79","30-39","30-39","40-49","50-59","70-79","70-79","80-89","60-69","0-9","80-89","60-69","80-89","0-9","60-69","80-89","60-69","70-79","40-49","50-59","70-79","50-59","40-49","60-69","80-89","80-89","60-69","0-9","40-49","70-79","50-59","40-49","50-59","70-79","60-69","80-89","80-89","50-59","70-79","50-59","70-79","60-69","60-69","80-89","80-89","60-69","50-59","70-79","40-49","50-59","40-49","70-79","50-59","70-79","50-59","70-79","40-49","60-69","80-89","80-89","60-69","70-79","50-59","70-79","0-9","60-69","80-89","80-89","60-69","50-59","70-79","50-59","70-79","30-39","20-29","80-89","60-69","60-69","80-89","60-69","20-29","80-89","80-89","60-69","70-79","70-79","50-59","50-59","70-79","60-69","70-79","80-89","80-89"],"SERIES_NAME":["FEMALE","FEMALE","MALE","MALE","MALE","FEMALE","MALE","MALE","MALE","FEMALE","FEMALE","FEMALE","FEMALE","FEMALE","MALE","MALE","FEMALE","FEMALE","FEMALE","MALE","FEMALE","MALE","MALE","MALE","FEMALE","FEMALE","MALE","MALE","FEMALE","FEMALE","MALE","MALE","MALE","MALE","FEMALE","FEMALE","FEMALE","MALE","FEMALE","MALE","FEMALE","MALE","MALE","MALE","MALE","FEMALE","FEMALE","FEMALE","MALE","MALE","FEMALE","FEMALE","FEMALE","MALE","MALE","FEMALE","MALE","MALE","FEMALE","FEMALE","FEMALE","MALE","MALE","MALE","FEMALE","FEMALE","FEMALE","MALE","MALE","FEMALE","FEMALE","FEMALE","FEMALE","MALE","MALE","FEMALE","FEMALE","MALE","MALE","FEMALE","MALE","FEMALE","MALE","MALE","MALE","FEMALE","FEMALE","FEMALE","MALE","MALE","MALE","FEMALE","FEMALE","MALE","FEMALE","MALE","FEMALE","FEMALE","FEMALE","MALE","MALE","FEMALE","FEMALE","FEMALE","MALE","MALE","FEMALE"],"X_CALENDAR_YEAR":[2004,2004,2004,2004,2004,2004,2004,2005,2005,2005,2005,2005,2005,2005,2005,2006,2006,2006,2006,2006,2006,2006,2006,2006,2006,2006,2007,2007,2007,2007,2007,2007,2007,2007,2007,2007,2007,2008,2008,2008,2008,2008,2008,2008,2008,2008,2008,2008,2009,2009,2009,2009,2009,2009,2009,2009,2010,2010,2010,2010,2010,2010,2010,2010,2010,2010,2011,2011,2011,2011,2011,2011,2011,2011,2011,2012,2012,2012,2012,2012,2012,2012,2012,2013,2013,2013,2013,2013,2013,2013,2013,2013,2013,2014,2014,2014,2014,2014,2014,2014,2014,2014,2015,2015,2015,2015,2015],"Y_PREVALENCE_1000PP":[0.55629,1.51388,0.56807,4.07498,2.17491,0.91,0.67779,0.76535,4.53662,2.64477,0.61614,0.40746,0.37109,1.43939,3.35345,0.40808,0.17975,0.30777,0.3707,3.12962,1.3108,5.1744,0.60084,0.26599,3.4147,0.35218,3.01954,0.24917,0.66035,2.13093,0.48969,1.71331,0.49377,0.32019,1.74064,0.43107,0.23393,0.68587,2.35823,3.51112,0.45041,0.20668,0.37893,2.0487,0.30276,0.32388,0.34849,0.77695,0.82075,5.12821,2.48326,0.27346,0.75786,0.39473,2.26722,0.473,0.42054,4.62178,1.69924,0.71267,0.34224,2.34795,0.37912,0.29129,0.38796,1.12839,0.31417,1.48909,0.3932,1.11407,0.26991,0.58089,1.35643,3.28407,0.36114,1.53046,0.25528,2.02414,0.285,0.37903,3.13199,1.9202,0.583,0.4801,1.5596,0.382,1.39784,0.18614,0.32739,2.71207,0.6975,0.68989,1.55262,0.67843,0.19874,3.17864,0.69971,0.40805,1.28775,1.09469,0.35051,0.3347,1.14072,0.59759,1.81582,1.55119,1.84775]},"PREVALENCE_BY_MONTH":{"X_CALENDAR_MONTH":["200903","201003","200608","200907","200512","201203","201212","201206","200611","200811","201308","200808","200910","200701","200704","201412","200605","200809","200711","201302","201305","200602","201312","201409","200509","201502","201411","201501","201106","200804","200904","200807","200505","201408","200405","201110","201109","201202","200506","201504","200901","200412","201505","200601","200502","201404","201010","201009","201012","201410","200409","200911","201103","201407","201309","200708","201306","201108","201201","200803","200806","201102","200408","201105","200705","200501","201311","200411","200504","200702","200612","200707","200511","201402","200710","201204","200606","201405","200507","201001","200508","200801","201205","200603","200812","201007","201112","201207","200609","201210","200810","200406","201004","200510","201104","200805","201101","200908","200905","201310","200410","201503","201111","201303","201006","200703","200902","200912","200607","200709","201307","200706","200404","201406","200712","200407","200503","201403","200604","200909","200402","201011","201107","201401","201209","200802","201002","200610","201005","200906","201304","201301","201008","201211","200401","201208"],"Y_PREVALENCE_1000PP":[0.05307,0.07735,0.08,0.0623,0.06712,0.03297,0.05591,0.05386,0.06396,0.03482,0.07165,0.04802,0.0621,0.0666,0.04816,0.08988,0.08926,0.07009,0.0661,0.0426,0.05819,0.07326,0.05591,0.09591,0.06563,0.12256,0.05657,0.05874,0.04785,0.04531,0.07801,0.07369,0.09231,0.08767,0.06789,0.0519,0.08093,0.07244,0.08181,0.1965,0.03456,0.0703,0.33507,0.07389,0.07601,0.05576,0.05613,0.06858,0.05019,0.1108,0.05148,0.0559,0.0472,0.0422,0.05348,0.08071,0.08475,0.07406,0.0492,0.04222,0.06116,0.04098,0.0544,0.05714,0.09888,0.04868,0.06683,0.07802,0.08098,0.0454,0.06017,0.09129,0.1276,0.04972,0.06298,0.07308,0.08487,0.11003,0.05092,0.05279,0.07495,0.07202,0.07674,0.07588,0.0851,0.0466,0.03925,0.04409,0.08309,0.05863,0.03168,0.07529,0.08362,0.05657,0.06333,0.06133,0.05976,0.06858,0.08091,0.05789,0.09228,0.07231,0.06837,0.06078,0.06821,0.0449,0.05647,0.0621,0.10274,0.04018,0.07815,0.07811,0.1017,0.05898,0.03299,0.07051,0.0829,0.04193,0.08288,0.06845,0.1437,0.05939,0.05776,0.05684,0.06183,0.0457,0.0435,0.05363,0.06822,0.03733,0.05044,0.07374,0.04977,0.04861,0.21838,0.07498]},"LENGTH_OF_ERA":{"CATEGORY":"Length of era","MIN_VALUE":1,"P10_VALUE":1,"P25_VALUE":1,"MEDIAN_VALUE":1,"P75_VALUE":1,"P90_VALUE":11,"MAX_VALUE":134},"AGE_AT_FIRST_DIAGNOSIS":{"CATEGORY":["MALE","FEMALE"],"MIN_VALUE":[0,0],"P10_VALUE":[23,26],"P25_VALUE":[51,49],"MEDIAN_VALUE":[72,67],"P75_VALUE":[79,78],"P90_VALUE":[84,84],"MAX_VALUE":[95,93]}}
