{"PREVALENCE_BY_GENDER_AGE_YEAR":{"TRELLIS_NAME":["80-89","60-69","80-89","60-69","30-39","30-39","70-79","50-59","40-49","50-59","40-49","70-79","60-69","80-89","80-89","60-69","40-49","40-49","50-59","70-79","50-59","30-39","70-79","40-49","50-59","70-79","50-59","30-39","30-39","60-69","80-89","80-89","60-69","80-89","20-29","40-49","70-79","50-59","70-79","50-59","60-69","60-69","80-89","60-69","40-49","70-79","50-59","50-59"],"SERIES_NAME":["FEMALE","MALE","MALE","FEMALE","FEMALE","MALE","FEMALE","FEMALE","FEMALE","MALE","MALE","MALE","MALE","MALE","FEMALE","FEMALE","FEMALE","MALE","MALE","MALE","FEMALE","MALE","MALE","MALE","MALE","FEMALE","FEMALE","FEMALE","MALE","MALE","MALE","FEMALE","FEMALE","MALE","MALE","MALE","MALE","MALE","FEMALE","FEMALE","MALE","MALE","MALE","FEMALE","MALE","MALE","MALE","FEMALE"],"X_CALENDAR_YEAR":[2004,2004,2004,2004,2004,2004,2004,2004,2004,2004,2004,2004,2005,2005,2005,2005,2005,2005,2005,2005,2005,2005,2006,2006,2006,2006,2006,2006,2006,2006,2006,2006,2006,2007,2007,2007,2007,2007,2007,2007,2007,2008,2008,2008,2008,2008,2008,2008],"Y_PREVALENCE_1000PP":[1.85029,3.69248,5.97664,0.97351,0.31687,0.83411,0.637,0.35441,0.3695,1.99568,1.10141,4.80769,2.98485,3.6725,0.83519,0.50412,0.22265,0.73613,0.77958,4.59902,0.48896,0.45331,3.47735,0.65166,0.86406,0.55191,0.25949,0.20971,0.47609,1.80252,4.40782,1.01176,0.65406,4.4405,0.33574,0.65836,3.5082,0.80047,0.66948,0.3233,1.28543,0.85734,1.83916,0.40537,0.43306,1.41833,0.70643,0.24394]},"PREVALENCE_BY_MONTH":{"X_CALENDAR_MONTH":["200606","200706","200609","200612","200709","200801","200804","200503","200704","200406","200702","200807","200403","200707","200409","200407","200705","200710","200502","200712","200412","200402","200708","200501","200802","200512","200805","200410","200803","200711","200603","200405","200411","200404","200408","200701","200505","200607","200601","200604","200602","200611","200511","200605","200610","200506","200401","200608","200703","200510","200509","200508","200507","200809","200806","200902","200808","200504"],"Y_PREVALENCE_1000PP":[0.06642,0.04075,0.04335,0.04247,0.03683,0.04583,0.02913,0.0783,0.06536,0.16427,0.0454,0.03524,0.17756,0.04395,0.10867,0.16026,0.06137,0.07955,0.06651,0.03959,0.08034,0.11757,0.07062,0.07301,0.03591,0.05133,0.02259,0.13028,0.04547,0.04627,0.07967,0.13578,0.11443,0.14408,0.12693,0.03155,0.06154,0.0477,0.08944,0.06781,0.0964,0.06751,0.04785,0.02975,0.06078,0.08612,0.27793,0.05818,0.04836,0.08485,0.08614,0.08327,0.04243,0.07009,0.04185,0.01882,0.01921,0.07649]},"LENGTH_OF_ERA":{"CATEGORY":"Length of era","MIN_VALUE":1,"P10_VALUE":1,"P25_VALUE":1,"MEDIAN_VALUE":1,"P75_VALUE":1,"P90_VALUE":9,"MAX_VALUE":51},"AGE_AT_FIRST_DIAGNOSIS":{"CATEGORY":["FEMALE","MALE"],"MIN_VALUE":[1,0],"P10_VALUE":[26,35],"P25_VALUE":[38,54],"MEDIAN_VALUE":[57,66],"P75_VALUE":[70,76],"P90_VALUE":[82,81],"MAX_VALUE":[97,97]}}
