{"PREVALENCE_BY_GENDER_AGE_YEAR":{"TRELLIS_NAME":["10-19","10-19","10-19","10-19","10-19","10-19","10-19","10-19","10-19","20-29","10-19"],"SERIES_NAME":["MALE","MALE","MALE","MALE","MALE","MALE","MALE","MALE","MALE","MALE","MALE"],"X_CALENDAR_YEAR":[2005,2006,2007,2008,2009,2010,2011,2012,2013,2013,2014],"Y_PREVALENCE_1000PP":[0.34276,0.45715,0.28259,0.41025,0.35698,0.63501,0.37058,0.47214,0.35522,0.32739,0.41114]},"PREVALENCE_BY_MONTH":{"X_CALENDAR_MONTH":["201411","201004"],"Y_PREVALENCE_1000PP":[0.0396,0.01858]},"LENGTH_OF_ERA":{"CATEGORY":"Length of era","MIN_VALUE":1,"P10_VALUE":1,"P25_VALUE":1,"MEDIAN_VALUE":1,"P75_VALUE":1,"P90_VALUE":1,"MAX_VALUE":63},"AGE_AT_FIRST_DIAGNOSIS":{"CATEGORY":["MALE","FEMALE"],"MIN_VALUE":[2,0],"P10_VALUE":[10,9],"P25_VALUE":[13,13],"MEDIAN_VALUE":[17,21],"P75_VALUE":[30,51],"P90_VALUE":[51,67],"MAX_VALUE":[83,81]}}
