{"PREVALENCE_BY_GENDER_AGE_YEAR":{"TRELLIS_NAME":["0-9","0-9","0-9","0-9","0-9","0-9","0-9","0-9","0-9","0-9","0-9","0-9","10-19","10-19","10-19","0-9","0-9","10-19","0-9","0-9","0-9","0-9"],"SERIES_NAME":["MALE","FEMALE","MALE","FEMALE","MALE","FEMALE","MALE","FEMALE","MALE","FEMALE","MALE","FEMALE","FEMALE","MALE","FEMALE","FEMALE","MALE","MALE","FEMALE","MALE","MALE","FEMALE"],"X_CALENDAR_YEAR":[2006,2006,2007,2007,2008,2009,2010,2010,2011,2011,2012,2012,2012,2012,2013,2013,2013,2013,2014,2014,2015,2015],"Y_PREVALENCE_1000PP":[0.49398,0.5602,0.28477,0.32288,0.31001,0.34265,0.37621,0.3883,0.48782,0.66871,1.21126,1.36475,0.52165,0.80264,0.27963,1.01074,0.44868,0.45671,0.8362,0.61978,0.58424,0.58115]},"PREVALENCE_BY_MONTH":{"X_CALENDAR_MONTH":["201104","201203","201206","201305","201311","200704","201308","201103","200611","201411","201202","201205","200607","201504","201207","201204","201301","201304","200908","201503","201410"],"Y_PREVALENCE_1000PP":[0.0285,0.03957,0.02693,0.03273,0.03145,0.02752,0.02263,0.02203,0.03198,0.0396,0.0461,0.08008,0.03669,0.06878,0.0407,0.07308,0.02107,0.02162,0.0187,0.05624,0.05276]},"LENGTH_OF_ERA":{"CATEGORY":"Length of era","MIN_VALUE":1,"P10_VALUE":1,"P25_VALUE":1,"MEDIAN_VALUE":1,"P75_VALUE":1,"P90_VALUE":1,"MAX_VALUE":57},"AGE_AT_FIRST_DIAGNOSIS":{"CATEGORY":["MALE","FEMALE"],"MIN_VALUE":[0,0],"P10_VALUE":[1,2],"P25_VALUE":[3,3],"MEDIAN_VALUE":[7,7],"P75_VALUE":[11,16],"P90_VALUE":[18,49],"MAX_VALUE":[85,98]}}
