{"PREVALENCE_BY_GENDER_AGE_YEAR":{"TRELLIS_NAME":["50-59","40-49","40-49","30-39","20-29","40-49","30-39","20-29","40-49","40-49","30-39","40-49","20-29","30-39","40-49","40-49","30-39","30-39","20-29","50-59","40-49","30-39","20-29","50-59","30-39","50-59","20-29","60-69","40-49","50-59","40-49","40-49","30-39","40-49","60-69","20-29","50-59","40-49","40-49","60-69","60-69","20-29","20-29","30-39","20-29","20-29","30-39","30-39","40-49","50-59","50-59","40-49","40-49","50-59"],"SERIES_NAME":["FEMALE","FEMALE","MALE","MALE","MALE","MALE","MALE","MALE","MALE","FEMALE","FEMALE","FEMALE","MALE","FEMALE","MALE","FEMALE","MALE","FEMALE","MALE","MALE","MALE","FEMALE","MALE","FEMALE","MALE","FEMALE","FEMALE","FEMALE","MALE","MALE","FEMALE","FEMALE","MALE","MALE","FEMALE","MALE","MALE","MALE","FEMALE","MALE","FEMALE","MALE","FEMALE","MALE","FEMALE","MALE","FEMALE","MALE","MALE","MALE","FEMALE","FEMALE","MALE","FEMALE"],"X_CALENDAR_YEAR":[2004,2004,2004,2004,2004,2005,2005,2005,2006,2006,2006,2007,2007,2007,2008,2008,2008,2008,2008,2009,2009,2010,2010,2010,2011,2011,2011,2011,2011,2011,2011,2012,2012,2012,2012,2012,2013,2013,2013,2013,2013,2013,2013,2013,2014,2014,2014,2014,2014,2014,2014,2014,2015,2015],"Y_PREVALENCE_1000PP":[0.35441,0.3695,0.67779,0.92678,0.83971,0.60229,0.98217,0.64567,0.47393,0.37616,0.26963,0.23393,0.33574,0.22831,0.4872,0.29149,0.60898,0.32204,0.42705,0.34539,0.42866,0.23628,0.30125,0.23957,0.42473,0.24435,0.26152,0.29044,0.56497,0.3932,0.47233,0.35829,0.43698,0.4795,0.2948,0.41184,0.37341,0.84039,0.23313,0.32192,0.25871,0.32739,0.17669,0.58445,0.33124,0.37242,0.35042,0.72443,0.66711,0.40893,0.41838,0.53102,1.15858,0.5149]},"PREVALENCE_BY_MONTH":{"X_CALENDAR_MONTH":["200602","200908","201305","200907","200911","201501","200606","201408","200804","200412","201010","201312","201007","201505","201504","200403","201106","201210","200807","200808","201409","201203","200410","201412","201105","201012","200803","201309","200405","200509","201101","200506","200710","201310","200503","201307","201402","200801","201110","201304","201011","200401","201401","201211","200610","201406","201008","201403","201108","200812","201205","201410","200604","201111","201503","200508","201212","200909","200601"],"Y_PREVALENCE_1000PP":[0.02699,0.02494,0.02909,0.0218,0.02174,0.06526,0.02952,0.0487,0.03237,0.03013,0.01871,0.02396,0.02174,0.19546,0.10808,0.06905,0.04147,0.04484,0.02563,0.02241,0.05048,0.01978,0.05971,0.03595,0.03175,0.02196,0.02273,0.0382,0.06035,0.02871,0.02831,0.02583,0.0232,0.03088,0.03224,0.02233,0.02901,0.01964,0.02595,0.03603,0.01875,0.11911,0.07308,0.02431,0.02503,0.04083,0.01866,0.04612,0.01932,0.01891,0.02669,0.03166,0.0226,0.01953,0.05624,0.02915,0.03844,0.01867,0.02333]},"LENGTH_OF_ERA":{"CATEGORY":"Length of era","MIN_VALUE":1,"P10_VALUE":1,"P25_VALUE":1,"MEDIAN_VALUE":1,"P75_VALUE":1,"P90_VALUE":1,"MAX_VALUE":36},"AGE_AT_FIRST_DIAGNOSIS":{"CATEGORY":["MALE","FEMALE"],"MIN_VALUE":[18,0],"P10_VALUE":[23,25],"P25_VALUE":[31,32],"MEDIAN_VALUE":[41,42],"P75_VALUE":[51,53],"P90_VALUE":[61,63],"MAX_VALUE":[94,86]}}
