{"PREVALENCE_BY_GENDER_AGE_YEAR":{"TRELLIS_NAME":["70-79","10-19"],"SERIES_NAME":["FEMALE","MALE"],"X_CALENDAR_YEAR":[2013,2013],"Y_PREVALENCE_1000PP":[0.36465,0.40597]},"PREVALENCE_BY_MONTH":{"X_CALENDAR_MONTH":["201303","201305","201405","201505","201105","201501","201304","201301","201208"],"Y_PREVALENCE_1000PP":[0.02503,0.02182,0.02641,0.08377,0.01905,0.03916,0.02522,0.02809,0.02045]},"LENGTH_OF_ERA":{"CATEGORY":"Length of era","MIN_VALUE":1,"P10_VALUE":1,"P25_VALUE":1,"MEDIAN_VALUE":1,"P75_VALUE":1,"P90_VALUE":1,"MAX_VALUE":26},"AGE_AT_FIRST_DIAGNOSIS":{"CATEGORY":["FEMALE","MALE"],"MIN_VALUE":[0,0],"P10_VALUE":[10,11],"P25_VALUE":[28,16],"MEDIAN_VALUE":[54,40],"P75_VALUE":[67,57],"P90_VALUE":[78,73],"MAX_VALUE":[92,85]}}
