{"PREVALENCE_BY_GENDER_AGE_YEAR":{"TRELLIS_NAME":["70-79","70-79","50-59","60-69","80-89","80-89","70-79","70-79","60-69","80-89","60-69","60-69","80-89","70-79","50-59","80-89","60-69","60-69","70-79","50-59","70-79","80-89","80-89","70-79","70-79","60-69","60-69","80-89","60-69","60-69","60-69","70-79","70-79","60-69","60-69","60-69","70-79","50-59","70-79"],"SERIES_NAME":["MALE","FEMALE","MALE","FEMALE","MALE","FEMALE","FEMALE","MALE","MALE","FEMALE","FEMALE","MALE","FEMALE","FEMALE","FEMALE","FEMALE","MALE","FEMALE","MALE","FEMALE","FEMALE","FEMALE","MALE","MALE","FEMALE","MALE","FEMALE","FEMALE","FEMALE","MALE","FEMALE","FEMALE","MALE","MALE","FEMALE","MALE","MALE","MALE","MALE"],"X_CALENDAR_YEAR":[2004,2004,2004,2004,2004,2004,2005,2005,2005,2005,2005,2006,2006,2006,2006,2007,2007,2007,2007,2007,2007,2008,2008,2008,2008,2009,2009,2010,2011,2011,2012,2013,2013,2013,2013,2014,2014,2014,2015],"Y_PREVALENCE_1000PP":[0.80128,1.001,0.49892,0.48675,1.90166,1.34567,0.83333,1.05394,0.53574,0.97439,0.56013,0.53408,0.75882,0.75888,0.25949,0.8287,0.42848,0.33017,0.97903,0.25145,0.66948,0.78608,1.17037,0.94555,0.64746,0.43773,0.258,0.63721,0.29044,0.41273,0.25268,0.42543,0.4456,0.42923,0.34495,0.50882,0.93831,0.40893,0.77821]},"PREVALENCE_BY_MONTH":{"X_CALENDAR_MONTH":["200504","200802","200507","201105","201406","201008","200805","201404","201409","201401","200405","200510","201108","201111","200710","201103","200708","201104","200806","200711","200712","201407","201410","200706","200409","200403","200704","201405","201403","200508","201305","200804","200412","200406","200701","201311","201203","200511","201504","200807","200512","200604","200404","201211","200905","201303","200907","200908","200401","201004","200609","200506","201301","200607","200703","201307"],"Y_PREVALENCE_1000PP":[0.03149,0.02285,0.02546,0.02222,0.02722,0.02489,0.01937,0.04289,0.05048,0.02436,0.04526,0.02828,0.02898,0.02279,0.03978,0.01888,0.02018,0.019,0.02575,0.02975,0.02639,0.03282,0.04748,0.02377,0.0572,0.06905,0.03096,0.02641,0.04612,0.02915,0.02546,0.02913,0.05021,0.07529,0.02103,0.03145,0.01978,0.02791,0.05895,0.02563,0.03554,0.02637,0.0678,0.03125,0.01867,0.02145,0.0218,0.02494,0.15882,0.02787,0.0289,0.03014,0.02107,0.02569,0.02763,0.04466]},"LENGTH_OF_ERA":{"CATEGORY":"Length of era","MIN_VALUE":1,"P10_VALUE":1,"P25_VALUE":1,"MEDIAN_VALUE":1,"P75_VALUE":1,"P90_VALUE":19,"MAX_VALUE":192},"AGE_AT_FIRST_DIAGNOSIS":{"CATEGORY":["MALE","FEMALE"],"MIN_VALUE":[22,14],"P10_VALUE":[51,49],"P25_VALUE":[60,61],"MEDIAN_VALUE":[69,72],"P75_VALUE":[77,81],"P90_VALUE":[84,88],"MAX_VALUE":[94,99]}}
