{"PREVALENCE_BY_GENDER_AGE_YEAR":{"TRELLIS_NAME":["10-19","70-79","50-59","40-49","30-39","20-29","60-69","50-59","40-49","70-79","10-19","30-39","20-29","60-69","20-29","60-69","30-39","40-49","50-59","10-19","60-69","10-19","40-49","50-59","20-29","30-39","10-19","60-69","40-49","50-59","70-79","30-39","20-29","40-49","10-19","70-79","50-59","60-69","20-29","30-39","10-19","40-49","70-79","50-59","30-39","60-69","20-29","10-19","40-49","60-69","20-29","30-39","50-59","10-19","20-29","30-39","40-49","50-59","30-39","20-29","10-19","40-49","50-59","60-69","10-19","50-59","40-49","30-39","20-29","60-69","20-29","30-39","40-49"],"SERIES_NAME":["FEMALE","FEMALE","FEMALE","FEMALE","FEMALE","FEMALE","FEMALE","FEMALE","FEMALE","FEMALE","FEMALE","FEMALE","FEMALE","FEMALE","FEMALE","FEMALE","FEMALE","FEMALE","FEMALE","FEMALE","FEMALE","FEMALE","FEMALE","FEMALE","FEMALE","FEMALE","FEMALE","FEMALE","FEMALE","FEMALE","FEMALE","FEMALE","FEMALE","FEMALE","FEMALE","FEMALE","FEMALE","FEMALE","FEMALE","FEMALE","FEMALE","FEMALE","FEMALE","FEMALE","FEMALE","FEMALE","FEMALE","FEMALE","FEMALE","FEMALE","FEMALE","FEMALE","FEMALE","FEMALE","FEMALE","FEMALE","FEMALE","FEMALE","FEMALE","FEMALE","FEMALE","FEMALE","FEMALE","FEMALE","FEMALE","FEMALE","FEMALE","FEMALE","FEMALE","FEMALE","FEMALE","FEMALE","FEMALE"],"X_CALENDAR_YEAR":[2004,2004,2004,2004,2004,2004,2004,2005,2005,2005,2005,2005,2005,2005,2006,2006,2006,2006,2006,2006,2007,2007,2007,2007,2007,2007,2008,2008,2008,2008,2008,2008,2008,2009,2009,2009,2009,2009,2009,2009,2010,2010,2010,2010,2010,2010,2010,2011,2011,2011,2011,2011,2011,2012,2012,2012,2012,2012,2013,2013,2013,2013,2013,2014,2014,2014,2014,2014,2014,2015,2015,2015,2015],"Y_PREVALENCE_1000PP":[2.79414,1.183,1.6708,2.21699,3.24791,4.8229,0.97351,1.10015,1.48434,0.75758,1.16297,2.04148,3.02763,0.95222,2.56469,0.60374,1.40807,1.09428,0.77847,1.76215,0.75468,1.44374,1.00254,0.79029,1.71182,1.31279,1.15664,0.36033,1.32789,0.87123,0.58271,0.91246,2.05529,1.18952,1.30618,0.37893,0.27346,0.258,2.27009,1.35636,1.83349,1.09922,0.62688,0.68449,1.23392,0.92228,2.02546,2.05823,0.91093,0.33194,2.6152,0.89982,0.48871,1.26065,1.97003,1.02811,0.82408,0.32822,1.17888,1.82578,1.02531,1.04907,0.2674,0.27203,1.13305,0.71124,0.88503,1.01622,2.15303,0.4482,1.07208,0.76341,1.46939]},"PREVALENCE_BY_MONTH":{"X_CALENDAR_MONTH":["201103","201501","200403","200907","201202","201402","201411","200708","201312","200512","200601","201408","200502","200807","200610","200810","200401","200705","201208","201002","200804","201211","201010","200406","201309","200607","201505","200604","200904","201007","201106","201205","200911","200409","200412","200509","201209","200506","200901","200711","200703","200903","200912","201301","200508","201112","201302","201109","200909","201504","201110","200811","200505","201203","201305","200707","201108","201303","200704","201311","201102","200511","201105","200906","201304","201308","201306","200701","200702","200910","201003","200902","201006","201004","200402","200405","201212","200611","200507","201009","200504","201111","200710","200501","200605","200608","201503","201404","201206","201401","200808","201210","200510","201412","201012","200602","201207","200908","200411","200801","201407","200609","201410","200408","200809","201201","200806","201204","200606","200905","201405","201001","200812","201005","200603","200803","200404","201502","200802","200503","201101","200805","201008","200712","201310","200612","201011","201307","200407","201107","200410","200706","201403","201104","200709","201406","201409"],"Y_PREVALENCE_1000PP":[0.07552,0.08484,0.39459,0.06541,0.0461,0.04144,0.07354,0.08071,0.03594,0.07502,0.105,0.0828,0.10926,0.06408,0.05363,0.07919,0.99261,0.05455,0.06475,0.05904,0.07768,0.07639,0.04989,0.30117,0.04966,0.06605,0.15358,0.07535,0.1061,0.08387,0.06061,0.04337,0.06832,0.16587,0.11046,0.11485,0.05496,0.08181,0.08168,0.0628,0.06218,0.06243,0.05278,0.07023,0.12491,0.06214,0.03905,0.07769,0.05289,0.13755,0.0519,0.03482,0.11428,0.03957,0.05455,0.07438,0.0483,0.0429,0.0516,0.06683,0.05359,0.0957,0.04444,0.028,0.04684,0.06411,0.05527,0.0666,0.0454,0.06831,0.05878,0.05333,0.09612,0.08362,0.37884,0.14332,0.04892,0.07462,0.0976,0.06235,0.09448,0.1172,0.05966,0.14116,0.07438,0.11273,0.15265,0.06434,0.07069,0.0812,0.05122,0.05173,0.07677,0.0719,0.05333,0.05013,0.04748,0.04987,0.14564,0.07857,0.06564,0.04696,0.07914,0.13901,0.06053,0.03608,0.04829,0.0299,0.10332,0.06535,0.07042,0.05589,0.05043,0.06202,0.11003,0.0682,0.22883,0.05768,0.06202,0.09211,0.05661,0.0581,0.0871,0.05279,0.03088,0.04955,0.07189,0.06326,0.21154,0.05776,0.17371,0.07132,0.04612,0.05699,0.07366,0.03629,0.06562]},"LENGTH_OF_ERA":{"CATEGORY":"Length of era","MIN_VALUE":1,"P10_VALUE":1,"P25_VALUE":1,"MEDIAN_VALUE":1,"P75_VALUE":1,"P90_VALUE":1,"MAX_VALUE":38},"AGE_AT_FIRST_DIAGNOSIS":{"CATEGORY":"FEMALE","MIN_VALUE":2,"P10_VALUE":19,"P25_VALUE":22,"MEDIAN_VALUE":30,"P75_VALUE":44,"P90_VALUE":57,"MAX_VALUE":94}}
