{"PREVALENCE_BY_GENDER_AGE_YEAR":{"TRELLIS_NAME":["50-59","60-69","50-59","40-49","60-69","40-49","50-59","60-69"],"SERIES_NAME":["FEMALE","FEMALE","FEMALE","FEMALE","FEMALE","FEMALE","FEMALE","FEMALE"],"X_CALENDAR_YEAR":[2011,2011,2012,2012,2013,2013,2013,2014],"Y_PREVALENCE_1000PP":[0.31417,0.33194,0.21881,0.21498,0.25871,0.23313,0.3056,0.40805]},"PREVALENCE_BY_MONTH":{"X_CALENDAR_MONTH":["201111","201106","201405"],"Y_PREVALENCE_1000PP":[0.01953,0.01914,0.02641]},"LENGTH_OF_ERA":{"CATEGORY":"Length of era","MIN_VALUE":1,"P10_VALUE":1,"P25_VALUE":1,"MEDIAN_VALUE":1,"P75_VALUE":1,"P90_VALUE":1,"MAX_VALUE":107},"AGE_AT_FIRST_DIAGNOSIS":{"CATEGORY":["MALE","FEMALE"],"MIN_VALUE":[14,10],"P10_VALUE":[36,34],"P25_VALUE":[47,47],"MEDIAN_VALUE":[57,55],"P75_VALUE":[69,65],"P90_VALUE":[81,76],"MAX_VALUE":[93,92]}}
