{"PREVALENCE_BY_GENDER_AGE_YEAR":{"TRELLIS_NAME":["60-69","80-89","60-69","80-89","70-79","70-79","60-69","80-89","70-79","70-79","70-79","70-79","60-69","60-69"],"SERIES_NAME":["FEMALE","FEMALE","MALE","MALE","MALE","FEMALE","FEMALE","MALE","FEMALE","MALE","FEMALE","MALE","FEMALE","MALE"],"X_CALENDAR_YEAR":[2005,2012,2012,2012,2012,2012,2013,2013,2013,2013,2014,2014,2014,2014],"Y_PREVALENCE_1000PP":[0.33608,1.06678,0.371,1.93885,0.74968,0.42853,0.25871,1.05469,0.42543,0.4456,0.5151,0.62554,0.45339,0.50882]},"PREVALENCE_BY_MONTH":{"X_CALENDAR_MONTH":["201212","201307","201403","201207","201412","201303","201210","201312","201411","201401","201202","201211","201503"],"Y_PREVALENCE_1000PP":[0.03495,0.03349,0.02516,0.02713,0.03595,0.02503,0.02069,0.02796,0.0396,0.03248,0.03951,0.04167,0.0482]},"LENGTH_OF_ERA":{"CATEGORY":"Length of era","MIN_VALUE":1,"P10_VALUE":1,"P25_VALUE":1,"MEDIAN_VALUE":1,"P75_VALUE":1,"P90_VALUE":1,"MAX_VALUE":31},"AGE_AT_FIRST_DIAGNOSIS":{"CATEGORY":["MALE","FEMALE"],"MIN_VALUE":[31,5],"P10_VALUE":[58,59],"P25_VALUE":[66,65],"MEDIAN_VALUE":[73,73],"P75_VALUE":[82,81],"P90_VALUE":[88,89],"MAX_VALUE":[96,102]}}
