{"PREVALENCE_BY_GENDER_AGE_YEAR":{"TRELLIS_NAME":["50-59","60-69","50-59","60-69","60-69","50-59","70-79","60-69","70-79","50-59","60-69","60-69","50-59","60-69","70-79","70-79","50-59","50-59","60-69","60-69","50-59","80-89","60-69","50-59"],"SERIES_NAME":["FEMALE","FEMALE","FEMALE","FEMALE","FEMALE","MALE","FEMALE","FEMALE","FEMALE","FEMALE","FEMALE","FEMALE","FEMALE","FEMALE","FEMALE","MALE","FEMALE","FEMALE","FEMALE","MALE","FEMALE","FEMALE","FEMALE","FEMALE"],"X_CALENDAR_YEAR":[2004,2004,2005,2005,2006,2006,2006,2007,2007,2007,2008,2009,2009,2010,2010,2010,2010,2011,2011,2011,2012,2012,2014,2015],"Y_PREVALENCE_1000PP":[0.30378,0.41722,0.28523,0.56013,0.55343,0.40323,0.55191,0.37734,0.46863,0.39514,0.40537,0.344,0.20509,0.33537,0.43882,0.53018,0.23957,0.27926,0.4979,0.30955,0.36468,0.64007,0.27203,0.5149]},"PREVALENCE_BY_MONTH":{"X_CALENDAR_MONTH":["200512","201206","200704","201003","201008","200602","200707","201203","201007","200711","200706","201104","201110","200901","201105","200609","201201","200408","200604"],"Y_PREVALENCE_1000PP":[0.02369,0.02356,0.02408,0.02475,0.01866,0.02313,0.03043,0.01978,0.02174,0.01983,0.02377,0.02216,0.02919,0.02199,0.02222,0.03251,0.01968,0.03626,0.0226]},"LENGTH_OF_ERA":{"CATEGORY":"Length of era","MIN_VALUE":1,"P10_VALUE":1,"P25_VALUE":1,"MEDIAN_VALUE":1,"P75_VALUE":1,"P90_VALUE":1,"MAX_VALUE":65},"AGE_AT_FIRST_DIAGNOSIS":{"CATEGORY":["MALE","FEMALE"],"MIN_VALUE":[2,10],"P10_VALUE":[50,43],"P25_VALUE":[56,55],"MEDIAN_VALUE":[67,63],"P75_VALUE":[73,72],"P90_VALUE":[84,81],"MAX_VALUE":[97,95]}}
