{"PREVALENCE_BY_GENDER_AGE_YEAR":{"TRELLIS_NAME":["30-39","50-59","20-29","40-49","30-39","30-39","30-39","40-49","10-19","50-59","20-29","20-29"],"SERIES_NAME":["MALE","FEMALE","FEMALE","FEMALE","FEMALE","MALE","FEMALE","FEMALE","MALE","FEMALE","MALE","FEMALE"],"X_CALENDAR_YEAR":[2008,2010,2011,2011,2012,2012,2013,2013,2014,2014,2014,2014],"Y_PREVALENCE_1000PP":[0.48718,0.23957,0.18306,0.26991,0.17625,0.49941,0.21716,0.27198,0.41114,0.25103,0.43449,0.23186]},"PREVALENCE_BY_MONTH":{"X_CALENDAR_MONTH":["201401","201407","201303","200702","200910","201111","201501","201412","201502","201304","201112","201109","201205"],"Y_PREVALENCE_1000PP":[0.02842,0.02813,0.0286,0.02095,0.01863,0.01953,0.03916,0.05393,0.05047,0.02162,0.01962,0.01942,0.02669]},"LENGTH_OF_ERA":{"CATEGORY":"Length of era","MIN_VALUE":1,"P10_VALUE":1,"P25_VALUE":1,"MEDIAN_VALUE":1,"P75_VALUE":1,"P90_VALUE":1,"MAX_VALUE":280},"AGE_AT_FIRST_DIAGNOSIS":{"CATEGORY":["MALE","FEMALE"],"MIN_VALUE":[7,9],"P10_VALUE":[17,20],"P25_VALUE":[27,27],"MEDIAN_VALUE":[35,39],"P75_VALUE":[48,51],"P90_VALUE":[57,63],"MAX_VALUE":[90,95]}}
