{"PREVALENCE_BY_GENDER_AGE_YEAR":{"TRELLIS_NAME":["60-69","40-49","50-59","60-69","50-59","40-49","50-59","30-39","40-49","60-69","30-39","40-49","50-59","60-69","40-49","50-59","70-79","30-39","60-69","30-39","60-69","50-59","40-49","70-79","50-59","60-69"],"SERIES_NAME":["FEMALE","FEMALE","FEMALE","FEMALE","FEMALE","FEMALE","FEMALE","FEMALE","FEMALE","FEMALE","FEMALE","FEMALE","FEMALE","FEMALE","FEMALE","FEMALE","FEMALE","FEMALE","FEMALE","FEMALE","FEMALE","FEMALE","FEMALE","FEMALE","FEMALE","FEMALE"],"X_CALENDAR_YEAR":[2009,2009,2009,2010,2010,2010,2011,2011,2011,2011,2012,2012,2012,2012,2013,2013,2013,2013,2013,2014,2014,2014,2014,2014,2015,2015],"Y_PREVALENCE_1000PP":[0.301,0.32149,0.376,0.29345,0.34224,0.19398,0.55852,0.1636,0.37112,0.37343,0.17625,0.21498,0.40115,0.2948,0.38855,0.6112,0.36465,0.21716,0.34495,0.21025,0.63475,0.96226,1.01779,0.38632,0.95623,0.4482]},"PREVALENCE_BY_MONTH":{"X_CALENDAR_MONTH":["201504","201112","201012","201407","201406","201404","201410","201503","201411","201409","200906","201304","200905","201502","201401","201305","201312","201402"],"Y_PREVALENCE_1000PP":[0.06878,0.02616,0.02196,0.02813,0.04083,0.02573,0.06859,0.07231,0.03394,0.03534,0.01867,0.02162,0.01867,0.06489,0.03248,0.02546,0.02796,0.02901]},"LENGTH_OF_ERA":{"CATEGORY":"Length of era","MIN_VALUE":1,"P10_VALUE":1,"P25_VALUE":1,"MEDIAN_VALUE":1,"P75_VALUE":1,"P90_VALUE":1,"MAX_VALUE":29},"AGE_AT_FIRST_DIAGNOSIS":{"CATEGORY":"FEMALE","MIN_VALUE":20,"P10_VALUE":36,"P25_VALUE":44,"MEDIAN_VALUE":52,"P75_VALUE":60,"P90_VALUE":69,"MAX_VALUE":84}}
