{"PREVALENCE_BY_GENDER_AGE_YEAR":{"TRELLIS_NAME":["60-69","0-9","80-89","90-99","80-89","90-99","10-19","70-79","70-79","50-59","90-99","60-69","60-69","80-89","90-99","80-89","10-19","0-9","70-79","70-79","10-19","50-59","70-79","80-89","60-69","80-89","90-99","80-89","90-99","80-89","60-69","90-99","50-59","70-79","60-69","90-99","80-89","80-89","60-69","70-79","50-59","70-79","90-99","80-89","80-89","50-59","70-79","90-99","60-69","80-89","80-89","90-99","60-69","50-59","70-79","70-79","70-79","70-79","90-99","80-89","80-89","90-99","70-79","60-69","80-89","90-99","80-89","60-69","70-79","70-79","80-89","90-99","60-69","90-99","80-89","60-69","80-89","90-99","80-89","60-69","70-79","70-79","70-79","60-69","90-99","80-89","80-89"],"SERIES_NAME":["FEMALE","MALE","MALE","MALE","FEMALE","FEMALE","MALE","MALE","FEMALE","FEMALE","FEMALE","FEMALE","MALE","FEMALE","MALE","MALE","MALE","MALE","MALE","FEMALE","FEMALE","MALE","FEMALE","MALE","FEMALE","FEMALE","FEMALE","MALE","FEMALE","FEMALE","FEMALE","MALE","MALE","FEMALE","MALE","FEMALE","FEMALE","MALE","FEMALE","MALE","FEMALE","FEMALE","MALE","MALE","FEMALE","FEMALE","FEMALE","FEMALE","FEMALE","FEMALE","MALE","FEMALE","FEMALE","FEMALE","MALE","FEMALE","MALE","FEMALE","FEMALE","FEMALE","MALE","MALE","FEMALE","FEMALE","MALE","FEMALE","FEMALE","MALE","MALE","FEMALE","MALE","MALE","FEMALE","FEMALE","FEMALE","MALE","MALE","FEMALE","FEMALE","FEMALE","FEMALE","MALE","FEMALE","FEMALE","FEMALE","FEMALE","MALE"],"X_CALENDAR_YEAR":[2004,2004,2004,2004,2004,2004,2004,2004,2004,2004,2005,2005,2005,2005,2005,2005,2005,2005,2005,2005,2005,2006,2006,2006,2006,2006,2006,2007,2007,2007,2007,2007,2007,2007,2008,2008,2008,2008,2008,2008,2008,2008,2009,2009,2009,2009,2009,2009,2009,2010,2010,2010,2010,2010,2010,2010,2011,2011,2011,2011,2011,2011,2012,2012,2012,2012,2012,2012,2013,2013,2013,2013,2013,2013,2013,2014,2014,2014,2014,2014,2014,2014,2015,2015,2015,2015,2015],"Y_PREVALENCE_1000PP":[0.62583,0.33618,2.98832,11.60542,6.89655,21.75489,0.63149,1.14469,2.002,0.35441,12.14329,0.39209,0.45921,5.01114,12.42236,2.80838,0.34276,0.28969,0.86232,1.21212,0.30338,0.34562,1.24181,2.49138,0.35218,5.05881,19.25193,2.48668,11.67109,5.56411,0.51884,9.07912,0.32019,1.4059,0.40009,11.31105,4.71645,1.83916,0.49545,0.94555,0.31364,1.5539,8.44391,2.08333,5.29043,0.20509,1.64204,12,0.559,3.82328,2.00277,11.45038,0.33537,0.27379,1.06037,0.68957,0.819,0.99028,10.48314,4.17362,2.23914,6.01805,1.59167,0.46326,2.08799,13.90758,3.94709,0.583,0.51987,1.51939,2.86274,10.73345,0.51742,9.30626,4.21426,0.33921,3.4965,7.84656,3.73178,0.40805,1.22336,0.86011,1.76294,0.82169,10.78894,3.14117,2.06825]},"PREVALENCE_BY_MONTH":{"X_CALENDAR_MONTH":["200504","201205","200707","200703","201002","200511","200807","200804","200909","201304","201408","200601","200705","201112","200412","200708","200604","201202","200401","200906","201503","201306","200508","201301","201411","200409","201108","201309","200702","200505","201105","201109","201312","201004","201311","201504","200502","201103","201405","200501","200710","201106","201007","201102","201009","200405","200406","201005","201410","200408","200711","200803","201010","201501","200903","200701","200704","201308","200610","201302","200403","200612","200811","200912","200910","200907","200801","200806","201402","200512","201305","201307","201212","200402","201003","201412","200805","201409","201006","200602","200410","200808","200608","201206","201209","200611","201404","201203","200407","200605","201406","201401","200411","201407","201505","201201","200706","201012","201502","200506","201208","201107","200509","200712","200709","201008","200503","201310","201011","201101","201110","200802","201403","201104","200904","200404","201211","200607","200901","201303","200507","200911","200902","200812","200603","200606","200810","200905","200908","200609","201204","200809","201207","200510","201210","201111","201001"],"Y_PREVALENCE_1000PP":[0.02699,0.07674,0.04395,0.06218,0.02797,0.0638,0.06728,0.04855,0.05912,0.06486,0.06819,0.07,0.04432,0.0556,0.06527,0.04035,0.05274,0.03293,0.31764,0.03422,0.12051,0.0737,0.06662,0.07023,0.09051,0.10295,0.03864,0.06112,0.03143,0.10549,0.04127,0.03885,0.05192,0.03716,0.05897,0.24563,0.057,0.0535,0.06162,0.06328,0.03315,0.04785,0.04349,0.02207,0.03741,0.14332,0.13689,0.06202,0.12663,0.06648,0.03966,0.02923,0.04365,0.13705,0.08428,0.05959,0.06192,0.03017,0.08938,0.06036,0.1677,0.04247,0.04115,0.0652,0.05278,0.07476,0.02292,0.08692,0.04558,0.04738,0.08365,0.07815,0.0664,0.26127,0.0495,0.11385,0.06455,0.06058,0.05891,0.05398,0.09771,0.03842,0.05091,0.08079,0.06869,0.06396,0.05576,0.03297,0.10898,0.04835,0.04083,0.03248,0.09362,0.05157,0.363,0.06887,0.07811,0.05333,0.0793,0.06459,0.06134,0.05134,0.03281,0.03299,0.04352,0.04044,0.05527,0.05403,0.05626,0.05347,0.07136,0.04244,0.07128,0.03166,0.07177,0.11018,0.0625,0.02936,0.04084,0.07865,0.05941,0.0559,0.02196,0.06619,0.09106,0.05166,0.06335,0.06224,0.03429,0.04335,0.03654,0.04142,0.04748,0.05253,0.06208,0.03907,0.05279]},"LENGTH_OF_ERA":{"CATEGORY":"Length of era","MIN_VALUE":1,"P10_VALUE":1,"P25_VALUE":1,"MEDIAN_VALUE":1,"P75_VALUE":1,"P90_VALUE":10,"MAX_VALUE":168},"AGE_AT_FIRST_DIAGNOSIS":{"CATEGORY":["FEMALE","MALE"],"MIN_VALUE":[0,0],"P10_VALUE":[59,17],"P25_VALUE":[74,57],"MEDIAN_VALUE":[83,77],"P75_VALUE":[89,86],"P90_VALUE":[94,90],"MAX_VALUE":[102,103]}}
