{"PREVALENCE_BY_GENDER_AGE_YEAR":{"TRELLIS_NAME":["0-9","30-39","10-19","0-9","10-19","0-9","0-9","0-9","10-19","0-9","20-29","10-19","0-9","0-9","0-9","0-9","0-9","0-9","60-69","0-9","0-9","0-9","0-9","60-69","50-59","0-9","0-9","0-9","0-9","40-49","0-9","0-9","60-69","60-69","60-69","0-9","0-9"],"SERIES_NAME":["MALE","FEMALE","FEMALE","FEMALE","MALE","FEMALE","MALE","FEMALE","FEMALE","MALE","MALE","MALE","MALE","FEMALE","MALE","FEMALE","FEMALE","MALE","MALE","FEMALE","MALE","MALE","FEMALE","MALE","MALE","MALE","FEMALE","FEMALE","MALE","MALE","FEMALE","MALE","FEMALE","MALE","FEMALE","FEMALE","MALE"],"X_CALENDAR_YEAR":[2004,2004,2004,2004,2004,2005,2005,2006,2006,2006,2007,2007,2007,2007,2008,2008,2009,2009,2010,2010,2010,2011,2011,2011,2012,2012,2012,2013,2013,2014,2014,2014,2014,2014,2015,2015,2015],"Y_PREVALENCE_1000PP":[12.871,0.27726,0.48594,10.27511,0.77182,8.26832,10.92534,14.26355,0.2711,17.51719,0.33574,0.32969,16.08942,13.15736,15.01843,11.00046,10.50788,14.66336,0.31541,10.09591,13.44095,15.67999,11.99748,0.36114,0.40781,15.49697,12.80456,13.13961,18.47074,0.44474,12.96107,16.81679,0.31737,0.45228,0.4482,12.61934,18.9878]},"PREVALENCE_BY_MONTH":{"X_CALENDAR_MONTH":["200709","200706","201310","200911","201008","201303","200702","200712","201003","201306","201209","200405","201404","201011","201403","200407","200802","201401","200410","201104","201406","201101","200605","200908","200402","200611","200907","201212","200609","201001","200703","200608","201302","201407","200905","200408","201006","201009","200510","201307","200603","201207","200401","201102","200906","201504","200812","200606","200803","201210","200806","201301","200903","201105","200501","201311","201012","200504","200404","200705","201005","200411","201004","200707","200710","200511","200704","201108","201308","200701","201305","201409","200910","201204","200708","200912","200406","200607","200610","201111","200909","200403","200612","201410","201201","200507","201002","201309","201402","201304","201211","200809","201208","201503","201007","201010","200711","200902","201205","200805","200808","200601","200505","201206","200604","201203","200602","201106","201107","201412","200503","201502","201103","201109","201312","200811","201505","201501","200502","200506","200509","201112","200508","201405","200904","200901","201110","200512","201408","200810","200409","200807","200804","201202","201411","200801","200412"],"Y_PREVALENCE_1000PP":[0.09374,0.06452,0.22771,0.27637,0.07777,0.35751,0.2235,0.58069,0.17326,0.13266,0.19921,0.21121,0.24019,0.29695,0.27253,0.09615,0.21871,0.30451,0.21171,0.19631,0.1724,0.39313,0.20083,0.09351,0.50947,0.63957,0.06853,0.60457,0.1156,0.3043,0.2867,0.04,0.27338,0.15003,0.14626,0.11484,0.09612,0.1091,0.19798,0.12281,0.17832,0.078,1.90582,0.22383,0.09022,1.00215,0.61773,0.12547,0.20136,0.32075,0.11911,0.38624,0.19978,0.16825,0.39428,0.46783,0.54582,0.18896,0.38139,0.17048,0.10543,0.33289,0.1053,0.0541,0.2718,0.24324,0.25112,0.0805,0.13954,0.40664,0.28367,0.26249,0.22666,0.15281,0.06053,0.2608,0.21903,0.04036,0.3039,0.39067,0.14935,0.65107,0.78578,0.49068,0.41324,0.06365,0.24547,0.21775,0.28592,0.32428,0.33334,0.1338,0.11928,0.76324,0.06834,0.21203,0.51891,0.30116,0.1368,0.12911,0.06083,0.33443,0.13626,0.09763,0.21097,0.26709,0.24677,0.10845,0.07701,0.90479,0.2395,0.6056,0.26433,0.13597,0.57909,0.3419,0.86561,0.89409,0.23277,0.06889,0.09434,0.59522,0.03747,0.25968,0.21532,0.41781,0.22382,0.33166,0.15586,0.19323,0.09723,0.05126,0.11976,0.26341,0.58265,0.41905,0.40169]},"LENGTH_OF_ERA":{"CATEGORY":"Length of era","MIN_VALUE":1,"P10_VALUE":1,"P25_VALUE":1,"MEDIAN_VALUE":1,"P75_VALUE":1,"P90_VALUE":3,"MAX_VALUE":183},"AGE_AT_FIRST_DIAGNOSIS":{"CATEGORY":["FEMALE","MALE"],"MIN_VALUE":[0,0],"P10_VALUE":[0,0],"P25_VALUE":[0,0],"MEDIAN_VALUE":[1,1],"P75_VALUE":[1,1],"P90_VALUE":[3,2],"MAX_VALUE":[102,93]}}
