{"PREVALENCE_BY_GENDER_AGE_YEAR":{"TRELLIS_NAME":["60-69","80-89","80-89","70-79","70-79","50-59","80-89","80-89","70-79","90-99","60-69","80-89","70-79","50-59","70-79","50-59","50-59","70-79","70-79","80-89","80-89","60-69","60-69","90-99","50-59","50-59","70-79","70-79","60-69","80-89","60-69","50-59","70-79","40-49","50-59","70-79","60-69","60-69","80-89","80-89","60-69","80-89","60-69","80-89","90-99","70-79","50-59","70-79","50-59","50-59","50-59","70-79","60-69","90-99","70-79","60-69","80-89","80-89"],"SERIES_NAME":["MALE","FEMALE","MALE","MALE","FEMALE","FEMALE","MALE","FEMALE","MALE","FEMALE","MALE","FEMALE","MALE","MALE","FEMALE","FEMALE","MALE","FEMALE","MALE","FEMALE","MALE","MALE","FEMALE","FEMALE","MALE","FEMALE","FEMALE","MALE","FEMALE","FEMALE","MALE","MALE","MALE","MALE","FEMALE","FEMALE","FEMALE","MALE","FEMALE","MALE","MALE","MALE","FEMALE","FEMALE","FEMALE","FEMALE","MALE","MALE","FEMALE","FEMALE","MALE","FEMALE","FEMALE","FEMALE","MALE","MALE","MALE","FEMALE"],"X_CALENDAR_YEAR":[2007,2008,2008,2008,2008,2008,2009,2009,2009,2010,2010,2010,2010,2010,2010,2011,2011,2011,2011,2011,2011,2011,2011,2011,2012,2012,2012,2012,2012,2012,2012,2013,2013,2013,2013,2013,2013,2013,2013,2013,2014,2014,2014,2014,2014,2014,2014,2014,2014,2015,2015,2015,2015,2015,2015,2015,2015,2015],"Y_PREVALENCE_1000PP":[0.48969,0.78608,1.50477,0.70916,0.51797,0.24394,0.96154,0.97171,0.46908,3.81679,0.57825,1.16822,0.90888,0.29129,0.81494,0.27926,0.3932,0.74271,1.41464,1.77379,1.64204,0.72228,0.41492,2.73473,0.30586,0.25528,1.22436,1.19949,0.50537,1.81353,0.795,0.37341,1.114,0.45252,0.382,1.15473,0.43118,0.85846,1.55262,1.5067,1.01764,1.74825,0.40805,1.39942,3.05144,1.0302,0.40893,1.32927,0.6694,0.58845,0.86263,1.65923,0.59759,4.04585,0.90791,1.04642,3.36091,1.84775]},"PREVALENCE_BY_MONTH":{"X_CALENDAR_MONTH":["200911","201309","201408","201205","201106","201306","201210","201103","201312","201202","201010","201207","201001","201411","201006","201405","201212","200907","201401","201402","201004","201302","200801","201003","201007","200910","201209","200811","201206","201104","201412","201303","201112","201409","201203","201208","201310","201502","201307","200712","201505","201101","200912","201110","200904","201107","201308","201011","201305","201211","201504","201406","201204","201403","201304","201311","200803","200710","201503","201201","201109","201501","201407","201009","201410","201111","201012","201102","201108","200806","201404"],"Y_PREVALENCE_1000PP":[0.01863,0.05348,0.0487,0.02002,0.01914,0.05159,0.03794,0.0535,0.05591,0.03293,0.02806,0.0373,0.01863,0.04525,0.03101,0.06602,0.04194,0.01869,0.02842,0.03729,0.01858,0.03195,0.02946,0.02166,0.04038,0.02794,0.05496,0.03166,0.0202,0.02216,0.0779,0.0286,0.04579,0.05553,0.02308,0.0443,0.03473,0.1514,0.05582,0.0198,0.26527,0.01887,0.01863,0.02271,0.01872,0.04492,0.0528,0.01875,0.04,0.03125,0.1572,0.06805,0.04651,0.06709,0.03963,0.02359,0.01949,0.01989,0.20085,0.02296,0.02266,0.11747,0.0422,0.02182,0.07387,0.03581,0.03451,0.03153,0.02898,0.01931,0.05147]},"LENGTH_OF_ERA":{"CATEGORY":"Length of era","MIN_VALUE":1,"P10_VALUE":1,"P25_VALUE":1,"MEDIAN_VALUE":1,"P75_VALUE":1,"P90_VALUE":1,"MAX_VALUE":28},"AGE_AT_FIRST_DIAGNOSIS":{"CATEGORY":["MALE","FEMALE"],"MIN_VALUE":[0,1],"P10_VALUE":[49,47],"P25_VALUE":[60,59],"MEDIAN_VALUE":[70,74],"P75_VALUE":[79,84],"P90_VALUE":[86,90],"MAX_VALUE":[102,104]}}
