{"PREVALENCE_BY_GENDER_AGE_YEAR":{"TRELLIS_NAME":["0-9","10-19","0-9","0-9","10-19","0-9","10-19","0-9","0-9","10-19","0-9","0-9"],"SERIES_NAME":["MALE","MALE","MALE","MALE","MALE","MALE","MALE","FEMALE","MALE","MALE","FEMALE","MALE"],"X_CALENDAR_YEAR":[2007,2010,2010,2011,2011,2012,2012,2012,2013,2013,2013,2014],"Y_PREVALENCE_1000PP":[0.21358,0.36286,0.27361,0.24391,0.4169,0.7125,0.56657,0.28098,0.48607,0.50746,0.33691,0.37187]},"PREVALENCE_BY_MONTH":{"X_CALENDAR_MONTH":["201110","201206","201210","201207","201203","201107","201301","201103","201310","201208"],"Y_PREVALENCE_1000PP":[0.01946,0.02693,0.02414,0.02035,0.01978,0.01925,0.02458,0.01888,0.02702,0.02045]},"LENGTH_OF_ERA":{"CATEGORY":"Length of era","MIN_VALUE":1,"P10_VALUE":1,"P25_VALUE":1,"MEDIAN_VALUE":1,"P75_VALUE":1,"P90_VALUE":29,"MAX_VALUE":210},"AGE_AT_FIRST_DIAGNOSIS":{"CATEGORY":["FEMALE","MALE"],"MIN_VALUE":[4,2],"P10_VALUE":[4,5],"P25_VALUE":[6,7],"MEDIAN_VALUE":[9,9],"P75_VALUE":[13,12],"P90_VALUE":[49,15],"MAX_VALUE":[77,85]}}
