{"PREVALENCE_BY_GENDER_AGE_YEAR":{"TRELLIS_NAME":["70-79","80-89","60-69","70-79","70-79","70-79","70-79","80-89","70-79"],"SERIES_NAME":["MALE","MALE","FEMALE","MALE","FEMALE","MALE","MALE","MALE","MALE"],"X_CALENDAR_YEAR":[2005,2007,2008,2011,2012,2012,2013,2013,2014],"Y_PREVALENCE_1000PP":[1.05394,1.42096,0.27025,0.52118,0.42853,0.74968,0.6684,0.90402,0.46915]},"PREVALENCE_BY_MONTH":{"X_CALENDAR_MONTH":["201302","201212","200705","201106","201305","200508","201109","201201","201203","200706"],"Y_PREVALENCE_1000PP":[0.0213,0.02446,0.02046,0.02233,0.02182,0.02498,0.01942,0.01968,0.02308,0.02038]},"LENGTH_OF_ERA":{"CATEGORY":"Length of era","MIN_VALUE":1,"P10_VALUE":1,"P25_VALUE":1,"MEDIAN_VALUE":1,"P75_VALUE":1,"P90_VALUE":17,"MAX_VALUE":68},"AGE_AT_FIRST_DIAGNOSIS":{"CATEGORY":["FEMALE","MALE"],"MIN_VALUE":[2,5],"P10_VALUE":[46,54],"P25_VALUE":[62,66],"MEDIAN_VALUE":[72,74],"P75_VALUE":[82,80],"P90_VALUE":[90,87],"MAX_VALUE":[100,96]}}
