{"PREVALENCE_BY_GENDER_AGE_YEAR":{"TRELLIS_NAME":["10-19","40-49","30-39","20-29","10-19","40-49","30-39","20-29","20-29","30-39","40-49","10-19","30-39","20-29","10-19","20-29","10-19","30-39","20-29","30-39","40-49","20-29","20-29","10-19","40-49","30-39","20-29","20-29","40-49","10-19","30-39","30-39","20-29","20-29","30-39","10-19","10-19","20-29","20-29","30-39","20-29"],"SERIES_NAME":["MALE","MALE","MALE","MALE","MALE","MALE","MALE","MALE","MALE","MALE","MALE","MALE","MALE","MALE","MALE","MALE","MALE","MALE","MALE","MALE","MALE","MALE","FEMALE","MALE","MALE","MALE","MALE","MALE","MALE","MALE","FEMALE","MALE","MALE","FEMALE","MALE","MALE","MALE","FEMALE","MALE","MALE","MALE"],"X_CALENDAR_YEAR":[2004,2004,2004,2004,2005,2005,2005,2005,2006,2006,2007,2007,2007,2007,2008,2008,2009,2009,2009,2010,2010,2010,2011,2011,2011,2011,2011,2012,2012,2012,2012,2012,2013,2013,2013,2013,2014,2014,2014,2014,2015],"Y_PREVALENCE_1000PP":[0.77182,0.67779,0.55607,1.21291,0.39989,0.40153,0.83107,1.14786,0.98979,1.0202,0.32918,0.32969,0.62794,1.00722,0.31908,1.06763,0.44623,0.5334,0.71447,0.41181,0.32496,0.80333,0.31382,0.46322,0.39548,1.09217,1.40902,0.92664,0.35963,0.80264,0.17625,0.87396,2.01888,0.23559,1.8183,0.71044,1.11594,0.23186,2.79312,1.0142,2.68336]},"PREVALENCE_BY_MONTH":{"X_CALENDAR_MONTH":["201107","201306","201004","201502","200607","200606","201211","201309","201503","201207","200612","201007","200509","201208","201110","201505","200812","200503","200901","200905","200410","200610","201303","201111","200712","200601","201203","200510","201104","201311","201307","201201","201504","200703","201304","200504","201310","200903","201112","201301","201101","201410","200710","201008","201011","200802","201102","200401","201308","201403","201105","201401","201108","200907","201305","201206","200405","201409","200408","201412","200611","201407","201405","201212","200801","201209","201012","200403","201302","200609","200704","201103","200605","201404","201210","201312","200807","200804","201402","201408","201109","200412","201202","201411","200711","201501"],"Y_PREVALENCE_1000PP":[0.02246,0.04053,0.02168,0.08651,0.02569,0.02952,0.02778,0.03056,0.09641,0.02713,0.02478,0.02174,0.02461,0.02045,0.02271,0.09773,0.01891,0.03224,0.01885,0.03112,0.038,0.03933,0.02503,0.03256,0.0198,0.02333,0.03297,0.02828,0.03166,0.03931,0.02977,0.02296,0.06878,0.02763,0.02883,0.03149,0.05017,0.03121,0.0327,0.03862,0.02831,0.06331,0.03315,0.02489,0.02188,0.02285,0.02522,0.11911,0.0528,0.04612,0.0381,0.0609,0.02898,0.01869,0.06182,0.03703,0.04526,0.05553,0.0544,0.08389,0.02843,0.03751,0.03961,0.03495,0.02946,0.04122,0.03137,0.09865,0.03905,0.02167,0.02752,0.04091,0.02231,0.0386,0.02069,0.02396,0.01922,0.02589,0.05801,0.05358,0.0259,0.05021,0.02634,0.04525,0.02975,0.07179]},"LENGTH_OF_ERA":{"CATEGORY":"Length of era","MIN_VALUE":1,"P10_VALUE":1,"P25_VALUE":1,"MEDIAN_VALUE":1,"P75_VALUE":1,"P90_VALUE":3,"MAX_VALUE":237},"AGE_AT_FIRST_DIAGNOSIS":{"CATEGORY":["MALE","FEMALE"],"MIN_VALUE":[2,1],"P10_VALUE":[18,18],"P25_VALUE":[21,23],"MEDIAN_VALUE":[27,36],"P75_VALUE":[36,58],"P90_VALUE":[54,80],"MAX_VALUE":[85,97]}}
