{"PREVALENCE_BY_GENDER_AGE_YEAR":{"TRELLIS_NAME":["20-29","30-39","40-49","40-49","30-39"],"SERIES_NAME":["MALE","MALE","MALE","MALE","MALE"],"X_CALENDAR_YEAR":[2005,2011,2013,2014,2014],"Y_PREVALENCE_1000PP":[0.50219,0.36406,0.38787,0.59299,0.5071]},"PREVALENCE_BY_MONTH":{"X_CALENDAR_MONTH":["201105","201101","201004","201406","201301","200903"],"Y_PREVALENCE_1000PP":[0.0254,0.01887,0.02787,0.03629,0.02107,0.01873]},"LENGTH_OF_ERA":{"CATEGORY":"Length of era","MIN_VALUE":1,"P10_VALUE":1,"P25_VALUE":1,"MEDIAN_VALUE":1,"P75_VALUE":1,"P90_VALUE":1,"MAX_VALUE":309},"AGE_AT_FIRST_DIAGNOSIS":{"CATEGORY":["MALE","FEMALE"],"MIN_VALUE":[0,1],"P10_VALUE":[7,4],"P25_VALUE":[22,17],"MEDIAN_VALUE":[37,36],"P75_VALUE":[47,57],"P90_VALUE":[61,68],"MAX_VALUE":[82,92]}}
