{"PREVALENCE_BY_GENDER_AGE_YEAR":{"TRELLIS_NAME":["20-29","20-29","30-39","40-49","20-29","20-29","30-39","20-29","20-29","40-49","30-39","30-39","20-29","20-29","40-49","30-39","20-29","20-29","40-49","60-69","20-29","20-29","30-39","40-49","50-59","40-49","30-39","20-29","20-29","40-49","50-59","40-49","40-49","30-39","20-29","20-29","40-49","20-29","30-39","20-29","30-39","30-39","50-59"],"SERIES_NAME":["MALE","FEMALE","MALE","MALE","MALE","MALE","MALE","FEMALE","MALE","MALE","FEMALE","MALE","MALE","FEMALE","MALE","MALE","FEMALE","MALE","MALE","MALE","FEMALE","MALE","MALE","MALE","MALE","FEMALE","MALE","MALE","FEMALE","FEMALE","MALE","MALE","FEMALE","MALE","MALE","FEMALE","MALE","MALE","MALE","MALE","FEMALE","MALE","MALE"],"X_CALENDAR_YEAR":[2004,2004,2005,2005,2005,2006,2007,2007,2007,2007,2008,2008,2008,2008,2008,2009,2009,2009,2009,2010,2010,2010,2010,2010,2010,2010,2011,2011,2011,2011,2011,2011,2012,2012,2012,2012,2013,2013,2013,2014,2014,2014,2014],"Y_PREVALENCE_1000PP":[0.93301,0.2315,0.75552,0.73613,1.65005,0.61862,0.75353,0.1902,0.78339,0.82295,0.18786,1.33975,1.44131,0.20553,0.9744,0.82973,0.22207,0.7655,1.07164,0.31541,0.20005,2.00833,1.70608,1.08319,0.92242,0.45262,1.88095,1.20773,0.33998,0.30364,0.6881,1.41243,0.21498,0.87396,0.41184,0.16648,0.58181,0.92759,0.90915,0.8069,0.2453,0.65198,0.35051]},"PREVALENCE_BY_MONTH":{"X_CALENDAR_MONTH":["200902","200809","201410","201006","200806","200803","201201","201009","201101","201012","201111","201108","201404","201008","201310","200710","201311","200610","201005","201212","201102","201105","201104","200704","200508","200909","201003","200908","200511","201004","200911","201001","200810","200801","201010","200804","201002","201405","200802","201103","201106","201302","200711","200505","200708","201007","201109","200907","201110","201209","200812","200910","201011","201107","200805","200901","200904","200905","200712","200506","200503","200808"],"Y_PREVALENCE_1000PP":[0.02823,0.0223,0.03166,0.03721,0.02575,0.02273,0.01968,0.04052,0.06605,0.03137,0.02604,0.02898,0.02573,0.04044,0.04245,0.03646,0.03145,0.0286,0.02481,0.02446,0.02207,0.05714,0.05383,0.02408,0.03747,0.02489,0.04331,0.02182,0.02393,0.02168,0.02795,0.03726,0.03801,0.04256,0.03118,0.03884,0.03418,0.03521,0.03264,0.04406,0.02871,0.03195,0.02314,0.02637,0.03699,0.07766,0.02266,0.01869,0.03568,0.02748,0.02837,0.02173,0.04064,0.02567,0.0355,0.01885,0.02496,0.02178,0.02969,0.04306,0.02763,0.03842]},"LENGTH_OF_ERA":{"CATEGORY":"Length of era","MIN_VALUE":1,"P10_VALUE":1,"P25_VALUE":1,"MEDIAN_VALUE":1,"P75_VALUE":1,"P90_VALUE":1,"MAX_VALUE":38},"AGE_AT_FIRST_DIAGNOSIS":{"CATEGORY":["FEMALE","MALE"],"MIN_VALUE":[16,16],"P10_VALUE":[20,21],"P25_VALUE":[24,26],"MEDIAN_VALUE":[32,34],"P75_VALUE":[43,44],"P90_VALUE":[49,52],"MAX_VALUE":[68,86]}}
