{"PREVALENCE_BY_GENDER_AGE_YEAR":{"TRELLIS_NAME":["20-29","0-9","10-19","10-19"],"SERIES_NAME":["MALE","MALE","MALE","FEMALE"],"X_CALENDAR_YEAR":[2007,2008,2008,2008],"Y_PREVALENCE_1000PP":[0.50361,0.27557,0.2735,0.28916]},"PREVALENCE_BY_MONTH":{"X_CALENDAR_MONTH":["200907","200701","200605","200805","200703","200804","200707","200806","201106","201210","200702"],"Y_PREVALENCE_1000PP":[0.01869,0.02804,0.02231,0.04196,0.03454,0.01942,0.02029,0.01931,0.03509,0.03449,0.04191]},"LENGTH_OF_ERA":{"CATEGORY":"Length of era","MIN_VALUE":1,"P10_VALUE":1,"P25_VALUE":1,"MEDIAN_VALUE":1,"P75_VALUE":1,"P90_VALUE":43,"MAX_VALUE":1011},"AGE_AT_FIRST_DIAGNOSIS":{"CATEGORY":["MALE","FEMALE"],"MIN_VALUE":[1,0],"P10_VALUE":[8,5],"P25_VALUE":[16,15],"MEDIAN_VALUE":[31,29],"P75_VALUE":[50,52],"P90_VALUE":[66,69],"MAX_VALUE":[80,80]}}
