{"PREVALENCE_BY_GENDER_AGE_YEAR":{"TRELLIS_NAME":["80-89","60-69","70-79","50-59","40-49","50-59","40-49","60-69","60-69","50-59","70-79","40-49","50-59","30-39","50-59","40-49","70-79","40-49","50-59","10-19","70-79","20-29","80-89","60-69","20-29","30-39","10-19","80-89","60-69","60-69","40-49","50-59","70-79","40-49","50-59","60-69","60-69","50-59","70-79","40-49","50-59","60-69","50-59","50-59","60-69","30-39","60-69","80-89","60-69","50-59","50-59","40-49","50-59","70-79","10-19","70-79","60-69","80-89","60-69","70-79","50-59","70-79","60-69","40-49","50-59","20-29","60-69","60-69","50-59"],"SERIES_NAME":["FEMALE","FEMALE","FEMALE","FEMALE","FEMALE","MALE","MALE","MALE","FEMALE","FEMALE","FEMALE","FEMALE","MALE","FEMALE","FEMALE","FEMALE","MALE","MALE","MALE","FEMALE","FEMALE","FEMALE","FEMALE","FEMALE","FEMALE","FEMALE","MALE","FEMALE","MALE","FEMALE","MALE","MALE","FEMALE","FEMALE","FEMALE","MALE","FEMALE","MALE","FEMALE","FEMALE","FEMALE","MALE","MALE","FEMALE","FEMALE","FEMALE","FEMALE","FEMALE","MALE","FEMALE","MALE","FEMALE","MALE","FEMALE","MALE","MALE","FEMALE","FEMALE","MALE","FEMALE","FEMALE","MALE","FEMALE","FEMALE","MALE","FEMALE","FEMALE","MALE","FEMALE"],"X_CALENDAR_YEAR":[2004,2004,2004,2004,2004,2004,2004,2005,2005,2005,2005,2005,2005,2006,2006,2006,2006,2006,2006,2006,2006,2006,2006,2006,2007,2007,2007,2007,2007,2007,2007,2007,2007,2007,2007,2008,2008,2008,2008,2008,2008,2009,2009,2009,2009,2010,2010,2010,2010,2010,2010,2010,2011,2011,2011,2011,2011,2011,2011,2012,2012,2012,2012,2013,2013,2013,2013,2014,2014],"Y_PREVALENCE_1000PP":[1.34567,0.90397,0.546,0.60756,0.32331,0.58207,0.50835,0.76535,0.84019,0.5297,1.13636,0.25976,0.58468,0.20971,0.70433,0.30777,0.5216,0.47393,0.34562,0.31628,1.51776,0.20172,0.88529,0.80499,0.21737,0.25685,0.32969,0.71031,0.42848,0.89618,0.49377,0.42692,1.33896,0.50127,0.50291,0.5144,0.72066,0.60551,0.58271,0.29149,0.59244,0.43773,0.39473,0.30764,0.64499,0.15752,0.54498,0.63721,0.68338,0.41069,0.43694,0.22631,0.34405,0.61893,0.27793,0.74455,0.41492,0.62604,0.36114,0.42853,0.51056,0.52478,0.46326,0.27198,0.32007,0.23559,0.30183,0.33921,0.29286]},"PREVALENCE_BY_MONTH":{"X_CALENDAR_MONTH":["200605","200903","200511","200808","200602","200906","201109","200405","200508","200811","201112","200503","200608","200505","201206","200506","201212","200709","200910","200604","200512","201202","201301","201208","201302","200907","201101","200509","201104","200909","201107","200810","201205","201110","200412","201309","200706","200805","200703","200711","201011","200807","200705","201307","200410","200609","201207","200407","200708","200912","200502","201103","200603","201106","200606","200610","201008","200404","201004","201304","200607","201002","200802","201005","201007","200612","200406","200403","200801","201010","200704","200707","200812","201305","200702","200611","201102","201003","201308","201108","201201","201105","200507","200411","200710","200701","200408","201407","200504","201204","201012","200902","200806","200803","200809"],"Y_PREVALENCE_1000PP":[0.04091,0.02809,0.04785,0.03202,0.04241,0.03422,0.04856,0.06035,0.0458,0.02533,0.01962,0.03224,0.06909,0.04395,0.04376,0.08181,0.03145,0.02344,0.04036,0.06404,0.03948,0.02963,0.03511,0.02386,0.0284,0.02492,0.03774,0.04512,0.02216,0.02178,0.01925,0.02217,0.03003,0.01946,0.05523,0.02292,0.05434,0.03873,0.06218,0.01983,0.03751,0.03524,0.05455,0.03721,0.076,0.05419,0.02374,0.03846,0.02018,0.02173,0.04275,0.02832,0.04173,0.02871,0.07011,0.0429,0.028,0.1017,0.04026,0.03243,0.0477,0.0435,0.03591,0.03721,0.02174,0.03894,0.0616,0.12824,0.01964,0.02183,0.04128,0.0541,0.02206,0.02546,0.08032,0.03553,0.02522,0.04022,0.02263,0.02898,0.02624,0.02857,0.0297,0.06762,0.02983,0.05959,0.04835,0.02813,0.04049,0.03322,0.02196,0.02823,0.03863,0.02598,0.02867]},"LENGTH_OF_ERA":{"CATEGORY":"Length of era","MIN_VALUE":1,"P10_VALUE":1,"P25_VALUE":1,"MEDIAN_VALUE":1,"P75_VALUE":1,"P90_VALUE":1,"MAX_VALUE":64},"AGE_AT_FIRST_DIAGNOSIS":{"CATEGORY":["MALE","FEMALE"],"MIN_VALUE":[1,1],"P10_VALUE":[17,24],"P25_VALUE":[35,44],"MEDIAN_VALUE":[54,59],"P75_VALUE":[66,71],"P90_VALUE":[75,81],"MAX_VALUE":[92,97]}}
