{"PREVALENCE_BY_GENDER_AGE_YEAR":{"TRELLIS_NAME":["10-19","0-9","10-19","10-19","0-9","0-9","10-19","10-19","0-9","0-9","10-19","0-9","10-19","0-9","10-19","0-9","10-19","0-9","0-9","10-19","10-19"],"SERIES_NAME":["MALE","FEMALE","MALE","FEMALE","MALE","FEMALE","MALE","MALE","MALE","FEMALE","MALE","FEMALE","FEMALE","MALE","MALE","FEMALE","FEMALE","FEMALE","MALE","MALE","MALE"],"X_CALENDAR_YEAR":[2007,2007,2009,2010,2010,2010,2010,2011,2011,2011,2012,2012,2012,2013,2013,2013,2013,2014,2014,2014,2015],"Y_PREVALENCE_1000PP":[0.37679,0.28252,0.5801,0.33336,0.37621,0.3883,0.40822,0.46322,0.41813,0.27535,0.47214,0.36126,0.26082,0.33651,0.71044,0.46326,0.27963,0.4181,0.53715,0.64607,0.8658]},"PREVALENCE_BY_MONTH":{"X_CALENDAR_MONTH":["200909","201407","201307","201501","201106","201008","201408","200605","201001","201004"],"Y_PREVALENCE_1000PP":[0.01867,0.0422,0.02605,0.03916,0.02552,0.01866,0.03896,0.02231,0.01863,0.02168]},"LENGTH_OF_ERA":{"CATEGORY":"Length of era","MIN_VALUE":1,"P10_VALUE":1,"P25_VALUE":1,"MEDIAN_VALUE":1,"P75_VALUE":1,"P90_VALUE":1,"MAX_VALUE":30},"AGE_AT_FIRST_DIAGNOSIS":{"CATEGORY":["FEMALE","MALE"],"MIN_VALUE":[1,1],"P10_VALUE":[4,5],"P25_VALUE":[6,7],"MEDIAN_VALUE":[8,10],"P75_VALUE":[11,13],"P90_VALUE":[13,15],"MAX_VALUE":[75,59]}}
