{"PREVALENCE_BY_GENDER_AGE_YEAR":{"TRELLIS_NAME":["50-59","60-69","50-59","60-69","40-49","50-59","60-69","60-69","50-59","60-69","40-49","60-69","60-69","60-69"],"SERIES_NAME":["FEMALE","MALE","MALE","MALE","MALE","MALE","MALE","MALE","FEMALE","MALE","MALE","MALE","FEMALE","MALE"],"X_CALENDAR_YEAR":[2006,2007,2007,2008,2008,2009,2010,2011,2012,2012,2013,2013,2014,2015],"Y_PREVALENCE_1000PP":[0.33363,0.36726,0.32019,0.40009,0.3248,0.39473,0.31541,0.46432,0.21881,0.477,0.45252,0.53654,0.31737,0.57078]},"PREVALENCE_BY_MONTH":{"X_CALENDAR_MONTH":["200706","201409","201101","200709","201503","201108","201404","201206","201203","201008","200703","200604","201411","201205","201304","201211","201112"],"Y_PREVALENCE_1000PP":[0.02377,0.04038,0.02202,0.02678,0.0482,0.02254,0.02573,0.02693,0.01978,0.01866,0.02418,0.02637,0.03394,0.02002,0.02522,0.02083,0.02616]},"LENGTH_OF_ERA":{"CATEGORY":"Length of era","MIN_VALUE":1,"P10_VALUE":1,"P25_VALUE":1,"MEDIAN_VALUE":1,"P75_VALUE":1,"P90_VALUE":22,"MAX_VALUE":93},"AGE_AT_FIRST_DIAGNOSIS":{"CATEGORY":["MALE","FEMALE"],"MIN_VALUE":[26,25],"P10_VALUE":[43,40],"P25_VALUE":[52,50],"MEDIAN_VALUE":[61,59],"P75_VALUE":[67,66],"P90_VALUE":[76,77],"MAX_VALUE":[84,94]}}
