{"PREVALENCE_BY_GENDER_AGE_YEAR":{"TRELLIS_NAME":["0-9","0-9","0-9","0-9","0-9","0-9","0-9","0-9","0-9","0-9","10-19","0-9","0-9","0-9","0-9","0-9"],"SERIES_NAME":["FEMALE","MALE","FEMALE","MALE","FEMALE","MALE","FEMALE","MALE","FEMALE","MALE","FEMALE","FEMALE","FEMALE","MALE","MALE","FEMALE"],"X_CALENDAR_YEAR":[2008,2009,2009,2010,2010,2011,2011,2012,2012,2013,2013,2013,2014,2014,2015,2015],"Y_PREVALENCE_1000PP":[0.23159,0.20413,0.22843,0.27361,0.34947,0.27876,0.66871,0.49875,0.52182,0.82258,0.27963,0.75805,1.11493,0.74374,0.65727,1.32835]},"PREVALENCE_BY_MONTH":{"X_CALENDAR_MONTH":["201408","201502","201505","201403","201405","201412","201310","201106","201501","201311","201312","201409","201410","201401","201101","201404","201211","201503","201504","201411","201308","201305","201306","201212"],"Y_PREVALENCE_1000PP":[0.02922,0.05047,0.15358,0.03354,0.02641,0.05393,0.03473,0.02233,0.04568,0.02752,0.03994,0.04543,0.03166,0.02842,0.01887,0.03002,0.02778,0.09641,0.08843,0.03394,0.03771,0.03273,0.02211,0.02796]},"LENGTH_OF_ERA":{"CATEGORY":"Length of era","MIN_VALUE":1,"P10_VALUE":1,"P25_VALUE":1,"MEDIAN_VALUE":1,"P75_VALUE":1,"P90_VALUE":8,"MAX_VALUE":77},"AGE_AT_FIRST_DIAGNOSIS":{"CATEGORY":["FEMALE","MALE"],"MIN_VALUE":[0,0],"P10_VALUE":[0,0],"P25_VALUE":[1,0],"MEDIAN_VALUE":[3,3],"P75_VALUE":[14,9],"P90_VALUE":[26,17],"MAX_VALUE":[76,77]}}
