{"PREVALENCE_BY_GENDER_AGE_YEAR":{"TRELLIS_NAME":["0-9","0-9","80-89","60-69","60-69","70-79","40-49","50-59","40-49","50-59","70-79","80-89","0-9","60-69","10-19","40-49","0-9","70-79","10-19","50-59","40-49","50-59","70-79","60-69","80-89","80-89","0-9","0-9","0-9","0-9","0-9","0-9","20-29"],"SERIES_NAME":["FEMALE","MALE","FEMALE","MALE","FEMALE","MALE","MALE","MALE","FEMALE","FEMALE","FEMALE","MALE","MALE","FEMALE","MALE","MALE","FEMALE","MALE","FEMALE","MALE","FEMALE","FEMALE","FEMALE","MALE","FEMALE","MALE","MALE","FEMALE","MALE","FEMALE","MALE","MALE","FEMALE"],"X_CALENDAR_YEAR":[2006,2007,2007,2007,2007,2007,2007,2007,2007,2007,2007,2007,2008,2008,2008,2008,2008,2008,2008,2008,2008,2008,2008,2008,2008,2008,2010,2010,2011,2011,2013,2014,2014],"Y_PREVALENCE_1000PP":[0.34474,0.60513,0.8287,0.73453,0.37734,0.89745,0.49377,0.48028,0.23393,0.3233,0.60253,1.42096,0.4478,0.58553,0.2735,0.43306,0.50178,0.63037,0.24785,0.60551,0.19433,0.2091,0.90644,0.97165,1.23526,1.17037,0.41041,0.27181,0.20907,0.23602,0.22434,0.28923,0.23186]},"PREVALENCE_BY_MONTH":{"X_CALENDAR_MONTH":["200709","200703","200706","200712","200809","200609","201502","200805","200802","200806","200705","201504","200701","200803","200808","201411","201009","200801","200807","200710","200804","200711","200707"],"Y_PREVALENCE_1000PP":[0.05692,0.03109,0.05434,0.05939,0.03504,0.02529,0.04326,0.04841,0.03264,0.04829,0.02728,0.05895,0.02103,0.05521,0.09284,0.04525,0.03117,0.05566,0.09612,0.07292,0.05826,0.05288,0.06424]},"LENGTH_OF_ERA":{"CATEGORY":"Length of era","MIN_VALUE":1,"P10_VALUE":1,"P25_VALUE":1,"MEDIAN_VALUE":1,"P75_VALUE":1,"P90_VALUE":1,"MAX_VALUE":84},"AGE_AT_FIRST_DIAGNOSIS":{"CATEGORY":["MALE","FEMALE"],"MIN_VALUE":[0,0],"P10_VALUE":[0,1],"P25_VALUE":[4,18],"MEDIAN_VALUE":[46,46],"P75_VALUE":[66,69],"P90_VALUE":[77,82],"MAX_VALUE":[94,96]}}
