{"PREVALENCE_BY_GENDER_AGE_YEAR":{"TRELLIS_NAME":["40-49","30-39","20-29","20-29","30-39","10-19","40-49","30-39","20-29","30-39","20-29","50-59","40-49","30-39","20-29","40-49","20-29","50-59","30-39","20-29","10-19","30-39","50-59","40-49","30-39","20-29","40-49","10-19","10-19","50-59","40-49","30-39","20-29","30-39"],"SERIES_NAME":["FEMALE","FEMALE","FEMALE","FEMALE","FEMALE","FEMALE","FEMALE","FEMALE","FEMALE","FEMALE","FEMALE","FEMALE","FEMALE","FEMALE","FEMALE","FEMALE","FEMALE","FEMALE","FEMALE","FEMALE","FEMALE","FEMALE","FEMALE","FEMALE","FEMALE","FEMALE","FEMALE","FEMALE","FEMALE","FEMALE","FEMALE","FEMALE","FEMALE","FEMALE"],"X_CALENDAR_YEAR":[2004,2005,2005,2006,2006,2006,2007,2007,2007,2009,2009,2010,2010,2010,2010,2011,2011,2011,2011,2012,2012,2012,2012,2012,2013,2013,2013,2013,2014,2014,2014,2014,2014,2015],"Y_PREVALENCE_1000PP":[0.27712,0.29164,0.2523,0.25935,0.32955,0.2711,0.20051,0.34247,0.24455,0.28692,0.24675,0.20535,0.3233,0.26254,0.25006,0.40486,0.47074,0.24435,0.27267,0.9434,0.34777,0.79311,0.25528,0.39412,0.86865,0.58896,0.4274,0.27963,0.64746,0.37654,0.35401,0.63076,0.79497,0.50894]},"PREVALENCE_BY_MONTH":{"X_CALENDAR_MONTH":["201307","201204","201012","201404","201201","201401","201503","201111","201305","201304","201311","201102","201403","201211","201301","201208","201207","201112","201303","201210","201306","200601","201202","200709","201411","201408","201205","201310","201106","201302","201003","200904","201410","201212","201110","201107","201209","201206","201412","201104","201203","201409"],"Y_PREVALENCE_1000PP":[0.03721,0.02658,0.01882,0.03431,0.01968,0.0406,0.0482,0.02604,0.03273,0.03963,0.02752,0.01892,0.03774,0.03472,0.02107,0.02045,0.03391,0.02943,0.02503,0.02759,0.03316,0.02333,0.0428,0.02009,0.05657,0.03409,0.02669,0.04245,0.02233,0.02485,0.02784,0.02184,0.05276,0.03495,0.01946,0.01925,0.04465,0.02693,0.04194,0.0285,0.03957,0.04543]},"LENGTH_OF_ERA":{"CATEGORY":"Length of era","MIN_VALUE":1,"P10_VALUE":1,"P25_VALUE":1,"MEDIAN_VALUE":1,"P75_VALUE":1,"P90_VALUE":1,"MAX_VALUE":110},"AGE_AT_FIRST_DIAGNOSIS":{"CATEGORY":["FEMALE","MALE"],"MIN_VALUE":[0,0],"P10_VALUE":[18,0],"P25_VALUE":[25,14],"MEDIAN_VALUE":[32,30],"P75_VALUE":[41,48],"P90_VALUE":[51,74],"MAX_VALUE":[79,75]}}
