{"PREVALENCE_BY_GENDER_AGE_YEAR":{"TRELLIS_NAME":["10-19","10-19","0-9","0-9","10-19","0-9","10-19","0-9","10-19","0-9","0-9","10-19","0-9","10-19","10-19","0-9","10-19","0-9","10-19","0-9","0-9","10-19","0-9","10-19","10-19","0-9","0-9","10-19","10-19","10-19","10-19","10-19","10-19","0-9","10-19","10-19","0-9","10-19"],"SERIES_NAME":["FEMALE","MALE","FEMALE","MALE","FEMALE","FEMALE","MALE","MALE","FEMALE","FEMALE","MALE","MALE","MALE","MALE","FEMALE","FEMALE","MALE","FEMALE","FEMALE","MALE","MALE","MALE","FEMALE","FEMALE","FEMALE","FEMALE","MALE","MALE","FEMALE","MALE","FEMALE","MALE","FEMALE","MALE","MALE","FEMALE","MALE","MALE"],"X_CALENDAR_YEAR":[2004,2004,2004,2004,2005,2005,2005,2005,2006,2006,2006,2006,2007,2007,2007,2007,2008,2008,2008,2008,2009,2009,2009,2009,2010,2010,2010,2010,2011,2011,2012,2012,2013,2013,2013,2014,2014,2014],"Y_PREVALENCE_1000PP":[1.5793,3.01712,0.60767,1.24868,2.02255,0.70071,2.62782,1.40705,1.49105,0.64638,1.06395,1.21908,0.81871,1.60136,1.01911,0.6054,2.32473,0.42458,0.90879,1.34339,0.95261,1.33869,0.41879,0.77554,0.66672,0.34947,0.58142,1.76895,0.72896,0.97276,0.52165,1.27479,0.69907,0.33651,0.76119,0.5935,0.37187,1.40961]},"PREVALENCE_BY_MONTH":{"X_CALENDAR_MONTH":["201104","200610","201111","201212","201003","201011","201209","200402","200404","201006","200908","200707","201310","200902","200611","200905","200912","200701","200405","200605","200510","200704","201303","201409","201210","200812","200602","200810","200401","201211","200811","200910","201002","200805","200802","200512","200410","201206","201106","200901","201203","200904","201412","200711","200506","200712","200502","200503","200509","200705","200406","200604","200612","201010","201109","201501","200403","200903","200801","201306","200511","200508","200703","201004","201301","200505","200702","201112","200601","200906","200507","201202","200409","200909","200412","200603","201001","200809","201105","200804","200710","200501","200807","201311","200504","201008","201410","200911","200408","200407","200411","201401","201012","200806","200803"],"Y_PREVALENCE_1000PP":[0.019,0.03933,0.0293,0.02446,0.05569,0.02501,0.02061,0.11757,0.09323,0.03411,0.02494,0.03381,0.02702,0.04392,0.0604,0.03112,0.02173,0.05609,0.11315,0.04091,0.07677,0.03784,0.02145,0.03534,0.03104,0.05358,0.04627,0.05702,0.31764,0.03125,0.03482,0.02794,0.03729,0.04519,0.03264,0.04343,0.07057,0.0202,0.02233,0.04084,0.01978,0.04369,0.05393,0.04627,0.04306,0.03299,0.0285,0.07369,0.03692,0.04432,0.06845,0.0226,0.02832,0.02183,0.02266,0.03916,0.06905,0.02809,0.02946,0.02211,0.04785,0.04996,0.03109,0.02168,0.02458,0.07472,0.03841,0.02616,0.07778,0.02489,0.04668,0.02963,0.04576,0.02178,0.05523,0.04932,0.04037,0.03823,0.0381,0.0356,0.04972,0.05841,0.04806,0.02752,0.06299,0.01866,0.06859,0.01863,0.04835,0.03846,0.04161,0.0406,0.0251,0.02575,0.03572]},"LENGTH_OF_ERA":{"CATEGORY":"Length of era","MIN_VALUE":1,"P10_VALUE":1,"P25_VALUE":1,"MEDIAN_VALUE":1,"P75_VALUE":3,"P90_VALUE":22,"MAX_VALUE":759},"AGE_AT_FIRST_DIAGNOSIS":{"CATEGORY":["MALE","FEMALE"],"MIN_VALUE":[0,1],"P10_VALUE":[5,6],"P25_VALUE":[7,9],"MEDIAN_VALUE":[12,14],"P75_VALUE":[15,16],"P90_VALUE":[17,24],"MAX_VALUE":[84,91]}}
