{"PREVALENCE_BY_GENDER_AGE_YEAR":{"TRELLIS_NAME":["30-39","60-69","20-29","60-69","50-59","70-79","40-49","50-59","40-49","30-39","60-69","60-69","50-59","70-79","40-49","40-49","50-59","30-39","50-59","40-49","70-79","60-69","60-69","60-69","70-79","50-59","50-59","70-79","40-49","60-69","80-89","60-69","70-79","50-59","70-79","50-59","60-69","80-89","70-79","40-49","50-59","50-59","70-79","60-69","60-69","60-69","80-89","50-59","70-79","50-59","40-49","50-59","70-79","70-79","60-69","80-89","60-69","50-59","70-79","50-59","60-69","80-89","90-99","70-79","50-59","70-79","60-69","60-69","90-99","80-89","60-69","60-69","80-89","70-79","50-59","40-49","50-59","50-59","60-69","80-89"],"SERIES_NAME":["FEMALE","FEMALE","FEMALE","MALE","FEMALE","FEMALE","FEMALE","MALE","MALE","FEMALE","FEMALE","MALE","FEMALE","FEMALE","FEMALE","MALE","MALE","FEMALE","FEMALE","FEMALE","FEMALE","MALE","FEMALE","FEMALE","MALE","MALE","FEMALE","FEMALE","FEMALE","MALE","FEMALE","FEMALE","MALE","MALE","FEMALE","FEMALE","MALE","FEMALE","FEMALE","FEMALE","MALE","FEMALE","MALE","FEMALE","FEMALE","MALE","FEMALE","FEMALE","FEMALE","FEMALE","FEMALE","MALE","FEMALE","MALE","FEMALE","FEMALE","MALE","MALE","FEMALE","FEMALE","FEMALE","FEMALE","FEMALE","MALE","FEMALE","FEMALE","MALE","FEMALE","FEMALE","FEMALE","MALE","FEMALE","FEMALE","FEMALE","MALE","FEMALE","FEMALE","FEMALE","FEMALE","FEMALE"],"X_CALENDAR_YEAR":[2004,2004,2004,2004,2004,2004,2004,2004,2004,2005,2005,2005,2005,2005,2005,2005,2005,2006,2006,2006,2006,2006,2006,2007,2007,2007,2007,2007,2007,2008,2008,2008,2008,2008,2008,2008,2009,2009,2009,2009,2009,2009,2009,2009,2010,2010,2010,2010,2010,2011,2011,2011,2011,2011,2011,2011,2011,2012,2012,2012,2012,2012,2012,2013,2013,2013,2013,2013,2013,2013,2014,2014,2014,2014,2014,2014,2014,2015,2015,2015],"Y_PREVALENCE_1000PP":[0.35648,1.11258,0.2315,0.85211,0.70882,0.728,0.64662,0.49892,0.50835,0.22683,0.72817,0.76535,0.85568,0.75758,0.63084,0.53537,0.77958,0.23967,0.55605,0.34196,0.96585,0.73436,0.35218,0.51884,0.48952,0.69374,0.25145,0.53558,0.33418,0.5144,0.78608,0.54049,0.47278,0.45413,0.8417,0.62729,0.3283,1.40358,0.69471,0.28934,0.34539,0.51273,0.46908,0.559,0.83843,0.42054,1.48683,0.54759,0.75226,0.66325,0.40486,0.2949,0.8046,0.67009,0.82984,1.46077,0.30955,0.40781,0.6734,0.47409,0.8844,1.81353,2.69179,0.4456,0.382,0.66853,0.32192,0.81925,2.96108,1.21992,0.67843,0.90678,1.86589,1.60968,0.58418,0.44252,0.75308,0.58845,0.5229,1.29342]},"PREVALENCE_BY_MONTH":{"X_CALENDAR_MONTH":["200707","201403","201503","201101","201002","201201","200809","201308","201310","201407","201108","201102","200902","200501","201012","201204","201410","200411","200710","200408","201105","200806","200404","201003","200402","200610","200912","201008","201304","201005","201409","200808","201404","200703","201011","200706","201307","200611","201006","200401","201211","200407","201401","200410","201009","201406","200802","201212","200603","200805","200803","200510","200909","200503","201107","201110","201502","200506","201104","200908","200911","200705","200701","201305","200412","200502","201309","201303","200708","200606","201306","200711","201207","201301","201103","201210","201106","200905","200601","201004","201205","201411","200604","200801","201202","201209","200910","200804","201402","200403","200409","200807","200406","201405","200811","201007","201208","201010","200605","201501","200810","200602","200907","200504","200608","200511","201206","201504","201505","200509","201111","200512","200903","201302","200906","201412","200508","200505","201112","201408","201109","200901","201203"],"Y_PREVALENCE_1000PP":[0.04057,0.07547,0.07231,0.02516,0.01864,0.05575,0.02867,0.02263,0.02316,0.07033,0.03864,0.02837,0.02823,0.05354,0.03764,0.0299,0.06859,0.04681,0.01989,0.07857,0.0254,0.03219,0.08475,0.03403,0.13063,0.0286,0.04968,0.028,0.04324,0.02171,0.07067,0.02561,0.06005,0.03109,0.03751,0.02717,0.03349,0.03553,0.02791,0.17867,0.02083,0.05769,0.03248,0.04343,0.02494,0.05898,0.02285,0.02446,0.02656,0.04196,0.02923,0.02424,0.02178,0.05527,0.0385,0.03568,0.06489,0.03875,0.03166,0.02805,0.02174,0.02046,0.03506,0.03637,0.03515,0.0475,0.04202,0.0429,0.03027,0.04428,0.03685,0.02644,0.02374,0.02458,0.02832,0.03449,0.04466,0.03423,0.035,0.04336,0.04004,0.10182,0.04521,0.02946,0.0428,0.02748,0.03415,0.04531,0.04972,0.13811,0.0572,0.03524,0.10267,0.05722,0.02849,0.02796,0.03749,0.02495,0.03719,0.05874,0.02851,0.04241,0.02492,0.04499,0.04727,0.04386,0.04713,0.08843,0.13961,0.03281,0.03907,0.03948,0.02185,0.05326,0.03111,0.11984,0.05413,0.07033,0.04906,0.05845,0.02914,0.01885,0.03957]},"LENGTH_OF_ERA":{"CATEGORY":"Length of era","MIN_VALUE":1,"P10_VALUE":1,"P25_VALUE":1,"MEDIAN_VALUE":1,"P75_VALUE":1,"P90_VALUE":8,"MAX_VALUE":142},"AGE_AT_FIRST_DIAGNOSIS":{"CATEGORY":["MALE","FEMALE"],"MIN_VALUE":[2,0],"P10_VALUE":[38,39],"P25_VALUE":[50,49],"MEDIAN_VALUE":[60,61],"P75_VALUE":[71,74],"P90_VALUE":[78,83],"MAX_VALUE":[93,96]}}
