{"PREVALENCE_BY_GENDER_AGE_YEAR":{"TRELLIS_NAME":["30-39","50-59","40-49","30-39","60-69","30-39"],"SERIES_NAME":["MALE","MALE","MALE","FEMALE","MALE","FEMALE"],"X_CALENDAR_YEAR":[2007,2008,2012,2012,2013,2013],"Y_PREVALENCE_1000PP":[0.37677,0.30276,0.35963,0.235,0.42923,0.21716]},"PREVALENCE_BY_MONTH":{"X_CALENDAR_MONTH":["200708","201201","200806","201312","200710","201111","201301","201208","201205","201307","200801","200802","200712","201110","200705"],"Y_PREVALENCE_1000PP":[0.02354,0.02952,0.01931,0.02396,0.01989,0.01953,0.02458,0.03067,0.02002,0.02605,0.01964,0.01959,0.0198,0.01946,0.02387]},"LENGTH_OF_ERA":{"CATEGORY":"Length of era","MIN_VALUE":1,"P10_VALUE":1,"P25_VALUE":1,"MEDIAN_VALUE":1,"P75_VALUE":1,"P90_VALUE":1,"MAX_VALUE":50},"AGE_AT_FIRST_DIAGNOSIS":{"CATEGORY":["MALE","FEMALE"],"MIN_VALUE":[0,1],"P10_VALUE":[19,20],"P25_VALUE":[29,30],"MEDIAN_VALUE":[44,41],"P75_VALUE":[62,56],"P90_VALUE":[70,72],"MAX_VALUE":[89,90]}}
