{"PREVALENCE_BY_GENDER_AGE_YEAR":{"TRELLIS_NAME":["30-39","0-9","0-9","30-39","0-9","0-9","0-9","0-9","0-9","0-9","0-9","0-9","0-9","0-9","0-9","0-9","0-9","0-9","30-39","0-9","0-9","0-9","0-9","0-9","0-9","0-9","0-9"],"SERIES_NAME":["FEMALE","MALE","FEMALE","FEMALE","MALE","FEMALE","FEMALE","MALE","MALE","FEMALE","FEMALE","MALE","FEMALE","MALE","FEMALE","MALE","MALE","FEMALE","FEMALE","MALE","FEMALE","FEMALE","MALE","FEMALE","MALE","MALE","FEMALE"],"X_CALENDAR_YEAR":[2004,2004,2004,2005,2005,2005,2006,2006,2007,2007,2008,2008,2009,2009,2010,2010,2011,2011,2012,2012,2012,2013,2013,2014,2014,2015,2015],"Y_PREVALENCE_1000PP":[0.35648,0.76842,0.71815,0.19443,0.91045,0.56056,0.77566,1.17795,0.85431,0.84756,0.96495,0.86115,0.79951,1.02065,0.69895,1.02603,1.2544,1.06207,0.20562,1.24688,1.20419,1.01074,1.34605,0.8362,1.11561,1.09545,1.07929]},"PREVALENCE_BY_MONTH":{"X_CALENDAR_MONTH":["200710","201304","200809","201204","200408","200803","201005","201201","201104","201410","200703","200709","201307","200501","201310","201101","201108","201105","201302","200706","200604","200511","201406","200907","201403","201211","201301","201002","200610","200404","200906","201011","200802","201308","200407","201208","200401","201503","200902","200707","201001","201004","201311","201210","201207","200704","201401","201404","201305","200910","201102","201003","200402","200605","201212","201009","200612","201111","200611","201010","200609","201303","201007","201205","200903","200702","200905","201306","200708","200512","201107","201110","200911","201407","201309","201106","201505","200901","200904","200508","201504","200805","200505","200807","201112","201409","200711","201103","201203","201411","201206","201501","201202"],"Y_PREVALENCE_1000PP":[0.02983,0.03963,0.01911,0.03986,0.03626,0.03248,0.0186,0.03608,0.03483,0.03166,0.02073,0.02344,0.02977,0.03894,0.03859,0.03145,0.02898,0.02857,0.0284,0.02038,0.03767,0.02393,0.02722,0.02803,0.03354,0.0382,0.0316,0.02486,0.03575,0.05085,0.028,0.01875,0.02285,0.0264,0.05128,0.03067,0.13897,0.05624,0.01882,0.02367,0.02174,0.02478,0.02359,0.02414,0.03391,0.02408,0.02842,0.03002,0.02182,0.01863,0.02837,0.02475,0.07838,0.03347,0.03844,0.03117,0.03186,0.03256,0.02487,0.02806,0.02529,0.0286,0.02174,0.02336,0.01873,0.02095,0.02801,0.02948,0.03363,0.02764,0.0385,0.01946,0.01863,0.04689,0.03438,0.03509,0.15358,0.01885,0.03121,0.03331,0.0786,0.01937,0.03516,0.03524,0.03597,0.03029,0.02314,0.03776,0.04287,0.03394,0.02356,0.03916,0.03951]},"LENGTH_OF_ERA":{"CATEGORY":"Length of era","MIN_VALUE":1,"P10_VALUE":1,"P25_VALUE":1,"MEDIAN_VALUE":1,"P75_VALUE":1,"P90_VALUE":9,"MAX_VALUE":109},"AGE_AT_FIRST_DIAGNOSIS":{"CATEGORY":["FEMALE","MALE"],"MIN_VALUE":[0,0],"P10_VALUE":[0,0],"P25_VALUE":[0,0],"MEDIAN_VALUE":[1,0],"P75_VALUE":[28,1],"P90_VALUE":[37,12],"MAX_VALUE":[84,94]}}
