{"PREVALENCE_BY_GENDER_AGE_YEAR":{"TRELLIS_NAME":["0-9","10-19","0-9","0-9","10-19","0-9","10-19","0-9","0-9","10-19","0-9","10-19","10-19","0-9","10-19","0-9","0-9","10-19","0-9","0-9","10-19","10-19","10-19","0-9","0-9","10-19","10-19","0-9","0-9","0-9","10-19","0-9","10-19","50-59","10-19","0-9","0-9","10-19","50-59","10-19","0-9","0-9","10-19","10-19","0-9","10-19","0-9"],"SERIES_NAME":["FEMALE","FEMALE","MALE","FEMALE","MALE","MALE","FEMALE","FEMALE","MALE","MALE","MALE","MALE","FEMALE","FEMALE","MALE","FEMALE","MALE","MALE","MALE","FEMALE","FEMALE","FEMALE","MALE","MALE","FEMALE","FEMALE","MALE","MALE","FEMALE","MALE","MALE","FEMALE","FEMALE","FEMALE","FEMALE","FEMALE","MALE","MALE","FEMALE","FEMALE","FEMALE","MALE","MALE","FEMALE","FEMALE","MALE","MALE"],"X_CALENDAR_YEAR":[2004,2004,2004,2005,2005,2005,2005,2006,2006,2006,2007,2007,2007,2007,2008,2008,2008,2009,2009,2009,2009,2010,2010,2010,2010,2011,2011,2011,2011,2012,2012,2012,2012,2013,2013,2013,2013,2013,2014,2014,2014,2014,2014,2015,2015,2015,2015],"Y_PREVALENCE_1000PP":[4.52989,0.48594,1.24868,4.57794,0.51414,1.44844,0.30338,4.22305,1.63392,0.40636,1.85099,0.37679,0.29724,4.15708,0.36466,4.0528,2.44566,0.5801,2.21141,6.62453,0.24491,0.66672,0.8618,2.49667,7.76609,1.02912,0.88012,3.24053,9.47998,2.95689,0.56657,7.86738,0.65206,0.382,0.83889,8.00168,2.54253,0.76119,0.3347,1.40283,7.57224,3.18156,0.58734,1.8109,7.555,0.8658,3.06726]},"PREVALENCE_BY_MONTH":{"X_CALENDAR_MONTH":["200601","201202","201411","201208","200903","200707","201405","200409","201408","200801","200406","201112","200810","201109","201402","201301","200511","201010","200412","201504","200505","200508","200906","200905","201308","200803","200804","201311","201102","200708","200402","201312","200704","201503","201105","200902","201309","201108","200502","200711","201506","200510","200507","201501","200405","201006","201111","200501","200812","201404","200611","201103","201401","201009","200504","201201","201305","201106","200603","200407","201204","200806","201407","200909","200607","201410","200809","201002","201203","200509","201008","200710","201409","200610","200706","200811","200404","201406","201012","201211","200808","200410","201011","200703","200805","200401","201307","200408","201304","201412","201310","200802","201005","200912","200411","201101","200907","200701","201110","201212","201007","201107","201302","200901","200712","200512","200612","201306","200503","201502","200908","200403","200604","200904","201403","200506","201104","200709","200910","200702","200911","200608","201303","201001","201205","201004","201206","201003","201209","200606","200807","200609","201207","200705","200602","200605","201505","201210"],"Y_PREVALENCE_1000PP":[0.04278,0.07244,0.18667,0.12269,0.07179,0.0541,0.12764,0.10295,0.15586,0.05566,0.10952,0.13736,0.06969,0.15863,0.12431,0.14045,0.05981,0.14967,0.08536,0.4323,0.05714,0.08327,0.08088,0.08402,0.10937,0.05196,0.07445,0.16905,0.14817,0.1177,0.1437,0.08387,0.06192,0.27316,0.10794,0.05019,0.06876,0.16743,0.07601,0.05949,0.42905,0.05253,0.06365,0.26757,0.08298,0.09612,0.11394,0.09248,0.06303,0.1587,0.04974,0.18566,0.1218,0.14028,0.08548,0.11151,0.14911,0.15949,0.0607,0.14103,0.11295,0.04829,0.13128,0.14002,0.05137,0.2216,0.07964,0.07768,0.13519,0.05743,0.08088,0.05635,0.15144,0.06793,0.05434,0.05065,0.07628,0.09527,0.14116,0.07639,0.07363,0.09228,0.10315,0.07945,0.04196,0.33749,0.12653,0.07857,0.13332,0.23968,0.11578,0.06202,0.09923,0.07762,0.06762,0.10064,0.11525,0.07712,0.14921,0.09785,0.08387,0.10268,0.12781,0.08796,0.06269,0.05528,0.06371,0.11792,0.0783,0.26675,0.07169,0.09865,0.06028,0.09986,0.10901,0.08181,0.14248,0.05357,0.09625,0.04191,0.08695,0.07637,0.12155,0.10557,0.15348,0.09911,0.12792,0.12066,0.0893,0.05535,0.07369,0.04696,0.12887,0.0716,0.05784,0.05207,0.6143,0.09657]},"LENGTH_OF_ERA":{"CATEGORY":"Length of era","MIN_VALUE":1,"P10_VALUE":1,"P25_VALUE":1,"MEDIAN_VALUE":1,"P75_VALUE":1,"P90_VALUE":8,"MAX_VALUE":159},"AGE_AT_FIRST_DIAGNOSIS":{"CATEGORY":["FEMALE","MALE"],"MIN_VALUE":[0,0],"P10_VALUE":[0,0],"P25_VALUE":[0,0],"MEDIAN_VALUE":[1,1],"P75_VALUE":[4,7],"P90_VALUE":[16,15],"MAX_VALUE":[92,75]}}
