{"PREVALENCE_BY_GENDER_AGE_YEAR":{"TRELLIS_NAME":["50-59","60-69","50-59","50-59","60-69"],"SERIES_NAME":["FEMALE","FEMALE","FEMALE","MALE","FEMALE"],"X_CALENDAR_YEAR":[2007,2009,2011,2013,2013],"Y_PREVALENCE_1000PP":[0.39514,0.258,0.20945,0.32007,0.25871]},"PREVALENCE_BY_MONTH":{"X_CALENDAR_MONTH":["201305","201004","201503","201505","201104","201412","201304","200710","201406"],"Y_PREVALENCE_1000PP":[0.02182,0.01858,0.06427,0.08377,0.019,0.03595,0.02162,0.0232,0.03176]},"LENGTH_OF_ERA":{"CATEGORY":"Length of era","MIN_VALUE":1,"P10_VALUE":1,"P25_VALUE":1,"MEDIAN_VALUE":1,"P75_VALUE":1,"P90_VALUE":1,"MAX_VALUE":28},"AGE_AT_FIRST_DIAGNOSIS":{"CATEGORY":["MALE","FEMALE"],"MIN_VALUE":[1,3],"P10_VALUE":[14,31],"P25_VALUE":[37,45],"MEDIAN_VALUE":[58,58],"P75_VALUE":[73,70],"P90_VALUE":[80,80],"MAX_VALUE":[94,96]}}
