{"PREVALENCE_BY_GENDER_AGE_YEAR":{"TRELLIS_NAME":["70-79","60-69","70-79","70-79","70-79","80-89","50-59","70-79","80-89","70-79","50-59","70-79","60-69","80-89","60-69","80-89","60-69","70-79","70-79","70-79"],"SERIES_NAME":["FEMALE","FEMALE","FEMALE","MALE","FEMALE","FEMALE","FEMALE","FEMALE","FEMALE","MALE","FEMALE","FEMALE","MALE","FEMALE","MALE","MALE","FEMALE","FEMALE","MALE","FEMALE"],"X_CALENDAR_YEAR":[2009,2010,2010,2010,2011,2011,2012,2012,2012,2013,2013,2013,2013,2013,2014,2014,2014,2014,2014,2015],"Y_PREVALENCE_1000PP":[0.37893,0.33537,0.56419,0.45444,0.43325,0.83472,0.21881,0.48975,0.74675,0.4456,0.3056,0.66853,0.48288,0.77631,0.45228,1.11252,0.45339,0.96581,0.62554,1.14072]},"PREVALENCE_BY_MONTH":{"X_CALENDAR_MONTH":["201202","201404","201504","201405","201309","201303","201304","201503","201204","201108","201407","201502","201011","201412","201409","201406"],"Y_PREVALENCE_1000PP":[0.01976,0.04289,0.10808,0.03081,0.0382,0.02503,0.03603,0.0482,0.0299,0.01932,0.03751,0.05768,0.02188,0.05992,0.04038,0.03176]},"LENGTH_OF_ERA":{"CATEGORY":"Length of era","MIN_VALUE":1,"P10_VALUE":1,"P25_VALUE":1,"MEDIAN_VALUE":1,"P75_VALUE":1,"P90_VALUE":1,"MAX_VALUE":53},"AGE_AT_FIRST_DIAGNOSIS":{"CATEGORY":["FEMALE","MALE"],"MIN_VALUE":[1,5],"P10_VALUE":[38,22],"P25_VALUE":[58,60],"MEDIAN_VALUE":[70,69],"P75_VALUE":[78,77],"P90_VALUE":[84,82],"MAX_VALUE":[93,93]}}
