{"PREVALENCE_BY_GENDER_AGE_YEAR":{"TRELLIS_NAME":["0-9","0-9","0-9","0-9","0-9","10-19","0-9","0-9","0-9","0-9","0-9","0-9","0-9","0-9","0-9","0-9","0-9","0-9","0-9","0-9","0-9","0-9","0-9","0-9","0-9"],"SERIES_NAME":["FEMALE","MALE","FEMALE","MALE","FEMALE","FEMALE","MALE","MALE","FEMALE","FEMALE","MALE","FEMALE","MALE","MALE","FEMALE","MALE","FEMALE","MALE","FEMALE","FEMALE","MALE","FEMALE","MALE","MALE","FEMALE"],"X_CALENDAR_YEAR":[2004,2004,2005,2005,2006,2006,2006,2007,2007,2008,2008,2009,2009,2010,2010,2011,2011,2012,2012,2013,2013,2014,2014,2015,2015],"Y_PREVALENCE_1000PP":[12.26384,8.83681,10.46387,6.78696,10.25597,0.31628,7.94163,6.54967,11.74476,8.76177,6.8203,11.23125,6.29402,6.84018,10.98901,6.5856,9.2833,7.12504,12.2426,11.07602,7.47803,10.26665,7.85059,7.15694,9.38149]},"PREVALENCE_BY_MONTH":{"X_CALENDAR_MONTH":["200401","201008","201502","201101","201207","201403","201310","201505","201110","200506","200709","200404","201406","200912","200901","201005","201307","200712","200407","200509","201011","201107","200610","200802","201211","200902","200503","200809","200811","201001","201202","200507","200410","201111","200603","201412","200812","200805","200607","200510","200601","200606","200810","201204","200808","200905","201205","200604","201208","201303","201409","201504","201301","201203","201002","200511","200909","201304","200508","200906","201112","200903","200710","200904","201105","200910","201108","201102","201311","200408","200501","200602","201305","200806","201302","200411","200704","200907","200701","201407","200512","201201","200504","201503","201410","200405","201404","201206","201308","200707","201009","200612","200402","200609","200803","201401","201012","201004","200406","201405","200807","201212","201007","201003","201402","200611","200804","201006","200801","201209","200403","200605","200703","200608","201104","201210","201411","201010","200908","201306","200412","201103","201408","200708","200409","201106","201109","201312","200505","201309","200705","200702","201501","200711","200911","200502","200706"],"Y_PREVALENCE_1000PP":[0.73454,0.13065,0.29559,0.11008,0.17296,0.15094,0.21613,0.7958,0.14921,0.1464,0.18079,0.28816,0.15878,0.15213,0.16649,0.08372,0.16747,0.15837,0.19231,0.14356,0.17817,0.13476,0.15731,0.14363,0.11806,0.07215,0.12435,0.11787,0.1108,0.14594,0.14158,0.16549,0.21714,0.10743,0.14797,0.25765,0.16074,0.11297,0.19815,0.14949,0.14388,0.16237,0.13621,0.12956,0.08324,0.1587,0.1735,0.13562,0.15336,0.1573,0.15649,0.393,0.15099,0.1253,0.13361,0.18742,0.14624,0.1189,0.1374,0.16799,0.15698,0.1155,0.16242,0.09362,0.14603,0.12419,0.12235,0.07881,0.17298,0.27803,0.15576,0.12724,0.1782,0.09979,0.13491,0.17164,0.1204,0.11525,0.14373,0.20161,0.13819,0.18038,0.19796,0.32137,0.22687,0.33191,0.14154,0.16495,0.19234,0.16229,0.12469,0.13804,0.32658,0.1734,0.09743,0.12992,0.16939,0.09291,0.2601,0.13204,0.13456,0.20269,0.18638,0.12994,0.12017,0.14213,0.14889,0.11162,0.11459,0.17861,0.4735,0.14133,0.12435,0.16364,0.09182,0.16555,0.25456,0.15902,0.16521,0.11055,0.15063,0.1479,0.23865,0.12106,0.21735,0.13078,0.1392,0.18371,0.12747,0.22539,0.17048,0.09778,0.3002,0.15534,0.13974,0.12826,0.09848]},"LENGTH_OF_ERA":{"CATEGORY":"Length of era","MIN_VALUE":1,"P10_VALUE":1,"P25_VALUE":1,"MEDIAN_VALUE":1,"P75_VALUE":1,"P90_VALUE":1,"MAX_VALUE":139},"AGE_AT_FIRST_DIAGNOSIS":{"CATEGORY":["MALE","FEMALE"],"MIN_VALUE":[0,0],"P10_VALUE":[0,0],"P25_VALUE":[0,0],"MEDIAN_VALUE":[1,1],"P75_VALUE":[2,2],"P90_VALUE":[3,2],"MAX_VALUE":[92,102]}}
