{"PREVALENCE_BY_GENDER_AGE_YEAR":{"TRELLIS_NAME":["70-79","60-69","80-89","80-89","70-79","70-79","60-69","60-69","70-79","70-79","50-59","60-69","50-59","70-79","70-79","60-69","80-89","60-69","70-79","50-59","70-79","80-89","80-89","60-69","70-79","50-59","50-59","70-79","60-69","80-89","60-69","70-79","70-79","50-59","50-59","70-79","70-79","80-89","60-69","50-59","50-59","70-79","70-79","60-69","80-89","60-69","80-89","50-59","50-59","70-79","80-89","60-69","60-69","80-89","60-69","80-89","60-69","80-89","70-79","70-79","70-79","60-69","70-79","60-69","80-89"],"SERIES_NAME":["FEMALE","FEMALE","MALE","FEMALE","MALE","FEMALE","MALE","FEMALE","MALE","FEMALE","FEMALE","FEMALE","MALE","FEMALE","MALE","MALE","FEMALE","FEMALE","MALE","MALE","FEMALE","FEMALE","MALE","MALE","FEMALE","MALE","FEMALE","MALE","FEMALE","FEMALE","MALE","MALE","FEMALE","FEMALE","MALE","FEMALE","MALE","MALE","MALE","MALE","FEMALE","FEMALE","MALE","FEMALE","FEMALE","MALE","MALE","MALE","FEMALE","FEMALE","MALE","MALE","FEMALE","FEMALE","MALE","MALE","FEMALE","FEMALE","FEMALE","MALE","FEMALE","FEMALE","MALE","MALE","FEMALE"],"X_CALENDAR_YEAR":[2004,2004,2004,2004,2005,2005,2005,2006,2006,2006,2006,2007,2007,2007,2007,2008,2008,2008,2008,2008,2008,2009,2009,2009,2009,2009,2009,2009,2010,2010,2010,2010,2010,2011,2011,2011,2011,2011,2011,2012,2012,2012,2012,2012,2012,2012,2012,2013,2013,2013,2013,2013,2013,2013,2014,2014,2014,2014,2014,2014,2015,2015,2015,2015,2015],"Y_PREVALENCE_1000PP":[0.637,0.41722,1.62999,1.51388,0.86232,0.68182,0.45921,0.50312,0.60854,0.75888,0.22242,0.37734,0.32019,0.66948,1.22379,0.5144,0.67378,0.45041,0.63037,0.40367,0.38848,0.97171,1.28205,0.6566,0.75786,0.39473,0.41019,1.01634,0.75459,0.74342,0.52568,0.83314,0.56419,0.24435,0.3932,0.92839,0.819,1.64204,0.56751,0.45879,0.21881,0.6734,0.44981,0.63171,0.9601,0.848,1.19314,0.32007,0.2292,0.97241,1.35603,0.37558,0.64677,0.88721,0.56536,1.27146,0.31737,1.04956,0.57949,1.17288,0.82962,0.59759,1.55642,0.66591,1.10865]},"PREVALENCE_BY_MONTH":{"X_CALENDAR_MONTH":["201208","200804","201305","201206","200612","200512","200904","200602","201308","201209","200912","200701","200910","200703","201007","200907","200909","201003","200801","201311","201405","201010","200402","200403","201307","200611","201304","200906","201501","201106","201005","201301","201006","201009","201211","201002","201212","201401","201103","201408","200807","201202","201411","201110","201105","200604","200809","200610","200711","201505","201205","201502","201201","201203","201204","201112","201412","200903","200511","200806","201504","201407","200812","201404","200705","201001","201309","201503","201210","200710","201101","200911","201111","200905","201108","200908","201207","201310","200902","200509","200606","201409","201107","200506","201104","201403","201306","200503","201011","200709","201008","200410","200706","201004","201406","200702"],"Y_PREVALENCE_1000PP":[0.03067,0.0356,0.04364,0.03366,0.03186,0.02369,0.03121,0.02313,0.03771,0.03435,0.01863,0.02804,0.03105,0.02073,0.03106,0.03115,0.03423,0.05569,0.02619,0.03145,0.04841,0.02183,0.07838,0.08878,0.04838,0.02132,0.03963,0.02489,0.07179,0.0319,0.0186,0.03511,0.0186,0.03117,0.03125,0.02797,0.02796,0.02436,0.02203,0.05845,0.02243,0.03622,0.05657,0.02595,0.03175,0.0226,0.03504,0.02503,0.02975,0.09773,0.0367,0.10093,0.0328,0.02968,0.02325,0.03597,0.03595,0.04682,0.02791,0.02897,0.1572,0.0422,0.03467,0.03002,0.02046,0.02174,0.03438,0.12855,0.03104,0.03978,0.04718,0.01863,0.03256,0.02489,0.02898,0.0187,0.03052,0.03859,0.02196,0.02461,0.02583,0.04038,0.03209,0.03875,0.04749,0.03774,0.02211,0.03685,0.03126,0.02678,0.03111,0.03257,0.02038,0.02478,0.05898,0.02445]},"LENGTH_OF_ERA":{"CATEGORY":"Length of era","MIN_VALUE":1,"P10_VALUE":1,"P25_VALUE":1,"MEDIAN_VALUE":1,"P75_VALUE":1,"P90_VALUE":1,"MAX_VALUE":59},"AGE_AT_FIRST_DIAGNOSIS":{"CATEGORY":["FEMALE","MALE"],"MIN_VALUE":[0,3],"P10_VALUE":[41,47],"P25_VALUE":[59,58],"MEDIAN_VALUE":[69,69],"P75_VALUE":[79,77],"P90_VALUE":[86,85],"MAX_VALUE":[102,95]}}
