{"PREVALENCE_BY_GENDER_AGE_YEAR":{"TRELLIS_NAME":["60-69","60-69"],"SERIES_NAME":["FEMALE","MALE"],"X_CALENDAR_YEAR":[2013,2013],"Y_PREVALENCE_1000PP":[0.25871,0.42923]},"PREVALENCE_BY_MONTH":{"X_CALENDAR_MONTH":["201301","201311","201307","201304","200902","201104","201203","201007"],"Y_PREVALENCE_1000PP":[0.04214,0.02359,0.02605,0.02883,0.02196,0.019,0.01978,0.01864]},"LENGTH_OF_ERA":{"CATEGORY":"Length of era","MIN_VALUE":1,"P10_VALUE":1,"P25_VALUE":1,"MEDIAN_VALUE":1,"P75_VALUE":1,"P90_VALUE":1,"MAX_VALUE":40},"AGE_AT_FIRST_DIAGNOSIS":{"CATEGORY":["FEMALE","MALE"],"MIN_VALUE":[0,0],"P10_VALUE":[3,10],"P25_VALUE":[28,32],"MEDIAN_VALUE":[53,53],"P75_VALUE":[68,66],"P90_VALUE":[81,76],"MAX_VALUE":[94,91]}}
