{"PREVALENCE_BY_GENDER_AGE_YEAR":{"TRELLIS_NAME":["60-69","60-69","70-79","50-59","70-79","50-59","30-39","60-69","80-89","80-89","60-69","70-79","70-79","70-79","70-79","50-59","80-89","60-69","80-89","80-89","60-69","60-69","40-49","70-79","50-59","70-79","60-69","80-89","60-69","70-79","50-59","40-49","50-59","80-89","60-69","80-89","70-79","40-49","50-59","70-79","60-69","80-89","80-89","60-69","60-69","70-79","50-59","40-49","70-79","50-59","70-79","40-49","70-79","60-69","80-89","60-69","80-89","40-49","50-59","70-79","50-59","40-49","70-79","60-69","80-89","60-69","80-89","50-59","70-79","40-49","70-79","80-89","60-69","60-69","30-39","60-69","80-89","80-89","60-69","70-79","70-79","50-59"],"SERIES_NAME":["FEMALE","MALE","MALE","FEMALE","FEMALE","MALE","FEMALE","MALE","MALE","FEMALE","FEMALE","FEMALE","MALE","MALE","FEMALE","FEMALE","MALE","FEMALE","FEMALE","FEMALE","FEMALE","MALE","MALE","MALE","MALE","FEMALE","MALE","MALE","FEMALE","MALE","MALE","FEMALE","FEMALE","FEMALE","MALE","MALE","FEMALE","MALE","MALE","MALE","FEMALE","FEMALE","MALE","MALE","FEMALE","MALE","MALE","MALE","FEMALE","FEMALE","MALE","FEMALE","FEMALE","FEMALE","FEMALE","MALE","MALE","FEMALE","MALE","FEMALE","FEMALE","MALE","MALE","FEMALE","FEMALE","MALE","MALE","MALE","MALE","FEMALE","FEMALE","MALE","MALE","FEMALE","FEMALE","MALE","MALE","FEMALE","FEMALE","FEMALE","MALE","FEMALE"],"X_CALENDAR_YEAR":[2004,2004,2004,2004,2004,2004,2005,2005,2005,2005,2005,2005,2005,2006,2006,2006,2006,2006,2006,2007,2007,2007,2007,2007,2007,2007,2008,2008,2008,2008,2008,2008,2008,2009,2009,2009,2009,2009,2009,2009,2009,2010,2010,2010,2010,2010,2010,2010,2010,2011,2011,2011,2011,2011,2011,2011,2011,2012,2012,2012,2012,2012,2012,2012,2012,2012,2012,2013,2013,2013,2013,2013,2013,2013,2014,2014,2014,2014,2014,2014,2014,2014],"Y_PREVALENCE_1000PP":[0.41722,0.75743,1.03022,0.35441,0.91,0.49892,0.19443,0.76535,1.72824,1.11359,0.50412,1.06061,1.72463,1.04321,0.68989,0.25949,1.34151,0.4025,0.75882,1.18385,0.51884,0.73453,0.49377,0.97903,0.53365,0.53558,0.5144,1.83916,0.45041,0.94555,0.55505,0.19433,0.45304,1.07968,0.43773,1.12179,0.5684,0.32149,0.29605,0.85998,0.516,1.16822,0.92436,0.68338,0.29345,0.7574,0.58258,0.37912,0.68957,0.31417,1.04236,0.20243,0.74271,0.37343,1.46077,0.82547,1.94059,0.21498,0.40781,1.16315,0.40115,0.41956,1.04955,0.5896,1.9202,0.954,1.78971,0.42676,0.4456,0.31084,0.66853,1.20536,0.80481,0.38806,0.21025,0.56536,2.22505,1.2828,0.45339,0.38632,1.25108,0.29286]},"PREVALENCE_BY_MONTH":{"X_CALENDAR_MONTH":["200707","200811","201006","201407","201311","201212","201105","201012","201308","200611","200402","201209","201206","200608","201502","201304","200803","200710","200903","200605","201102","200408","201404","201003","200503","201305","200906","200508","200512","201110","200511","200907","201107","200904","200506","200810","200701","200601","200910","200909","201112","200711","200509","201103","200607","201002","200604","200505","201205","201106","201208","201501","200504","201109","200502","201203","201406","201409","200805","200804","200808","201402","201202","200610","201411","201405","201408","200709","200712","200807","200912","201310","201011","200606","201005","201307","200703","200404","201004","201403","200609","201104","201101","200708","201007","201207","201201","200406","201210","200403","200612","200809","201111","200812","201309","201108","201306","201303","200510","200702","200705","200507","200911","201204","201503","200905"],"Y_PREVALENCE_1000PP":[0.02029,0.02216,0.03101,0.05626,0.03145,0.04543,0.05397,0.05333,0.03771,0.02843,0.09144,0.02748,0.03366,0.02546,0.04326,0.02883,0.04547,0.0232,0.01873,0.02603,0.02837,0.03626,0.03431,0.03094,0.04606,0.03637,0.03111,0.04164,0.03948,0.03568,0.0319,0.03115,0.03209,0.02184,0.03875,0.02851,0.03506,0.02333,0.03415,0.03111,0.01962,0.02314,0.02461,0.03776,0.02936,0.01864,0.03767,0.02637,0.0367,0.02871,0.03749,0.05221,0.06299,0.03561,0.03325,0.06924,0.06351,0.05553,0.02905,0.02913,0.01921,0.02901,0.03293,0.02145,0.04525,0.03961,0.03896,0.04687,0.03959,0.02884,0.01863,0.03088,0.03438,0.02583,0.0186,0.0521,0.02763,0.07628,0.03716,0.04193,0.02167,0.03166,0.02516,0.02354,0.02485,0.0407,0.05247,0.04791,0.02759,0.09865,0.02478,0.03823,0.01953,0.02837,0.03438,0.03542,0.02579,0.03218,0.03232,0.02794,0.03069,0.03395,0.01863,0.05315,0.08838,0.02801]},"LENGTH_OF_ERA":{"CATEGORY":"Length of era","MIN_VALUE":1,"P10_VALUE":1,"P25_VALUE":1,"MEDIAN_VALUE":1,"P75_VALUE":1,"P90_VALUE":1,"MAX_VALUE":23},"AGE_AT_FIRST_DIAGNOSIS":{"CATEGORY":["FEMALE","MALE"],"MIN_VALUE":[0,0],"P10_VALUE":[35,36],"P25_VALUE":[53,53],"MEDIAN_VALUE":[67,67],"P75_VALUE":[79,77],"P90_VALUE":[85,82],"MAX_VALUE":[99,96]}}
