{"PREVALENCE_BY_GENDER_AGE_YEAR":{"TRELLIS_NAME":["50-59","70-79","40-49","40-49","50-59","70-79","60-69","60-69","30-39","40-49","70-79","40-49","50-59","70-79","30-39","50-59","30-39","60-69","80-89","60-69","60-69","20-29","60-69","50-59","40-49","50-59","40-49","70-79","70-79","30-39","40-49","70-79","50-59","70-79","40-49","50-59","80-89","60-69","60-69","30-39","30-39","50-59","40-49","50-59","70-79","40-49","60-69","60-69","20-29","80-89","30-39","30-39","60-69","70-79","50-59","70-79","40-49","50-59","40-49","30-39","80-89","60-69","30-39","50-59","40-49","50-59","40-49","70-79","60-69","60-69","30-39","60-69","60-69","70-79","40-49","50-59","40-49","50-59","20-29","30-39","60-69","70-79","60-69","40-49","50-59","50-59","30-39","60-69","60-69","30-39","50-59","40-49","40-49","50-59","40-49","70-79","50-59","50-59","40-49","60-69","60-69","30-39","30-39","60-69","60-69","70-79","50-59","70-79","40-49","50-59"],"SERIES_NAME":["FEMALE","FEMALE","FEMALE","MALE","MALE","MALE","FEMALE","MALE","FEMALE","FEMALE","FEMALE","MALE","MALE","MALE","MALE","FEMALE","FEMALE","MALE","FEMALE","FEMALE","MALE","FEMALE","FEMALE","FEMALE","FEMALE","MALE","MALE","MALE","FEMALE","FEMALE","MALE","MALE","MALE","FEMALE","FEMALE","FEMALE","FEMALE","FEMALE","MALE","FEMALE","MALE","MALE","FEMALE","FEMALE","FEMALE","MALE","FEMALE","MALE","FEMALE","MALE","MALE","FEMALE","FEMALE","MALE","FEMALE","FEMALE","FEMALE","MALE","MALE","FEMALE","FEMALE","MALE","MALE","FEMALE","MALE","MALE","FEMALE","FEMALE","MALE","FEMALE","FEMALE","FEMALE","MALE","MALE","MALE","MALE","FEMALE","FEMALE","MALE","FEMALE","MALE","MALE","FEMALE","FEMALE","MALE","FEMALE","FEMALE","MALE","FEMALE","FEMALE","FEMALE","FEMALE","MALE","MALE","MALE","MALE","MALE","FEMALE","FEMALE","FEMALE","MALE","FEMALE","MALE","MALE","FEMALE","MALE","FEMALE","FEMALE","FEMALE","MALE"],"X_CALENDAR_YEAR":[2004,2004,2004,2004,2004,2004,2004,2004,2004,2005,2005,2005,2005,2005,2005,2005,2005,2005,2005,2005,2006,2006,2006,2006,2006,2006,2006,2006,2006,2006,2007,2007,2007,2007,2007,2007,2007,2007,2007,2007,2007,2008,2008,2008,2008,2008,2008,2008,2008,2008,2008,2008,2009,2009,2009,2009,2009,2009,2009,2009,2009,2009,2010,2010,2010,2010,2010,2010,2010,2010,2010,2011,2011,2011,2011,2011,2011,2011,2011,2011,2012,2012,2012,2012,2012,2012,2012,2013,2013,2013,2013,2013,2013,2013,2014,2014,2014,2014,2014,2014,2014,2014,2014,2015,2015,2015,2015,2015,2015,2015],"Y_PREVALENCE_1000PP":[1.36702,1.001,0.96993,1.27086,0.99784,0.80128,1.18212,0.75743,0.39609,0.77928,0.75758,0.73613,0.64965,0.67069,0.52886,1.30389,0.55087,0.68881,0.83519,0.61614,0.86788,0.23053,0.60374,1.03796,0.85491,0.51843,0.65166,0.7824,0.68989,0.32955,0.54864,0.48952,0.58701,0.53558,0.86887,0.6466,0.71031,1.08485,1.04058,0.371,0.43956,0.55505,0.55059,0.76668,0.90644,0.70373,0.58553,0.57156,0.20553,1.00318,0.36539,0.26837,0.81699,0.54726,1.12801,0.69471,0.96448,0.54275,0.85731,0.44342,0.64781,0.49245,0.47064,0.65026,0.43328,0.92242,0.6466,0.75226,0.36798,0.41922,0.44631,0.37343,0.56751,0.52118,0.62147,0.7864,0.33738,0.80288,0.30193,0.24541,0.583,0.52478,0.2948,0.57327,0.50976,0.76584,0.20562,0.53654,0.4743,0.24819,0.7258,0.58282,0.51716,0.32007,0.66711,0.70373,0.99311,1.12961,1.06204,0.63475,0.62189,0.2453,0.5071,0.57078,0.97109,0.90791,0.95623,0.62221,0.97959,0.64697]},"PREVALENCE_BY_MONTH":{"X_CALENDAR_MONTH":["200402","200811","200602","200711","200910","201009","200605","201302","201404","201209","200405","201212","200701","200509","201003","201206","200612","201006","200904","201305","201501","200408","200907","200603","200512","200502","200609","200705","201103","200611","201401","201309","201308","200708","200403","201010","201210","201007","200704","201311","200406","201405","201012","200409","201207","200707","201106","200801","200606","201312","201402","200804","201001","201102","201004","201306","200905","200901","200702","201412","200911","201203","200908","201303","201505","200709","201110","200710","201101","201307","200503","201502","200712","200703","200808","201406","200412","200909","201104","200407","200912","200506","201304","200410","201408","200706","201409","201107","200802","201011","201109","200505","200805","200508","201504","200404","200511","201002","201211","201008","201410","200411","201005","201204","200607","201403","200803","200610","200401","201201","201112","200903","201407","200906","200812","200810","200501","200806","200809","201108","200902","201111","201208","201105","201503","200608","200807","200601","201411","200604","200507","201202","201205","200504","200510"],"Y_PREVALENCE_1000PP":[0.30046,0.04749,0.05398,0.04627,0.05899,0.03741,0.04463,0.03905,0.05147,0.02404,0.09052,0.04194,0.03506,0.03281,0.06188,0.0303,0.02124,0.04651,0.05305,0.04,0.124,0.08462,0.04049,0.0607,0.06317,0.07126,0.06502,0.05796,0.03776,0.0604,0.02842,0.02674,0.0264,0.0639,0.07892,0.03742,0.02414,0.04038,0.04816,0.05111,0.10267,0.04401,0.04705,0.09151,0.03391,0.03719,0.04147,0.03601,0.0738,0.04393,0.04144,0.06474,0.03105,0.05359,0.04955,0.04053,0.02801,0.04084,0.07334,0.0779,0.05279,0.03297,0.05611,0.03218,0.16754,0.06026,0.01946,0.07955,0.0346,0.03721,0.05987,0.08651,0.05939,0.03454,0.03842,0.06805,0.04017,0.06534,0.0285,0.07692,0.04657,0.08181,0.05405,0.10314,0.10228,0.04754,0.05553,0.0385,0.0457,0.04689,0.0518,0.05275,0.05487,0.05413,0.1572,0.09323,0.03988,0.02797,0.04514,0.03422,0.08442,0.06762,0.03101,0.01993,0.03303,0.06709,0.04222,0.05363,0.19852,0.0328,0.01962,0.05931,0.07033,0.05288,0.05043,0.05702,0.05841,0.05794,0.05097,0.02254,0.06274,0.03581,0.03067,0.03175,0.13658,0.03273,0.02884,0.06222,0.04525,0.03767,0.07214,0.03951,0.03003,0.08098,0.05253]},"LENGTH_OF_ERA":{"CATEGORY":"Length of era","MIN_VALUE":1,"P10_VALUE":1,"P25_VALUE":1,"MEDIAN_VALUE":1,"P75_VALUE":1,"P90_VALUE":8,"MAX_VALUE":144},"AGE_AT_FIRST_DIAGNOSIS":{"CATEGORY":["MALE","FEMALE"],"MIN_VALUE":[1,2],"P10_VALUE":[36,33],"P25_VALUE":[44,43],"MEDIAN_VALUE":[55,52],"P75_VALUE":[66,64],"P90_VALUE":[76,74],"MAX_VALUE":[92,96]}}
