{"PREVALENCE_BY_GENDER_AGE_YEAR":{"TRELLIS_NAME":["0-9","0-9","0-9","0-9","0-9","0-9","0-9","0-9","0-9","0-9","0-9","0-9"],"SERIES_NAME":["MALE","MALE","MALE","MALE","MALE","MALE","MALE","MALE","MALE","MALE","MALE","MALE"],"X_CALENDAR_YEAR":[2004,2005,2006,2007,2008,2009,2010,2011,2012,2013,2014,2015],"Y_PREVALENCE_1000PP":[1.44078,0.86906,1.44393,1.67301,1.10227,1.97326,1.88105,1.39378,1.85251,2.91643,2.851,2.11787]},"PREVALENCE_BY_MONTH":{"X_CALENDAR_MONTH":["201410","201403","201412","200607","201209","201101","201211","201203","200605","201409","201212","201502","201304","200912","200402","201406","200608","201106","200910","201008","201308","201505","201311","201301","200707","201305","200907","201205","201504","201310","201408","200911","200908","200905","201303","200708","201312","201004","201007","201405","200406","201010"],"Y_PREVALENCE_1000PP":[0.04221,0.03354,0.0719,0.02569,0.02061,0.02202,0.02431,0.02968,0.02603,0.06058,0.02796,0.04326,0.02883,0.01863,0.07838,0.0499,0.02182,0.02233,0.02484,0.02489,0.0264,0.08377,0.04718,0.02809,0.02029,0.03273,0.02492,0.04004,0.10808,0.05017,0.02922,0.02174,0.02494,0.01867,0.0286,0.02354,0.02396,0.02168,0.02174,0.02641,0.04791,0.03118]},"LENGTH_OF_ERA":{"CATEGORY":"Length of era","MIN_VALUE":1,"P10_VALUE":1,"P25_VALUE":1,"MEDIAN_VALUE":1,"P75_VALUE":1,"P90_VALUE":1,"MAX_VALUE":31},"AGE_AT_FIRST_DIAGNOSIS":{"CATEGORY":"MALE","MIN_VALUE":0,"P10_VALUE":0,"P25_VALUE":0,"MEDIAN_VALUE":1,"P75_VALUE":2,"P90_VALUE":5,"MAX_VALUE":28}}
