{"PREVALENCE_BY_GENDER_AGE_YEAR":{"TRELLIS_NAME":["70-79","60-69","60-69","80-89","60-69","60-69","60-69","60-69","70-79"],"SERIES_NAME":["MALE","FEMALE","MALE","FEMALE","MALE","MALE","FEMALE","FEMALE","MALE"],"X_CALENDAR_YEAR":[2005,2006,2008,2008,2009,2010,2011,2012,2013],"Y_PREVALENCE_1000PP":[0.57488,0.30187,0.34294,0.67378,0.54717,0.31541,0.24895,0.25268,0.51987]},"PREVALENCE_BY_MONTH":{"X_CALENDAR_MONTH":["200605","200910","200807","201310","200909","201503"],"Y_PREVALENCE_1000PP":[0.02603,0.01863,0.01922,0.02316,0.02178,0.05624]},"LENGTH_OF_ERA":{"CATEGORY":"Length of era","MIN_VALUE":1,"P10_VALUE":1,"P25_VALUE":1,"MEDIAN_VALUE":1,"P75_VALUE":1,"P90_VALUE":7,"MAX_VALUE":51},"AGE_AT_FIRST_DIAGNOSIS":{"CATEGORY":["MALE","FEMALE"],"MIN_VALUE":[19,4],"P10_VALUE":[49,33],"P25_VALUE":[58,49],"MEDIAN_VALUE":[69,67],"P75_VALUE":[77,78],"P90_VALUE":[82,84],"MAX_VALUE":[92,93]}}
