{"PREVALENCE_BY_GENDER_AGE_YEAR":{"TRELLIS_NAME":["80-89","70-79","80-89","80-89","80-89","70-79","80-89","60-69","80-89","70-79","80-89"],"SERIES_NAME":["FEMALE","MALE","MALE","FEMALE","MALE","MALE","FEMALE","MALE","MALE","MALE","MALE"],"X_CALENDAR_YEAR":[2009,2010,2010,2011,2011,2012,2012,2012,2012,2013,2014],"Y_PREVALENCE_1000PP":[0.64781,0.68166,1.07842,0.62604,0.89566,1.12452,0.74675,0.318,1.19314,0.4456,1.27146]},"PREVALENCE_BY_MONTH":{"X_CALENDAR_MONTH":["201201","201101","201207","201404","201006","201205","201208","201209","201204","201203"],"Y_PREVALENCE_1000PP":[0.01968,0.02202,0.03052,0.03431,0.0186,0.02336,0.02045,0.02061,0.02658,0.01978]},"LENGTH_OF_ERA":{"CATEGORY":"Length of era","MIN_VALUE":1,"P10_VALUE":1,"P25_VALUE":1,"MEDIAN_VALUE":1,"P75_VALUE":1,"P90_VALUE":1,"MAX_VALUE":16},"AGE_AT_FIRST_DIAGNOSIS":{"CATEGORY":["MALE","FEMALE"],"MIN_VALUE":[18,16],"P10_VALUE":[48,59],"P25_VALUE":[64,70],"MEDIAN_VALUE":[74,78],"P75_VALUE":[82,88],"P90_VALUE":[88,94],"MAX_VALUE":[99,104]}}
