{"PREVALENCE_BY_GENDER_AGE_YEAR":{"TRELLIS_NAME":["70-79","70-79","50-59","60-69","50-59","70-79","40-49","70-79","50-59","60-69","40-49","50-59","50-59","40-49","60-69","50-59","60-69","50-59","10-19","60-69","50-59","50-59","10-19","50-59","50-59","30-39","70-79","60-69","60-69","50-59","50-59","60-69","60-69","60-69","80-89","60-69","70-79","70-79","50-59","40-49","60-69","60-69"],"SERIES_NAME":["MALE","FEMALE","MALE","MALE","FEMALE","MALE","FEMALE","FEMALE","MALE","MALE","FEMALE","FEMALE","FEMALE","FEMALE","MALE","FEMALE","FEMALE","FEMALE","MALE","FEMALE","FEMALE","FEMALE","MALE","MALE","FEMALE","FEMALE","MALE","FEMALE","MALE","MALE","FEMALE","MALE","FEMALE","MALE","FEMALE","FEMALE","FEMALE","MALE","FEMALE","FEMALE","FEMALE","MALE"],"X_CALENDAR_YEAR":[2004,2004,2004,2004,2005,2005,2005,2005,2005,2005,2006,2006,2007,2007,2008,2008,2008,2009,2009,2009,2010,2011,2011,2012,2012,2012,2012,2012,2012,2013,2013,2013,2013,2014,2014,2014,2014,2014,2014,2014,2015,2015],"Y_PREVALENCE_1000PP":[0.68681,0.819,0.49892,0.56807,0.48896,0.57488,0.25976,0.45455,0.64965,0.45921,0.20518,0.22242,0.3233,0.3676,0.34294,0.45304,0.31529,0.27346,0.26774,0.258,0.23957,0.34908,0.27793,0.45879,0.54703,0.17625,0.59975,0.46326,0.318,0.37341,0.4584,0.37558,0.38806,0.45228,0.93294,0.63475,0.38632,0.54735,0.58573,0.30976,0.67229,0.66591]},"PREVALENCE_BY_MONTH":{"X_CALENDAR_MONTH":["200804","200807","201401","201108","201202","200707","201411","200701","200810","200412","201503","201408","200601","200409","200710","200902","200512","201111","200504","201311","200501","200905","201112","201410","200510","200502","200508","201201","200806","200507","201404","201504","201109","201009","200803","200411","201012","200505","201407","201106","201306","200408","200908","201501","201205","200812","201208","200711","200911","200903","200606","201002","201211","200607","200401","201008","200604","200407","201309","200610","200708","201312","201406","200705","201403","201210","201308","200809","200702","200404","200406","201005","200603","201207","201204","201402","200403","200609","201301","201001","200410","200511","200703","201304","200709","200706","201212","201305","200402","200912","201104","200910","200805","201006","200611","201101","201405","200907","200503","201310","201103","201209","200801","201412","201206","200405","200509","200506","201409","201505","200904","200811","200901","200808","200602","201502","201203"],"Y_PREVALENCE_1000PP":[0.03237,0.02243,0.0609,0.03864,0.02305,0.02029,0.0792,0.03155,0.03801,0.05523,0.06427,0.06332,0.03111,0.05148,0.02652,0.01882,0.02764,0.03581,0.05849,0.03538,0.03894,0.03112,0.01962,0.04748,0.03232,0.0475,0.04996,0.02624,0.02575,0.0297,0.0386,0.13755,0.01942,0.02182,0.01949,0.04161,0.02196,0.03077,0.07033,0.01914,0.04053,0.0544,0.02805,0.08484,0.02336,0.02206,0.04771,0.02314,0.02795,0.01873,0.02214,0.02486,0.04514,0.04403,0.17867,0.01866,0.03014,0.04487,0.0382,0.03218,0.03363,0.03994,0.05444,0.02387,0.03354,0.02759,0.0264,0.02549,0.02095,0.08475,0.0616,0.02481,0.03415,0.04409,0.01993,0.03729,0.08878,0.03251,0.04565,0.01863,0.05971,0.02791,0.03109,0.03963,0.02344,0.02038,0.02796,0.04,0.07838,0.02794,0.02533,0.01863,0.0355,0.0248,0.02487,0.02831,0.06162,0.02803,0.04606,0.05789,0.02203,0.02748,0.02292,0.0779,0.0303,0.04526,0.04922,0.04736,0.05553,0.20942,0.03121,0.04115,0.03456,0.02881,0.02313,0.04326,0.02638]},"LENGTH_OF_ERA":{"CATEGORY":"Length of era","MIN_VALUE":1,"P10_VALUE":1,"P25_VALUE":1,"MEDIAN_VALUE":1,"P75_VALUE":16,"P90_VALUE":71,"MAX_VALUE":1077},"AGE_AT_FIRST_DIAGNOSIS":{"CATEGORY":["MALE","FEMALE"],"MIN_VALUE":[1,2],"P10_VALUE":[15,17],"P25_VALUE":[39,40],"MEDIAN_VALUE":[58,55],"P75_VALUE":[71,68],"P90_VALUE":[80,79],"MAX_VALUE":[96,93]}}
