{"PREVALENCE_BY_GENDER_AGE_YEAR":{"TRELLIS_NAME":["50-59","40-49","50-59","60-69","50-59","40-49","60-69","60-69","50-59","50-59","60-69","50-59","70-79","60-69","50-59","60-69","50-59","40-49","60-69","60-69","50-59","50-59","60-69","60-69","50-59","60-69","60-69","50-59","60-69"],"SERIES_NAME":["FEMALE","MALE","MALE","MALE","MALE","MALE","MALE","MALE","MALE","MALE","MALE","MALE","FEMALE","MALE","MALE","MALE","MALE","MALE","MALE","FEMALE","MALE","FEMALE","FEMALE","MALE","MALE","MALE","MALE","MALE","FEMALE"],"X_CALENDAR_YEAR":[2004,2004,2004,2004,2005,2005,2005,2006,2006,2007,2008,2008,2008,2009,2009,2010,2010,2011,2011,2011,2012,2012,2012,2012,2013,2013,2014,2014,2014],"Y_PREVALENCE_1000PP":[0.35441,0.84724,1.2473,0.56807,0.58468,0.53537,0.68881,0.60084,0.97926,0.7471,0.5144,0.90827,0.38848,0.60188,0.49341,0.68338,0.48548,0.45198,0.56751,0.24895,0.8666,0.29175,0.2948,0.636,0.42676,0.37558,0.39575,0.6426,0.27203]},"PREVALENCE_BY_MONTH":{"X_CALENDAR_MONTH":["200803","200507","201201","201003","200806","200611","201401","201204","201308","200604","201210","200607","201307","201005","200909","200911","200905","201303","200908","200712","201101","200904","200901","200404","201011","201110","200506","200410","201008","201112","200407","201206","201405","200808","200602","201010","200409","201012","200804","201004"],"Y_PREVALENCE_1000PP":[0.02273,0.02546,0.02952,0.02475,0.01931,0.02843,0.02842,0.03322,0.02263,0.0226,0.02759,0.02936,0.02605,0.0186,0.01867,0.02795,0.02801,0.02503,0.0187,0.0198,0.02516,0.01872,0.01885,0.08475,0.02188,0.02595,0.02583,0.04343,0.03422,0.01962,0.05128,0.0202,0.03521,0.02241,0.02313,0.02495,0.04004,0.01882,0.03237,0.02168]},"LENGTH_OF_ERA":{"CATEGORY":"Length of era","MIN_VALUE":1,"P10_VALUE":1,"P25_VALUE":1,"MEDIAN_VALUE":1,"P75_VALUE":1,"P90_VALUE":1,"MAX_VALUE":34},"AGE_AT_FIRST_DIAGNOSIS":{"CATEGORY":["MALE","FEMALE"],"MIN_VALUE":[1,0],"P10_VALUE":[36,14],"P25_VALUE":[49,40],"MEDIAN_VALUE":[56,57],"P75_VALUE":[63,64],"P90_VALUE":[71,75],"MAX_VALUE":[84,87]}}
