{"PREVALENCE_BY_GENDER_AGE_YEAR":{"TRELLIS_NAME":["10-19","10-19","0-9","10-19","10-19","10-19","10-19","0-9","10-19","0-9","0-9","0-9","0-9","0-9","10-19","0-9"],"SERIES_NAME":["MALE","MALE","FEMALE","MALE","MALE","MALE","MALE","MALE","MALE","FEMALE","MALE","FEMALE","MALE","MALE","MALE","MALE"],"X_CALENDAR_YEAR":[2004,2005,2005,2006,2008,2009,2010,2011,2011,2011,2012,2012,2013,2014,2014,2015],"Y_PREVALENCE_1000PP":[0.42099,0.45701,0.327,0.40636,0.41025,0.35698,0.3175,0.27876,0.32425,0.23602,0.39188,0.28098,0.22434,0.33055,0.3524,0.43818]},"PREVALENCE_BY_MONTH":{"X_CALENDAR_MONTH":["201305","201001","201306","200911","201403","201502","201208","201110","201205","201504","200906","201301","200511","201108","201207","201203","201410","201103","201501","200501","201109"],"Y_PREVALENCE_1000PP":[0.04,0.01863,0.02579,0.03105,0.03354,0.05768,0.02386,0.01946,0.02336,0.05895,0.01867,0.02107,0.02791,0.02254,0.02035,0.02968,0.03166,0.02203,0.03916,0.03894,0.01942]},"LENGTH_OF_ERA":{"CATEGORY":"Length of era","MIN_VALUE":1,"P10_VALUE":1,"P25_VALUE":1,"MEDIAN_VALUE":1,"P75_VALUE":1,"P90_VALUE":11,"MAX_VALUE":111},"AGE_AT_FIRST_DIAGNOSIS":{"CATEGORY":["FEMALE","MALE"],"MIN_VALUE":[0,0],"P10_VALUE":[0,1],"P25_VALUE":[2,5],"MEDIAN_VALUE":[14,14],"P75_VALUE":[33,22],"P90_VALUE":[51,46],"MAX_VALUE":[86,82]}}
