{"PREVALENCE_BY_GENDER_AGE_YEAR":{"TRELLIS_NAME":["0-9","50-59","40-49","50-59","0-9","20-29","30-39","40-49","50-59","0-9","0-9","10-19","30-39","50-59","30-39","60-69","20-29","60-69","0-9","10-19","60-69","50-59","40-49","0-9","10-19","30-39","0-9","10-19","0-9","10-19","60-69","0-9","10-19","0-9","10-19","40-49","0-9","0-9","10-19","50-59","0-9","10-19","0-9","0-9","10-19","0-9","0-9","0-9","0-9"],"SERIES_NAME":["FEMALE","FEMALE","FEMALE","MALE","MALE","FEMALE","FEMALE","FEMALE","MALE","FEMALE","MALE","MALE","MALE","FEMALE","FEMALE","MALE","FEMALE","FEMALE","MALE","MALE","FEMALE","FEMALE","FEMALE","FEMALE","FEMALE","FEMALE","FEMALE","FEMALE","MALE","MALE","FEMALE","MALE","MALE","FEMALE","FEMALE","FEMALE","FEMALE","MALE","MALE","FEMALE","MALE","FEMALE","FEMALE","MALE","MALE","FEMALE","MALE","MALE","FEMALE"],"X_CALENDAR_YEAR":[2004,2004,2004,2004,2004,2004,2004,2005,2005,2005,2005,2005,2005,2005,2005,2005,2005,2005,2006,2006,2006,2006,2006,2006,2006,2006,2007,2007,2007,2007,2007,2008,2008,2008,2008,2008,2009,2009,2009,2010,2010,2013,2013,2013,2013,2014,2014,2015,2015],"Y_PREVALENCE_1000PP":[0.3867,0.30378,0.46187,0.83153,0.38421,0.34725,0.31687,1.00193,0.45475,0.65399,0.78629,0.51414,0.52886,1.1409,0.29164,0.53574,0.40999,0.89621,0.68397,0.35556,0.4025,0.59312,0.20518,0.34474,0.2711,0.23967,1.009,0.3397,1.28146,0.51809,0.28301,0.72336,0.41025,0.69477,0.33047,0.19433,0.22843,0.27217,0.31236,0.20535,0.27361,0.32623,0.33691,0.3739,0.81194,0.74329,0.6611,1.24151,0.49813]},"PREVALENCE_BY_MONTH":{"X_CALENDAR_MONTH":["200810","200707","200804","200409","201408","200412","200710","200512","200504","200503","200501","201502","200809","200601","201410","200505","200509","200508","200502","200408","201501","201505","200805","200606","200411","201305","200812","200506","200603","200711","200510","200507","200706","200602","201409","200403","200709","200410","200703","200802","201304","200712","200702","200609","200705","200801","201303","200611","200708","200604","201405","200704","200610","200907","200605","201302","200511"],"Y_PREVALENCE_1000PP":[0.03484,0.02367,0.01942,0.07435,0.03896,0.08536,0.04309,0.05133,0.07649,0.07369,0.09735,0.05768,0.03504,0.03889,0.04221,0.09231,0.04922,0.03747,0.06176,0.03626,0.05874,0.11169,0.03873,0.0369,0.09362,0.02546,0.01891,0.04736,0.04173,0.04627,0.06869,0.07214,0.03056,0.03856,0.04543,0.06905,0.03348,0.05971,0.03109,0.02285,0.02522,0.03629,0.02445,0.02529,0.05114,0.03601,0.0429,0.03908,0.02018,0.04144,0.02641,0.02408,0.0429,0.01869,0.04463,0.0426,0.03988]},"LENGTH_OF_ERA":{"CATEGORY":"Length of era","MIN_VALUE":1,"P10_VALUE":1,"P25_VALUE":1,"MEDIAN_VALUE":1,"P75_VALUE":1,"P90_VALUE":1,"MAX_VALUE":31},"AGE_AT_FIRST_DIAGNOSIS":{"CATEGORY":["FEMALE","MALE"],"MIN_VALUE":[0,0],"P10_VALUE":[3,2],"P25_VALUE":[8,4],"MEDIAN_VALUE":[35,9],"P75_VALUE":[54,24],"P90_VALUE":[64,57],"MAX_VALUE":[92,82]}}
