{"PREVALENCE_BY_GENDER_AGE_YEAR":{"TRELLIS_NAME":["50-59","40-49","60-69","40-49","70-79","60-69","50-59","60-69","70-79"],"SERIES_NAME":["FEMALE","FEMALE","MALE","FEMALE","MALE","FEMALE","MALE","FEMALE","FEMALE"],"X_CALENDAR_YEAR":[2005,2006,2009,2011,2011,2011,2012,2012,2014],"Y_PREVALENCE_1000PP":[0.24448,0.23937,0.3283,0.20243,0.44673,0.33194,0.35683,0.25268,0.38632]},"PREVALENCE_BY_MONTH":{"X_CALENDAR_MONTH":["200609","201101","201209","200903","200702","201208","200701","201107","200410","201212"],"Y_PREVALENCE_1000PP":[0.02167,0.01887,0.02061,0.02497,0.02095,0.03067,0.02103,0.01925,0.03257,0.02097]},"LENGTH_OF_ERA":{"CATEGORY":"Length of era","MIN_VALUE":1,"P10_VALUE":1,"P25_VALUE":1,"MEDIAN_VALUE":1,"P75_VALUE":1,"P90_VALUE":10,"MAX_VALUE":57},"AGE_AT_FIRST_DIAGNOSIS":{"CATEGORY":["FEMALE","MALE"],"MIN_VALUE":[12,4],"P10_VALUE":[31,29],"P25_VALUE":[43,47],"MEDIAN_VALUE":[56,59],"P75_VALUE":[70,68],"P90_VALUE":[78,76],"MAX_VALUE":[92,86]}}
