{"PREVALENCE_BY_GENDER_AGE_YEAR":{"TRELLIS_NAME":["10-19","10-19","10-19","10-19","10-19","10-19","10-19","10-19"],"SERIES_NAME":["FEMALE","MALE","FEMALE","MALE","FEMALE","MALE","FEMALE","FEMALE"],"X_CALENDAR_YEAR":[2006,2007,2007,2008,2008,2009,2009,2010],"Y_PREVALENCE_1000PP":[0.2711,0.28259,0.55202,0.547,2.06543,0.75859,0.85718,0.25002]},"PREVALENCE_BY_MONTH":{"X_CALENDAR_MONTH":["200810","200803","200802","200809","200812","201001","200705","200805","200910","200811"],"Y_PREVALENCE_1000PP":[0.03484,0.02273,0.02285,0.02549,0.03467,0.01863,0.02046,0.02259,0.02173,0.01899]},"LENGTH_OF_ERA":{"CATEGORY":"Length of era","MIN_VALUE":1,"P10_VALUE":1,"P25_VALUE":1,"MEDIAN_VALUE":1,"P75_VALUE":1,"P90_VALUE":1,"MAX_VALUE":29},"AGE_AT_FIRST_DIAGNOSIS":{"CATEGORY":["FEMALE","MALE"],"MIN_VALUE":[5,5],"P10_VALUE":[12,11],"P25_VALUE":[14,13],"MEDIAN_VALUE":[16,16],"P75_VALUE":[24,40],"P90_VALUE":[49,57],"MAX_VALUE":[79,80]}}
