{"PREVALENCE_BY_GENDER_AGE_YEAR":{"TRELLIS_NAME":["60-69","50-59","50-59","60-69","60-69","50-59"],"SERIES_NAME":["MALE","MALE","MALE","MALE","MALE","MALE"],"X_CALENDAR_YEAR":[2007,2010,2013,2013,2014,2014],"Y_PREVALENCE_1000PP":[0.36726,0.33984,0.32007,0.32192,0.62189,0.35051]},"PREVALENCE_BY_MONTH":{"X_CALENDAR_MONTH":["201411","201407","201208","201007","201002","201312","200708","201001"],"Y_PREVALENCE_1000PP":[0.03394,0.02813,0.02726,0.01864,0.02175,0.02396,0.02018,0.02174]},"LENGTH_OF_ERA":{"CATEGORY":"Length of era","MIN_VALUE":1,"P10_VALUE":1,"P25_VALUE":1,"MEDIAN_VALUE":1,"P75_VALUE":1,"P90_VALUE":15,"MAX_VALUE":54},"AGE_AT_FIRST_DIAGNOSIS":{"CATEGORY":["MALE","FEMALE"],"MIN_VALUE":[0,3],"P10_VALUE":[40,18],"P25_VALUE":[50,42],"MEDIAN_VALUE":[62,59],"P75_VALUE":[72,75],"P90_VALUE":[82,86],"MAX_VALUE":[98,90]}}
