{"PREVALENCE_BY_GENDER_AGE_YEAR":{"TRELLIS_NAME":["10-19","10-19","0-9","0-9","10-19","20-29","20-29","0-9","0-9","10-19","0-9","10-19","10-19","10-19","0-9","0-9","0-9","10-19","10-19","0-9","10-19","0-9","10-19","10-19","0-9","0-9","20-29","30-39","40-49","0-9","0-9","10-19","10-19","20-29","0-9","10-19","10-19","0-9","30-39","20-29","10-19","0-9","10-19","0-9"],"SERIES_NAME":["MALE","FEMALE","MALE","FEMALE","MALE","FEMALE","FEMALE","MALE","FEMALE","FEMALE","MALE","FEMALE","MALE","FEMALE","MALE","FEMALE","MALE","FEMALE","FEMALE","FEMALE","MALE","MALE","FEMALE","MALE","MALE","FEMALE","FEMALE","FEMALE","FEMALE","MALE","FEMALE","FEMALE","MALE","FEMALE","MALE","MALE","FEMALE","FEMALE","FEMALE","FEMALE","FEMALE","FEMALE","MALE","MALE"],"X_CALENDAR_YEAR":[2004,2004,2004,2005,2005,2005,2006,2006,2006,2006,2007,2007,2008,2008,2008,2009,2009,2009,2010,2010,2010,2010,2011,2011,2011,2011,2011,2012,2012,2012,2012,2012,2012,2012,2013,2013,2013,2013,2013,2013,2014,2014,2014,2014],"Y_PREVALENCE_1000PP":[0.56132,0.60742,0.38421,0.327,0.34276,0.18923,0.20172,0.34198,0.25855,0.31628,0.46275,0.25478,0.36466,0.28916,0.20668,0.34265,0.44228,0.36736,0.4167,0.34947,0.36286,0.37621,0.4288,0.46322,0.24391,0.5507,0.15691,0.17625,0.21498,0.32063,0.44154,0.47818,0.56657,0.24972,0.29912,0.40597,0.41944,0.25268,0.24819,0.17669,0.5935,0.32519,0.3524,0.37187]},"PREVALENCE_BY_MONTH":{"X_CALENDAR_MONTH":["201402","201004","200712","201403","201011","201303","200802","201406","201309","200503","201107","201008","200805","201007","201409","200911","200602","201412","200903","201101","200901","201206","201310","201505","200509","200708","200706","201203","201110","201109","201103","201104","200609","201504","201210","201111","201001","200410","200409","200510","201405","200902","201501","200905","201106","201408","201202","200810","201312","200505","201108","200711","200804","201205","201012","200803","201503","201209","200806","201207","201407","201201","201204","200907","200408","200512","200605","200603","201410","200411","201105","200909","200906","200710","201005","200912","200405","200701","201301","201306","201002","201212","201305","201307","200402","201211","200707","201401","201208","200608","201311","200604","201302","201003","201308"],"Y_PREVALENCE_1000PP":[0.02486,0.01858,0.0231,0.03774,0.03438,0.05005,0.03917,0.03176,0.05348,0.03224,0.03529,0.03733,0.02259,0.02174,0.05553,0.02174,0.02313,0.04194,0.02185,0.03774,0.02199,0.0303,0.02702,0.11169,0.02461,0.02354,0.02717,0.03957,0.02595,0.01942,0.03147,0.02216,0.02167,0.0786,0.03104,0.03581,0.03105,0.038,0.04004,0.02424,0.02641,0.02196,0.07179,0.02178,0.0319,0.02922,0.0428,0.02534,0.03195,0.02637,0.04186,0.01983,0.02266,0.04004,0.04392,0.02273,0.06427,0.03435,0.01931,0.04409,0.05157,0.03936,0.03986,0.02492,0.06044,0.02369,0.02603,0.02656,0.03166,0.03121,0.05079,0.02178,0.02178,0.01989,0.02481,0.03105,0.08298,0.02103,0.04214,0.03685,0.02486,0.03495,0.04364,0.04094,0.09144,0.03472,0.02705,0.04466,0.03749,0.02182,0.03931,0.02637,0.04615,0.03403,0.04148]},"LENGTH_OF_ERA":{"CATEGORY":"Length of era","MIN_VALUE":1,"P10_VALUE":1,"P25_VALUE":1,"MEDIAN_VALUE":1,"P75_VALUE":1,"P90_VALUE":12,"MAX_VALUE":134},"AGE_AT_FIRST_DIAGNOSIS":{"CATEGORY":["MALE","FEMALE"],"MIN_VALUE":[0,0],"P10_VALUE":[2,3],"P25_VALUE":[6,10],"MEDIAN_VALUE":[15,23],"P75_VALUE":[42,42],"P90_VALUE":[63,62],"MAX_VALUE":[86,82]}}
