{"PREVALENCE_BY_GENDER_AGE_YEAR":{"TRELLIS_NAME":["50-59","70-79","50-59","40-49","40-49","70-79","60-69","80-89","20-29","80-89","60-69","30-39","40-49","70-79","40-49","50-59","70-79","50-59","30-39","80-89","80-89","60-69","60-69","80-89","20-29","80-89","60-69","40-49","50-59","50-59","40-49","70-79","70-79","30-39","50-59","70-79","40-49","50-59","0-9","60-69","60-69","20-29","30-39","60-69","40-49","50-59","60-69","30-39","60-69","70-79","40-49","50-59","60-69","80-89","30-39","40-49","50-59","60-69","40-49","50-59","50-59","60-69"],"SERIES_NAME":["FEMALE","FEMALE","MALE","FEMALE","MALE","MALE","MALE","MALE","FEMALE","FEMALE","FEMALE","FEMALE","FEMALE","FEMALE","MALE","MALE","MALE","FEMALE","FEMALE","MALE","FEMALE","FEMALE","MALE","MALE","FEMALE","FEMALE","FEMALE","FEMALE","FEMALE","MALE","MALE","MALE","FEMALE","FEMALE","MALE","FEMALE","FEMALE","FEMALE","MALE","MALE","FEMALE","FEMALE","FEMALE","FEMALE","FEMALE","FEMALE","MALE","FEMALE","FEMALE","FEMALE","FEMALE","FEMALE","MALE","FEMALE","FEMALE","FEMALE","FEMALE","FEMALE","FEMALE","FEMALE","FEMALE","FEMALE"],"X_CALENDAR_YEAR":[2004,2004,2004,2004,2004,2004,2004,2004,2004,2004,2004,2004,2005,2005,2005,2005,2005,2005,2005,2005,2005,2005,2006,2006,2006,2006,2006,2006,2006,2006,2006,2006,2006,2006,2007,2007,2007,2007,2007,2007,2007,2007,2007,2008,2008,2008,2008,2008,2009,2009,2009,2009,2009,2009,2009,2010,2010,2010,2011,2011,2012,2015],"Y_PREVALENCE_1000PP":[1.6708,1.456,1.33045,1.10849,0.67779,1.4881,0.85211,1.90166,0.2315,2.0185,1.04304,0.83178,0.81639,1.13636,0.40153,0.97447,0.95813,1.22239,0.58328,1.72824,1.80958,0.78418,0.80112,1.34151,0.20172,1.51764,0.70437,0.68392,1.37159,0.63364,0.47393,0.7824,1.24181,0.53926,0.48028,0.80337,0.86887,1.00582,0.28477,0.36726,1.08485,0.24455,0.31393,0.85578,0.58298,1.25457,0.68587,0.32204,0.64499,0.69471,0.70728,0.9571,0.38302,0.86374,0.28692,0.35563,0.58181,0.29345,0.26991,0.27926,0.21881,0.4482]},"PREVALENCE_BY_MONTH":{"X_CALENDAR_MONTH":["200708","200505","200601","200504","200711","200512","200807","200409","200502","200606","200907","200804","200412","200809","200406","200806","200603","200910","200812","200609","201001","200701","200507","200608","200908","200612","201004","200704","200902","200510","201002","200911","200705","200607","200702","200801","200403","200905","201103","200909","200604","200508","200506","200709","200906","200808","200810","200509","200912","200410","200706","200703","200901","200903","200511","200712","200503","200605","201403","200805","200802","200402","200404","200407","201005","201006","200710","200707","200611","200401","200501","200610","200811","200405","200602","200408","200411","201012","200803","200904"],"Y_PREVALENCE_1000PP":[0.06053,0.08351,0.05833,0.10798,0.05949,0.05133,0.05126,0.11439,0.08076,0.08856,0.03738,0.02913,0.07532,0.07646,0.14374,0.07404,0.10244,0.03415,0.03782,0.08309,0.03416,0.08413,0.06365,0.09455,0.03741,0.08849,0.03407,0.07912,0.0847,0.07677,0.01864,0.04658,0.05114,0.05137,0.07683,0.07202,0.23675,0.06224,0.01888,0.04356,0.07535,0.07911,0.0732,0.06026,0.04044,0.06083,0.06019,0.10665,0.03726,0.13571,0.10188,0.07254,0.04398,0.04682,0.08374,0.07918,0.12435,0.0781,0.03354,0.07101,0.05549,0.30046,0.22036,0.16667,0.03721,0.0186,0.0895,0.06424,0.08883,0.59557,0.10222,0.08223,0.02849,0.21876,0.05398,0.17528,0.07802,0.0251,0.0747,0.05617]},"LENGTH_OF_ERA":{"CATEGORY":"Length of era","MIN_VALUE":1,"P10_VALUE":1,"P25_VALUE":1,"MEDIAN_VALUE":1,"P75_VALUE":1,"P90_VALUE":1,"MAX_VALUE":106},"AGE_AT_FIRST_DIAGNOSIS":{"CATEGORY":["FEMALE","MALE"],"MIN_VALUE":[0,0],"P10_VALUE":[31,23],"P25_VALUE":[44,47],"MEDIAN_VALUE":[57,60],"P75_VALUE":[72,75],"P90_VALUE":[83,82],"MAX_VALUE":[102,97]}}
