{"PREVALENCE_BY_GENDER_AGE_YEAR":{"TRELLIS_NAME":["20-29","10-19","30-39","20-29","20-29","20-29","10-19","30-39","30-39","20-29","20-29","30-39","40-49","30-39","30-39","20-29","40-49","20-29","20-29","30-39","30-39","10-19","50-59","20-29","30-39","20-29","40-49","70-79","10-19","30-39","30-39","10-19","40-49","10-19","20-29","40-49","70-79","30-39","20-29","30-39","30-39","40-49","40-49","50-59","40-49","20-29","20-29","30-39","30-39","20-29","20-29","30-39","40-49"],"SERIES_NAME":["FEMALE","FEMALE","FEMALE","MALE","FEMALE","FEMALE","MALE","MALE","FEMALE","FEMALE","MALE","MALE","FEMALE","FEMALE","MALE","FEMALE","MALE","FEMALE","MALE","FEMALE","MALE","MALE","FEMALE","FEMALE","FEMALE","FEMALE","FEMALE","FEMALE","MALE","FEMALE","MALE","MALE","MALE","FEMALE","FEMALE","FEMALE","FEMALE","FEMALE","MALE","FEMALE","MALE","MALE","FEMALE","FEMALE","FEMALE","FEMALE","MALE","FEMALE","MALE","MALE","FEMALE","MALE","FEMALE"],"X_CALENDAR_YEAR":[2004,2005,2005,2005,2005,2006,2006,2006,2007,2007,2007,2007,2008,2008,2008,2008,2009,2009,2009,2009,2009,2010,2010,2010,2010,2011,2011,2011,2011,2011,2011,2012,2012,2012,2012,2012,2012,2012,2013,2013,2013,2013,2013,2014,2014,2014,2014,2014,2014,2015,2015,2015,2015],"Y_PREVALENCE_1000PP":[0.34725,0.30338,0.19443,0.43045,0.5046,0.23053,0.40636,0.40808,0.17123,0.1902,0.50361,0.37677,0.22671,0.18786,0.48718,0.20553,0.32149,0.17272,0.40827,0.23475,0.47413,0.27215,0.20535,0.20005,0.15752,0.26152,0.23617,0.43325,0.27793,0.21814,0.36406,0.3305,0.35963,0.26082,0.30522,0.21498,0.36731,0.26437,0.49108,0.27921,0.38964,0.45252,0.27198,0.25103,0.26551,0.29811,0.68276,0.21025,0.5071,0.76668,0.44145,1.02745,0.4898]},"PREVALENCE_BY_MONTH":{"X_CALENDAR_MONTH":["201402","200403","201405","201206","201306","201403","200811","200705","201303","201304","200609","200407","201005","201103","201007","200612","201004","200908","201203","201110","200703","200509","200901","200805","200808","201101","201502","200709","201107","200706","201412","200606","200503","200712","201109","201210","201211","201001","200912","201002","201505","201111","200904","200708","200506","201407","200507","201501","200902","201106","201408","200505","200807","201406","200502","201201","200809","201010","201410","201207","200806","201009","201104","200408","201404","200812","201204","201006","201503","200504","200511","201105","200508","200909","200402","201401","201309","200501","201308","201108","200906","200601","201301","200910","200907","201212","200810","201208","201205","201302","200611","200903","200604","201209","201003","200608","200701"],"Y_PREVALENCE_1000PP":[0.04558,0.08878,0.04401,0.0404,0.02579,0.02935,0.02216,0.02728,0.02503,0.03963,0.02167,0.03846,0.02171,0.02832,0.02174,0.02478,0.03097,0.0187,0.04616,0.03244,0.02763,0.05332,0.04084,0.02259,0.02241,0.02831,0.05768,0.03348,0.04171,0.02038,0.04194,0.02214,0.03224,0.0231,0.02914,0.03104,0.03125,0.03416,0.03726,0.03107,0.13961,0.0293,0.03433,0.02018,0.03014,0.07971,0.03395,0.07831,0.03137,0.0319,0.04383,0.03077,0.04165,0.03176,0.038,0.02952,0.02549,0.01871,0.07387,0.0373,0.01931,0.02494,0.02216,0.03626,0.03431,0.03152,0.0299,0.03721,0.09641,0.02699,0.02393,0.0254,0.03331,0.02489,0.09144,0.03248,0.05348,0.04381,0.03394,0.05474,0.02489,0.02333,0.02458,0.02794,0.0218,0.02796,0.03801,0.02726,0.0367,0.0355,0.02487,0.02185,0.0226,0.04122,0.01856,0.02182,0.02103]},"LENGTH_OF_ERA":{"CATEGORY":"Length of era","MIN_VALUE":1,"P10_VALUE":1,"P25_VALUE":1,"MEDIAN_VALUE":1,"P75_VALUE":1,"P90_VALUE":24,"MAX_VALUE":134},"AGE_AT_FIRST_DIAGNOSIS":{"CATEGORY":["FEMALE","MALE"],"MIN_VALUE":[3,1],"P10_VALUE":[17,17],"P25_VALUE":[24,25],"MEDIAN_VALUE":[34,35],"P75_VALUE":[52,48],"P90_VALUE":[69,62],"MAX_VALUE":[86,90]}}
