{"PREVALENCE_BY_GENDER_AGE_YEAR":{"TRELLIS_NAME":["60-69","70-79","50-59","60-69","60-69","50-59","60-69","50-59","60-69","50-59","70-79","60-69","50-59"],"SERIES_NAME":["FEMALE","FEMALE","FEMALE","FEMALE","FEMALE","FEMALE","FEMALE","FEMALE","FEMALE","FEMALE","FEMALE","FEMALE","FEMALE"],"X_CALENDAR_YEAR":[2008,2010,2010,2010,2011,2011,2012,2012,2013,2013,2013,2014,2014],"Y_PREVALENCE_1000PP":[0.36033,0.5015,0.37647,0.29345,0.45641,0.31417,0.37903,0.29175,0.51742,0.2674,0.36465,0.63475,0.3347]},"PREVALENCE_BY_MONTH":{"X_CALENDAR_MONTH":["201404","201407","201105","201305","201211","201302","201402","201109","201312","201103","201107","201409","201203","200805"],"Y_PREVALENCE_1000PP":[0.04289,0.02813,0.01905,0.02182,0.02083,0.02485,0.02486,0.01942,0.02396,0.01888,0.02567,0.03534,0.01978,0.02259]},"LENGTH_OF_ERA":{"CATEGORY":"Length of era","MIN_VALUE":1,"P10_VALUE":1,"P25_VALUE":1,"MEDIAN_VALUE":1,"P75_VALUE":1,"P90_VALUE":18,"MAX_VALUE":105},"AGE_AT_FIRST_DIAGNOSIS":{"CATEGORY":["FEMALE","MALE"],"MIN_VALUE":[17,14],"P10_VALUE":[47,39],"P25_VALUE":[54,52],"MEDIAN_VALUE":[62,64],"P75_VALUE":[70,71],"P90_VALUE":[78,81],"MAX_VALUE":[98,88]}}
