{"PREVALENCE_BY_GENDER_AGE_YEAR":{"TRELLIS_NAME":["0-9","10-19","0-9","10-19","0-9","0-9","0-9","0-9","0-9","10-19","0-9","10-19","0-9","0-9","0-9","0-9","10-19","0-9","0-9","10-19","10-19","0-9","0-9","0-9","0-9","10-19","0-9","0-9","10-19","0-9","0-9","10-19","0-9","0-9"],"SERIES_NAME":["MALE","MALE","FEMALE","MALE","MALE","FEMALE","FEMALE","MALE","MALE","MALE","FEMALE","MALE","FEMALE","MALE","FEMALE","MALE","MALE","MALE","FEMALE","MALE","MALE","MALE","FEMALE","MALE","FEMALE","MALE","FEMALE","MALE","MALE","FEMALE","MALE","MALE","FEMALE","MALE"],"X_CALENDAR_YEAR":[2004,2004,2004,2005,2005,2005,2006,2006,2007,2007,2007,2008,2008,2008,2009,2009,2009,2010,2010,2010,2011,2011,2011,2012,2012,2012,2013,2013,2013,2014,2014,2014,2015,2015],"Y_PREVALENCE_1000PP":[10.90193,0.42099,7.12628,0.34276,14.40159,8.22161,4.74015,9.65156,12.70779,0.37679,7.30516,0.31908,6.94766,10.98825,6.3961,11.05705,0.35698,14.12497,8.27088,0.40822,0.37058,13.24088,7.15915,12.78945,6.98431,0.47214,9.64414,17.31165,0.50746,10.31311,17.89108,0.88101,6.8078,14.82509]},"PREVALENCE_BY_MONTH":{"X_CALENDAR_MONTH":["201111","201002","200704","201205","201006","200510","200402","201308","200604","200905","201208","200405","201203","200902","201503","201409","201412","200908","200611","201411","200511","200809","200903","201207","200810","201301","200606","201204","201201","200605","200601","200602","200808","200412","200603","200812","200805","201304","200901","201110","201206","201011","200608","201008","201005","200404","200904","201403","201210","201309","200802","201303","200907","201306","200811","200906","200512","200607","200509","200910","201107","200705","201003","200702","201302","201305","200701","201209","201505","201212","201502","200506","201211","200508","200706","200401","200610","200409","200911","200708","200410","200406","200609","201101","200801","201312","201112","201010","200703","200407","201310","201406","201307","201007","200909","201109","201004","200803","200912","200707","200403","201104","200501","201402","200503","201001","201105","201311","200612","201108","201102","201407","200710","201009","201401","200408","200712","200507","200504","201404","201012","200709","201410","201504","200411","201103","201405","200807","200804","200806","201202","201106","201501","200502","200711","200505","201408"],"Y_PREVALENCE_1000PP":[0.21487,0.10254,0.14448,0.13346,0.18294,0.34343,0.47028,0.10182,0.15069,0.20538,0.09883,0.28665,0.15168,0.16627,0.39367,0.31297,0.46737,0.08105,0.10659,0.44689,0.26717,0.14973,0.16544,0.15261,0.15522,0.27739,0.11439,0.10963,0.18038,0.14505,0.15555,0.1311,0.08004,0.25608,0.14797,0.16704,0.14202,0.27024,0.14136,0.26923,0.15149,0.22506,0.08728,0.15865,0.22016,0.20341,0.16227,0.23899,0.29316,0.22539,0.18281,0.25383,0.07787,0.18424,0.21211,0.11199,0.14214,0.06238,0.20099,0.15524,0.14118,0.13297,0.1516,0.1327,0.22367,0.21457,0.10166,0.17517,0.92145,0.20269,0.4542,0.20668,0.21181,0.14573,0.14263,0.75439,0.16804,0.15443,0.15837,0.09752,0.31485,0.13005,0.09392,0.19499,0.14078,0.20767,0.1766,0.2058,0.17962,0.07051,0.37822,0.20869,0.16374,0.16153,0.12757,0.15215,0.19511,0.17213,0.15213,0.10819,0.32553,0.15198,0.24338,0.19475,0.21186,0.13352,0.19365,0.3892,0.16282,0.13201,0.14186,0.20161,0.31158,0.17768,0.18677,0.07857,0.15507,0.16549,0.17097,0.22303,0.21017,0.1741,0.4643,0.53055,0.24966,0.13846,0.27728,0.10893,0.14242,0.09979,0.15475,0.10845,0.44378,0.15201,0.26111,0.25494,0.30684]},"LENGTH_OF_ERA":{"CATEGORY":"Length of era","MIN_VALUE":1,"P10_VALUE":1,"P25_VALUE":1,"MEDIAN_VALUE":1,"P75_VALUE":1,"P90_VALUE":1,"MAX_VALUE":65},"AGE_AT_FIRST_DIAGNOSIS":{"CATEGORY":["FEMALE","MALE"],"MIN_VALUE":[0,0],"P10_VALUE":[1,1],"P25_VALUE":[1,1],"MEDIAN_VALUE":[2,2],"P75_VALUE":[3,3],"P90_VALUE":[5,5],"MAX_VALUE":[90,91]}}
