{"PREVALENCE_BY_GENDER_AGE_YEAR":{"TRELLIS_NAME":["0-9","10-19","10-19","0-9","10-19","10-19","0-9","0-9","0-9","10-19","0-9","10-19","0-9","10-19","10-19","0-9","10-19","10-19","0-9","0-9","0-9","10-19","0-9","10-19","10-19","0-9","0-9","10-19","0-9","0-9","0-9","0-9","0-9","0-9","20-29"],"SERIES_NAME":["FEMALE","MALE","FEMALE","MALE","FEMALE","MALE","MALE","FEMALE","FEMALE","FEMALE","MALE","MALE","MALE","MALE","FEMALE","FEMALE","MALE","FEMALE","FEMALE","MALE","MALE","MALE","FEMALE","FEMALE","FEMALE","MALE","FEMALE","FEMALE","MALE","FEMALE","MALE","FEMALE","FEMALE","MALE","FEMALE"],"X_CALENDAR_YEAR":[2004,2004,2004,2004,2005,2005,2005,2005,2006,2006,2006,2006,2007,2007,2007,2007,2008,2008,2008,2008,2009,2009,2009,2009,2010,2010,2010,2011,2011,2011,2012,2012,2013,2013,2013],"Y_PREVALENCE_1000PP":[1.04961,0.56132,0.66816,1.96907,1.06184,1.42816,5.1316,3.59695,2.801,1.0844,3.38184,1.26987,2.84768,1.27167,1.35881,2.2198,0.95724,1.07403,2.1229,1.99786,2.00728,0.80321,1.59903,0.65309,0.33336,1.50484,1.00959,0.30016,1.84675,0.94406,0.85501,0.64223,0.67383,0.63563,0.20614]},"PREVALENCE_BY_MONTH":{"X_CALENDAR_MONTH":["201103","200506","200805","201403","200911","200708","200502","200802","200511","200705","200703","201011","200410","200804","200912","200612","200909","201104","200712","201010","200801","200503","201301","200706","201304","201101","200906","201307","200709","201302","201112","200811","200905","201106","200601","200505","200610","200908","200809","201303","200806","201109","200607","200810","200803","200508","201012","200412","200808","200807","200510","201202","201203","200702","200903","201205","201002","200604","201207","200606","201306","200411","201004","200609","201201","200812","200507","201001","200603","201102","201105","200504","200605","200904","200602","200501","200902","200710","201111","200512","200509","200901","200409","200907","200711","201305","200707","200611","200608","200704","200701","201003","201006"],"Y_PREVALENCE_1000PP":[0.05035,0.09903,0.06455,0.02516,0.04037,0.04372,0.15201,0.06855,0.0638,0.09206,0.07254,0.04064,0.076,0.07121,0.04968,0.08849,0.02489,0.038,0.06269,0.01871,0.07857,0.15659,0.02107,0.05773,0.02883,0.05032,0.03422,0.02233,0.04018,0.0213,0.02616,0.03799,0.05601,0.02552,0.10111,0.12307,0.05005,0.02182,0.03823,0.02145,0.02897,0.02266,0.04036,0.05702,0.05521,0.08744,0.02823,0.1657,0.02241,0.05126,0.06465,0.03293,0.02308,0.04191,0.07804,0.02336,0.0435,0.11679,0.02374,0.09225,0.03685,0.11963,0.03097,0.05057,0.05247,0.04097,0.09335,0.03416,0.10244,0.05359,0.05079,0.13047,0.07066,0.05305,0.08097,0.13629,0.06274,0.05966,0.02604,0.09081,0.06973,0.05969,0.03432,0.02803,0.0661,0.02909,0.04733,0.0533,0.04,0.0516,0.09465,0.0495,0.03101]},"LENGTH_OF_ERA":{"CATEGORY":"Length of era","MIN_VALUE":1,"P10_VALUE":1,"P25_VALUE":1,"MEDIAN_VALUE":1,"P75_VALUE":1,"P90_VALUE":1,"MAX_VALUE":47},"AGE_AT_FIRST_DIAGNOSIS":{"CATEGORY":["MALE","FEMALE"],"MIN_VALUE":[0,0],"P10_VALUE":[1,1],"P25_VALUE":[2,2],"MEDIAN_VALUE":[4,6],"P75_VALUE":[10,15],"P90_VALUE":[16,32],"MAX_VALUE":[88,88]}}
