{"PREVALENCE_BY_GENDER_AGE_YEAR":{"TRELLIS_NAME":["60-69","80-89","60-69","50-59","70-79","80-89","60-69","70-79","50-59","70-79","60-69","50-59","70-79","50-59","70-79","70-79","80-89","60-69","60-69","50-59","70-79","80-89","60-69","40-49","60-69","60-69","60-69","80-89","40-49","50-59"],"SERIES_NAME":["MALE","FEMALE","FEMALE","MALE","FEMALE","MALE","MALE","FEMALE","MALE","MALE","MALE","MALE","FEMALE","MALE","FEMALE","MALE","FEMALE","MALE","FEMALE","MALE","FEMALE","FEMALE","MALE","FEMALE","MALE","MALE","FEMALE","FEMALE","MALE","MALE"],"X_CALENDAR_YEAR":[2008,2008,2008,2008,2008,2009,2009,2009,2009,2009,2010,2010,2010,2011,2011,2011,2011,2011,2011,2012,2012,2012,2012,2013,2013,2014,2014,2014,2014,2014],"Y_PREVALENCE_1000PP":[0.45725,0.67378,0.36033,0.35321,0.51797,1.28205,0.38302,0.37893,0.49341,0.70362,0.52568,0.33984,0.43882,0.34405,0.49514,0.44673,0.73038,0.6191,0.24895,0.30586,0.36731,0.74675,0.689,0.27198,0.37558,0.84803,0.27203,0.81633,0.44474,0.81785]},"PREVALENCE_BY_MONTH":{"X_CALENDAR_MONTH":["201307","201410","201505","201211","201008","201204","200907","201201","201407","200710","201501","201108","201210","201208","201503","200810","201109","201003","201411","201202","200903","201309","201404","201106","201004","201308","201006","201102","201303","200905","201105","200902","201502","201104","201007","201305","200801","201403","200808","201412","201406","200909","200802","201110"],"Y_PREVALENCE_1000PP":[0.03721,0.04748,0.08377,0.02431,0.028,0.02325,0.0218,0.01968,0.05157,0.0232,0.04568,0.02254,0.02414,0.03067,0.08034,0.02217,0.02266,0.03403,0.03394,0.02963,0.02185,0.02292,0.03002,0.03509,0.02787,0.03771,0.0186,0.02207,0.0429,0.01867,0.03175,0.03451,0.06489,0.02533,0.03106,0.02182,0.01964,0.05031,0.02881,0.05393,0.02722,0.01867,0.02612,0.02271]},"LENGTH_OF_ERA":{"CATEGORY":"Length of era","MIN_VALUE":1,"P10_VALUE":1,"P25_VALUE":1,"MEDIAN_VALUE":1,"P75_VALUE":1,"P90_VALUE":1,"MAX_VALUE":32},"AGE_AT_FIRST_DIAGNOSIS":{"CATEGORY":["MALE","FEMALE"],"MIN_VALUE":[0,0],"P10_VALUE":[25,23],"P25_VALUE":[49,44],"MEDIAN_VALUE":[60,62],"P75_VALUE":[71,75],"P90_VALUE":[83,85],"MAX_VALUE":[104,97]}}
