{"PREVALENCE_BY_GENDER_AGE_YEAR":{"TRELLIS_NAME":["40-49","20-29","60-69","40-49","40-49","20-29","20-29","30-39","30-39","40-49","20-29","20-29","20-29","10-19","50-59","40-49","30-39","30-39","50-59","10-19","50-59","40-49","30-39","20-29","40-49","10-19","40-49","40-49","30-39","30-39"],"SERIES_NAME":["FEMALE","FEMALE","FEMALE","FEMALE","MALE","MALE","FEMALE","FEMALE","FEMALE","FEMALE","MALE","MALE","FEMALE","FEMALE","MALE","FEMALE","FEMALE","MALE","FEMALE","FEMALE","FEMALE","FEMALE","FEMALE","FEMALE","FEMALE","FEMALE","MALE","FEMALE","MALE","FEMALE"],"X_CALENDAR_YEAR":[2004,2005,2005,2005,2006,2006,2006,2007,2008,2009,2009,2010,2011,2011,2011,2011,2011,2011,2011,2012,2012,2012,2013,2013,2013,2013,2014,2014,2014,2014],"Y_PREVALENCE_1000PP":[0.27712,0.22076,0.33608,0.25976,0.35545,0.55676,0.1729,0.17123,0.18786,0.22504,0.3062,0.30125,0.18306,0.34304,0.2949,0.33738,0.24541,0.42473,0.41889,0.26082,0.25528,0.28664,0.55842,0.29448,0.27198,0.32623,0.51886,0.44252,0.43466,0.21025]},"PREVALENCE_BY_MONTH":{"X_CALENDAR_MONTH":["200403","201107","201310","201101","200610","201104","201309","201308","201406","201208","201011","201103","201211","201306","201304","201009","200507","201105","201108","200402","201401","201212","200504","201311","201301","200601","201205","200512","200804","201106","201407","201109","201112","200502","200901","201201","201207","201504","201410","201210","200605","201503","201110","201502","201302","201412","200603","200606","201409","200905"],"Y_PREVALENCE_1000PP":[0.08878,0.02888,0.04631,0.02516,0.02145,0.019,0.02292,0.02263,0.03629,0.03067,0.01875,0.03461,0.03125,0.03316,0.02883,0.02494,0.02546,0.01905,0.0322,0.07838,0.03248,0.02796,0.03149,0.03931,0.02458,0.02722,0.02669,0.02369,0.01942,0.02552,0.03282,0.0259,0.04252,0.03325,0.02513,0.02296,0.02035,0.0786,0.05276,0.02414,0.02603,0.06427,0.02919,0.05768,0.03195,0.03595,0.02656,0.02583,0.04543,0.02178]},"LENGTH_OF_ERA":{"CATEGORY":"Length of era","MIN_VALUE":1,"P10_VALUE":1,"P25_VALUE":1,"MEDIAN_VALUE":1,"P75_VALUE":1,"P90_VALUE":3,"MAX_VALUE":578},"AGE_AT_FIRST_DIAGNOSIS":{"CATEGORY":["FEMALE","MALE"],"MIN_VALUE":[1,7],"P10_VALUE":[18,19],"P25_VALUE":[27,26],"MEDIAN_VALUE":[41,40],"P75_VALUE":[53,53],"P90_VALUE":[69,66],"MAX_VALUE":[91,82]}}
