{"PREVALENCE_BY_GENDER_AGE_YEAR":{"TRELLIS_NAME":["10-19","10-19","10-19","10-19","10-19","10-19","10-19","10-19","10-19","10-19","10-19","10-19","10-19","10-19","10-19","10-19"],"SERIES_NAME":["FEMALE","MALE","FEMALE","MALE","FEMALE","MALE","MALE","FEMALE","MALE","FEMALE","MALE","FEMALE","FEMALE","FEMALE","MALE","FEMALE"],"X_CALENDAR_YEAR":[2004,2004,2005,2005,2006,2006,2007,2007,2008,2008,2009,2009,2010,2011,2011,2012],"Y_PREVALENCE_1000PP":[2.00449,0.98232,0.91015,1.42816,1.0844,1.0159,0.89488,1.01911,0.95724,1.03272,0.71397,0.81636,0.54171,0.4288,0.50954,0.43471]},"PREVALENCE_BY_MONTH":{"X_CALENDAR_MONTH":["200809","200603","200411","200501","200803","201105","200903","200712","200503","200410","200805","200506","200705","200609","200605","200612","200702","200611"],"Y_PREVALENCE_1000PP":[0.02867,0.03035,0.03641,0.05354,0.02273,0.02222,0.03746,0.0231,0.04606,0.03257,0.02259,0.02583,0.02387,0.0289,0.02231,0.02124,0.02794,0.02132]},"LENGTH_OF_ERA":{"CATEGORY":"Length of era","MIN_VALUE":1,"P10_VALUE":1,"P25_VALUE":1,"MEDIAN_VALUE":1,"P75_VALUE":1,"P90_VALUE":1,"MAX_VALUE":32},"AGE_AT_FIRST_DIAGNOSIS":{"CATEGORY":["MALE","FEMALE"],"MIN_VALUE":[0,0],"P10_VALUE":[11,12],"P25_VALUE":[13,13],"MEDIAN_VALUE":[14,15],"P75_VALUE":[17,17],"P90_VALUE":[46,38],"MAX_VALUE":[74,90]}}
