{"PREVALENCE_BY_GENDER_AGE_YEAR":{"TRELLIS_NAME":["0-9","20-29","20-29","10-19","0-9","10-19","30-39","20-29","20-29","0-9","10-19","0-9","10-19","30-39","30-39","0-9","10-19","0-9","10-19","20-29","30-39","30-39","20-29","20-29","10-19","0-9","40-49","0-9","10-19","20-29","20-29","0-9","10-19","10-19","0-9","30-39","30-39","20-29","20-29","10-19","40-49","10-19","0-9","0-9","20-29","30-39","20-29","30-39","50-59","10-19","0-9","10-19","0-9","30-39","50-59","30-39","20-29","50-59","10-19","40-49","10-19","0-9","0-9","20-29","30-39","30-39","40-49","50-59","50-59","20-29","20-29","10-19","40-49","0-9","10-19","0-9","40-49","50-59","0-9","10-19","40-49","50-59","0-9","10-19","30-39","30-39","60-69","20-29","20-29","30-39","30-39","60-69","20-29","20-29","40-49","50-59","0-9","10-19","40-49","50-59","0-9","10-19","10-19","40-49","30-39","0-9","10-19","0-9","20-29","20-29"],"SERIES_NAME":["MALE","FEMALE","MALE","MALE","FEMALE","FEMALE","MALE","FEMALE","MALE","MALE","MALE","FEMALE","FEMALE","MALE","FEMALE","FEMALE","FEMALE","MALE","MALE","MALE","MALE","FEMALE","FEMALE","MALE","MALE","MALE","MALE","FEMALE","FEMALE","MALE","FEMALE","MALE","MALE","FEMALE","FEMALE","MALE","FEMALE","FEMALE","MALE","FEMALE","FEMALE","MALE","MALE","FEMALE","MALE","FEMALE","FEMALE","MALE","MALE","FEMALE","MALE","MALE","FEMALE","MALE","FEMALE","FEMALE","MALE","MALE","FEMALE","MALE","MALE","MALE","FEMALE","FEMALE","FEMALE","MALE","FEMALE","MALE","FEMALE","MALE","FEMALE","MALE","MALE","FEMALE","FEMALE","MALE","FEMALE","FEMALE","MALE","MALE","MALE","MALE","FEMALE","FEMALE","FEMALE","MALE","MALE","MALE","FEMALE","MALE","FEMALE","MALE","FEMALE","MALE","MALE","MALE","FEMALE","FEMALE","FEMALE","FEMALE","MALE","MALE","FEMALE","FEMALE","MALE","MALE","MALE","FEMALE","MALE","FEMALE"],"X_CALENDAR_YEAR":[2004,2004,2004,2004,2004,2004,2004,2005,2005,2005,2005,2005,2005,2006,2006,2006,2006,2006,2006,2006,2007,2007,2007,2007,2007,2007,2007,2007,2007,2008,2008,2008,2008,2008,2008,2009,2009,2009,2009,2009,2009,2009,2009,2009,2010,2010,2010,2010,2010,2010,2010,2010,2010,2011,2011,2011,2011,2011,2011,2011,2011,2011,2011,2011,2012,2012,2012,2012,2012,2012,2012,2012,2012,2012,2012,2012,2013,2013,2013,2013,2013,2013,2013,2013,2013,2013,2013,2013,2013,2014,2014,2014,2014,2014,2014,2014,2014,2014,2014,2014,2014,2014,2015,2015,2015,2015,2015,2015,2015,2015],"Y_PREVALENCE_1000PP":[8.11642,0.27008,0.74641,3.85911,5.24804,2.36895,0.55607,0.2523,0.64567,7.36633,5.19851,5.18522,2.27537,0.40808,0.17975,5.47272,2.30436,7.25767,4.31757,0.68048,0.37677,0.19977,0.35323,0.72744,5.03956,7.65315,0.38405,5.32752,2.9724,0.80073,0.2826,7.68144,4.74063,2.3959,5.75112,0.41486,0.20867,0.4935,1.0717,3.38789,0.1929,6.0241,12.48597,8.90886,1.40583,0.31504,0.4251,0.41181,0.33984,5.00042,16.27963,9.61582,11.14433,0.97081,0.38398,0.38174,1.81159,0.2949,6.98941,0.39548,11.25625,18.39785,12.7842,0.67995,0.49937,0.56183,0.57327,0.35683,0.29175,2.11068,0.69367,12.8423,0.77919,14.41015,7.78126,20.91201,0.38855,0.2674,20.97588,11.87456,0.64645,0.42676,13.64498,7.50338,0.24819,0.90915,0.32192,2.78278,0.94234,1.23153,0.31538,0.56536,1.19245,2.60691,0.88948,0.35051,14.54056,7.49973,0.35401,0.25103,21.27923,14.74216,9.43576,0.81633,0.88067,20.22931,17.96537,13.2005,3.19448,0.88289]},"PREVALENCE_BY_MONTH":{"X_CALENDAR_MONTH":["201409","201502","200506","200503","201107","200902","201110","201309","200407","200702","201506","200803","200504","200905","201012","201503","200901","200808","200510","200507","200410","201406","200802","201203","201401","201108","200712","201111","200405","201006","200705","201404","200402","200812","200408","201204","200911","201402","201303","200908","201201","200806","201207","201011","200603","201410","201104","201407","200411","200709","200811","201009","200809","201306","201403","200401","200609","201004","200612","200509","201008","201001","201210","200606","201007","200403","200404","200610","201304","201311","201005","200501","200707","200704","200710","201308","201102","201105","201307","201310","201101","200912","200706","200703","201312","200505","200502","201002","201501","200602","201106","201103","200805","200807","200804","200409","201405","201408","201109","200406","201301","201412","200708","200906","201211","200801","200909","200711","200412","201505","201010","200608","200508","200511","201212","201209","200701","201003","201202","200611","200910","200903","201112","201411","200607","201302","201205","200512","200605","201208","200904","200601","201504","200810","201206","201305","200907","200604"],"Y_PREVALENCE_1000PP":[0.79758,1.20399,0.21098,0.28555,0.49413,0.22587,0.63254,0.68,0.20513,0.23048,1.34077,0.23058,0.24745,0.26451,0.48935,1.54255,0.1822,0.16008,0.1697,0.21641,0.228,0.6669,0.22198,0.68586,0.66587,0.47975,0.15177,0.59251,0.2791,0.35657,0.25231,0.76775,0.54866,0.19225,0.19341,0.60793,0.38195,0.67957,0.64708,0.31171,0.62642,0.21246,0.5867,0.43762,0.22385,0.83362,0.52244,0.62827,0.21846,0.22097,0.18045,0.47071,0.18796,0.608,0.82179,0.71468,0.09754,0.35616,0.13096,0.20919,0.37641,0.43472,0.70702,0.24724,0.41315,0.3354,0.38987,0.21809,0.6918,0.5897,0.40931,0.17037,0.18258,0.20984,0.23534,0.56569,0.47288,0.5873,0.71452,0.68697,0.43087,0.36326,0.18678,0.24179,0.65098,0.25933,0.25177,0.32005,1.00503,0.24292,0.55822,0.59475,0.24207,0.18583,0.21039,0.22878,0.71742,0.69161,0.53091,0.27379,0.75493,0.90479,0.20177,0.24576,0.60419,0.17679,0.37026,0.19831,0.1908,2.54098,0.40224,0.14546,0.21234,0.19539,0.56612,0.58047,0.18229,0.44552,0.6717,0.19898,0.33533,0.22787,0.51346,0.87681,0.16146,0.57161,0.66063,0.11055,0.22687,0.65434,0.28085,0.22166,1.69973,0.18373,0.65981,0.71281,0.41427,0.2072]},"LENGTH_OF_ERA":{"CATEGORY":"Length of era","MIN_VALUE":1,"P10_VALUE":1,"P25_VALUE":1,"MEDIAN_VALUE":1,"P75_VALUE":1,"P90_VALUE":15,"MAX_VALUE":536},"AGE_AT_FIRST_DIAGNOSIS":{"CATEGORY":["FEMALE","MALE"],"MIN_VALUE":[0,0],"P10_VALUE":[1,1],"P25_VALUE":[2,3],"MEDIAN_VALUE":[6,6],"P75_VALUE":[14,13],"P90_VALUE":[21,19],"MAX_VALUE":[86,90]}}
