{"PREVALENCE_BY_GENDER_AGE_YEAR":{"TRELLIS_NAME":["70-79","50-59","60-69","60-69","80-89","50-59","70-79","70-79","60-69","80-89","60-69","60-69","70-79","50-59","70-79","80-89","60-69","50-59","70-79","70-79","60-69","70-79","80-89","60-69","60-69","70-79","70-79","80-89","60-69","60-69","50-59","50-59","70-79","70-79","40-49","70-79","80-89","60-69","50-59","70-79","40-49","70-79","60-69","80-89","80-89","60-69","50-59","50-59","70-79","60-69","60-69","80-89","80-89","60-69","80-89","60-69","70-79","70-79","50-59","50-59","70-79"],"SERIES_NAME":["FEMALE","FEMALE","FEMALE","MALE","FEMALE","FEMALE","MALE","FEMALE","MALE","FEMALE","MALE","FEMALE","MALE","MALE","FEMALE","FEMALE","MALE","FEMALE","FEMALE","MALE","FEMALE","FEMALE","FEMALE","MALE","FEMALE","MALE","FEMALE","FEMALE","MALE","FEMALE","FEMALE","MALE","FEMALE","MALE","FEMALE","FEMALE","FEMALE","FEMALE","MALE","FEMALE","FEMALE","MALE","FEMALE","MALE","FEMALE","MALE","MALE","FEMALE","FEMALE","FEMALE","MALE","FEMALE","MALE","MALE","FEMALE","FEMALE","FEMALE","MALE","MALE","FEMALE","FEMALE"],"X_CALENDAR_YEAR":[2004,2004,2004,2004,2004,2005,2005,2005,2005,2005,2006,2006,2006,2006,2006,2007,2007,2007,2007,2007,2008,2008,2009,2009,2009,2009,2009,2010,2010,2010,2010,2010,2010,2011,2011,2011,2011,2011,2012,2012,2012,2012,2012,2012,2012,2012,2013,2013,2013,2013,2013,2013,2013,2014,2014,2014,2014,2014,2014,2014,2015],"Y_PREVALENCE_1000PP":[1.274,0.45567,0.69536,0.66275,1.85029,0.32597,0.67069,0.60606,0.76535,1.94878,0.6676,0.60374,0.60854,0.63364,0.75888,0.71031,0.36726,0.21553,0.66948,0.48952,0.36033,0.51797,0.97171,0.3283,0.473,0.54726,0.5684,0.84962,0.47311,0.3773,0.23957,0.43694,0.43882,0.52118,0.20243,0.68082,0.73038,0.29044,0.35683,0.79584,0.25081,0.44981,0.42114,0.89485,0.85342,0.371,0.32007,0.3438,1.39784,0.51742,0.42923,0.99811,1.35603,0.62189,1.04956,0.31737,0.77265,0.62554,0.40893,0.41838,0.93332]},"PREVALENCE_BY_MONTH":{"X_CALENDAR_MONTH":["200506","200805","201406","200404","200705","201309","201403","201005","200610","201104","200712","200709","201301","200903","200703","201304","200906","201306","201310","201210","201206","201307","201303","200609","200507","200403","201007","201004","200612","200512","201111","201503","200509","201205","200607","201208","200603","201201","201204","200504","201411","201409","201006","200409","200801","201501","200505","201407","201504","201404","201103","200405","200611","200408","201401","201305","201302","200608","201105","200907","200411","201410","201308","201311","200701","201003","201212"],"Y_PREVALENCE_1000PP":[0.04736,0.02259,0.04537,0.0678,0.02046,0.02292,0.02516,0.03101,0.03218,0.03166,0.0198,0.02009,0.04214,0.02497,0.02763,0.02162,0.03422,0.03316,0.03088,0.02414,0.0303,0.02977,0.02145,0.02167,0.04243,0.10851,0.02485,0.04026,0.0354,0.02369,0.02604,0.05624,0.03281,0.02336,0.02936,0.02045,0.03035,0.02296,0.02325,0.04499,0.06222,0.03029,0.0217,0.03432,0.01964,0.04568,0.02637,0.04689,0.12773,0.02573,0.02517,0.0528,0.02487,0.04835,0.02842,0.02182,0.0497,0.02909,0.03492,0.03738,0.03641,0.09497,0.04148,0.03931,0.03155,0.02475,0.05941]},"LENGTH_OF_ERA":{"CATEGORY":"Length of era","MIN_VALUE":1,"P10_VALUE":1,"P25_VALUE":1,"MEDIAN_VALUE":1,"P75_VALUE":1,"P90_VALUE":1,"MAX_VALUE":99},"AGE_AT_FIRST_DIAGNOSIS":{"CATEGORY":["MALE","FEMALE"],"MIN_VALUE":[22,12],"P10_VALUE":[45,50],"P25_VALUE":[56,60],"MEDIAN_VALUE":[66,71],"P75_VALUE":[75,78],"P90_VALUE":[84,86],"MAX_VALUE":[94,97]}}
