{"PREVALENCE_BY_GENDER_AGE_YEAR":{"TRELLIS_NAME":["10-19","10-19","10-19","10-19"],"SERIES_NAME":["MALE","MALE","MALE","MALE"],"X_CALENDAR_YEAR":[2009,2010,2011,2013],"Y_PREVALENCE_1000PP":[0.35698,0.27215,0.27793,0.30448]},"PREVALENCE_BY_MONTH":{"X_CALENDAR_MONTH":["200904","201201","200907","201310","201404","201308"],"Y_PREVALENCE_1000PP":[0.02808,0.01968,0.02492,0.03088,0.02573,0.03017]},"LENGTH_OF_ERA":{"CATEGORY":"Length of era","MIN_VALUE":1,"P10_VALUE":1,"P25_VALUE":1,"MEDIAN_VALUE":1,"P75_VALUE":1,"P90_VALUE":16,"MAX_VALUE":70},"AGE_AT_FIRST_DIAGNOSIS":{"CATEGORY":["MALE","FEMALE"],"MIN_VALUE":[0,0],"P10_VALUE":[2,2],"P25_VALUE":[15,6],"MEDIAN_VALUE":[23,17],"P75_VALUE":[45,36],"P90_VALUE":[63,56],"MAX_VALUE":[88,93]}}
