{"PREVALENCE_BY_GENDER_AGE_YEAR":{"TRELLIS_NAME":["0-9","0-9","0-9","0-9","10-19","0-9","0-9","10-19","0-9","0-9","0-9"],"SERIES_NAME":["MALE","MALE","MALE","MALE","MALE","MALE","MALE","MALE","MALE","MALE","MALE"],"X_CALENDAR_YEAR":[2004,2008,2009,2010,2011,2011,2012,2012,2013,2014,2015],"Y_PREVALENCE_1000PP":[0.43224,0.24112,0.51033,0.71822,0.32425,1.01049,2.24439,0.42493,1.83212,1.98331,1.75272]},"PREVALENCE_BY_MONTH":{"X_CALENDAR_MONTH":["201212","201505","201407","201310","201302","201503","201206","201403","201010","201412","201203","201210","201409","201209","201404","201303","201111","201304","201405","201208","201301","201211","201408","201202","201205"],"Y_PREVALENCE_1000PP":[0.04892,0.09773,0.02813,0.02316,0.0213,0.06427,0.02693,0.02516,0.01871,0.04194,0.02638,0.02414,0.04038,0.03435,0.03002,0.02503,0.01953,0.03243,0.03081,0.03408,0.03511,0.03125,0.03409,0.01976,0.02002]},"LENGTH_OF_ERA":{"CATEGORY":"Length of era","MIN_VALUE":1,"P10_VALUE":1,"P25_VALUE":1,"MEDIAN_VALUE":1,"P75_VALUE":1,"P90_VALUE":1,"MAX_VALUE":40},"AGE_AT_FIRST_DIAGNOSIS":{"CATEGORY":"MALE","MIN_VALUE":0,"P10_VALUE":0,"P25_VALUE":1,"MEDIAN_VALUE":3,"P75_VALUE":7,"P90_VALUE":10,"MAX_VALUE":62}}
