{"PREVALENCE_BY_GENDER_AGE_YEAR":{"TRELLIS_NAME":["30-39","40-49","20-29","20-29","40-49","30-39","50-59","30-39","20-29","20-29","20-29","20-29","40-49","40-49","30-39","40-49","40-49","50-59","30-39","20-29","20-29","40-49","50-59","40-49","30-39","20-29","20-29","40-49","40-49","50-59","60-69","20-29","20-29","30-39","40-49","40-49","50-59","30-39","20-29","60-69","20-29","30-39","60-69","20-29","40-49","50-59","40-49","30-39","20-29","50-59","30-39","60-69","40-49","20-29","20-29","60-69","50-59","40-49","50-59","30-39","30-39","60-69","60-69","20-29","20-29","30-39","30-39","40-49","50-59","40-49","50-59","60-69","70-79","40-49","50-59","40-49","50-59","20-29","20-29","30-39","30-39","20-29","20-29","30-39","30-39","40-49","40-49"],"SERIES_NAME":["MALE","FEMALE","FEMALE","MALE","MALE","MALE","FEMALE","FEMALE","MALE","FEMALE","FEMALE","MALE","FEMALE","MALE","MALE","MALE","FEMALE","FEMALE","MALE","FEMALE","MALE","MALE","MALE","FEMALE","MALE","MALE","FEMALE","FEMALE","MALE","FEMALE","MALE","FEMALE","MALE","FEMALE","MALE","FEMALE","FEMALE","MALE","FEMALE","MALE","MALE","FEMALE","FEMALE","FEMALE","MALE","MALE","FEMALE","FEMALE","MALE","FEMALE","MALE","FEMALE","MALE","MALE","FEMALE","MALE","MALE","FEMALE","FEMALE","FEMALE","MALE","MALE","FEMALE","MALE","FEMALE","FEMALE","MALE","MALE","MALE","FEMALE","FEMALE","FEMALE","FEMALE","MALE","MALE","FEMALE","FEMALE","FEMALE","MALE","FEMALE","MALE","MALE","FEMALE","MALE","FEMALE","MALE","FEMALE"],"X_CALENDAR_YEAR":[2004,2004,2004,2004,2005,2005,2005,2005,2005,2005,2006,2006,2006,2006,2006,2007,2007,2007,2007,2007,2007,2008,2008,2008,2008,2008,2008,2009,2009,2009,2009,2009,2009,2009,2010,2010,2010,2010,2010,2010,2010,2010,2011,2011,2011,2011,2011,2011,2011,2011,2011,2012,2012,2012,2012,2012,2012,2012,2012,2012,2012,2013,2013,2013,2013,2013,2013,2013,2013,2013,2013,2014,2014,2014,2014,2014,2014,2014,2014,2014,2014,2015,2015,2015,2015,2015,2015],"Y_PREVALENCE_1000PP":[0.64875,0.27712,0.2315,0.74641,0.46845,0.45331,0.36672,0.29164,0.57393,0.22076,0.23053,0.4949,0.20518,0.47393,0.81616,0.49377,0.3676,0.28738,0.37677,0.16303,0.61552,0.37893,0.30276,0.42104,0.48718,0.32029,0.30829,0.25719,0.32149,0.41019,0.38302,0.27142,0.51033,0.28692,0.70407,0.38796,0.51336,0.47064,0.22505,0.36798,0.55229,0.26254,0.33194,0.41843,0.56497,0.6881,0.53981,0.27267,0.95612,0.66325,1.09217,0.71594,0.4795,1.287,0.49945,0.477,0.56074,0.53744,0.51056,0.44062,0.99881,0.37558,0.56054,1.36411,0.47117,0.52739,1.23385,0.84039,0.4801,0.73824,0.4202,0.45339,0.38632,2.00133,0.75943,1.01779,0.75308,0.59622,1.55173,0.98118,1.30397,1.91669,0.56757,1.02745,0.63617,1.73787,0.57143]},"PREVALENCE_BY_MONTH":{"X_CALENDAR_MONTH":["201104","201502","200802","200503","201211","201203","201310","200610","200410","201301","201002","201008","201011","201107","201005","201403","200401","201001","200608","201212","200908","201306","201304","201307","200905","201004","201210","200808","200911","201303","200702","201101","200912","201111","200602","201207","201105","200507","201110","201503","201412","200605","201209","201302","200506","201206","201108","200907","201505","200910","200904","201006","201204","201003","200803","201404","201009","201201","201401","201407","201012","201410","200806","200707","201102","200505","201311","201305","200906","201504","201308","201406","200903","201103","201112","201010","201007","201109","201501","201106","200807","201208","201205","201312","201409","200805","201405","200604","201411","200705","201408","201402","200708","201202","200711","201309","200804"],"Y_PREVALENCE_1000PP":[0.04116,0.16582,0.02938,0.03224,0.06945,0.02638,0.06175,0.02145,0.038,0.0632,0.01864,0.03733,0.03126,0.03209,0.0186,0.08805,0.13897,0.02484,0.02546,0.05242,0.02182,0.10318,0.08287,0.07815,0.03112,0.02478,0.05518,0.02241,0.02795,0.03575,0.04191,0.04089,0.03726,0.04232,0.02313,0.05765,0.02857,0.05516,0.06488,0.16068,0.08988,0.03347,0.05152,0.06391,0.03014,0.0303,0.0322,0.02803,0.16754,0.03415,0.02808,0.0186,0.04319,0.03713,0.01949,0.09007,0.02182,0.04264,0.06496,0.08439,0.03137,0.08969,0.02897,0.02367,0.02837,0.03516,0.03931,0.05091,0.01867,0.18668,0.03771,0.09981,0.02185,0.03776,0.03925,0.01871,0.05902,0.04532,0.09789,0.05104,0.01922,0.04771,0.0734,0.03994,0.14134,0.03228,0.07042,0.0226,0.10748,0.03751,0.11689,0.02901,0.0269,0.03951,0.02314,0.06494,0.02266]},"LENGTH_OF_ERA":{"CATEGORY":"Length of era","MIN_VALUE":1,"P10_VALUE":1,"P25_VALUE":1,"MEDIAN_VALUE":1,"P75_VALUE":1,"P90_VALUE":24,"MAX_VALUE":222},"AGE_AT_FIRST_DIAGNOSIS":{"CATEGORY":["FEMALE","MALE"],"MIN_VALUE":[3,11],"P10_VALUE":[23,22],"P25_VALUE":[30,26],"MEDIAN_VALUE":[43,37],"P75_VALUE":[54,49],"P90_VALUE":[66,61],"MAX_VALUE":[86,92]}}
