{"PREVALENCE_BY_GENDER_AGE_YEAR":{"TRELLIS_NAME":["60-69","0-9","20-29","10-19","0-9","50-59","40-49","40-49","30-39","20-29","50-59","40-49","10-19","40-49","50-59","10-19","0-9","0-9","30-39","40-49","50-59","10-19","0-9","20-29","0-9","10-19","30-39","20-29","0-9","10-19","40-49","10-19","0-9","50-59","30-39","20-29","0-9","10-19","10-19","0-9","40-49","50-59","20-29","10-19","0-9","0-9","30-39","0-9","0-9","10-19","0-9","0-9","0-9","0-9","10-19","10-19","50-59","0-9","0-9","10-19","30-39","60-69","30-39","10-19","0-9","10-19","0-9","10-19","0-9","10-19","0-9"],"SERIES_NAME":["FEMALE","MALE","FEMALE","MALE","FEMALE","FEMALE","FEMALE","MALE","FEMALE","FEMALE","FEMALE","FEMALE","FEMALE","MALE","MALE","MALE","MALE","FEMALE","FEMALE","FEMALE","FEMALE","FEMALE","FEMALE","FEMALE","MALE","MALE","FEMALE","FEMALE","MALE","MALE","MALE","FEMALE","FEMALE","FEMALE","FEMALE","FEMALE","MALE","MALE","FEMALE","FEMALE","FEMALE","FEMALE","FEMALE","FEMALE","MALE","FEMALE","FEMALE","FEMALE","MALE","FEMALE","MALE","FEMALE","MALE","FEMALE","MALE","FEMALE","FEMALE","MALE","FEMALE","FEMALE","FEMALE","FEMALE","FEMALE","FEMALE","FEMALE","MALE","MALE","FEMALE","FEMALE","MALE","MALE"],"X_CALENDAR_YEAR":[2004,2004,2004,2004,2004,2004,2004,2004,2005,2005,2005,2005,2005,2005,2005,2005,2005,2005,2006,2006,2006,2006,2006,2006,2006,2006,2007,2007,2007,2007,2007,2007,2007,2007,2008,2008,2008,2008,2008,2008,2008,2008,2009,2009,2009,2009,2010,2010,2010,2011,2011,2011,2012,2012,2012,2012,2013,2013,2013,2013,2013,2013,2014,2014,2014,2014,2014,2015,2015,2015,2015],"Y_PREVALENCE_1000PP":[0.41722,3.1217,0.2315,0.91215,1.76776,0.40504,0.50806,0.67779,0.19443,0.2523,0.32597,0.48241,0.50564,0.40153,0.45475,0.51414,2.35888,1.12113,0.20971,0.23937,0.40777,0.31628,1.20658,0.23053,1.97591,0.45715,0.25685,0.1902,1.85099,0.37679,0.32918,0.38217,1.57404,0.25145,0.18786,0.15415,2.23899,0.36466,0.33047,1.42813,0.2591,0.27879,0.14805,0.28573,1.565,1.29445,0.15752,1.12608,1.26543,0.34304,1.32409,1.21942,2.17314,1.68587,0.3305,0.60859,0.2292,1.75734,1.38977,0.46605,0.21716,0.25871,0.2453,0.70141,1.90467,0.41114,2.1899,0.76249,1.74346,0.75758,3.06726]},"PREVALENCE_BY_MONTH":{"X_CALENDAR_MONTH":["201312","200502","200405","200904","200509","201003","201212","200708","201206","200901","200907","200608","200512","200703","200705","201006","201301","201505","201304","200602","200912","201309","201110","201302","200611","200909","200701","200609","200906","200402","201501","201103","201405","201305","200604","200811","201005","200707","201205","200911","201306","201002","201211","200406","201308","200801","200704","200910","201109","200903","200607","201502","200411","201404","200505","201401","200401","201112","200403","200511","201409","201106","200610","201208","200508","201504","201012","201202","200408","201410","201411","200412","201408","200601","200810","201102","201311","201204","200809","200807","200803","200804","201010","200806","200603","201201","200812","200504","200711","200612","200902","201402","200507","201001","201203","200501","200510","201210","200710","201207","201209","201111","200606","201105","201503","200808","200905","201108","200709","201307","200410","200407","201403","201412","200404","200409","201406","201101","200805","201104","200802","200506","200503","201303","200712","201310","200702","200706","201011","201004"],"Y_PREVALENCE_1000PP":[0.03994,0.04275,0.12069,0.04681,0.06563,0.03713,0.04892,0.05381,0.07069,0.01885,0.01869,0.07273,0.05133,0.05181,0.05114,0.04031,0.04565,0.25131,0.03243,0.07326,0.02484,0.03056,0.02595,0.06036,0.05685,0.02489,0.0631,0.03251,0.06844,0.31352,0.14358,0.03147,0.05282,0.03637,0.06781,0.02849,0.02481,0.04733,0.05338,0.02484,0.0479,0.03107,0.02778,0.09583,0.04903,0.07857,0.03784,0.04036,0.03561,0.01873,0.07339,0.09372,0.08842,0.03431,0.05275,0.05684,0.29778,0.04252,0.23675,0.04785,0.10096,0.05742,0.02145,0.02726,0.0916,0.20633,0.03764,0.02963,0.09066,0.09497,0.09051,0.06527,0.07306,0.05833,0.01901,0.01892,0.05897,0.06312,0.03186,0.03845,0.08119,0.0615,0.01871,0.06438,0.0645,0.05247,0.03152,0.10798,0.0661,0.0354,0.06588,0.04558,0.04243,0.03726,0.08573,0.06328,0.07273,0.04828,0.04641,0.0373,0.04465,0.02279,0.04797,0.0254,0.22496,0.03842,0.03734,0.01932,0.05022,0.02233,0.07057,0.08974,0.04612,0.12583,0.21188,0.04004,0.05444,0.02831,0.06133,0.0285,0.06202,0.05598,0.10133,0.0572,0.05279,0.07333,0.0454,0.06113,0.03126,0.03097]},"LENGTH_OF_ERA":{"CATEGORY":"Length of era","MIN_VALUE":1,"P10_VALUE":1,"P25_VALUE":1,"MEDIAN_VALUE":1,"P75_VALUE":1,"P90_VALUE":1,"MAX_VALUE":52},"AGE_AT_FIRST_DIAGNOSIS":{"CATEGORY":["FEMALE","MALE"],"MIN_VALUE":[0,0],"P10_VALUE":[2,1],"P25_VALUE":[4,3],"MEDIAN_VALUE":[11,5],"P75_VALUE":[39,13],"P90_VALUE":[57,43],"MAX_VALUE":[91,92]}}
