{"PREVALENCE_BY_GENDER_AGE_YEAR":{"TRELLIS_NAME":["10-19","0-9","10-19","10-19","10-19","10-19","10-19","10-19","0-9","10-19","10-19"],"SERIES_NAME":["MALE","MALE","FEMALE","MALE","FEMALE","MALE","FEMALE","MALE","MALE","FEMALE","MALE"],"X_CALENDAR_YEAR":[2007,2007,2011,2012,2013,2013,2014,2014,2014,2015,2015],"Y_PREVALENCE_1000PP":[0.32969,0.24917,0.25728,0.28329,0.55926,0.86268,1.0791,1.11594,0.24791,2.38277,1.2987]},"PREVALENCE_BY_MONTH":{"X_CALENDAR_MONTH":["201310","201311","201502","201410","201503","201504","201409","201411"],"Y_PREVALENCE_1000PP":[0.05017,0.03145,0.05768,0.03693,0.16872,0.0786,0.03534,0.04525]},"LENGTH_OF_ERA":{"CATEGORY":"Length of era","MIN_VALUE":1,"P10_VALUE":1,"P25_VALUE":1,"MEDIAN_VALUE":1,"P75_VALUE":1,"P90_VALUE":15,"MAX_VALUE":274},"AGE_AT_FIRST_DIAGNOSIS":{"CATEGORY":["MALE","FEMALE"],"MIN_VALUE":[1,2],"P10_VALUE":[6,6],"P25_VALUE":[9,11],"MEDIAN_VALUE":[12,14],"P75_VALUE":[14,15],"P90_VALUE":[17,16],"MAX_VALUE":[81,70]}}
