{"PREVALENCE_BY_GENDER_AGE_YEAR":{"TRELLIS_NAME":["10-19","0-9","30-39","0-9","20-29","0-9","0-9","10-19","20-29","20-29","30-39","0-9","10-19","0-9","0-9","0-9","30-39","20-29","30-39","0-9","10-19","0-9","30-39","30-39","20-29","20-29","10-19","10-19","0-9","0-9","30-39","30-39","20-29","20-29","40-49","10-19","0-9","10-19","0-9","20-29","30-39","20-29","0-9","0-9","20-29","30-39","20-29","20-29","0-9","0-9","10-19","0-9","0-9","20-29","20-29","30-39","20-29","20-29","30-39","30-39","0-9","0-9","10-19","20-29","10-19","0-9"],"SERIES_NAME":["FEMALE","FEMALE","MALE","MALE","MALE","MALE","FEMALE","FEMALE","FEMALE","MALE","FEMALE","MALE","MALE","FEMALE","MALE","FEMALE","FEMALE","FEMALE","MALE","MALE","FEMALE","FEMALE","FEMALE","MALE","MALE","FEMALE","FEMALE","MALE","MALE","FEMALE","MALE","FEMALE","FEMALE","MALE","MALE","FEMALE","MALE","MALE","FEMALE","MALE","FEMALE","FEMALE","MALE","FEMALE","FEMALE","FEMALE","FEMALE","MALE","MALE","FEMALE","MALE","FEMALE","MALE","MALE","FEMALE","MALE","FEMALE","MALE","MALE","FEMALE","FEMALE","MALE","MALE","MALE","MALE","MALE"],"X_CALENDAR_YEAR":[2004,2004,2004,2004,2004,2005,2005,2005,2005,2005,2005,2006,2006,2006,2007,2007,2007,2007,2007,2008,2008,2008,2008,2008,2008,2008,2009,2009,2009,2009,2009,2009,2009,2009,2010,2010,2010,2010,2010,2010,2010,2010,2011,2011,2011,2011,2012,2012,2012,2012,2012,2013,2013,2013,2013,2013,2014,2014,2014,2014,2014,2014,2014,2015,2015,2015],"Y_PREVALENCE_1000PP":[0.36445,0.82864,0.74143,1.20065,0.55981,1.44844,0.93427,0.35395,0.22076,0.57393,0.19443,0.94996,0.35556,0.43092,0.96109,0.88792,0.25685,0.1902,0.37677,0.96449,0.37178,0.77196,0.26837,0.48718,0.53382,0.2826,0.24491,0.31236,1.22478,0.91373,0.3556,0.20867,0.2961,0.35723,0.32496,0.33336,0.95763,0.27215,0.73778,0.35146,0.15752,0.32507,0.52267,0.39336,0.18306,0.19087,0.24972,0.36036,0.67688,0.48168,0.42493,0.37903,0.48607,0.60021,0.17669,0.51951,0.26499,0.43449,0.5071,0.31538,0.37164,0.6611,0.64607,0.76668,0.75758,1.53363]},"PREVALENCE_BY_MONTH":{"X_CALENDAR_MONTH":["200509","200412","200807","201401","200405","201006","200512","201302","201004","200609","200704","200402","201205","201404","201212","200901","200910","200612","200904","200908","200905","200608","200907","200601","200611","201505","200810","201202","200702","201206","200602","200911","200409","201106","200603","201306","200804","201411","200605","200502","201207","200606","201203","201408","200903","200508","200811","201209","200801","201405","201402","201007","200403","201001","200506","201010","200410","201110","201210","201311","201009","200710","201012","200408","201406","200407","200705","201011","200802","200808","200708","201008","201309","201312","201103","200805","201504","201412","201409","200404","201501","200503","200505","201307","201109","201112","201104","201107","201310","200909","200607","201211","200712","200510","200912","200401","200709","200706","200703","201005","200507","201101","201502","201305","201002","201301","201304","200902","200501","200504","201503","200803","200511","201204","201105","200806","201003","201407","201108","200812","200604","201208","200411","200809","201410","200906"],"Y_PREVALENCE_1000PP":[0.02461,0.06025,0.04485,0.03248,0.06789,0.04031,0.03948,0.0426,0.05575,0.02167,0.02752,0.13063,0.05338,0.03431,0.03844,0.03141,0.03415,0.03186,0.03745,0.03741,0.03423,0.02909,0.02803,0.02333,0.02487,0.22338,0.05068,0.02963,0.02095,0.0303,0.04627,0.04968,0.05148,0.02552,0.03035,0.02579,0.02913,0.06222,0.02975,0.038,0.02035,0.02952,0.02968,0.0487,0.04058,0.02498,0.02849,0.02061,0.03929,0.05722,0.02901,0.04349,0.06905,0.04037,0.04736,0.01871,0.04886,0.01946,0.04139,0.02359,0.04364,0.06298,0.02823,0.04835,0.02722,0.05128,0.03751,0.03438,0.02612,0.03202,0.0269,0.04666,0.03438,0.02396,0.02203,0.02582,0.14738,0.04794,0.05048,0.07628,0.06526,0.04606,0.05275,0.03349,0.03237,0.01962,0.0285,0.01925,0.03473,0.04978,0.05137,0.02083,0.04619,0.0404,0.04657,0.21838,0.03013,0.03736,0.03454,0.03721,0.05092,0.02831,0.04326,0.03273,0.02175,0.04916,0.04324,0.02823,0.04868,0.07199,0.09641,0.03897,0.05184,0.03654,0.03175,0.04507,0.04331,0.0422,0.02898,0.05673,0.03391,0.03408,0.04681,0.03186,0.07387,0.056]},"LENGTH_OF_ERA":{"CATEGORY":"Length of era","MIN_VALUE":1,"P10_VALUE":1,"P25_VALUE":1,"MEDIAN_VALUE":1,"P75_VALUE":1,"P90_VALUE":16,"MAX_VALUE":129},"AGE_AT_FIRST_DIAGNOSIS":{"CATEGORY":["MALE","FEMALE"],"MIN_VALUE":[0,0],"P10_VALUE":[0,0],"P25_VALUE":[1,1],"MEDIAN_VALUE":[4,9],"P75_VALUE":[21,25],"P90_VALUE":[32,33],"MAX_VALUE":[57,83]}}
