{"PREVALENCE_BY_GENDER_AGE_YEAR":{"TRELLIS_NAME":["60-69","50-59","40-49","30-39","20-29","50-59","40-49","30-39","50-59","40-49","10-19","20-29","60-69","30-39","50-59","40-49","30-39","20-29","40-49","50-59","20-29","30-39","40-49","50-59","60-69","30-39","60-69","10-19","40-49","50-59","30-39","50-59","10-19","10-19","40-49","60-69","20-29","30-39","70-79","50-59","40-49","10-19","60-69","40-49","50-59","10-19","30-39","60-69","30-39","20-29","50-59","40-49","60-69","30-39"],"SERIES_NAME":["FEMALE","FEMALE","FEMALE","FEMALE","FEMALE","FEMALE","FEMALE","FEMALE","FEMALE","FEMALE","FEMALE","FEMALE","FEMALE","FEMALE","FEMALE","FEMALE","FEMALE","FEMALE","FEMALE","FEMALE","FEMALE","FEMALE","FEMALE","FEMALE","FEMALE","FEMALE","FEMALE","FEMALE","FEMALE","FEMALE","FEMALE","FEMALE","MALE","FEMALE","FEMALE","FEMALE","FEMALE","FEMALE","FEMALE","FEMALE","FEMALE","FEMALE","FEMALE","FEMALE","FEMALE","FEMALE","FEMALE","FEMALE","FEMALE","FEMALE","FEMALE","FEMALE","FEMALE","FEMALE"],"X_CALENDAR_YEAR":[2004,2004,2004,2005,2005,2005,2005,2006,2006,2006,2006,2006,2006,2007,2007,2007,2008,2008,2008,2008,2009,2009,2009,2009,2009,2010,2010,2010,2010,2010,2011,2011,2011,2011,2011,2011,2011,2012,2012,2012,2012,2012,2012,2013,2013,2013,2013,2013,2014,2014,2014,2014,2014,2015],"Y_PREVALENCE_1000PP":[0.62583,0.45567,0.3695,0.45366,0.18923,0.28523,0.51952,0.32955,0.22242,0.27357,0.2711,0.37462,0.30187,0.71347,0.46699,0.66836,0.2147,0.15415,0.45343,0.45304,0.1974,0.36517,0.35364,0.47855,0.387,0.49882,0.3773,0.29169,0.58194,0.61604,0.21814,0.4538,0.27793,0.30016,0.33738,0.24895,0.26152,0.26437,0.36731,0.51056,0.50161,0.30429,0.37903,0.4274,0.382,0.32623,0.31023,0.38806,0.31538,0.23186,0.25103,0.66378,0.68009,0.3817]},"PREVALENCE_BY_MONTH":{"X_CALENDAR_MONTH":["201309","201111","201303","200412","200705","201108","200702","201411","201207","200603","201010","201403","201202","200908","200801","200807","200911","201011","200809","201205","200812","200601","201007","201204","200604","201004","201405","201406","201208","201210","200804","200606","201408","201410","200406","200609","201501","200612","201402","201109","200806","200709","201101","200811","200502","200403","200906","201112","201106","201305","200508","201312","200602","201302","201203","201103","201504","200907","200505","200708","200910","201206","200711","200903","200704","200707","201308","200701","200501","201102","200901","201009","200904","200509","201012","201505","200710","200608","200808","200611","200410","201404","201209","201005","200605","200402","201104","201008","200404","201401","200706","201409","201003","200401","201310","200407","200703","201412","201212","200610","201201","201503","201307","200803","200504","201006","200912","201105","201407","201304","200607","201211","200909","201107","201110","201001","201502","200712","201002","200503","200506","201301"],"Y_PREVALENCE_1000PP":[0.02674,0.03581,0.0286,0.05021,0.04773,0.0483,0.03841,0.08485,0.05087,0.03035,0.0343,0.02516,0.05268,0.02805,0.02292,0.02243,0.05279,0.04376,0.02549,0.04004,0.01891,0.02722,0.0466,0.05647,0.04144,0.03407,0.03961,0.03629,0.0409,0.04484,0.02266,0.02952,0.03896,0.06859,0.04791,0.03251,0.08484,0.02832,0.02901,0.02266,0.02575,0.05022,0.02202,0.02849,0.038,0.07892,0.02178,0.02943,0.0319,0.05091,0.02915,0.04393,0.02699,0.0426,0.03627,0.05664,0.0786,0.02803,0.05275,0.05044,0.03415,0.0303,0.04297,0.02497,0.03096,0.0541,0.0528,0.02454,0.03407,0.02837,0.02199,0.03117,0.01872,0.02871,0.04392,0.16754,0.04641,0.04,0.03522,0.0533,0.03257,0.0772,0.02748,0.04031,0.02231,0.11757,0.02216,0.04977,0.11018,0.03248,0.03396,0.05553,0.03713,0.13897,0.05403,0.04487,0.02763,0.04794,0.03145,0.03218,0.03608,0.0482,0.03349,0.02273,0.04499,0.03411,0.04347,0.0254,0.05626,0.03243,0.02569,0.0382,0.04045,0.04171,0.0519,0.03416,0.0793,0.02639,0.03418,0.04145,0.03875,0.02809]},"LENGTH_OF_ERA":{"CATEGORY":"Length of era","MIN_VALUE":1,"P10_VALUE":1,"P25_VALUE":1,"MEDIAN_VALUE":1,"P75_VALUE":1,"P90_VALUE":17,"MAX_VALUE":260},"AGE_AT_FIRST_DIAGNOSIS":{"CATEGORY":["MALE","FEMALE"],"MIN_VALUE":[0,0],"P10_VALUE":[11,19],"P25_VALUE":[21,31],"MEDIAN_VALUE":[42,43],"P75_VALUE":[55,57],"P90_VALUE":[71,67],"MAX_VALUE":[83,96]}}
