{"PREVALENCE_BY_GENDER_AGE_YEAR":{"TRELLIS_NAME":["0-9","0-9","0-9","0-9","0-9","0-9","0-9","0-9","0-9","0-9","0-9","0-9","0-9","0-9","0-9","0-9","0-9","0-9","0-9","0-9","0-9","0-9","0-9","0-9"],"SERIES_NAME":["MALE","FEMALE","FEMALE","MALE","FEMALE","MALE","MALE","FEMALE","FEMALE","MALE","MALE","FEMALE","MALE","FEMALE","MALE","FEMALE","MALE","FEMALE","FEMALE","MALE","FEMALE","MALE","MALE","FEMALE"],"X_CALENDAR_YEAR":[2004,2004,2005,2005,2006,2006,2007,2007,2008,2008,2009,2009,2010,2010,2011,2011,2012,2012,2013,2013,2014,2014,2015,2015],"Y_PREVALENCE_1000PP":[0.72039,0.60767,0.74742,0.45522,0.34474,0.60797,0.96109,1.37224,1.23514,1.03338,1.15674,0.41879,3.48849,3.33942,3.72835,3.97294,4.6669,4.77662,9.01242,8.59974,6.31794,6.32179,4.96604,3.07181]},"PREVALENCE_BY_MONTH":{"X_CALENDAR_MONTH":["200705","201007","201501","201309","201306","201106","201504","200708","201109","200702","201303","201402","201004","201312","201103","201101","201112","201206","201202","201104","201502","200901","201405","201107","201408","201412","201505","201010","201203","201411","201110","200804","201409","201307","200706","201310","201403","201210","201406","200802","201011","201401","201008","201005","200812","201012","201201","201207","201204","201407","201009","201404","201111","200803","201503","201006","201003","201102","201105","200805","201311","201212","201410","201209","201108","201301","201304","201002","200401","201211","201208","200704","201302","201305","201205","200910","201308","200707"],"Y_PREVALENCE_1000PP":[0.02046,0.06213,0.11747,0.16809,0.09212,0.04785,0.17685,0.03363,0.04856,0.02095,0.1716,0.10359,0.02478,0.09585,0.02832,0.02831,0.07522,0.09089,0.07244,0.08866,0.24512,0.01885,0.16285,0.05134,0.12663,0.13182,0.20942,0.08419,0.06595,0.09051,0.05514,0.01942,0.09591,0.09676,0.02038,0.1621,0.06289,0.04828,0.13156,0.01959,0.07815,0.15835,0.05599,0.03411,0.01891,0.08156,0.05575,0.078,0.04983,0.09846,0.05611,0.09007,0.07813,0.02923,0.17675,0.04651,0.02784,0.04729,0.06667,0.02582,0.14546,0.10484,0.12135,0.12022,0.05796,0.16854,0.19097,0.01864,0.11911,0.04861,0.0409,0.02752,0.12781,0.13456,0.07007,0.01863,0.10937,0.02367]},"LENGTH_OF_ERA":{"CATEGORY":"Length of era","MIN_VALUE":1,"P10_VALUE":1,"P25_VALUE":1,"MEDIAN_VALUE":1,"P75_VALUE":1,"P90_VALUE":1,"MAX_VALUE":31},"AGE_AT_FIRST_DIAGNOSIS":{"CATEGORY":["MALE","FEMALE"],"MIN_VALUE":[0,0],"P10_VALUE":[0,0],"P25_VALUE":[0,0],"MEDIAN_VALUE":[0,0],"P75_VALUE":[0,0],"P90_VALUE":[0,0],"MAX_VALUE":[1,3]}}
