{"PREVALENCE_BY_GENDER_AGE_YEAR":{"TRELLIS_NAME":["70-79","80-89","60-69","60-69","80-89","70-79","80-89"],"SERIES_NAME":["FEMALE","FEMALE","FEMALE","FEMALE","FEMALE","FEMALE","FEMALE"],"X_CALENDAR_YEAR":[2005,2005,2005,2006,2006,2006,2008],"Y_PREVALENCE_1000PP":[0.5303,1.39198,0.4481,0.30187,0.88529,0.41394,0.67378]},"PREVALENCE_BY_MONTH":{"X_CALENDAR_MONTH":["200511","200603","200507","200601","200504","200608","200501","200509","200506"],"Y_PREVALENCE_1000PP":[0.05184,0.02276,0.02546,0.035,0.03149,0.02546,0.02921,0.02871,0.03014]},"LENGTH_OF_ERA":{"CATEGORY":"Length of era","MIN_VALUE":1,"P10_VALUE":1,"P25_VALUE":1,"MEDIAN_VALUE":1,"P75_VALUE":1,"P90_VALUE":4,"MAX_VALUE":119},"AGE_AT_FIRST_DIAGNOSIS":{"CATEGORY":["MALE","FEMALE"],"MIN_VALUE":[4,2],"P10_VALUE":[18,36],"P25_VALUE":[33,58],"MEDIAN_VALUE":[55,72],"P75_VALUE":[74,81],"P90_VALUE":[84,88],"MAX_VALUE":[94,99]}}
