{"PREVALENCE_BY_GENDER_AGE_YEAR":{"TRELLIS_NAME":["50-59","10-19","20-29","60-69","50-59","10-19","70-79","40-49","50-59","40-49","50-59","40-49","10-19","20-29","60-69","10-19","10-19","10-19","20-29","10-19","0-9","50-59","20-29","40-49","10-19","20-29","30-39","60-69","30-39","10-19","10-19","10-19","10-19","20-29","20-29","20-29"],"SERIES_NAME":["FEMALE","MALE","MALE","FEMALE","FEMALE","MALE","FEMALE","MALE","FEMALE","FEMALE","MALE","MALE","FEMALE","MALE","FEMALE","MALE","MALE","FEMALE","MALE","MALE","MALE","FEMALE","MALE","MALE","MALE","MALE","FEMALE","FEMALE","MALE","FEMALE","MALE","MALE","MALE","FEMALE","MALE","MALE"],"X_CALENDAR_YEAR":[2004,2004,2005,2005,2005,2005,2005,2005,2006,2006,2006,2006,2006,2006,2006,2006,2007,2007,2008,2008,2008,2008,2009,2009,2009,2010,2010,2010,2010,2010,2010,2011,2012,2012,2013,2014],"Y_PREVALENCE_1000PP":[0.35441,0.70166,0.43045,0.39209,0.24448,0.8569,0.5303,0.46845,0.25949,0.23937,0.34562,0.35545,0.58738,0.55676,0.4025,1.37146,1.08327,0.38217,0.42705,0.95724,0.24112,0.24394,0.3062,0.32149,0.40161,0.40167,0.18378,0.33537,0.35298,0.25002,0.36286,0.27793,0.56657,0.16648,0.43651,0.37242]},"PREVALENCE_BY_MONTH":{"X_CALENDAR_MONTH":["200706","200411","200803","201009","200504","200703","201304","200406","200701","200806","200402","200704","200611","200612","201012","200912","201001","200910","200710","201008","200707","200708","200609","201004","200702","201003","200501","200705","200807","200605","201209","201005","200508","200804","200608","200506","200801","200601","200412","200512","200808","200607","200811","200805","201103","201106","200603","200505","201207","200905","200812","201501","200809","201406","200511","200602","201503","200507","201011","200604","201205","200606","201002"],"Y_PREVALENCE_1000PP":[0.04075,0.03121,0.03248,0.0187,0.04049,0.02763,0.02162,0.06845,0.04207,0.02253,0.19595,0.0344,0.02843,0.0354,0.03451,0.03415,0.02795,0.02173,0.01989,0.028,0.02029,0.02354,0.03612,0.02787,0.02445,0.03403,0.04868,0.0341,0.03204,0.03347,0.02748,0.0186,0.03331,0.02266,0.05455,0.03014,0.02292,0.02333,0.04519,0.04343,0.03202,0.02202,0.02216,0.01937,0.02203,0.02233,0.04932,0.04835,0.02035,0.01867,0.01891,0.05874,0.03823,0.02722,0.03589,0.05398,0.05624,0.02546,0.01875,0.06028,0.02336,0.02952,0.02486]},"LENGTH_OF_ERA":{"CATEGORY":"Length of era","MIN_VALUE":1,"P10_VALUE":1,"P25_VALUE":1,"MEDIAN_VALUE":1,"P75_VALUE":1,"P90_VALUE":9,"MAX_VALUE":140},"AGE_AT_FIRST_DIAGNOSIS":{"CATEGORY":["FEMALE","MALE"],"MIN_VALUE":[1,0],"P10_VALUE":[12,11],"P25_VALUE":[24,14],"MEDIAN_VALUE":[48,23],"P75_VALUE":[63,42],"P90_VALUE":[73,59],"MAX_VALUE":[97,84]}}
