{"PREVALENCE_BY_GENDER_AGE_YEAR":{"TRELLIS_NAME":["70-79","70-79","50-59","40-49","50-59","80-89","60-69","50-59","70-79","70-79","40-49","50-59","80-89","60-69","80-89","90-99","60-69","60-69","80-89","60-69","40-49","50-59","70-79","70-79","60-69","80-89","60-69","70-79","50-59","40-49","40-49","70-79","80-89","30-39","50-59","50-59","70-79","60-69","70-79","60-69","80-89","80-89","50-59","70-79","50-59","40-49","60-69","70-79","60-69","80-89","80-89","50-59","70-79","50-59","40-49","70-79","80-89","60-69","80-89","60-69","70-79","50-59","40-49","70-79","40-49","80-89","80-89","60-69","90-99","60-69","50-59","30-39","60-69","70-79","80-89","80-89","60-69","50-59","70-79","50-59","40-49","60-69","60-69","80-89","80-89","40-49","50-59","70-79","50-59","40-49","70-79","80-89","60-69","70-79","40-49","50-59","70-79","40-49","50-59","30-39","60-69","80-89","60-69","70-79","60-69","80-89","50-59","70-79"],"SERIES_NAME":["MALE","FEMALE","FEMALE","MALE","MALE","FEMALE","FEMALE","FEMALE","MALE","FEMALE","FEMALE","MALE","FEMALE","MALE","MALE","FEMALE","FEMALE","MALE","FEMALE","FEMALE","FEMALE","FEMALE","MALE","FEMALE","FEMALE","FEMALE","MALE","FEMALE","FEMALE","FEMALE","MALE","MALE","MALE","MALE","MALE","FEMALE","FEMALE","FEMALE","MALE","MALE","FEMALE","MALE","FEMALE","FEMALE","MALE","MALE","FEMALE","MALE","MALE","MALE","FEMALE","FEMALE","MALE","MALE","MALE","FEMALE","MALE","MALE","FEMALE","FEMALE","MALE","MALE","MALE","FEMALE","FEMALE","FEMALE","MALE","MALE","FEMALE","FEMALE","FEMALE","MALE","FEMALE","MALE","MALE","FEMALE","MALE","MALE","FEMALE","FEMALE","FEMALE","FEMALE","MALE","FEMALE","MALE","MALE","MALE","MALE","FEMALE","FEMALE","FEMALE","FEMALE","FEMALE","FEMALE","MALE","MALE","MALE","FEMALE","FEMALE","FEMALE","MALE","MALE","FEMALE","MALE","MALE","FEMALE","FEMALE","FEMALE"],"X_CALENDAR_YEAR":[2004,2004,2004,2004,2004,2004,2004,2005,2005,2005,2005,2005,2005,2005,2005,2005,2005,2006,2006,2006,2006,2006,2006,2006,2007,2007,2007,2007,2007,2007,2007,2007,2007,2007,2008,2008,2008,2008,2008,2008,2008,2008,2009,2009,2009,2009,2009,2009,2009,2009,2009,2010,2010,2010,2010,2010,2010,2010,2010,2010,2011,2011,2011,2011,2011,2011,2011,2011,2011,2011,2011,2011,2012,2012,2012,2012,2012,2012,2012,2012,2012,2013,2013,2013,2013,2013,2013,2013,2013,2013,2013,2014,2014,2014,2014,2014,2014,2014,2014,2014,2014,2014,2015,2015,2015,2015,2015,2015],"Y_PREVALENCE_1000PP":[0.91575,1.183,0.86072,0.76252,0.91468,2.69134,0.90397,0.6112,1.62882,1.9697,0.37109,0.58468,1.94878,0.61228,1.51221,4.25015,0.89621,0.53408,1.64411,0.45281,0.30777,0.3707,1.04321,1.17282,0.70751,0.8287,0.79574,1.13811,0.46699,0.33418,0.54864,0.89745,1.24334,0.37677,0.55505,0.45304,1.29492,0.49545,0.86676,0.62872,1.68445,1.50477,0.376,1.45257,0.29605,0.37507,0.85999,1.09452,1.03961,1.44231,1.18765,0.41069,0.83314,0.38839,0.37912,1.37914,0.92436,0.68338,1.80544,0.41922,1.19127,0.7864,0.56497,0.99028,0.30364,1.66945,1.34348,1.03183,2.73473,0.99581,0.62834,0.36406,1.51611,1.42439,1.78971,2.88031,0.53,0.56074,2.08142,1.02112,0.71659,1.68161,1.28769,2.10713,1.95872,0.58181,0.74683,1.5596,1.4516,0.46625,2.43102,1.2828,1.63221,1.15897,0.51886,0.58418,1.72023,0.35401,1.12961,0.28034,1.01764,2.06612,0.67229,1.42672,0.57078,1.29342,0.88268,0.82962]},"PREVALENCE_BY_MONTH":{"X_CALENDAR_MONTH":["201001","200505","201501","201309","200801","200708","201202","200609","201010","201504","201312","201004","200711","200403","200504","200409","201405","200804","201007","201103","200406","201408","201402","200502","201106","200512","200509","200904","201102","201212","201108","200702","201305","201209","200608","200705","201311","200910","200710","200707","200701","201003","200806","201306","200602","200911","200907","201302","201303","201105","200803","200411","201411","200412","201104","201401","201407","201404","200508","200807","200405","201410","200810","201109","201009","200712","200408","201012","201112","200404","201208","200709","200607","200906","200903","201011","200704","200604","200610","201005","201008","201006","200601","201211","200802","200407","201308","201205","201002","200611","201403","201406","200402","200410","200901","200511","201206","200811","201110","201301","201502","201304","201307","201310","200503","200507","201210","201101","200510","200506","200703","200706","200912","201505","200612","200909","201111","201107","201201","201204","200902","201503","201203","200905","201207","201409","200809","200812","200805","201412","200908","200808","200603"],"Y_PREVALENCE_1000PP":[0.01863,0.03077,0.14358,0.08787,0.03601,0.03027,0.05927,0.0289,0.04677,0.09825,0.05991,0.04336,0.04297,0.08878,0.03599,0.06864,0.06602,0.03237,0.03106,0.05035,0.07529,0.07793,0.07873,0.05225,0.03828,0.06317,0.06153,0.03433,0.03468,0.05591,0.05796,0.03143,0.08728,0.07556,0.03273,0.04432,0.10221,0.04036,0.02983,0.02367,0.02804,0.02166,0.04507,0.09212,0.04241,0.04658,0.04672,0.04615,0.06793,0.07619,0.04222,0.05201,0.10748,0.03515,0.0285,0.06496,0.10784,0.07292,0.06662,0.03204,0.0528,0.06859,0.02217,0.05503,0.0187,0.04289,0.13901,0.02823,0.04906,0.08475,0.09883,0.03348,0.02936,0.02178,0.02809,0.03126,0.02752,0.03391,0.02503,0.04341,0.05288,0.03721,0.04278,0.07986,0.02938,0.03846,0.1056,0.08008,0.03729,0.02843,0.07966,0.06805,0.09144,0.05971,0.05026,0.0957,0.09426,0.02849,0.07461,0.07374,0.08651,0.1117,0.07815,0.1042,0.03224,0.06789,0.06553,0.0346,0.05657,0.06459,0.0449,0.04415,0.03105,0.15358,0.0354,0.028,0.05534,0.06417,0.03608,0.04983,0.02823,0.14461,0.06265,0.03423,0.05426,0.07067,0.02867,0.03467,0.02905,0.13182,0.05923,0.04162,0.04173]},"LENGTH_OF_ERA":{"CATEGORY":"Length of era","MIN_VALUE":1,"P10_VALUE":1,"P25_VALUE":1,"MEDIAN_VALUE":1,"P75_VALUE":1,"P90_VALUE":1,"MAX_VALUE":154},"AGE_AT_FIRST_DIAGNOSIS":{"CATEGORY":["MALE","FEMALE"],"MIN_VALUE":[9,6],"P10_VALUE":[39,44],"P25_VALUE":[52,55],"MEDIAN_VALUE":[65,67],"P75_VALUE":[75,78],"P90_VALUE":[84,85],"MAX_VALUE":[101,103]}}
