{"PREVALENCE_BY_GENDER_AGE_YEAR":{"TRELLIS_NAME":["30-39","20-29","30-39","20-29","20-29","10-19","40-49","30-39","10-19","30-39","20-29","30-39","20-29","10-19","30-39","20-29","20-29","30-39","20-29","30-39","20-29","30-39","20-29","30-39","20-29","30-39","20-29","30-39"],"SERIES_NAME":["FEMALE","FEMALE","FEMALE","FEMALE","FEMALE","FEMALE","FEMALE","FEMALE","FEMALE","FEMALE","FEMALE","FEMALE","FEMALE","FEMALE","FEMALE","FEMALE","FEMALE","FEMALE","FEMALE","FEMALE","FEMALE","FEMALE","FEMALE","FEMALE","FEMALE","FEMALE","FEMALE","FEMALE"],"X_CALENDAR_YEAR":[2004,2004,2005,2005,2006,2006,2006,2006,2007,2007,2007,2008,2008,2009,2009,2009,2010,2010,2011,2011,2012,2012,2013,2013,2014,2014,2015,2015],"Y_PREVALENCE_1000PP":[0.99022,1.58191,0.61568,1.04075,0.8645,0.2711,0.20518,0.53926,0.25478,0.28539,0.62495,0.34888,0.66797,0.449,0.46951,0.51817,0.72516,0.28879,0.91532,0.65441,0.86016,0.44062,0.91289,0.71353,1.32494,0.98118,1.82885,0.95426]},"PREVALENCE_BY_MONTH":{"X_CALENDAR_MONTH":["201011","200802","201301","200403","201307","201006","201504","201212","200912","201405","201407","200701","200803","201002","200405","200408","201404","200601","200604","200508","201401","200401","201303","201109","201210","200411","200501","200711","201501","200503","200412","201409","201111","201107","201203","200409","201412","200901","200507","201110","201410","201503","200606","201207","201108","200809"],"Y_PREVALENCE_1000PP":[0.01875,0.02612,0.03862,0.11838,0.02605,0.0186,0.12773,0.02097,0.01863,0.03081,0.02813,0.02454,0.02273,0.02486,0.08298,0.04231,0.03002,0.02333,0.03014,0.02498,0.03248,0.15882,0.02145,0.03561,0.02414,0.03641,0.02921,0.01983,0.10442,0.04145,0.03013,0.04543,0.04883,0.0385,0.02308,0.03432,0.06591,0.01885,0.0297,0.01946,0.03693,0.08034,0.02952,0.02035,0.01932,0.0223]},"LENGTH_OF_ERA":{"CATEGORY":"Length of era","MIN_VALUE":1,"P10_VALUE":1,"P25_VALUE":1,"MEDIAN_VALUE":1,"P75_VALUE":1,"P90_VALUE":1,"MAX_VALUE":62},"AGE_AT_FIRST_DIAGNOSIS":{"CATEGORY":"FEMALE","MIN_VALUE":15,"P10_VALUE":20,"P25_VALUE":23,"MEDIAN_VALUE":27,"P75_VALUE":32,"P90_VALUE":37,"MAX_VALUE":55}}
