{"PREVALENCE_BY_GENDER_AGE_YEAR":{"TRELLIS_NAME":["70-79","50-59","40-49","30-39","80-89","60-69","50-59","40-49","70-79","30-39","80-89","60-69","80-89","60-69","30-39","50-59","40-49","70-79","80-89","60-69","70-79","50-59","40-49","30-39","80-89","60-69","70-79","40-49","50-59","80-89","70-79","40-49","50-59","60-69","60-69","80-89","50-59","40-49","70-79","50-59","40-49","70-79","60-69","80-89","70-79","50-59","60-69","80-89","50-59","70-79","60-69","80-89","80-89","60-69","50-59","40-49","70-79","50-59","70-79","40-49","80-89","60-69"],"SERIES_NAME":["FEMALE","FEMALE","FEMALE","FEMALE","FEMALE","FEMALE","FEMALE","FEMALE","FEMALE","FEMALE","FEMALE","FEMALE","FEMALE","FEMALE","FEMALE","FEMALE","FEMALE","FEMALE","FEMALE","FEMALE","FEMALE","FEMALE","FEMALE","FEMALE","FEMALE","FEMALE","FEMALE","FEMALE","FEMALE","FEMALE","FEMALE","FEMALE","FEMALE","FEMALE","FEMALE","FEMALE","FEMALE","FEMALE","FEMALE","FEMALE","FEMALE","FEMALE","FEMALE","FEMALE","FEMALE","FEMALE","FEMALE","FEMALE","FEMALE","FEMALE","FEMALE","FEMALE","FEMALE","FEMALE","FEMALE","FEMALE","FEMALE","FEMALE","FEMALE","FEMALE","FEMALE","FEMALE"],"X_CALENDAR_YEAR":[2004,2004,2004,2004,2004,2004,2005,2005,2005,2005,2005,2005,2006,2006,2006,2006,2006,2006,2007,2007,2007,2007,2007,2008,2008,2008,2008,2008,2008,2009,2009,2009,2009,2009,2010,2010,2010,2010,2010,2011,2011,2011,2011,2011,2012,2012,2012,2012,2013,2013,2013,2013,2014,2014,2014,2014,2014,2015,2015,2015,2015,2015],"Y_PREVALENCE_1000PP":[3.822,1.6708,0.92374,0.31687,3.8688,3.2682,2.24106,0.8535,4.24242,0.29164,2.78396,3.75287,3.16176,4.2262,0.38947,2.03885,1.06008,3.03553,2.84125,3.01873,2.67791,1.72426,0.76861,0.16102,1.68445,2.56734,2.58983,0.32388,1.56822,1.51155,2.14728,0.57869,1.33311,2.49398,2.05416,1.16822,1.19785,0.38796,1.81795,1.57085,0.26991,1.54732,1.36924,1.14775,1.95898,1.13052,1.89514,1.70685,0.8786,2.06637,1.68161,1.33082,0.81633,2.3123,1.08778,0.39827,2.76866,1.47113,2.69626,0.4898,1.4782,2.46508]},"PREVALENCE_BY_MONTH":{"X_CALENDAR_MONTH":["201110","200901","200702","200506","200808","201206","201505","200606","201003","201406","200805","200811","200602","201502","201409","201212","200503","201209","201107","200608","201011","200908","200605","200907","201210","201207","200402","200512","201001","201306","201007","200403","200611","201302","200609","201410","200603","200809","200705","200911","200904","201201","200612","200509","201204","200701","201309","201305","200910","201303","201004","200812","200410","200712","200709","201104","200510","200708","201111","200905","201503","200902","201108","200507","200704","200706","200909","201304","200906","200912","200406","201101","201301","201310","200903","201112","200407","201005","200511","200404","200401","201504","201307","201403","200703","201202","200802","201008","200502","201402","200711","200601","201002","201404","201401","201208","201109","201211","201103","201106","200610","200607","201205","200803","201012","201412","200604","200505","201006","201312","201009","201501","200806","200408","200508","200707","200405","201408","201407","201102","201105","200412","200409","200810","201405","200501","200504","200804","201010","200807","201203","201411","201311","201308","200411","200801","200710"],"Y_PREVALENCE_1000PP":[0.04217,0.0534,0.09778,0.15501,0.06083,0.08416,0.40488,0.08487,0.06807,0.0862,0.08069,0.06965,0.08483,0.13698,0.1161,0.02097,0.13817,0.02748,0.03529,0.12364,0.03751,0.08105,0.14505,0.06541,0.03104,0.05765,0.22208,0.1303,0.04037,0.05896,0.08387,0.3058,0.19187,0.05681,0.12282,0.1108,0.1252,0.04142,0.07842,0.059,0.09362,0.07871,0.14866,0.13946,0.07308,0.11218,0.04966,0.06182,0.07141,0.04648,0.07433,0.07249,0.13028,0.06599,0.0904,0.05699,0.13737,0.07398,0.02604,0.06846,0.21692,0.05333,0.05474,0.08911,0.09632,0.0815,0.04978,0.05765,0.056,0.0621,0.17796,0.0629,0.05267,0.06175,0.07492,0.06214,0.15385,0.07442,0.11564,0.15256,0.4169,0.2751,0.07071,0.06289,0.09672,0.05927,0.08161,0.09021,0.09501,0.05801,0.09915,0.13222,0.04661,0.04718,0.07714,0.05794,0.06151,0.03472,0.02832,0.05423,0.10368,0.11742,0.06339,0.05521,0.04078,0.14381,0.10925,0.16703,0.07131,0.05192,0.06858,0.124,0.07726,0.09066,0.09993,0.08115,0.09806,0.08767,0.06095,0.04098,0.07937,0.12051,0.10867,0.08236,0.06162,0.11682,0.16647,0.09387,0.05924,0.06087,0.07584,0.09617,0.06683,0.04903,0.14044,0.07202,0.07955]},"LENGTH_OF_ERA":{"CATEGORY":"Length of era","MIN_VALUE":1,"P10_VALUE":1,"P25_VALUE":1,"MEDIAN_VALUE":1,"P75_VALUE":21,"P90_VALUE":72,"MAX_VALUE":647},"AGE_AT_FIRST_DIAGNOSIS":{"CATEGORY":"FEMALE","MIN_VALUE":16,"P10_VALUE":45,"P25_VALUE":55,"MEDIAN_VALUE":63,"P75_VALUE":72,"P90_VALUE":80,"MAX_VALUE":99}}
