{"PREVALENCE_BY_GENDER_AGE_YEAR":{"TRELLIS_NAME":["0-9","0-9","0-9","0-9","0-9","0-9","0-9","0-9","10-19"],"SERIES_NAME":["MALE","FEMALE","FEMALE","MALE","FEMALE","MALE","MALE","FEMALE","FEMALE"],"X_CALENDAR_YEAR":[2004,2006,2007,2008,2009,2009,2010,2010,2014],"Y_PREVALENCE_1000PP":[0.48026,0.25855,0.28252,0.27557,0.22843,0.20413,0.20521,0.34947,0.32373]},"PREVALENCE_BY_MONTH":{"X_CALENDAR_MONTH":["200908","201305","201410","201409","201310","200409","201005"],"Y_PREVALENCE_1000PP":[0.0187,0.02182,0.03166,0.04038,0.02316,0.04004,0.02171]},"LENGTH_OF_ERA":{"CATEGORY":"Length of era","MIN_VALUE":1,"P10_VALUE":1,"P25_VALUE":1,"MEDIAN_VALUE":1,"P75_VALUE":1,"P90_VALUE":7,"MAX_VALUE":57},"AGE_AT_FIRST_DIAGNOSIS":{"CATEGORY":["MALE","FEMALE"],"MIN_VALUE":[0,0],"P10_VALUE":[2,2],"P25_VALUE":[5,5],"MEDIAN_VALUE":[10,14],"P75_VALUE":[57,49],"P90_VALUE":[70,70],"MAX_VALUE":[97,98]}}
