{"PREVALENCE_BY_GENDER_AGE_YEAR":{"TRELLIS_NAME":["60-69","70-79","60-69","70-79","50-59","70-79","60-69","60-69","70-79","60-69","70-79","60-69","70-79","60-69","60-69","70-79","50-59","60-69","80-89","60-69","60-69","80-89","70-79","70-79","60-69","60-69","80-89","60-69","70-79","50-59","60-69","50-59","60-69","60-69"],"SERIES_NAME":["MALE","MALE","MALE","MALE","MALE","MALE","MALE","MALE","MALE","MALE","MALE","MALE","MALE","MALE","FEMALE","MALE","MALE","MALE","MALE","FEMALE","MALE","MALE","MALE","MALE","MALE","FEMALE","MALE","MALE","MALE","MALE","FEMALE","MALE","FEMALE","MALE"],"X_CALENDAR_YEAR":[2004,2004,2005,2005,2006,2006,2006,2007,2007,2008,2008,2009,2009,2010,2010,2011,2011,2011,2011,2011,2012,2012,2012,2013,2013,2013,2013,2014,2014,2014,2014,2015,2015,2015],"Y_PREVALENCE_1000PP":[0.66275,0.91575,0.76535,0.7665,0.34562,0.60854,0.53408,0.5509,0.65269,0.62872,0.78796,1.25848,0.62544,0.57825,0.33537,0.96791,0.2949,0.77387,1.19421,0.24895,0.848,0.89485,0.74968,0.74267,0.85846,0.25871,1.20536,1.01764,0.93831,0.40893,0.49873,0.64697,0.4482,0.95129]},"PREVALENCE_BY_MONTH":{"X_CALENDAR_MONTH":["200810","201112","201102","201305","201211","201109","201008","201202","201504","201403","200903","201205","201104","201107","201307","200909","201404","201304","201408","200912","201310","200501","201311","201006","201501","201105","201212","201009","201111","201503","201106","201108","200809","201406","201505","201410","201502","201012","201201","201407","201003","201110","200904","200510","201203","200907","201207","201209","201206","201412","200811","200509","200609","201411","201210","200801","201001","201306","201004","201010","201309","201402","201303","201103","200905","201312","200406","201204","200612","200403","201405","200911","201007"],"Y_PREVALENCE_1000PP":[0.02851,0.02289,0.02207,0.03637,0.03472,0.03885,0.03111,0.02305,0.0786,0.05451,0.01873,0.03003,0.02216,0.01925,0.02977,0.03111,0.02573,0.03603,0.05845,0.03105,0.03859,0.02921,0.02752,0.03101,0.05221,0.01905,0.02446,0.02182,0.03581,0.05624,0.03828,0.0322,0.01911,0.0499,0.13961,0.03693,0.0793,0.03451,0.02624,0.04689,0.02166,0.04217,0.02808,0.02828,0.02308,0.03426,0.02374,0.02748,0.03366,0.08389,0.02216,0.02461,0.02529,0.03394,0.02759,0.02619,0.01863,0.04053,0.01858,0.02183,0.03438,0.03729,0.03933,0.02832,0.02801,0.02796,0.04791,0.0299,0.02124,0.05919,0.03961,0.03105,0.02174]},"LENGTH_OF_ERA":{"CATEGORY":"Length of era","MIN_VALUE":1,"P10_VALUE":1,"P25_VALUE":1,"MEDIAN_VALUE":1,"P75_VALUE":8,"P90_VALUE":39,"MAX_VALUE":253},"AGE_AT_FIRST_DIAGNOSIS":{"CATEGORY":["MALE","FEMALE"],"MIN_VALUE":[37,34],"P10_VALUE":[52,49],"P25_VALUE":[59,57],"MEDIAN_VALUE":[67,65],"P75_VALUE":[75,73],"P90_VALUE":[81,80],"MAX_VALUE":[93,89]}}
