{"PREVALENCE_BY_GENDER_AGE_YEAR":{"TRELLIS_NAME":["10-19","50-59","70-79","40-49","80-89","20-29","60-69","30-39","70-79","40-49","10-19","50-59","30-39","20-29","80-89","60-69","20-29","80-89","60-69","40-49","50-59","10-19","70-79","30-39","10-19","50-59","70-79","40-49","60-69","20-29","30-39","10-19","60-69","70-79","50-59","40-49","20-29","80-89","30-39","60-69","10-19","40-49","70-79","50-59","20-29","80-89","30-39","10-19","40-49","70-79","50-59","60-69","20-29","30-39","60-69","20-29","10-19","40-49","70-79","30-39","50-59","10-19","60-69","20-29","40-49","70-79","50-59","30-39","20-29","60-69","30-39","10-19","40-49","50-59","70-79","60-69","80-89","10-19","70-79","40-49","50-59","20-29","30-39","20-29","60-69","30-39","50-59","40-49","10-19","70-79"],"SERIES_NAME":["FEMALE","FEMALE","FEMALE","FEMALE","FEMALE","FEMALE","FEMALE","FEMALE","FEMALE","FEMALE","FEMALE","FEMALE","FEMALE","FEMALE","FEMALE","FEMALE","FEMALE","FEMALE","FEMALE","FEMALE","FEMALE","FEMALE","FEMALE","FEMALE","FEMALE","FEMALE","FEMALE","FEMALE","FEMALE","FEMALE","FEMALE","FEMALE","FEMALE","FEMALE","FEMALE","FEMALE","FEMALE","FEMALE","FEMALE","FEMALE","FEMALE","FEMALE","FEMALE","FEMALE","FEMALE","FEMALE","FEMALE","FEMALE","FEMALE","FEMALE","FEMALE","FEMALE","FEMALE","FEMALE","FEMALE","FEMALE","FEMALE","FEMALE","FEMALE","FEMALE","FEMALE","FEMALE","FEMALE","FEMALE","FEMALE","FEMALE","FEMALE","FEMALE","FEMALE","FEMALE","FEMALE","FEMALE","FEMALE","FEMALE","FEMALE","FEMALE","FEMALE","FEMALE","FEMALE","FEMALE","FEMALE","FEMALE","FEMALE","FEMALE","FEMALE","FEMALE","FEMALE","FEMALE","FEMALE","FEMALE"],"X_CALENDAR_YEAR":[2004,2004,2004,2004,2004,2004,2004,2004,2005,2005,2005,2005,2005,2005,2005,2005,2006,2006,2006,2006,2006,2006,2006,2006,2007,2007,2007,2007,2007,2007,2007,2008,2008,2008,2008,2008,2008,2008,2008,2009,2009,2009,2009,2009,2009,2009,2009,2010,2010,2010,2010,2010,2010,2010,2011,2011,2011,2011,2011,2011,2011,2012,2012,2012,2012,2012,2012,2012,2013,2013,2013,2013,2013,2013,2013,2014,2014,2014,2014,2014,2014,2014,2014,2015,2015,2015,2015,2015,2015,2015],"Y_PREVALENCE_1000PP":[1.33633,2.43026,2.093,5.45009,1.17746,2.00633,2.57284,2.65378,1.59091,3.4882,1.26409,2.3633,2.13869,1.45074,0.97439,1.62438,1.0374,0.75882,1.91185,2.90668,2.48369,0.99404,1.3108,0.98865,0.50955,1.79611,0.80337,2.47293,0.99052,0.78798,0.74201,1.03272,0.85578,0.64746,1.32427,2.10519,0.66797,0.67378,1.07348,1.20399,0.85718,1.8325,0.82102,1.57238,0.66622,0.86374,0.78251,0.70839,1.58417,0.56419,1.23208,1.17381,0.57513,0.65634,1.36924,0.86302,0.8576,1.95682,1.05218,1.03616,1.67557,1.478,2.48473,1.91454,4.19205,1.83655,3.31862,2.26185,1.70799,2.97516,2.32674,1.53796,5.71162,3.3998,2.06637,2.85637,0.81633,1.78051,1.86723,7.56704,4.05824,2.41802,2.76834,2.52255,2.76388,2.54469,3.16293,5.06122,0.95311,1.34813]},"PREVALENCE_BY_MONTH":{"X_CALENDAR_MONTH":["200906","201304","200601","201109","200608","201010","201504","201411","200409","201501","201112","200605","200511","200903","200508","200711","201312","200909","200412","201202","200804","201106","200502","200703","200912","200807","201408","201003","201205","201301","201307","201212","201401","201209","200810","200607","201310","200403","200401","200604","200611","200406","201211","201308","200801","201405","200701","200706","201007","201006","200402","200512","201305","200704","201402","201002","201208","200907","200408","201302","201404","200405","200910","201009","201309","200705","201012","201103","200708","201008","200404","201505","200707","200610","201005","200904","201104","200709","200901","201102","201311","201206","200710","201101","201107","200509","201201","201410","200811","201203","201407","200808","201406","200602","201403","201207","200802","200503","200806","200805","200506","201502","201011","200603","201412","200712","200411","200606","200505","200803","200410","200407","200809","201110","201409","201204","200612","200702","200812","201210","200609","200911","201001","200908","200510","200905","201108","201306","201105","200507","201503","201004","200504","201303","200902","200501","201111"],"Y_PREVALENCE_1000PP":[0.06222,0.20178,0.11277,0.08093,0.12,0.04989,0.53055,0.2489,0.2345,0.35894,0.14063,0.09298,0.10368,0.04058,0.12907,0.07602,0.17572,0.04667,0.12553,0.15475,0.04855,0.0638,0.13776,0.11053,0.0652,0.06408,0.22891,0.06497,0.13012,0.1545,0.14514,0.11183,0.22737,0.14769,0.07602,0.09908,0.21999,0.40445,0.47646,0.11302,0.08883,0.26694,0.17014,0.14331,0.04911,0.18486,0.08063,0.04754,0.04349,0.06201,0.28739,0.09871,0.22912,0.0688,0.1989,0.06525,0.15336,0.05607,0.21154,0.15977,0.33026,0.24139,0.0621,0.03741,0.13371,0.06478,0.04705,0.05979,0.05381,0.03422,0.19493,0.51657,0.05748,0.08581,0.04651,0.06241,0.07599,0.06696,0.12252,0.02837,0.25947,0.17842,0.09281,0.04403,0.10909,0.15587,0.1607,0.21104,0.06648,0.18136,0.34227,0.07043,0.25859,0.13495,0.24318,0.17974,0.0457,0.1612,0.06116,0.06133,0.1507,0.3821,0.02501,0.11761,0.31757,0.03959,0.20285,0.09963,0.15384,0.06495,0.16828,0.23077,0.0892,0.04866,0.23725,0.1362,0.05309,0.06635,0.06303,0.15175,0.09392,0.06211,0.07142,0.03429,0.10101,0.06224,0.11591,0.17319,0.04444,0.11033,0.49008,0.07433,0.15747,0.17518,0.07215,0.12656,0.11394]},"LENGTH_OF_ERA":{"CATEGORY":"Length of era","MIN_VALUE":1,"P10_VALUE":1,"P25_VALUE":1,"MEDIAN_VALUE":1,"P75_VALUE":1,"P90_VALUE":1,"MAX_VALUE":87},"AGE_AT_FIRST_DIAGNOSIS":{"CATEGORY":["MALE","FEMALE"],"MIN_VALUE":[0,0],"P10_VALUE":[1,22],"P25_VALUE":[16,33],"MEDIAN_VALUE":[46,45],"P75_VALUE":[65,56],"P90_VALUE":[77,67],"MAX_VALUE":[85,93]}}
