{"PREVALENCE_BY_GENDER_AGE_YEAR":{"TRELLIS_NAME":["60-69","80-89","60-69","70-79","50-59","70-79","60-69","80-89","60-69","70-79","70-79","50-59","50-59","70-79","70-79","60-69","60-69","80-89","60-69","60-69","50-59","70-79","50-59","70-79","60-69","80-89","60-69","70-79","50-59","70-79","80-89","60-69","70-79","50-59","50-59","60-69","70-79","60-69","80-89","80-89","60-69","50-59","70-79","50-59","70-79","50-59","70-79","70-79","80-89","60-69","80-89","60-69","70-79","50-59","70-79","60-69","80-89","80-89","60-69","70-79","50-59","70-79","60-69","60-69","80-89","60-69","80-89","80-89","60-69","70-79","70-79","50-59","50-59","50-59","70-79","60-69","70-79","80-89"],"SERIES_NAME":["MALE","FEMALE","FEMALE","MALE","FEMALE","FEMALE","MALE","FEMALE","FEMALE","MALE","FEMALE","MALE","FEMALE","MALE","FEMALE","MALE","FEMALE","MALE","FEMALE","MALE","MALE","FEMALE","FEMALE","MALE","MALE","FEMALE","FEMALE","MALE","MALE","FEMALE","FEMALE","MALE","FEMALE","MALE","FEMALE","FEMALE","MALE","FEMALE","FEMALE","MALE","MALE","FEMALE","MALE","MALE","FEMALE","FEMALE","FEMALE","MALE","FEMALE","MALE","MALE","FEMALE","FEMALE","FEMALE","MALE","FEMALE","MALE","FEMALE","MALE","MALE","FEMALE","FEMALE","FEMALE","MALE","MALE","MALE","MALE","FEMALE","FEMALE","FEMALE","MALE","MALE","FEMALE","FEMALE","FEMALE","FEMALE","MALE","FEMALE"],"X_CALENDAR_YEAR":[2004,2004,2004,2004,2004,2004,2005,2005,2005,2005,2005,2005,2006,2006,2006,2006,2006,2007,2007,2007,2007,2007,2007,2007,2008,2008,2008,2008,2008,2008,2009,2009,2009,2009,2009,2009,2009,2010,2010,2010,2010,2010,2010,2010,2010,2011,2011,2011,2011,2011,2011,2011,2012,2012,2012,2012,2012,2012,2012,2013,2013,2013,2013,2013,2013,2014,2014,2014,2014,2014,2014,2014,2014,2015,2015,2015,2015,2015],"Y_PREVALENCE_1000PP":[0.75743,1.17746,0.7649,1.25916,0.45567,0.728,0.84188,0.83519,0.61614,1.62882,0.83333,0.51972,0.22242,1.30401,0.55191,0.60084,0.50312,1.24334,0.28301,0.73453,0.32019,1.00422,0.28738,1.22379,0.80018,1.12296,0.54049,1.02435,0.40367,0.90644,0.75578,0.82075,1.01048,0.29605,0.376,0.64499,1.5636,0.5869,0.84962,1.38654,0.68338,0.34224,1.51481,0.38839,1.00301,0.34908,0.92839,1.11682,1.35643,0.67069,1.04493,0.62238,0.79584,0.32822,1.27446,0.75805,1.34228,0.74675,0.583,1.3368,0.4966,1.58016,0.64677,0.53654,1.05469,0.67843,1.11252,0.69971,0.72543,1.73846,0.62554,0.35051,0.25103,0.44134,0.82962,0.82169,1.29702,1.10865]},"PREVALENCE_BY_MONTH":{"X_CALENDAR_MONTH":["201211","201407","200809","200902","200408","201503","201204","201012","201201","201102","200806","201203","200605","200604","201206","200710","201410","201311","201208","200610","201002","200811","201401","201409","201009","200511","200401","201005","200905","201404","200904","201307","200912","201502","200908","200601","200609","201110","200509","201111","201505","200603","201202","200512","200409","201107","200506","201210","201411","201207","200510","200812","201001","201306","201310","201408","201011","201312","200711","200903","201309","201101","201104","201112","201406","200702","201504","201501","201403","200807","200706","200505","200404","200712","200911","200410","200508","200906","201303","200810","200503","201008","200801","201004","201304","201106","201109","200909","200403","201301","200612","200707","201308","200910","200701","200704","201010","201007","201205","201209","201405","200611","201108","201105","200402","200405","201006","200907","201003","201302"],"Y_PREVALENCE_1000PP":[0.03125,0.04689,0.03186,0.0251,0.04231,0.12051,0.04983,0.03137,0.03608,0.02522,0.02253,0.03297,0.03719,0.0226,0.0303,0.02652,0.06331,0.02752,0.0409,0.0286,0.04039,0.03482,0.03654,0.07067,0.02494,0.02393,0.13897,0.02171,0.03734,0.05147,0.03121,0.05954,0.0621,0.08651,0.03429,0.03111,0.02167,0.03893,0.02871,0.03581,0.12565,0.03035,0.02634,0.02764,0.0572,0.04492,0.05167,0.03104,0.05091,0.0373,0.02424,0.05043,0.02484,0.02948,0.03088,0.04383,0.04064,0.03195,0.02644,0.03434,0.02674,0.03145,0.019,0.03597,0.05898,0.02794,0.06878,0.09137,0.04193,0.04806,0.03736,0.03077,0.05085,0.03299,0.03416,0.03257,0.04164,0.02178,0.03575,0.02851,0.04145,0.03111,0.04256,0.03097,0.05044,0.02233,0.02266,0.03111,0.06905,0.04214,0.02832,0.04057,0.03771,0.03415,0.03155,0.03784,0.04054,0.03417,0.0367,0.03091,0.04401,0.03553,0.0322,0.04444,0.09144,0.04526,0.0248,0.03426,0.03713,0.03905]},"LENGTH_OF_ERA":{"CATEGORY":"Length of era","MIN_VALUE":1,"P10_VALUE":1,"P25_VALUE":1,"MEDIAN_VALUE":1,"P75_VALUE":1,"P90_VALUE":26,"MAX_VALUE":183},"AGE_AT_FIRST_DIAGNOSIS":{"CATEGORY":["MALE","FEMALE"],"MIN_VALUE":[2,25],"P10_VALUE":[54,51],"P25_VALUE":[63,61],"MEDIAN_VALUE":[70,70],"P75_VALUE":[77,77],"P90_VALUE":[82,82],"MAX_VALUE":[92,91]}}
