{"PREVALENCE_BY_GENDER_AGE_YEAR":{"TRELLIS_NAME":["40-49","50-59","30-39","20-29","40-49","20-29","30-39","40-49","70-79","50-59","20-29","30-39","20-29","20-29","10-19","40-49","70-79","30-39"],"SERIES_NAME":["FEMALE","FEMALE","FEMALE","FEMALE","FEMALE","FEMALE","FEMALE","FEMALE","FEMALE","FEMALE","FEMALE","FEMALE","MALE","FEMALE","FEMALE","FEMALE","FEMALE","FEMALE"],"X_CALENDAR_YEAR":[2008,2008,2008,2008,2009,2009,2009,2010,2010,2010,2010,2010,2010,2011,2011,2011,2011,2011],"Y_PREVALENCE_1000PP":[0.29149,0.24394,0.26837,0.23122,0.25719,0.27142,0.31301,0.29097,0.37613,0.44492,0.52512,0.55133,0.45188,0.31382,0.30016,0.30364,0.37136,0.43628]},"PREVALENCE_BY_MONTH":{"X_CALENDAR_MONTH":["201007","201004","200904","201103","200808","201003","201110","200907","200901","200811","201006","200908","201009","200812","201001","200903","201002","201005","201106","200912","201102","201101","201008","201011","201105"],"Y_PREVALENCE_1000PP":[0.01864,0.04026,0.01872,0.02832,0.01921,0.02166,0.02919,0.0218,0.01885,0.02216,0.02791,0.0187,0.02182,0.03152,0.04037,0.02185,0.03107,0.02481,0.04147,0.02173,0.02207,0.01887,0.01866,0.03126,0.02222]},"LENGTH_OF_ERA":{"CATEGORY":"Length of era","MIN_VALUE":1,"P10_VALUE":1,"P25_VALUE":1,"MEDIAN_VALUE":1,"P75_VALUE":1,"P90_VALUE":1,"MAX_VALUE":29},"AGE_AT_FIRST_DIAGNOSIS":{"CATEGORY":["MALE","FEMALE"],"MIN_VALUE":[1,0],"P10_VALUE":[3,21],"P25_VALUE":[19,26],"MEDIAN_VALUE":[22,37],"P75_VALUE":[39,51],"P90_VALUE":[44,69],"MAX_VALUE":[74,92]}}
