{"PREVALENCE_BY_GENDER_AGE_YEAR":{"TRELLIS_NAME":["30-39","50-59","30-39","40-49","40-49","60-69","40-49","40-49"],"SERIES_NAME":["MALE","FEMALE","MALE","MALE","MALE","FEMALE","FEMALE","MALE"],"X_CALENDAR_YEAR":[2004,2005,2006,2007,2008,2008,2009,2009],"Y_PREVALENCE_1000PP":[0.55607,0.24448,0.40808,0.38405,0.43306,0.31529,0.1929,0.37507]},"PREVALENCE_BY_MONTH":{"X_CALENDAR_MONTH":["200503","200709","200907","200805","200612","201001","200410","200402","200710","200605","200405","200811","200707","200804","200903","200807","200502","200912","200906","200711","200909","201301","200601","200801","200810","200705","200702","200401","200706","200409","200908","200404","200802","200406","200812","200809","200905"],"Y_PREVALENCE_1000PP":[0.02763,0.02344,0.01869,0.02259,0.02478,0.02174,0.03257,0.07838,0.03315,0.03347,0.0528,0.01899,0.04395,0.02589,0.03434,0.02243,0.03325,0.02794,0.03111,0.02314,0.03111,0.02107,0.03111,0.02946,0.02534,0.02387,0.02445,0.11911,0.02717,0.05148,0.0187,0.05933,0.01959,0.04791,0.03467,0.03186,0.03734]},"LENGTH_OF_ERA":{"CATEGORY":"Length of era","MIN_VALUE":1,"P10_VALUE":1,"P25_VALUE":1,"MEDIAN_VALUE":1,"P75_VALUE":1,"P90_VALUE":1,"MAX_VALUE":50},"AGE_AT_FIRST_DIAGNOSIS":{"CATEGORY":["FEMALE","MALE"],"MIN_VALUE":[2,5],"P10_VALUE":[14,14],"P25_VALUE":[27,25],"MEDIAN_VALUE":[45,46],"P75_VALUE":[58,64],"P90_VALUE":[71,76],"MAX_VALUE":[82,89]}}
