{"PREVALENCE_BY_GENDER_AGE_YEAR":{"TRELLIS_NAME":["10-19","20-29","10-19","50-59","50-59","40-49","60-69","20-29","80-89","20-29","30-39","30-39","50-59","10-19","40-49","50-59","40-49","60-69","10-19","0-9","20-29","30-39","60-69","80-89","20-29","60-69","40-49","50-59","70-79","40-49","10-19","50-59","30-39","30-39","20-29","30-39","50-59","10-19","70-79","10-19","50-59","40-49","40-49","70-79","60-69","90-99","20-29","80-89","60-69","30-39","30-39","50-59","50-59","40-49","70-79","40-49","10-19","60-69","20-29","20-29","60-69","0-9","10-19","40-49","50-59","50-59","40-49","30-39","30-39","60-69","60-69","80-89","20-29","30-39","30-39","60-69","20-29","10-19","80-89","60-69","70-79","40-49","70-79","50-59","50-59"],"SERIES_NAME":["MALE","MALE","MALE","MALE","FEMALE","FEMALE","MALE","FEMALE","FEMALE","MALE","MALE","FEMALE","FEMALE","FEMALE","FEMALE","MALE","MALE","FEMALE","MALE","MALE","MALE","FEMALE","MALE","FEMALE","FEMALE","FEMALE","MALE","MALE","FEMALE","FEMALE","MALE","FEMALE","MALE","FEMALE","MALE","MALE","FEMALE","MALE","MALE","FEMALE","MALE","MALE","FEMALE","FEMALE","FEMALE","FEMALE","FEMALE","FEMALE","MALE","FEMALE","MALE","MALE","FEMALE","FEMALE","MALE","MALE","MALE","FEMALE","MALE","FEMALE","MALE","MALE","MALE","MALE","MALE","FEMALE","FEMALE","FEMALE","MALE","MALE","FEMALE","FEMALE","MALE","MALE","FEMALE","MALE","MALE","MALE","FEMALE","FEMALE","FEMALE","MALE","MALE","MALE","FEMALE"],"X_CALENDAR_YEAR":[2007,2008,2008,2008,2008,2008,2009,2009,2009,2009,2009,2009,2009,2009,2009,2009,2009,2009,2009,2009,2010,2010,2010,2010,2010,2010,2010,2010,2010,2010,2010,2010,2010,2011,2011,2011,2011,2011,2011,2011,2011,2011,2011,2011,2011,2011,2011,2011,2011,2012,2012,2012,2012,2012,2012,2012,2012,2012,2012,2012,2012,2013,2013,2013,2013,2013,2013,2013,2013,2013,2013,2013,2013,2014,2014,2014,2014,2014,2014,2014,2014,2014,2014,2014,2014],"Y_PREVALENCE_1000PP":[0.37679,0.37367,0.31908,0.35321,0.31364,0.19433,0.54717,0.32077,0.64781,0.66343,0.7112,0.26084,0.47855,0.24491,0.25719,0.44407,0.69657,0.473,0.80321,0.20413,0.85354,0.18378,0.36798,0.84962,0.27506,0.71267,0.48744,0.58258,0.43882,0.42029,0.49893,0.41069,0.88246,0.38174,1.15741,0.97081,0.59343,0.50954,0.44673,0.38592,0.83555,1.18644,0.53981,0.92839,0.74686,3.19052,0.39228,0.83472,0.36114,0.17625,0.68668,0.81562,0.61996,0.42995,0.74968,1.01894,0.47214,0.67383,0.7722,0.30522,0.424,0.22434,0.71044,0.77575,0.64014,0.6494,0.38855,0.21716,0.84421,0.59019,0.56054,0.66541,0.49108,0.94176,0.38546,0.62189,0.68276,0.5286,1.16618,0.58941,0.57949,1.2601,0.46915,1.10994,0.58573]},"PREVALENCE_BY_MONTH":{"X_CALENDAR_MONTH":["201003","201203","201110","201107","201103","201412","200911","201006","201209","201206","200811","201401","200901","200904","201212","201309","201308","201007","200704","201101","201004","201302","201402","200705","201306","200907","201405","201310","200910","201009","200709","201104","201305","201403","201406","201312","201011","201008","201311","201207","201404","200707","201210","201407","201001","201012","201201","200908","201410","201010","200905","200806","201204","200903","201303","201504","200902","201503","201501","200805","201102","200909","201105","201409","200809","201111","201108","201301","201106","201304","201109","200912","200906","201211","201112","201205","201208","201202","201002","201411","200807","200804","201005","201307","201408"],"Y_PREVALENCE_1000PP":[0.06188,0.05276,0.08109,0.04492,0.07552,0.08389,0.02795,0.03411,0.05152,0.0404,0.01899,0.06496,0.04712,0.01872,0.03495,0.05348,0.04526,0.04349,0.02408,0.02831,0.01858,0.04615,0.04972,0.02387,0.03685,0.05918,0.06162,0.05403,0.05278,0.03741,0.02009,0.06649,0.06546,0.06709,0.0862,0.05991,0.05001,0.04355,0.04718,0.05426,0.05147,0.03043,0.03104,0.07033,0.04347,0.0251,0.07215,0.05923,0.05804,0.05613,0.04668,0.02897,0.08305,0.0437,0.03575,0.09825,0.02196,0.07231,0.11095,0.02259,0.03468,0.04667,0.06667,0.07572,0.02549,0.09767,0.06118,0.05969,0.05423,0.03603,0.05827,0.04968,0.04355,0.0382,0.06868,0.04004,0.04771,0.05268,0.04039,0.06788,0.02884,0.04208,0.04961,0.04838,0.05358]},"LENGTH_OF_ERA":{"CATEGORY":"Length of era","MIN_VALUE":1,"P10_VALUE":1,"P25_VALUE":1,"MEDIAN_VALUE":1,"P75_VALUE":1,"P90_VALUE":1,"MAX_VALUE":26},"AGE_AT_FIRST_DIAGNOSIS":{"CATEGORY":["MALE","FEMALE"],"MIN_VALUE":[2,0],"P10_VALUE":[13,19],"P25_VALUE":[23,32],"MEDIAN_VALUE":[39,51],"P75_VALUE":[56,66],"P90_VALUE":[69,82],"MAX_VALUE":[101,99]}}
