{"PREVALENCE_BY_GENDER_AGE_YEAR":{"TRELLIS_NAME":["0-9","0-9","0-9","0-9","0-9","0-9","0-9","10-19","0-9","0-9","0-9","0-9","40-49","10-19","0-9","0-9"],"SERIES_NAME":["FEMALE","MALE","MALE","FEMALE","MALE","FEMALE","MALE","MALE","FEMALE","FEMALE","FEMALE","FEMALE","FEMALE","MALE","MALE","MALE"],"X_CALENDAR_YEAR":[2005,2005,2006,2007,2007,2008,2008,2011,2011,2012,2013,2014,2014,2014,2014,2015],"Y_PREVALENCE_1000PP":[0.37371,0.33107,0.30399,0.44396,0.24917,0.34738,0.31001,0.27793,0.27535,0.28098,0.2948,0.32519,0.26551,0.41114,0.33055,0.51121]},"PREVALENCE_BY_MONTH":{"X_CALENDAR_MONTH":["201006","200606","200605","200611","201305","201112","200505","200807","200701","200906","201012","200708","201309","201106","201303","200702","201412","201103","201310","200805","201208","200912","201503","200809","201407","200607","201201"],"Y_PREVALENCE_1000PP":[0.0217,0.02214,0.02231,0.02132,0.02182,0.02616,0.03077,0.01922,0.03506,0.02178,0.02196,0.0269,0.02292,0.01914,0.02145,0.02095,0.03595,0.02203,0.03088,0.01937,0.03067,0.02484,0.10444,0.01911,0.04689,0.02202,0.02296]},"LENGTH_OF_ERA":{"CATEGORY":"Length of era","MIN_VALUE":1,"P10_VALUE":1,"P25_VALUE":1,"MEDIAN_VALUE":1,"P75_VALUE":6,"P90_VALUE":27,"MAX_VALUE":120},"AGE_AT_FIRST_DIAGNOSIS":{"CATEGORY":["MALE","FEMALE"],"MIN_VALUE":[0,0],"P10_VALUE":[0,0],"P25_VALUE":[1,4],"MEDIAN_VALUE":[13,21],"P75_VALUE":[29,41],"P90_VALUE":[50,59],"MAX_VALUE":[84,84]}}
