{"PREVALENCE_BY_GENDER_AGE_YEAR":{"TRELLIS_NAME":["70-79","60-69","70-79","60-69","60-69"],"SERIES_NAME":["MALE","MALE","FEMALE","FEMALE","MALE"],"X_CALENDAR_YEAR":[2005,2011,2012,2012,2012],"Y_PREVALENCE_1000PP":[0.57488,0.41273,0.42853,0.33691,0.371]},"PREVALENCE_BY_MONTH":{"X_CALENDAR_MONTH":["201111","201210","201204","201011","201206"],"Y_PREVALENCE_1000PP":[0.02279,0.02414,0.01993,0.01875,0.02356]},"LENGTH_OF_ERA":{"CATEGORY":"Length of era","MIN_VALUE":1,"P10_VALUE":1,"P25_VALUE":1,"MEDIAN_VALUE":1,"P75_VALUE":1,"P90_VALUE":12,"MAX_VALUE":75},"AGE_AT_FIRST_DIAGNOSIS":{"CATEGORY":["MALE","FEMALE"],"MIN_VALUE":[2,16],"P10_VALUE":[41,38],"P25_VALUE":[53,49],"MEDIAN_VALUE":[62,60],"P75_VALUE":[72,73],"P90_VALUE":[79,79],"MAX_VALUE":[90,93]}}
