{"PREVALENCE_BY_GENDER_AGE_YEAR":{"TRELLIS_NAME":["20-29","30-39","10-19","50-59","40-49","30-39","20-29","60-69","40-49","10-19","50-59","50-59","40-49","10-19","30-39","20-29","30-39","20-29","10-19","40-49","50-59","30-39","20-29","10-19","50-59","40-49","20-29","30-39","10-19","40-49","50-59","20-29","30-39","10-19","40-49","50-59","30-39","50-59","20-29","10-19","40-49","40-49","50-59","30-39","10-19","20-29","10-19","40-49","50-59","20-29","30-39","20-29","30-39","10-19","40-49","50-59","30-39","40-49","10-19","50-59","20-29"],"SERIES_NAME":["FEMALE","FEMALE","FEMALE","FEMALE","FEMALE","FEMALE","FEMALE","FEMALE","FEMALE","FEMALE","FEMALE","FEMALE","FEMALE","FEMALE","FEMALE","FEMALE","FEMALE","FEMALE","FEMALE","FEMALE","FEMALE","FEMALE","FEMALE","FEMALE","FEMALE","FEMALE","FEMALE","FEMALE","FEMALE","FEMALE","FEMALE","FEMALE","FEMALE","FEMALE","FEMALE","FEMALE","FEMALE","FEMALE","FEMALE","FEMALE","FEMALE","FEMALE","FEMALE","FEMALE","FEMALE","FEMALE","FEMALE","FEMALE","FEMALE","FEMALE","FEMALE","FEMALE","FEMALE","FEMALE","FEMALE","FEMALE","FEMALE","FEMALE","FEMALE","FEMALE","FEMALE"],"X_CALENDAR_YEAR":[2004,2004,2004,2004,2004,2005,2005,2005,2005,2005,2005,2006,2006,2006,2006,2006,2007,2007,2007,2007,2007,2008,2008,2008,2008,2008,2009,2009,2009,2009,2009,2010,2010,2010,2010,2010,2011,2011,2011,2011,2011,2012,2012,2012,2012,2012,2013,2013,2013,2013,2013,2014,2014,2014,2014,2014,2015,2015,2015,2015,2015],"Y_PREVALENCE_1000PP":[6.01898,7.01073,3.82676,2.8353,9.51457,7.48542,6.18141,0.72817,10.79858,3.33721,3.91166,3.78114,9.26718,3.29839,6.77072,4.00553,6.10731,3.96707,3.69427,6.51651,2.08348,5.39424,3.93074,3.67647,2.09096,6.86617,4.68823,6.62528,2.89808,6.59058,2.18766,4.57603,5.56577,4.33369,5.36678,1.91656,5.94427,1.67557,5.38731,7.28957,5.73549,5.8402,1.23993,6.75616,7.65084,8.10211,8.20245,7.14924,1.9864,8.59886,6.88714,8.87711,7.53408,9.65793,7.96531,1.88269,5.34385,5.71429,9.05452,1.54469,7.37844]},"PREVALENCE_BY_MONTH":{"X_CALENDAR_MONTH":["200701","200707","200409","200504","201102","201411","201003","200710","200905","200402","200910","200608","201503","200804","200501","201401","200412","201408","201205","201212","200405","201311","200611","201108","201006","200507","201111","200510","200502","200408","201105","200902","200601","201201","201303","201404","201012","200810","200803","201410","200806","201009","200411","201506","201407","201112","200711","201202","200807","200908","201106","201501","200610","200607","200401","201208","200508","201504","201109","200604","200505","200903","200609","200911","201211","200809","200404","201002","201302","201005","201001","201204","200606","200912","201207","200906","201210","200812","200603","200909","201307","200511","201304","201301","200703","201309","201209","200708","200704","200512","201007","201403","201004","201305","201306","201308","201405","200403","200702","200406","200407","200705","200801","201103","201406","201402","201312","201011","200612","201010","200907","201409","200805","200410","201502","200602","201008","201110","200901","200506","201412","200811","200802","200712","200808","201310","200503","200706","200509","200709","201206","201107","201203","201505","200605","200904","201104","201101"],"Y_PREVALENCE_1000PP":[0.26291,0.23667,0.31458,0.39142,0.24905,0.4978,0.2011,0.24197,0.25828,0.84912,0.22045,0.15637,0.707,0.21363,0.33586,0.42632,0.26612,0.40912,0.32031,0.21317,0.54312,0.30664,0.33044,0.25114,0.21394,0.27581,0.27021,0.38384,0.25652,0.31429,0.25079,0.17881,0.34221,0.30829,0.35393,0.42891,0.1788,0.2249,0.25007,0.50651,0.19315,0.24003,0.41091,0.58994,0.29538,0.23547,0.14873,0.23048,0.17301,0.20261,0.18182,0.45683,0.21094,0.2165,1.48892,0.29309,0.38722,1.0218,0.2428,0.23357,0.28571,0.21538,0.19146,0.21427,0.28473,0.21026,0.517,0.12118,0.26273,0.17985,0.20804,0.23586,0.32104,0.25459,0.32218,0.22709,0.33799,0.23007,0.44011,0.20536,0.38331,0.46654,0.36392,0.36517,0.2487,0.29798,0.26791,0.2354,0.172,0.27638,0.20502,0.36478,0.23538,0.33095,0.30584,0.30547,0.35651,0.75958,0.27239,0.33539,0.30128,0.27617,0.19316,0.25489,0.35386,0.32321,0.31151,0.20943,0.25131,0.24321,0.18377,0.3685,0.20657,0.40714,0.51187,0.31232,0.19287,0.35357,0.19791,0.40474,0.41944,0.2216,0.16322,0.16167,0.17928,0.35893,0.43294,0.21395,0.40608,0.11383,0.26594,0.22781,0.32644,0.9773,0.31241,0.25276,0.17098,0.22959]},"LENGTH_OF_ERA":{"CATEGORY":"Length of era","MIN_VALUE":1,"P10_VALUE":1,"P25_VALUE":1,"MEDIAN_VALUE":1,"P75_VALUE":1,"P90_VALUE":1,"MAX_VALUE":120},"AGE_AT_FIRST_DIAGNOSIS":{"CATEGORY":"FEMALE","MIN_VALUE":10,"P10_VALUE":17,"P25_VALUE":24,"MEDIAN_VALUE":32,"P75_VALUE":42,"P90_VALUE":48,"MAX_VALUE":79}}
