{"PREVALENCE_BY_GENDER_AGE_YEAR":{"TRELLIS_NAME":["0-9","0-9","0-9","0-9","0-9","0-9","0-9","0-9","0-9","0-9","0-9","0-9","0-9","0-9","0-9","0-9"],"SERIES_NAME":["FEMALE","FEMALE","FEMALE","MALE","MALE","FEMALE","MALE","FEMALE","MALE","FEMALE","FEMALE","MALE","FEMALE","MALE","MALE","FEMALE"],"X_CALENDAR_YEAR":[2007,2008,2009,2009,2010,2010,2011,2011,2012,2012,2013,2013,2014,2014,2015,2015],"Y_PREVALENCE_1000PP":[1.85656,3.43523,4.53057,2.78978,3.7621,4.11603,2.92693,3.89426,3.8119,4.33509,2.18993,2.50514,2.41568,1.98331,1.89878,1.4944]},"PREVALENCE_BY_MONTH":{"X_CALENDAR_MONTH":["201307","201012","201105","201304","200909","201204","200901","201110","201407","201302","200912","200906","201107","201104","201005","201502","201301","200805","201305","201505","200907","201102","201208","200904","201406","201311","201404","201211","200809","201003","201006","201212","201010","201402","201209","200910","201405","200801","201002","201206","201009","200804","201411","201203","200811","200808","201205","201310","201106","200807","201112","201101","201109","201202","200711","201403","201408","201503","201201","201011","201504","201008","201111","200903","201103","200902","201312","201004","200806","201410","201207","201001","201501","201108","201007","201210","200812","200905","200705","201303","201306","200908","200911","201309"],"Y_PREVALENCE_1000PP":[0.02977,0.0251,0.08254,0.04324,0.05601,0.03654,0.02827,0.04217,0.07033,0.0284,0.0621,0.06533,0.0385,0.03166,0.07132,0.04326,0.08778,0.02582,0.03273,0.13961,0.07164,0.03153,0.06475,0.04369,0.06805,0.04718,0.03431,0.03125,0.0223,0.06188,0.07441,0.0629,0.04989,0.02901,0.07556,0.05589,0.03521,0.02292,0.03729,0.07069,0.03429,0.03237,0.06222,0.04946,0.02533,0.03522,0.04671,0.04245,0.04466,0.02884,0.05233,0.0629,0.06798,0.07573,0.03305,0.05031,0.04383,0.0482,0.06231,0.06564,0.0786,0.01866,0.03907,0.04058,0.03776,0.04078,0.02396,0.07123,0.02253,0.03166,0.078,0.06831,0.09137,0.05474,0.09319,0.07932,0.02837,0.04979,0.02387,0.03933,0.02579,0.04052,0.07142,0.03056]},"LENGTH_OF_ERA":{"CATEGORY":"Length of era","MIN_VALUE":1,"P10_VALUE":1,"P25_VALUE":1,"MEDIAN_VALUE":1,"P75_VALUE":1,"P90_VALUE":1,"MAX_VALUE":1},"AGE_AT_FIRST_DIAGNOSIS":{"CATEGORY":["FEMALE","MALE"],"MIN_VALUE":[0,0],"P10_VALUE":[0,0],"P25_VALUE":[0,0],"MEDIAN_VALUE":[0,0],"P75_VALUE":[0,0],"P90_VALUE":[0,0],"MAX_VALUE":[1,1]}}
