{"PREVALENCE_BY_GENDER_AGE_YEAR":{"TRELLIS_NAME":["20-29","60-69","30-39","50-59","70-79","40-49","30-39","60-69","20-29","40-49","70-79","50-59","40-49","50-59","70-79","30-39","20-29","60-69","20-29","30-39","40-49","50-59","60-69","30-39","60-69","50-59","40-49","70-79","20-29","30-39","60-69","40-49","70-79","50-59","60-69","20-29","30-39","40-49","50-59","30-39","50-59","60-69","40-49","40-49","70-79","50-59","30-39","60-69","20-29","40-49","50-59","20-29","60-69","30-39","20-29","30-39","60-69","50-59","40-49","30-39","50-59","40-49"],"SERIES_NAME":["FEMALE","FEMALE","FEMALE","FEMALE","FEMALE","FEMALE","FEMALE","FEMALE","FEMALE","FEMALE","FEMALE","FEMALE","FEMALE","FEMALE","FEMALE","FEMALE","FEMALE","FEMALE","FEMALE","FEMALE","FEMALE","FEMALE","FEMALE","FEMALE","FEMALE","FEMALE","FEMALE","FEMALE","FEMALE","FEMALE","FEMALE","FEMALE","FEMALE","FEMALE","FEMALE","FEMALE","FEMALE","FEMALE","FEMALE","FEMALE","FEMALE","FEMALE","FEMALE","FEMALE","FEMALE","FEMALE","FEMALE","FEMALE","FEMALE","FEMALE","FEMALE","FEMALE","FEMALE","FEMALE","FEMALE","FEMALE","FEMALE","FEMALE","FEMALE","FEMALE","FEMALE","FEMALE"],"X_CALENDAR_YEAR":[2004,2004,2004,2004,2004,2004,2005,2005,2005,2005,2005,2005,2006,2006,2006,2006,2006,2006,2007,2007,2007,2007,2007,2008,2008,2008,2008,2008,2009,2009,2009,2009,2009,2009,2010,2010,2010,2010,2010,2011,2011,2011,2011,2012,2012,2012,2012,2012,2012,2013,2013,2013,2013,2013,2014,2014,2014,2014,2014,2015,2015,2015],"Y_PREVALENCE_1000PP":[0.30867,0.97351,0.71296,1.62017,0.728,1.89368,1.06935,0.95222,0.18923,1.92964,0.83333,1.54837,2.05177,1.66815,0.48293,0.95869,0.43225,0.60374,0.16303,0.48516,1.20305,0.93398,0.66035,0.56358,0.58553,1.08033,0.93924,0.45322,0.14805,0.70426,0.602,1.06092,0.50524,0.99128,0.3773,0.15003,0.57758,0.71126,1.1294,0.27267,1.15195,0.66387,0.91093,0.64493,0.36731,1.09405,0.46999,0.37903,0.19423,0.81595,0.4966,0.20614,0.64677,0.58944,0.36436,0.31538,0.31737,1.25513,1.50456,0.44532,0.88268,1.14286]},"PREVALENCE_BY_MONTH":{"X_CALENDAR_MONTH":["200904","200801","201202","200506","200908","200901","200509","201505","200804","201004","201408","201110","200810","200412","200409","201502","200601","201107","201002","201210","201405","200807","201503","201103","201411","200808","201205","200503","201206","200507","201504","201111","200811","200505","200510","200905","201203","200607","201208","200602","200902","201109","200604","200502","201304","200410","200511","201501","201201","200512","200401","200606","201207","200906","201204","200707","200710","201105","200603","200610","200504","201412","200909","200612","201311","200805","200812","200903","201301","201112","201108","200404","200508","201403","200802","200501","200706","201410","201401","201407","200411","200408","201011","200703","201104","200405","200407","201406","201005","201012","201307","200803","201404","200907","200704","201305","201308","201302","200403","200709","201310","201007","200705","201402","201309","201306","200609","200702","201010","200911","201303","200701","200910","200406","201001","200611","201312","201003","200708","201006","201212","200402","200605","200608"],"Y_PREVALENCE_1000PP":[0.03433,0.03929,0.03622,0.06459,0.03429,0.02199,0.02871,0.13961,0.05179,0.03407,0.03409,0.01946,0.02851,0.06025,0.06864,0.05768,0.06222,0.04492,0.02797,0.02759,0.02641,0.02243,0.05624,0.03461,0.06222,0.02241,0.02336,0.08751,0.02356,0.03395,0.0786,0.03256,0.03482,0.11428,0.08889,0.02178,0.03297,0.06238,0.02386,0.04627,0.03451,0.03561,0.04521,0.0475,0.02522,0.05971,0.05981,0.07179,0.02296,0.06317,0.11911,0.04059,0.0373,0.03733,0.04319,0.02705,0.02652,0.03175,0.09485,0.0572,0.05849,0.08988,0.04356,0.05309,0.04324,0.03228,0.02837,0.02497,0.02458,0.0327,0.01932,0.1017,0.06245,0.04193,0.02285,0.02921,0.04075,0.07387,0.04872,0.03282,0.08842,0.08462,0.03438,0.03454,0.04433,0.06035,0.05769,0.0499,0.02791,0.03137,0.02605,0.03572,0.08149,0.04361,0.03096,0.04,0.03017,0.02485,0.12824,0.02344,0.02702,0.02796,0.05796,0.02901,0.03056,0.04053,0.04335,0.03841,0.04054,0.03416,0.0286,0.03506,0.03415,0.07529,0.01863,0.04619,0.02396,0.03094,0.02354,0.03101,0.02796,0.10451,0.0781,0.04364]},"LENGTH_OF_ERA":{"CATEGORY":"Length of era","MIN_VALUE":1,"P10_VALUE":1,"P25_VALUE":1,"MEDIAN_VALUE":1,"P75_VALUE":1,"P90_VALUE":9,"MAX_VALUE":84},"AGE_AT_FIRST_DIAGNOSIS":{"CATEGORY":"FEMALE","MIN_VALUE":17,"P10_VALUE":32,"P25_VALUE":39,"MEDIAN_VALUE":48,"P75_VALUE":56,"P90_VALUE":66,"MAX_VALUE":89}}
