{"PREVALENCE_BY_GENDER_AGE_YEAR":{"TRELLIS_NAME":["40-49","40-49","50-59","80-89","50-59","40-49","50-59","10-19","40-49","30-39","50-59","40-49","10-19","60-69","60-69","30-39","50-59","30-39","30-39","50-59","50-59","60-69","30-39","10-19","50-59","40-49","50-59","60-69","30-39","40-49","50-59","20-29","50-59","20-29","60-69","50-59","40-49","40-49","50-59","50-59","40-49","60-69","50-59","40-49","40-49","60-69","60-69","20-29","40-49","50-59","40-49"],"SERIES_NAME":["FEMALE","MALE","MALE","MALE","FEMALE","FEMALE","MALE","FEMALE","MALE","MALE","MALE","MALE","MALE","FEMALE","MALE","FEMALE","FEMALE","MALE","FEMALE","MALE","FEMALE","MALE","FEMALE","MALE","FEMALE","FEMALE","MALE","MALE","FEMALE","MALE","FEMALE","MALE","FEMALE","FEMALE","MALE","MALE","MALE","FEMALE","MALE","FEMALE","MALE","FEMALE","FEMALE","FEMALE","MALE","MALE","FEMALE","MALE","MALE","FEMALE","FEMALE"],"X_CALENDAR_YEAR":[2004,2004,2004,2004,2005,2005,2005,2005,2005,2006,2006,2006,2006,2006,2006,2007,2007,2008,2008,2008,2008,2009,2009,2009,2009,2009,2009,2010,2010,2010,2010,2011,2011,2011,2011,2011,2011,2011,2012,2012,2012,2012,2013,2013,2013,2013,2013,2014,2014,2014,2014],"Y_PREVALENCE_1000PP":[0.32331,0.67779,0.66523,1.62999,0.28523,0.22265,0.64965,0.30338,0.46845,0.47609,0.86406,0.41469,0.40636,0.30187,0.46732,0.17123,0.25145,0.36539,0.18786,0.35321,0.24394,0.3283,0.23475,0.26774,0.27346,0.1929,0.39473,0.42054,0.18378,0.32496,0.34224,0.35225,0.27926,0.15691,0.56751,0.3932,0.39548,0.20243,0.45879,0.36468,0.53944,0.33691,0.4966,0.23313,0.58181,0.32192,0.25871,0.37242,0.44474,0.37654,0.57527]},"PREVALENCE_BY_MONTH":{"X_CALENDAR_MONTH":["201301","201108","201112","200711","200906","201106","200511","201109","200612","200502","200403","201201","201501","201208","201312","200809","201405","200508","201211","201204","201411","200807","200607","200604","200801","201408","201007","200409","201012","200603","201010","200812","200412","200510","200901","201001","200902","200509","200506","201110","201107","200712","200606","200905","201103","201309","201111","200706","201504","201407","201307","200709","200503","201403","201310","200802","200407","200601","201005","201101","200410","201311","200811","200501","201205","201412","200611","201404","201011","200803","200610","201209","200411","201203","200402","200707","200608","201410","201401","200605","201308","200907","200701","200512","200602"],"Y_PREVALENCE_1000PP":[0.03862,0.03542,0.01962,0.01983,0.03422,0.0319,0.05184,0.01942,0.02478,0.03325,0.10851,0.02952,0.03916,0.0409,0.02796,0.01911,0.03521,0.04164,0.05208,0.0299,0.03394,0.02563,0.02569,0.02637,0.02292,0.05358,0.02485,0.05148,0.03137,0.03794,0.02806,0.02206,0.04017,0.03232,0.02513,0.02174,0.03137,0.02461,0.04736,0.03568,0.0385,0.0198,0.03321,0.01867,0.03147,0.02674,0.03907,0.02717,0.10808,0.05157,0.03721,0.02344,0.03685,0.03354,0.03859,0.02285,0.05769,0.02333,0.02171,0.02831,0.03257,0.02752,0.02216,0.03894,0.02669,0.04194,0.04619,0.03431,0.02188,0.02273,0.03218,0.03778,0.06242,0.03627,0.07838,0.02029,0.02909,0.04221,0.04872,0.03719,0.03017,0.01869,0.02804,0.02764,0.02699]},"LENGTH_OF_ERA":{"CATEGORY":"Length of era","MIN_VALUE":1,"P10_VALUE":1,"P25_VALUE":1,"MEDIAN_VALUE":1,"P75_VALUE":1,"P90_VALUE":1,"MAX_VALUE":92},"AGE_AT_FIRST_DIAGNOSIS":{"CATEGORY":["MALE","FEMALE"],"MIN_VALUE":[0,0],"P10_VALUE":[15,15],"P25_VALUE":[35,33],"MEDIAN_VALUE":[51,49],"P75_VALUE":[64,63],"P90_VALUE":[74,73],"MAX_VALUE":[95,95]}}
