{"PREVALENCE_BY_GENDER_AGE_YEAR":{"TRELLIS_NAME":["20-29","30-39","30-39","30-39","20-29","30-39","20-29","30-39","20-29","20-29","30-39","20-29","30-39","20-29","30-39","40-49","30-39","20-29","30-39","20-29","40-49","30-39","20-29"],"SERIES_NAME":["FEMALE","FEMALE","FEMALE","FEMALE","FEMALE","FEMALE","FEMALE","FEMALE","FEMALE","FEMALE","FEMALE","FEMALE","FEMALE","FEMALE","FEMALE","FEMALE","FEMALE","FEMALE","FEMALE","FEMALE","FEMALE","FEMALE","FEMALE"],"X_CALENDAR_YEAR":[2005,2005,2006,2007,2007,2008,2008,2009,2009,2010,2010,2011,2011,2012,2012,2012,2013,2013,2014,2014,2014,2015,2015],"Y_PREVALENCE_1000PP":[0.22076,0.19443,0.32955,0.19977,0.40758,0.32204,0.30829,0.39126,0.46882,0.35008,0.23628,0.57534,0.46354,0.63818,0.99874,0.25081,0.46535,0.7951,0.94614,0.72872,0.26551,0.76341,1.00902]},"PREVALENCE_BY_MONTH":{"X_CALENDAR_MONTH":["200908","201204","201309","201201","201503","201107","201108","201212","201401","201311","201308","201504","201207","201301","201408","201208","201211","200906","201304"],"Y_PREVALENCE_1000PP":[0.02182,0.01993,0.02292,0.02296,0.07231,0.01925,0.02254,0.03145,0.02436,0.02359,0.02263,0.06878,0.03391,0.02458,0.04383,0.03408,0.02083,0.02489,0.02883]},"LENGTH_OF_ERA":{"CATEGORY":"Length of era","MIN_VALUE":1,"P10_VALUE":1,"P25_VALUE":1,"MEDIAN_VALUE":1,"P75_VALUE":1,"P90_VALUE":1,"MAX_VALUE":86},"AGE_AT_FIRST_DIAGNOSIS":{"CATEGORY":"FEMALE","MIN_VALUE":16,"P10_VALUE":21,"P25_VALUE":24,"MEDIAN_VALUE":29,"P75_VALUE":35,"P90_VALUE":38,"MAX_VALUE":46}}
