{"PREVALENCE_BY_GENDER_AGE_YEAR":{"TRELLIS_NAME":["80-89","80-89","70-79","60-69","60-69","60-69","70-79"],"SERIES_NAME":["MALE","FEMALE","MALE","MALE","MALE","FEMALE","MALE"],"X_CALENDAR_YEAR":[2005,2005,2006,2009,2011,2013,2013],"Y_PREVALENCE_1000PP":[1.51221,0.83519,0.60854,0.3283,0.30955,0.25871,0.4456]},"PREVALENCE_BY_MONTH":{"X_CALENDAR_MONTH":["201505","201501","200502","201104"],"Y_PREVALENCE_1000PP":[0.09773,0.05874,0.0285,0.019]},"LENGTH_OF_ERA":{"CATEGORY":"Length of era","MIN_VALUE":1,"P10_VALUE":1,"P25_VALUE":1,"MEDIAN_VALUE":1,"P75_VALUE":1,"P90_VALUE":15,"MAX_VALUE":155},"AGE_AT_FIRST_DIAGNOSIS":{"CATEGORY":["FEMALE","MALE"],"MIN_VALUE":[13,11],"P10_VALUE":[37,41],"P25_VALUE":[54,60],"MEDIAN_VALUE":[67,70],"P75_VALUE":[80,80],"P90_VALUE":[87,86],"MAX_VALUE":[100,96]}}
