{"PREVALENCE_BY_GENDER_AGE_YEAR":{"TRELLIS_NAME":["30-39","0-9","50-59","40-49","40-49","0-9","60-69","20-29","30-39","20-29","10-19","40-49","40-49","50-59","10-19","30-39","50-59","30-39","20-29","60-69","20-29","20-29","20-29","0-9","40-49","0-9","40-49","30-39","30-39","40-49","10-19","50-59","50-59","40-49","30-39","20-29","20-29","30-39","50-59","50-59","10-19","40-49","0-9","10-19","30-39","30-39","20-29","20-29","10-19","40-49","40-49","50-59","10-19","30-39","30-39","20-29","20-29","30-39","10-19","50-59","40-49","40-49","10-19","20-29","30-39","20-29","10-19","50-59","40-49","10-19","30-39","20-29","20-29","20-29","0-9","0-9","10-19","40-49","10-19","30-39","30-39","20-29","20-29","30-39","40-49","10-19","10-19","40-49","50-59","10-19","20-29","30-39","50-59"],"SERIES_NAME":["MALE","FEMALE","MALE","MALE","FEMALE","MALE","MALE","FEMALE","FEMALE","MALE","MALE","FEMALE","MALE","MALE","FEMALE","MALE","FEMALE","FEMALE","MALE","MALE","FEMALE","FEMALE","MALE","MALE","FEMALE","FEMALE","MALE","MALE","FEMALE","MALE","FEMALE","MALE","FEMALE","FEMALE","FEMALE","FEMALE","MALE","MALE","MALE","FEMALE","MALE","MALE","FEMALE","FEMALE","MALE","FEMALE","MALE","FEMALE","FEMALE","FEMALE","MALE","FEMALE","MALE","MALE","FEMALE","FEMALE","MALE","MALE","FEMALE","MALE","MALE","FEMALE","MALE","MALE","FEMALE","FEMALE","FEMALE","MALE","MALE","MALE","MALE","MALE","MALE","FEMALE","MALE","FEMALE","MALE","MALE","FEMALE","MALE","FEMALE","MALE","FEMALE","MALE","MALE","FEMALE","FEMALE","MALE","FEMALE","MALE","MALE","MALE","MALE"],"X_CALENDAR_YEAR":[2004,2004,2004,2004,2004,2004,2004,2004,2004,2004,2005,2005,2005,2005,2005,2005,2005,2005,2005,2005,2005,2006,2006,2006,2006,2006,2006,2006,2006,2007,2007,2007,2007,2007,2007,2007,2007,2007,2008,2008,2008,2008,2008,2008,2008,2008,2008,2008,2009,2009,2009,2009,2009,2009,2009,2009,2009,2010,2010,2010,2010,2010,2010,2010,2010,2010,2011,2011,2011,2011,2011,2011,2012,2012,2012,2012,2012,2012,2012,2012,2012,2013,2013,2013,2013,2013,2014,2014,2014,2014,2014,2014,2015],"Y_PREVALENCE_1000PP":[2.68767,0.3867,0.74838,1.86393,0.55425,0.57631,0.66275,0.30867,0.27726,2.42583,0.34276,0.25976,0.46845,0.51972,0.40451,1.88879,0.28523,0.29164,1.50656,0.45921,0.22076,0.40343,0.86607,0.22799,0.23937,0.34474,1.18483,1.15623,0.23967,0.54864,0.42463,0.37355,0.28738,0.20051,0.19977,0.21737,1.06317,0.81633,0.50459,0.2091,1.73215,0.812,0.30878,1.40449,1.09616,0.16102,0.85411,0.20553,1.87763,0.32149,0.80373,0.30764,2.09728,1.18533,0.23475,0.24675,0.9186,1.00012,1.04175,0.63113,0.75823,0.19398,1.31537,0.45188,0.15752,0.37508,0.77184,0.34405,0.90395,0.46322,0.78879,0.4529,0.5148,0.27747,0.21375,0.28098,0.47214,1.13882,0.60859,0.93639,0.20562,0.49108,0.23559,0.84421,1.03433,0.46605,0.32373,0.96361,0.25103,0.3524,0.49656,1.08664,0.64697]},"PREVALENCE_BY_MONTH":{"X_CALENDAR_MONTH":["201111","200404","200806","201503","200607","201410","201211","200809","201201","201204","201209","201003","200504","200401","200905","200603","200605","201002","201207","200602","200507","200610","201206","201005","200701","200911","200608","200611","200909","201008","200402","200910","200702","201309","200705","200512","200703","201208","200912","201307","200907","200904","200810","201302","200908","200510","201210","200412","200505","201305","201108","201004","201411","201001","200811","201303","200812","201007","201306","200612","200609","200807","200606","201312","200805","201406","201205","200808","200403","200511","201107","201106","200712","200410","200901","200509","201505","201409","200503","201104","200802","201203","200506","200508","200708","200502","201109","201501","200903","201110","200406","200906","201504","200706","201304","201101","200409","201105","201010","200801","200707","200710","200411","200804","201308","201311","201408","201202","201405","200405","200902","201407","201102","200408","201011","201404","200709","201006","201009","200407","201012","201401","200803"],"Y_PREVALENCE_1000PP":[0.02604,0.14408,0.02575,0.0482,0.03669,0.03693,0.02778,0.06372,0.02296,0.02658,0.03435,0.06497,0.04499,0.27793,0.06535,0.04553,0.05579,0.03729,0.05087,0.03085,0.03819,0.03218,0.04376,0.04031,0.04207,0.0559,0.04,0.03908,0.03734,0.028,0.20901,0.07452,0.02095,0.02674,0.02387,0.02369,0.02763,0.03408,0.05278,0.03349,0.04984,0.05305,0.06969,0.0213,0.03429,0.03636,0.03449,0.04017,0.08351,0.02182,0.0322,0.03097,0.03394,0.07142,0.06332,0.02503,0.03782,0.03106,0.05896,0.02832,0.0289,0.01922,0.07011,0.04792,0.07746,0.02722,0.02002,0.04482,0.17756,0.03589,0.03209,0.0319,0.03299,0.07057,0.05026,0.07383,0.16754,0.04543,0.03224,0.03166,0.04244,0.04287,0.04736,0.05413,0.03699,0.03325,0.04208,0.05874,0.07804,0.01946,0.11636,0.04044,0.05895,0.05773,0.02162,0.02831,0.03432,0.03492,0.03118,0.02946,0.02029,0.02983,0.05721,0.04208,0.02263,0.03538,0.03409,0.02963,0.03081,0.06035,0.05333,0.05157,0.01892,0.0544,0.03751,0.03431,0.02344,0.04651,0.03429,0.1218,0.01882,0.02436,0.06495]},"LENGTH_OF_ERA":{"CATEGORY":"Length of era","MIN_VALUE":1,"P10_VALUE":1,"P25_VALUE":1,"MEDIAN_VALUE":1,"P75_VALUE":1,"P90_VALUE":1,"MAX_VALUE":92},"AGE_AT_FIRST_DIAGNOSIS":{"CATEGORY":["MALE","FEMALE"],"MIN_VALUE":[0,0],"P10_VALUE":[12,9],"P25_VALUE":[20,14],"MEDIAN_VALUE":[32,26],"P75_VALUE":[45,44],"P90_VALUE":[54,56],"MAX_VALUE":[86,94]}}
