{"PREVALENCE_BY_GENDER_AGE_YEAR":{"TRELLIS_NAME":["30-39","80-89","60-69","80-89","60-69","70-79","50-59","70-79","40-49","50-59","40-49","30-39","60-69","80-89","60-69","70-79","40-49","40-49","50-59","70-79","0-9","30-39","30-39","40-49","50-59","50-59","70-79","70-79","60-69","80-89","60-69","80-89","60-69","60-69","50-59","60-69","60-69","0-9","70-79","50-59","30-39","50-59","60-69","60-69","0-9","0-9","50-59","60-69","60-69","30-39","30-39","50-59","70-79","40-49","50-59","40-49","70-79","60-69","20-29","80-89","60-69","20-29","70-79","50-59","40-49","50-59","40-49","70-79","30-39","30-39","60-69","60-69","80-89","20-29","30-39","60-69","70-79"],"SERIES_NAME":["FEMALE","FEMALE","MALE","MALE","FEMALE","MALE","FEMALE","FEMALE","MALE","MALE","FEMALE","FEMALE","MALE","MALE","FEMALE","FEMALE","FEMALE","MALE","MALE","MALE","MALE","FEMALE","MALE","FEMALE","FEMALE","MALE","MALE","FEMALE","MALE","FEMALE","FEMALE","FEMALE","FEMALE","MALE","FEMALE","MALE","FEMALE","FEMALE","FEMALE","FEMALE","FEMALE","FEMALE","FEMALE","MALE","MALE","FEMALE","FEMALE","FEMALE","MALE","FEMALE","MALE","MALE","FEMALE","FEMALE","FEMALE","MALE","MALE","FEMALE","FEMALE","FEMALE","MALE","MALE","MALE","MALE","MALE","FEMALE","FEMALE","FEMALE","FEMALE","MALE","FEMALE","MALE","FEMALE","MALE","FEMALE","FEMALE","FEMALE"],"X_CALENDAR_YEAR":[2004,2004,2004,2004,2004,2004,2004,2004,2004,2004,2004,2005,2005,2005,2005,2005,2005,2005,2005,2005,2005,2006,2006,2006,2006,2006,2006,2006,2006,2006,2006,2007,2007,2007,2007,2008,2008,2008,2008,2008,2009,2009,2009,2010,2010,2010,2011,2011,2011,2012,2012,2012,2012,2012,2012,2012,2012,2012,2012,2012,2012,2012,2013,2013,2013,2013,2013,2013,2013,2013,2013,2013,2013,2013,2014,2014,2015],"Y_PREVALENCE_1000PP":[0.51491,1.68209,2.17762,3.80331,1.80794,2.74725,0.65819,1.911,1.35559,1.91252,0.3695,0.22683,1.07148,1.29618,0.72817,0.60606,0.29687,0.73613,0.58468,1.14976,0.28969,0.23967,0.40808,0.27357,0.51898,0.57604,0.86934,0.55191,0.60084,1.13823,0.90561,1.06547,0.33017,0.36726,0.28738,0.5144,0.58553,0.27019,0.51797,0.34849,0.18259,0.20509,0.301,0.31541,0.34201,0.23298,0.27926,0.45641,0.30955,0.20562,0.56183,1.01952,1.10193,0.6091,0.72937,0.83913,1.8742,1.43188,0.19423,0.64007,2.27899,0.5148,1.41107,1.65369,0.96968,0.8404,0.69938,1.09396,0.34125,0.58445,0.86237,1.98519,0.99811,0.43651,0.21025,0.40805,0.62221]},"PREVALENCE_BY_MONTH":{"X_CALENDAR_MONTH":["201205","201411","200412","200508","200608","200405","201404","200601","201109","200505","200903","200511","200810","200702","201112","200510","200409","201303","201204","200402","201501","201103","201212","201401","200902","201306","201106","200611","200704","201305","201308","200701","200910","200708","201311","200408","201312","201102","200403","200406","201309","201007","201210","200612","200804","200502","200801","200603","200606","201209","200803","201207","200609","200602","201105","200901","201111","200506","200411","200605","201203","201201","201206","201302","201012","200509","200710","200507","201503","200504","200512","201301","201304","201307","201502","200909","200604","200805","201005","201403","200703","200410","200802","200407","200404","200607","201208","200610","200401","201211","200706","200709","200712","200503","201310"],"Y_PREVALENCE_1000PP":[0.06006,0.05091,0.0703,0.04996,0.05091,0.20367,0.02573,0.04278,0.02266,0.07472,0.02809,0.03988,0.02534,0.02445,0.02616,0.03636,0.25166,0.12513,0.01993,0.13063,0.05874,0.04091,0.08038,0.02842,0.02196,0.13266,0.02552,0.02843,0.02408,0.11274,0.03771,0.02103,0.02173,0.03363,0.03145,0.16319,0.03195,0.03153,0.20716,0.16427,0.03056,0.01864,0.16555,0.03186,0.02266,0.057,0.07857,0.08347,0.0369,0.16487,0.02273,0.10852,0.03251,0.02699,0.0381,0.02513,0.03256,0.02583,0.08842,0.05579,0.01978,0.03608,0.04376,0.09231,0.04078,0.06973,0.02652,0.05516,0.08838,0.06299,0.04343,0.11236,0.16935,0.0521,0.0793,0.01867,0.02637,0.01937,0.0186,0.03774,0.02073,0.10857,0.01959,0.1218,0.21188,0.04403,0.1704,0.03575,0.29778,0.04167,0.02717,0.02009,0.0231,0.08751,0.02316]},"LENGTH_OF_ERA":{"CATEGORY":"Length of era","MIN_VALUE":1,"P10_VALUE":1,"P25_VALUE":1,"MEDIAN_VALUE":1,"P75_VALUE":1,"P90_VALUE":1,"MAX_VALUE":59},"AGE_AT_FIRST_DIAGNOSIS":{"CATEGORY":["MALE","FEMALE"],"MIN_VALUE":[0,0],"P10_VALUE":[15,20],"P25_VALUE":[41,39],"MEDIAN_VALUE":[58,58],"P75_VALUE":[69,69],"P90_VALUE":[76,80],"MAX_VALUE":[90,95]}}
