{"PREVALENCE_BY_GENDER_AGE_YEAR":{"TRELLIS_NAME":["50-59","40-49","50-59","60-69","50-59","70-79","40-49","70-79","50-59","30-39","60-69","60-69","60-69","60-69","30-39","30-39","40-49","70-79","50-59","40-49","50-59","60-69","80-89","70-79","40-49","50-59","80-89","60-69","70-79","40-49","50-59","70-79","80-89"],"SERIES_NAME":["FEMALE","FEMALE","MALE","MALE","FEMALE","MALE","FEMALE","FEMALE","MALE","FEMALE","MALE","FEMALE","MALE","FEMALE","MALE","FEMALE","FEMALE","MALE","MALE","FEMALE","FEMALE","MALE","FEMALE","MALE","FEMALE","FEMALE","MALE","MALE","FEMALE","FEMALE","FEMALE","MALE","FEMALE"],"X_CALENDAR_YEAR":[2004,2004,2004,2004,2005,2005,2005,2005,2005,2005,2005,2005,2006,2006,2006,2006,2006,2006,2007,2007,2007,2008,2008,2008,2008,2008,2009,2009,2009,2009,2009,2009,2012],"Y_PREVALENCE_1000PP":[0.35441,0.3695,0.49892,0.66275,0.5297,0.57488,0.29687,0.60606,0.58468,0.32404,0.53574,0.39209,0.80112,0.35218,0.40808,0.17975,0.20518,0.60854,0.32019,0.26734,0.25145,0.34294,0.89837,0.55157,0.22671,0.27879,1.12179,0.38302,0.63155,0.28934,0.20509,0.46908,0.74675]},"PREVALENCE_BY_MONTH":{"X_CALENDAR_MONTH":["200906","200902","200401","200604","200909","200601","200409","200912","200809","200610","200511","200502","200504","200510","200710","200508","200803","200903","200501","200806","200408","200711","200603","200703","200606","200404","201206","200801","200407","200802","200602","201203","200709","200706","200811","200808","200410","200712","200503","200910","200901","200512","200701","200509","200805","200507","200904","200704","201001","200403","200608","200607","200612","200405","200609","200907"],"Y_PREVALENCE_1000PP":[0.02489,0.03137,0.15882,0.04144,0.02178,0.03889,0.04576,0.01863,0.02549,0.03933,0.03589,0.04275,0.05849,0.03232,0.02652,0.02498,0.04222,0.02185,0.06328,0.01931,0.09066,0.03305,0.02656,0.02073,0.0369,0.05933,0.02356,0.02619,0.04487,0.02285,0.03085,0.01978,0.02344,0.04415,0.03482,0.02241,0.09228,0.02639,0.04606,0.02794,0.03456,0.04738,0.03155,0.02461,0.03228,0.03819,0.01872,0.02408,0.02484,0.06905,0.03636,0.03303,0.03186,0.0528,0.03974,0.04049]},"LENGTH_OF_ERA":{"CATEGORY":"Length of era","MIN_VALUE":1,"P10_VALUE":1,"P25_VALUE":1,"MEDIAN_VALUE":1,"P75_VALUE":1,"P90_VALUE":1,"MAX_VALUE":113},"AGE_AT_FIRST_DIAGNOSIS":{"CATEGORY":["MALE","FEMALE"],"MIN_VALUE":[15,8],"P10_VALUE":[36,37],"P25_VALUE":[53,51],"MEDIAN_VALUE":[68,65],"P75_VALUE":[79,77],"P90_VALUE":[85,86],"MAX_VALUE":[98,96]}}
