{"PREVALENCE_BY_GENDER_AGE_YEAR":{"TRELLIS_NAME":["10-19","10-19","10-19","10-19","20-29","20-29","20-29","10-19","30-39","20-29","20-29","10-19","10-19","20-29","20-29","10-19","10-19","20-29","20-29","10-19","10-19","20-29","10-19","10-19","20-29","20-29","20-29","10-19","10-19","10-19","10-19","20-29","20-29","20-29","20-29","10-19","20-29"],"SERIES_NAME":["FEMALE","FEMALE","FEMALE","MALE","MALE","FEMALE","MALE","FEMALE","MALE","MALE","FEMALE","MALE","FEMALE","MALE","FEMALE","FEMALE","MALE","MALE","FEMALE","MALE","FEMALE","MALE","FEMALE","MALE","FEMALE","MALE","FEMALE","MALE","FEMALE","MALE","FEMALE","MALE","FEMALE","FEMALE","MALE","FEMALE","MALE"],"X_CALENDAR_YEAR":[2004,2005,2006,2006,2006,2006,2007,2007,2008,2008,2008,2008,2008,2009,2009,2009,2009,2010,2010,2010,2010,2011,2011,2011,2011,2012,2012,2012,2012,2013,2013,2013,2013,2014,2014,2014,2015],"Y_PREVALENCE_1000PP":[0.36445,0.40451,0.5422,0.45715,0.43303,0.28817,0.33574,0.72187,0.42628,0.53382,0.25691,0.50141,0.70225,0.40827,0.14805,0.40818,0.40161,0.40167,0.27506,0.27215,0.54171,0.9058,0.72896,0.4169,0.31382,0.5148,0.30522,0.47214,0.82594,0.45671,0.55926,0.70934,0.38283,0.33124,1.11725,0.32373,1.02223]},"PREVALENCE_BY_MONTH":{"X_CALENDAR_MONTH":["201212","201311","201006","201308","201504","201107","201112","201404","201106","200807","201408","201307","201411","201312","201205","200610","201208","200607","201012","200407","200805","201008","201103","201108","201007","201410","200806","200803","201306","200605","201203","201207","201206","200606","201505","200907"],"Y_PREVALENCE_1000PP":[0.02097,0.02752,0.02791,0.03017,0.06878,0.03529,0.02289,0.02573,0.03509,0.03845,0.04383,0.02977,0.0396,0.02396,0.02002,0.0286,0.0409,0.02202,0.0251,0.03846,0.02582,0.01866,0.01888,0.01932,0.02485,0.03166,0.03863,0.02923,0.02948,0.02231,0.02308,0.02713,0.02693,0.02952,0.08377,0.01869]},"LENGTH_OF_ERA":{"CATEGORY":"Length of era","MIN_VALUE":1,"P10_VALUE":1,"P25_VALUE":1,"MEDIAN_VALUE":1,"P75_VALUE":1,"P90_VALUE":1,"MAX_VALUE":32},"AGE_AT_FIRST_DIAGNOSIS":{"CATEGORY":["MALE","FEMALE"],"MIN_VALUE":[0,0],"P10_VALUE":[17,16],"P25_VALUE":[19,17],"MEDIAN_VALUE":[21,19],"P75_VALUE":[26,25],"P90_VALUE":[35,37],"MAX_VALUE":[64,65]}}
