{"PREVALENCE_BY_GENDER_AGE_YEAR":{"TRELLIS_NAME":["0-9","10-19","0-9","0-9","0-9","0-9","0-9","10-19"],"SERIES_NAME":["FEMALE","MALE","MALE","FEMALE","MALE","MALE","MALE","MALE"],"X_CALENDAR_YEAR":[2004,2004,2004,2005,2005,2006,2012,2012],"Y_PREVALENCE_1000PP":[1.21534,0.63149,1.44078,0.79413,1.07598,0.30399,0.285,0.37771]},"PREVALENCE_BY_MONTH":{"X_CALENDAR_MONTH":["200509","200511","200410","200405","200404","200406","200407","200508"],"Y_PREVALENCE_1000PP":[0.02871,0.03589,0.038,0.06789,0.0678,0.10267,0.04487,0.04164]},"LENGTH_OF_ERA":{"CATEGORY":"Length of era","MIN_VALUE":1,"P10_VALUE":1,"P25_VALUE":1,"MEDIAN_VALUE":1,"P75_VALUE":1,"P90_VALUE":1,"MAX_VALUE":2},"AGE_AT_FIRST_DIAGNOSIS":{"CATEGORY":["FEMALE","MALE"],"MIN_VALUE":[0,0],"P10_VALUE":[1,1],"P25_VALUE":[2,2],"MEDIAN_VALUE":[4,7],"P75_VALUE":[13,18],"P90_VALUE":[45,33],"MAX_VALUE":[92,93]}}
