{"PREVALENCE_BY_GENDER_AGE_YEAR":{"TRELLIS_NAME":["0-9","0-9","0-9","0-9","0-9","0-9","0-9","0-9","0-9","0-9","0-9","0-9","0-9","0-9","0-9","0-9","0-9","0-9","0-9","0-9"],"SERIES_NAME":["MALE","FEMALE","FEMALE","MALE","MALE","FEMALE","MALE","FEMALE","MALE","FEMALE","FEMALE","MALE","MALE","FEMALE","MALE","FEMALE","MALE","FEMALE","MALE","MALE"],"X_CALENDAR_YEAR":[2004,2004,2005,2005,2006,2007,2007,2008,2009,2009,2010,2010,2011,2011,2012,2013,2013,2014,2014,2015],"Y_PREVALENCE_1000PP":[0.52829,0.71815,0.60728,0.33107,0.34198,0.28252,0.28477,0.50178,0.23815,0.34265,0.69895,0.30781,0.52267,0.70805,0.53438,0.84228,0.22434,0.37164,0.6611,0.58424]},"PREVALENCE_BY_MONTH":{"X_CALENDAR_MONTH":["201207","201309","200711","201001","201103","201306","201501","201409","200409","200506","201402","201107","201405","201505","201108","201407","200504","201410","201110","201012","201411","200408","201504","201307","201301","201310"],"Y_PREVALENCE_1000PP":[0.02374,0.02674,0.01983,0.01863,0.01888,0.02579,0.03916,0.04543,0.04004,0.03014,0.02901,0.02246,0.03081,0.08377,0.02254,0.0422,0.03149,0.03166,0.01946,0.01882,0.03394,0.03626,0.06878,0.02233,0.03511,0.02702]},"LENGTH_OF_ERA":{"CATEGORY":"Length of era","MIN_VALUE":1,"P10_VALUE":1,"P25_VALUE":1,"MEDIAN_VALUE":1,"P75_VALUE":1,"P90_VALUE":5,"MAX_VALUE":105},"AGE_AT_FIRST_DIAGNOSIS":{"CATEGORY":["FEMALE","MALE"],"MIN_VALUE":[0,0],"P10_VALUE":[0,0],"P25_VALUE":[1,0],"MEDIAN_VALUE":[3,2],"P75_VALUE":[28,22],"P90_VALUE":[58,59],"MAX_VALUE":[85,80]}}
