{"PREVALENCE_BY_GENDER_AGE_YEAR":{"TRELLIS_NAME":["0-9","0-9","50-59","50-59","50-59","60-69","60-69","70-79","50-59","70-79","50-59","50-59","70-79","60-69","0-9"],"SERIES_NAME":["MALE","MALE","MALE","FEMALE","FEMALE","MALE","FEMALE","MALE","MALE","FEMALE","MALE","FEMALE","MALE","MALE","MALE"],"X_CALENDAR_YEAR":[2008,2009,2010,2010,2011,2011,2011,2011,2011,2011,2012,2012,2012,2012,2013],"Y_PREVALENCE_1000PP":[0.31001,0.20413,0.33984,0.23957,0.24435,0.51592,0.33194,0.52118,0.54065,0.49514,0.56074,0.29175,0.82465,0.583,0.22434]},"PREVALENCE_BY_MONTH":{"X_CALENDAR_MONTH":["201101","201011","201108","201111","201209","201206","201211","201201","201207","201204","201012","201105","201208","201205","201202","201210","201112","201203","201007","201106","201103","201505","201107","201104"],"Y_PREVALENCE_1000PP":[0.02202,0.02501,0.04508,0.0586,0.03778,0.02693,0.02431,0.0328,0.0373,0.05315,0.03451,0.04762,0.06134,0.03337,0.06256,0.02759,0.01962,0.02968,0.01864,0.0319,0.03461,0.08377,0.02246,0.06333]},"LENGTH_OF_ERA":{"CATEGORY":"Length of era","MIN_VALUE":1,"P10_VALUE":1,"P25_VALUE":1,"MEDIAN_VALUE":1,"P75_VALUE":1,"P90_VALUE":15,"MAX_VALUE":112},"AGE_AT_FIRST_DIAGNOSIS":{"CATEGORY":["FEMALE","MALE"],"MIN_VALUE":[0,0],"P10_VALUE":[9,2],"P25_VALUE":[31,11],"MEDIAN_VALUE":[49,46],"P75_VALUE":[67,61],"P90_VALUE":[81,72],"MAX_VALUE":[95,86]}}
