{"PREVALENCE_BY_GENDER_AGE_YEAR":{"TRELLIS_NAME":["30-39","60-69","80-89","60-69","80-89","70-79","70-79","50-59","40-49","50-59","40-49","80-89","60-69","50-59","70-79","50-59","60-69","60-69","50-59","60-69","70-79","50-59","80-89","60-69","30-39","70-79","60-69","40-49","70-79","40-49","50-59","50-59","60-69","60-69","80-89","20-29","80-89","40-49","50-59","40-49","70-79","70-79","30-39","50-59","30-39","30-39","50-59","40-49","40-49","50-59","70-79","70-79","60-69","60-69","30-39","30-39","50-59","70-79","40-49","50-59","40-49","70-79","60-69","20-29","80-89","60-69","70-79","50-59","30-39","60-69","60-69","20-29","30-39","60-69","50-59","70-79","40-49"],"SERIES_NAME":["FEMALE","FEMALE","MALE","MALE","FEMALE","MALE","FEMALE","FEMALE","FEMALE","MALE","MALE","MALE","MALE","FEMALE","MALE","MALE","FEMALE","MALE","FEMALE","FEMALE","MALE","MALE","FEMALE","MALE","FEMALE","MALE","FEMALE","FEMALE","FEMALE","MALE","MALE","FEMALE","FEMALE","MALE","MALE","FEMALE","FEMALE","MALE","MALE","FEMALE","FEMALE","MALE","MALE","FEMALE","FEMALE","MALE","FEMALE","FEMALE","MALE","MALE","FEMALE","MALE","FEMALE","MALE","FEMALE","MALE","MALE","FEMALE","FEMALE","FEMALE","MALE","MALE","FEMALE","FEMALE","FEMALE","MALE","MALE","FEMALE","FEMALE","FEMALE","MALE","FEMALE","FEMALE","FEMALE","MALE","MALE","FEMALE"],"X_CALENDAR_YEAR":[2004,2004,2004,2004,2004,2004,2004,2004,2004,2004,2004,2005,2005,2005,2005,2006,2006,2007,2007,2008,2008,2008,2009,2009,2009,2009,2009,2009,2009,2009,2009,2009,2010,2010,2010,2010,2010,2010,2010,2010,2010,2010,2010,2010,2011,2011,2011,2011,2011,2011,2011,2011,2011,2011,2012,2012,2012,2012,2012,2012,2012,2012,2012,2012,2012,2012,2013,2013,2013,2013,2013,2013,2014,2014,2014,2014,2014],"Y_PREVALENCE_1000PP":[0.35648,0.62583,2.17332,1.13615,1.00925,1.14469,1.001,0.65819,0.3695,1.2473,0.84724,1.51221,0.53574,0.36672,0.67069,0.40323,0.50312,0.61211,0.21553,0.36033,0.63037,0.40367,0.75578,0.43773,0.23475,0.46908,0.258,0.32149,0.82102,0.53582,0.54275,0.23928,0.67075,0.78852,0.92436,0.15003,0.74342,0.59575,0.63113,0.3233,0.75226,0.83314,0.35298,0.37647,0.1636,0.42473,0.4538,0.47233,0.39548,0.7864,0.49514,0.89346,0.74686,1.08342,0.26437,0.49941,0.61171,0.55096,0.21498,0.36468,0.53944,0.74968,0.46326,0.19423,0.9601,0.848,0.51987,0.2674,0.43432,0.25871,0.37558,0.23559,0.21025,0.36271,0.40893,0.46915,0.26551]},"PREVALENCE_BY_MONTH":{"X_CALENDAR_MONTH":["200907","201006","201003","201309","200703","200405","200701","201101","200711","201103","200402","201401","201302","200611","201310","200806","201012","201009","201007","201104","201308","200403","200910","201403","201010","200406","200404","200707","200401","201312","200411","201311","201106","201102","200408","200712","200409","200903","201305","201005","201108","200407","201011","200809","200909","201008","201301","200912","200410","201406","200906","201105","201210","201207","200604","201208","201211","201205","201204","200908","201201","201001","200610","200905","201112","201408","201206","200801","200602","201109","200904","200506","201111","201209","200911","200808","201110","201306","201004","200507","200810","200805","200412","200807","201203","201202","201107"],"Y_PREVALENCE_1000PP":[0.03115,0.07131,0.02475,0.02292,0.02073,0.06789,0.02454,0.03774,0.02975,0.03461,0.13063,0.0609,0.05326,0.02487,0.03473,0.03541,0.05019,0.03117,0.06523,0.0285,0.0264,0.08878,0.02794,0.03354,0.02495,0.08214,0.16951,0.02029,0.27793,0.02796,0.04161,0.03145,0.04147,0.02837,0.04835,0.02969,0.09723,0.02185,0.02546,0.04961,0.07084,0.10256,0.04064,0.01911,0.03734,0.02178,0.02809,0.02794,0.03257,0.05898,0.02178,0.03175,0.03104,0.04409,0.02637,0.0409,0.0382,0.04004,0.04651,0.03741,0.03936,0.02174,0.02503,0.02489,0.04252,0.03896,0.0303,0.02619,0.02699,0.05827,0.02808,0.02583,0.04883,0.02748,0.02795,0.02241,0.03568,0.02211,0.03097,0.03395,0.02851,0.02259,0.04519,0.01922,0.07584,0.03293,0.02567]},"LENGTH_OF_ERA":{"CATEGORY":"Length of era","MIN_VALUE":1,"P10_VALUE":1,"P25_VALUE":1,"MEDIAN_VALUE":1,"P75_VALUE":1,"P90_VALUE":1,"MAX_VALUE":71},"AGE_AT_FIRST_DIAGNOSIS":{"CATEGORY":["MALE","FEMALE"],"MIN_VALUE":[1,2],"P10_VALUE":[34,28],"P25_VALUE":[48,41],"MEDIAN_VALUE":[61,58],"P75_VALUE":[72,70],"P90_VALUE":[81,80],"MAX_VALUE":[94,93]}}
