{"PREVALENCE_BY_GENDER_AGE_YEAR":{"TRELLIS_NAME":["20-29","30-39","20-29","10-19","20-29","30-39","20-29","10-19","30-39","10-19","20-29","20-29","10-19","20-29","20-29","30-39","10-19","20-29","20-29","10-19","30-39","20-29","20-29","10-19","40-49","20-29","30-39","20-29","30-39","10-19","10-19","30-39","30-39","20-29","20-29","10-19","10-19","30-39","30-39","20-29","20-29","40-49","10-19","10-19","10-19","10-19","20-29","20-29","30-39","20-29","20-29","30-39","10-19","40-49","10-19","10-19","30-39","20-29","20-29","10-19"],"SERIES_NAME":["MALE","FEMALE","FEMALE","FEMALE","MALE","FEMALE","FEMALE","FEMALE","FEMALE","FEMALE","FEMALE","MALE","MALE","MALE","FEMALE","MALE","FEMALE","MALE","FEMALE","FEMALE","FEMALE","FEMALE","MALE","FEMALE","MALE","FEMALE","FEMALE","MALE","MALE","FEMALE","MALE","MALE","FEMALE","MALE","FEMALE","FEMALE","MALE","FEMALE","MALE","MALE","FEMALE","MALE","MALE","FEMALE","MALE","FEMALE","MALE","FEMALE","MALE","FEMALE","MALE","MALE","FEMALE","MALE","MALE","FEMALE","MALE","MALE","FEMALE","MALE"],"X_CALENDAR_YEAR":[2004,2004,2004,2004,2005,2005,2005,2005,2006,2006,2006,2006,2006,2007,2007,2007,2007,2008,2008,2008,2009,2009,2009,2009,2009,2010,2010,2010,2010,2010,2010,2011,2011,2011,2011,2011,2011,2012,2012,2012,2012,2012,2012,2012,2013,2013,2013,2013,2013,2014,2014,2014,2014,2014,2014,2015,2015,2015,2015,2015],"Y_PREVALENCE_1000PP":[1.67942,0.35648,1.11891,0.60742,0.86089,0.22683,0.59922,0.85958,0.17975,0.67775,0.28817,0.68048,0.35556,1.17509,0.84232,0.37677,1.18896,0.53382,0.5909,1.11533,0.20867,0.54285,0.81653,1.06127,0.32149,0.85019,0.23628,1.15479,0.35298,1.00008,0.36286,0.42473,0.21814,1.00644,0.57534,1.28639,0.37058,0.20562,0.81154,2.62548,0.58269,0.41956,0.61379,0.78247,0.45671,1.07191,3.0556,0.70676,1.23385,0.82809,4.03451,3.0426,1.0791,0.74123,0.41114,1.04842,2.20167,4.08893,0.88289,0.64935]},"PREVALENCE_BY_MONTH":{"X_CALENDAR_MONTH":["200705","201503","201211","201403","200507","201008","201108","201410","201207","200902","201306","200603","201504","201309","201303","200909","201111","200702","201201","200908","201204","200809","200708","201007","201310","201307","201005","200610","200403","200906","200703","201202","201210","201101","201001","200401","200504","201301","200903","200706","201112","200411","201004","200806","200407","201011","201205","200810","201208","201401","201012","200406","201009","201006","201105","201209","201003","200408","201304","201212","201404","201206","201407","201311","200608","201308","200501","200709","201409","200710","201406","200402","200707","200907","201501","201312","201305","201302","200704","201203","201412","201103","201106","200804","201010","200811","200801","201107","201402","200509","201110","201109","201104","201505","201411","201502","200904","201408","200901","200508","201405"],"Y_PREVALENCE_1000PP":[0.02728,0.17675,0.03472,0.06289,0.02546,0.03422,0.03542,0.10025,0.02713,0.02823,0.03316,0.04932,0.22598,0.04966,0.05005,0.03423,0.03256,0.02095,0.04264,0.03117,0.04319,0.02549,0.02354,0.02796,0.06561,0.02977,0.02171,0.02503,0.09865,0.01867,0.02763,0.02305,0.03104,0.02831,0.02174,0.15882,0.04049,0.03862,0.04682,0.04075,0.02616,0.03641,0.02787,0.01931,0.05128,0.02813,0.0367,0.04118,0.07498,0.08932,0.01882,0.04107,0.04676,0.04031,0.02857,0.02404,0.0526,0.06044,0.03603,0.03495,0.05576,0.08416,0.08439,0.06683,0.02182,0.02263,0.03407,0.02344,0.09086,0.04641,0.06805,0.07838,0.03719,0.03738,0.07179,0.06789,0.06182,0.05326,0.03784,0.05606,0.10786,0.03776,0.04466,0.02589,0.02495,0.02849,0.02292,0.01925,0.03729,0.04512,0.02595,0.01942,0.03166,0.22338,0.12445,0.09372,0.02184,0.09254,0.01885,0.02498,0.05722]},"LENGTH_OF_ERA":{"CATEGORY":"Length of era","MIN_VALUE":1,"P10_VALUE":1,"P25_VALUE":1,"MEDIAN_VALUE":1,"P75_VALUE":1,"P90_VALUE":1,"MAX_VALUE":29},"AGE_AT_FIRST_DIAGNOSIS":{"CATEGORY":["MALE","FEMALE"],"MIN_VALUE":[7,2],"P10_VALUE":[19,16],"P25_VALUE":[22,18],"MEDIAN_VALUE":[25,21],"P75_VALUE":[31,26],"P90_VALUE":[39,34],"MAX_VALUE":[72,67]}}
