{"PREVALENCE_BY_GENDER_AGE_YEAR":{"TRELLIS_NAME":["60-69","80-89","70-79","50-59","40-49","80-89","60-69","70-79","50-59","40-49","70-79","50-59","60-69","60-69","50-59","70-79","60-69","80-89","50-59","70-79","60-69","80-89","50-59","70-79","60-69","70-79","50-59","70-79","80-89","60-69","50-59","70-79","40-49","60-69","80-89","40-49","50-59","70-79","80-89","60-69","60-69","90-99","80-89","40-49","70-79","50-59","50-59","70-79","60-69","80-89","90-99"],"SERIES_NAME":["MALE","MALE","MALE","MALE","MALE","MALE","MALE","MALE","MALE","MALE","MALE","MALE","MALE","MALE","MALE","MALE","MALE","MALE","MALE","MALE","MALE","MALE","MALE","MALE","MALE","MALE","MALE","MALE","MALE","MALE","MALE","MALE","MALE","MALE","MALE","MALE","MALE","MALE","MALE","MALE","MALE","MALE","MALE","MALE","MALE","MALE","MALE","MALE","MALE","MALE","MALE"],"X_CALENDAR_YEAR":[2004,2004,2004,2004,2004,2005,2005,2005,2005,2005,2006,2006,2006,2007,2007,2007,2008,2008,2008,2008,2009,2009,2009,2009,2010,2010,2011,2011,2011,2011,2012,2012,2012,2012,2012,2013,2013,2013,2013,2013,2014,2014,2014,2014,2014,2014,2015,2015,2015,2015,2015],"Y_PREVALENCE_1000PP":[6.05946,5.70497,5.72344,2.41144,1.27086,2.80838,1.9899,2.39532,0.77958,0.40153,1.47788,0.46083,0.93464,1.163,0.69374,1.22379,0.74303,1.33757,0.30276,1.33953,0.6566,1.44231,0.29605,0.70362,0.63082,0.60592,1.17959,2.30809,1.94059,1.59934,1.47831,3.2986,0.41956,2.64999,2.98285,0.7111,1.38696,2.37653,4.21877,2.73635,6.21891,6.39269,7.4698,1.48247,6.80272,3.97243,1.18611,4.40986,4.09056,4.9121,8.35655]},"PREVALENCE_BY_MONTH":{"X_CALENDAR_MONTH":["201311","200501","201308","200402","200411","201505","200405","200506","201502","201107","200803","201301","201407","201102","201105","200904","200507","201410","201110","201109","200504","200601","200509","201411","200505","200412","200508","201504","201112","201208","201108","201205","201409","200408","201204","201212","201209","201302","200403","201402","201207","201412","201203","200811","200809","201305","201206","200801","200502","201503","201501","201210","200406","201202","200812","201312","201201","201106","200409","201506","201408","201405","201111","201306","201304","201309","200703","201303","201310","200705","201307","200909","201401","200706","201211","201104","200401","201404","200404","201403","201011","200610","200410","200607","200503","200407","201406"],"Y_PREVALENCE_1000PP":[0.05504,0.04868,0.06411,0.23514,0.06242,0.4328,0.09052,0.02583,0.17303,0.05134,0.01949,0.08427,0.21567,0.01892,0.06349,0.01872,0.03819,0.2638,0.04217,0.02914,0.03149,0.035,0.02461,0.1697,0.04835,0.05021,0.03331,0.21615,0.03925,0.07838,0.0483,0.07674,0.16658,0.07253,0.01993,0.08038,0.04122,0.0497,0.27621,0.13674,0.05087,0.11385,0.05606,0.01899,0.01911,0.06182,0.08753,0.01964,0.06176,0.22496,0.17621,0.07588,0.07529,0.0889,0.01891,0.0639,0.05247,0.05104,0.10867,0.37542,0.20456,0.14524,0.07162,0.06264,0.09008,0.07258,0.03454,0.06078,0.11964,0.02387,0.10048,0.01867,0.0406,0.02717,0.07986,0.02216,0.49631,0.18443,0.12713,0.18029,0.02188,0.02503,0.04886,0.02202,0.03224,0.10256,0.1361]},"LENGTH_OF_ERA":{"CATEGORY":"Length of era","MIN_VALUE":1,"P10_VALUE":1,"P25_VALUE":1,"MEDIAN_VALUE":1,"P75_VALUE":1,"P90_VALUE":1,"MAX_VALUE":77},"AGE_AT_FIRST_DIAGNOSIS":{"CATEGORY":"MALE","MIN_VALUE":1,"P10_VALUE":51,"P25_VALUE":59,"MEDIAN_VALUE":67,"P75_VALUE":76,"P90_VALUE":83,"MAX_VALUE":96}}
