{"PREVALENCE_BY_GENDER_AGE_YEAR":{"TRELLIS_NAME":["30-39","60-69","20-29","10-19","50-59","70-79","40-49","30-39","60-69","20-29","80-89","50-59","40-49","70-79","10-19","30-39","40-49","50-59","70-79","20-29","80-89","60-69","20-29","30-39","80-89","60-69","10-19","50-59","40-49","70-79","30-39","20-29","80-89","10-19","60-69","50-59","40-49","70-79","20-29","30-39","70-79","40-49","10-19","50-59","60-69","30-39","60-69","20-29","10-19","70-79","40-49","50-59","30-39","50-59","10-19","70-79","40-49","60-69","20-29","30-39","40-49","70-79","50-59","10-19","60-69","80-89","20-29","10-19","40-49","50-59","70-79","30-39","20-29","60-69","30-39","20-29","60-69","70-79","50-59","40-49","30-39","50-59","10-19","40-49","60-69","20-29"],"SERIES_NAME":["FEMALE","FEMALE","FEMALE","FEMALE","FEMALE","FEMALE","FEMALE","FEMALE","FEMALE","FEMALE","FEMALE","FEMALE","FEMALE","FEMALE","FEMALE","FEMALE","FEMALE","FEMALE","FEMALE","FEMALE","FEMALE","FEMALE","FEMALE","FEMALE","FEMALE","FEMALE","FEMALE","FEMALE","FEMALE","FEMALE","FEMALE","FEMALE","FEMALE","FEMALE","FEMALE","FEMALE","FEMALE","FEMALE","FEMALE","FEMALE","FEMALE","FEMALE","FEMALE","FEMALE","FEMALE","FEMALE","FEMALE","FEMALE","FEMALE","FEMALE","FEMALE","FEMALE","FEMALE","FEMALE","FEMALE","FEMALE","FEMALE","FEMALE","FEMALE","FEMALE","FEMALE","FEMALE","FEMALE","FEMALE","FEMALE","FEMALE","FEMALE","FEMALE","FEMALE","FEMALE","FEMALE","FEMALE","FEMALE","FEMALE","FEMALE","FEMALE","FEMALE","FEMALE","FEMALE","FEMALE","FEMALE","FEMALE","FEMALE","FEMALE","FEMALE","FEMALE"],"X_CALENDAR_YEAR":[2004,2004,2004,2004,2004,2004,2004,2005,2005,2005,2005,2005,2005,2005,2005,2006,2006,2006,2006,2006,2006,2006,2007,2007,2007,2007,2007,2007,2007,2007,2008,2008,2008,2008,2008,2008,2008,2008,2009,2009,2009,2009,2009,2009,2009,2010,2010,2010,2010,2010,2010,2010,2011,2011,2011,2011,2011,2011,2011,2012,2012,2012,2012,2012,2012,2012,2012,2013,2013,2013,2013,2013,2013,2013,2014,2014,2014,2014,2014,2014,2015,2015,2015,2015,2015,2015],"Y_PREVALENCE_1000PP":[1.86161,1.25165,1.04175,0.4252,1.51891,1.911,1.66274,1.36099,1.56836,0.81998,1.25278,1.79284,1.7441,1.51515,0.35395,1.37811,1.57303,1.4828,0.89686,0.83569,1.13823,1.10686,0.73364,1.14155,0.71031,1.4622,0.42463,1.36504,1.3033,0.66948,1.20766,0.66797,0.78608,0.4544,0.72066,1.11518,0.68014,0.97119,0.61687,0.83468,0.63155,1.25382,0.28573,0.9571,0.516,0.89262,0.9642,0.70016,0.25002,0.81494,0.80825,1.16363,1.00889,1.18686,0.55744,0.43325,1.01215,1.0373,1.04608,0.91061,0.78825,0.79584,0.94818,0.47818,0.8844,0.64007,1.24861,0.46605,1.39876,0.955,0.79008,1.45809,0.76565,1.03484,1.50682,0.86121,1.13348,0.64387,0.83675,0.79653,1.27235,0.80912,0.66717,0.73469,0.59759,0.44145]},"PREVALENCE_BY_MONTH":{"X_CALENDAR_MONTH":["201008","200503","200811","201406","200410","200404","200602","200706","201104","201409","201502","200407","201011","200802","201101","200709","201203","200808","201303","201310","200903","201206","201107","201412","200712","200906","200507","200809","201111","200901","200509","200511","201505","200603","201207","201204","201210","200606","200912","200812","201205","200510","200904","200902","200908","200905","200909","201304","201301","200506","201110","201211","200703","200607","200601","200604","200401","201307","201005","201208","201002","200610","201012","201201","200512","201410","201006","201503","200411","201401","201212","201209","201102","201009","201105","200405","200402","200611","201404","201003","200504","201407","200408","200608","201311","200605","201302","200501","201001","200803","200806","200710","200702","201108","200707","200705","200910","201504","200502","200805","200911","201501","200907","201308","201305","201309","200704","201312","201112","200701","200711","201109","201103","200708","201306","200403","201403","200508","201106","200804","200612","200505","200807","201402","201202","201405","200409","201411","201010","200406","200801","201004","200609","200412","201408","201007","200810"],"Y_PREVALENCE_1000PP":[0.04355,0.09211,0.03799,0.06351,0.13571,0.17798,0.08097,0.06792,0.04433,0.03029,0.09372,0.07692,0.04689,0.06202,0.0629,0.04352,0.05606,0.04482,0.06435,0.06561,0.06243,0.08753,0.0385,0.05992,0.06269,0.02489,0.0976,0.01911,0.06186,0.04084,0.08204,0.07178,0.19546,0.07967,0.07461,0.09634,0.04828,0.06273,0.03415,0.05673,0.06673,0.06061,0.04681,0.05333,0.03429,0.05913,0.03111,0.04684,0.0632,0.12056,0.05514,0.04861,0.06218,0.04403,0.09333,0.09042,0.29778,0.06699,0.04031,0.05794,0.04039,0.06078,0.05333,0.02952,0.09871,0.08442,0.04341,0.12051,0.06762,0.0812,0.04543,0.05152,0.04414,0.03429,0.07619,0.14332,0.11757,0.06396,0.07292,0.06807,0.10348,0.05157,0.09066,0.11273,0.08256,0.04091,0.07456,0.09248,0.03416,0.02598,0.05794,0.04972,0.08032,0.0644,0.0541,0.06137,0.04036,0.13755,0.08551,0.06778,0.04658,0.05874,0.04984,0.09805,0.07274,0.04966,0.0688,0.03195,0.04906,0.08764,0.07932,0.0518,0.05664,0.03363,0.07001,0.26635,0.07128,0.07078,0.05423,0.05826,0.07079,0.07033,0.05126,0.07459,0.06915,0.06602,0.09723,0.0396,0.0343,0.08214,0.06875,0.06504,0.0578,0.08536,0.05358,0.0497,0.05702]},"LENGTH_OF_ERA":{"CATEGORY":"Length of era","MIN_VALUE":1,"P10_VALUE":1,"P25_VALUE":1,"MEDIAN_VALUE":1,"P75_VALUE":1,"P90_VALUE":9,"MAX_VALUE":147},"AGE_AT_FIRST_DIAGNOSIS":{"CATEGORY":"FEMALE","MIN_VALUE":1,"P10_VALUE":24,"P25_VALUE":31,"MEDIAN_VALUE":43,"P75_VALUE":57,"P90_VALUE":69,"MAX_VALUE":92}}
