{"PREVALENCE_BY_GENDER_AGE_YEAR":{"TRELLIS_NAME":["30-39","0-9","0-9","10-19","10-19","0-9","10-19","0-9"],"SERIES_NAME":["MALE","FEMALE","MALE","MALE","MALE","MALE","MALE","MALE"],"X_CALENDAR_YEAR":[2006,2010,2010,2010,2011,2012,2013,2014],"Y_PREVALENCE_1000PP":[0.47609,0.3883,0.34201,0.27215,0.27793,0.24938,0.35522,0.24791]},"PREVALENCE_BY_MONTH":{"X_CALENDAR_MONTH":["200908","201207","200803","201012","200809","201205","201008","200406","201007"],"Y_PREVALENCE_1000PP":[0.0187,0.02035,0.02273,0.01882,0.0223,0.02002,0.02178,0.04107,0.02174]},"LENGTH_OF_ERA":{"CATEGORY":"Length of era","MIN_VALUE":1,"P10_VALUE":1,"P25_VALUE":1,"MEDIAN_VALUE":1,"P75_VALUE":1,"P90_VALUE":3,"MAX_VALUE":84},"AGE_AT_FIRST_DIAGNOSIS":{"CATEGORY":["MALE","FEMALE"],"MIN_VALUE":[0,0],"P10_VALUE":[3,2],"P25_VALUE":[13,7],"MEDIAN_VALUE":[25,24],"P75_VALUE":[43,53],"P90_VALUE":[55,69],"MAX_VALUE":[84,90]}}
