{"PREVALENCE_BY_GENDER_AGE_YEAR":{"TRELLIS_NAME":["70-79","50-59","70-79","60-69","80-89","60-69","70-79","60-69","80-89","60-69","80-89","80-89","60-69","70-79","50-59","40-49","70-79","80-89","60-69","60-69","70-79","70-79","50-59","60-69","60-69","70-79","70-79","80-89","60-69","70-79","50-59","70-79","60-69","60-69","80-89","80-89","60-69","70-79","70-79","70-79","70-79","60-69","80-89","60-69","80-89","50-59","70-79","70-79","60-69","80-89","60-69","80-89","70-79","50-59","70-79","60-69","60-69","80-89","60-69","80-89","60-69","70-79","50-59"],"SERIES_NAME":["FEMALE","MALE","MALE","FEMALE","FEMALE","MALE","MALE","FEMALE","MALE","MALE","MALE","FEMALE","FEMALE","MALE","MALE","MALE","FEMALE","FEMALE","MALE","FEMALE","MALE","FEMALE","FEMALE","MALE","FEMALE","MALE","FEMALE","MALE","MALE","FEMALE","MALE","MALE","FEMALE","MALE","MALE","FEMALE","FEMALE","MALE","FEMALE","MALE","FEMALE","FEMALE","FEMALE","MALE","MALE","MALE","FEMALE","MALE","FEMALE","FEMALE","MALE","MALE","MALE","FEMALE","FEMALE","MALE","FEMALE","FEMALE","MALE","MALE","FEMALE","MALE","FEMALE"],"X_CALENDAR_YEAR":[2004,2004,2004,2004,2004,2004,2005,2005,2005,2006,2006,2006,2006,2006,2006,2006,2006,2007,2007,2007,2007,2007,2007,2008,2008,2008,2008,2009,2009,2009,2009,2009,2009,2010,2010,2010,2010,2010,2010,2011,2011,2011,2011,2011,2011,2012,2012,2012,2012,2012,2012,2012,2013,2013,2013,2013,2013,2013,2014,2014,2014,2014,2014],"Y_PREVALENCE_1000PP":[0.728,0.58207,0.80128,0.62583,1.00925,1.13615,1.43719,0.39209,1.72824,0.93464,1.7248,1.13823,0.35218,0.69547,0.63364,0.35545,0.48293,0.8287,0.61211,0.33017,0.89745,1.07117,0.43107,0.5144,0.36033,1.26074,0.77695,1.60256,0.60188,0.63155,0.34539,1.01634,0.473,0.57825,1.84871,0.95582,0.50306,0.90888,0.94032,0.67009,0.49514,0.33194,1.14775,0.46432,1.49276,0.40781,0.42853,1.27446,0.2948,0.74675,0.583,1.49142,0.96547,0.2674,0.72931,0.80481,0.25871,0.77631,0.9611,2.22505,0.68009,1.0165,0.3347]},"PREVALENCE_BY_MONTH":{"X_CALENDAR_MONTH":["201305","200701","201105","200704","200512","200907","201006","200810","200710","201303","200902","201302","201202","200905","200908","200803","201209","201009","200611","201410","201003","201306","201309","200705","200911","200608","201404","200702","200510","200605","201407","200609","201204","201007","200612","200606","201008","201005","201210","201001","201011","200403","200406","200802","200401","201004","200610","200809","200703","201203","200808","201403","201304","201307","201110","200709","200712","201505","201412","200410","201112","201107","201310","201501","200912","201104","200509","200804","200807","200409","201411","200412","200505","200711","201408","201106","200607","200503","201208","201211","201312","201301","201402","201103","200906","200909","200708"],"Y_PREVALENCE_1000PP":[0.04,0.03155,0.0254,0.03096,0.02369,0.01869,0.03101,0.03801,0.03315,0.02503,0.01882,0.02485,0.02634,0.04357,0.02805,0.01949,0.03778,0.02806,0.02843,0.05276,0.02784,0.02211,0.02292,0.0341,0.02174,0.02909,0.02573,0.02095,0.03636,0.02603,0.05157,0.04696,0.04319,0.02174,0.02478,0.02952,0.02489,0.04651,0.02414,0.02174,0.02501,0.05919,0.04791,0.01959,0.19852,0.03097,0.03575,0.0223,0.0449,0.03957,0.02881,0.04193,0.03243,0.02233,0.02595,0.02678,0.03629,0.09773,0.05992,0.03257,0.02616,0.01925,0.02702,0.06526,0.01863,0.02216,0.02871,0.02589,0.01922,0.05148,0.0396,0.03515,0.03956,0.02314,0.0487,0.01914,0.03669,0.03685,0.02045,0.03125,0.03594,0.04565,0.04144,0.02832,0.03422,0.03734,0.02018]},"LENGTH_OF_ERA":{"CATEGORY":"Length of era","MIN_VALUE":1,"P10_VALUE":1,"P25_VALUE":1,"MEDIAN_VALUE":1,"P75_VALUE":1,"P90_VALUE":1,"MAX_VALUE":212},"AGE_AT_FIRST_DIAGNOSIS":{"CATEGORY":["MALE","FEMALE"],"MIN_VALUE":[10,1],"P10_VALUE":[47,46],"P25_VALUE":[59,59],"MEDIAN_VALUE":[69,69],"P75_VALUE":[78,79],"P90_VALUE":[83,87],"MAX_VALUE":[96,100]}}
