{"PREVALENCE_BY_GENDER_AGE_YEAR":{"TRELLIS_NAME":["50-59","50-59","50-59","40-49","50-59","60-69","50-59","60-69","50-59","50-59","70-79","60-69","60-69","70-79","40-49","50-59","50-59","70-79","60-69","60-69","60-69","50-59","50-59","70-79","50-59","40-49","50-59","60-69","60-69","50-59","50-59","60-69","60-69","50-59","70-79","50-59","70-79","60-69","60-69","60-69","60-69","70-79","50-59","50-59","50-59","60-69","60-69"],"SERIES_NAME":["FEMALE","MALE","MALE","MALE","MALE","MALE","MALE","MALE","MALE","FEMALE","MALE","FEMALE","MALE","FEMALE","MALE","MALE","FEMALE","MALE","FEMALE","FEMALE","MALE","FEMALE","MALE","FEMALE","FEMALE","MALE","MALE","FEMALE","MALE","MALE","FEMALE","FEMALE","MALE","MALE","MALE","FEMALE","FEMALE","FEMALE","MALE","MALE","FEMALE","FEMALE","MALE","FEMALE","FEMALE","FEMALE","MALE"],"X_CALENDAR_YEAR":[2004,2004,2005,2006,2006,2006,2007,2008,2008,2008,2008,2008,2009,2009,2009,2009,2009,2009,2009,2010,2010,2010,2010,2010,2011,2011,2011,2011,2011,2012,2012,2012,2012,2013,2013,2013,2013,2013,2013,2014,2014,2014,2014,2014,2015,2015,2015],"Y_PREVALENCE_1000PP":[0.30378,0.99784,0.77958,0.35545,0.57604,0.46732,1.22739,0.57156,1.61469,0.55759,0.70916,0.31529,0.87547,0.37893,0.37507,1.97365,0.44437,0.46908,0.43,0.41922,0.99879,0.41069,1.26226,0.37613,0.55852,0.50847,1.47449,0.4979,1.18661,1.0705,0.32822,0.71594,1.69599,1.86706,0.59413,0.382,0.60775,0.73301,0.96577,1.80914,0.8161,0.83704,0.87627,0.62756,0.5149,1.04579,1.52207]},"PREVALENCE_BY_MONTH":{"X_CALENDAR_MONTH":["201309","200903","200508","201112","201504","201109","201501","201306","201106","200809","201001","201312","200711","201401","200911","201210","201207","200807","201204","200606","200806","201404","201010","201202","201407","201402","201003","200801","200907","200812","201012","201410","201408","201102","200908","201108","201105","201111","201205","201103","200804","201411","200905","201104","201311","201503","201101","201201","200902","200710","201310","200912","201303","200909","200906","201006","201002","201301","201211","201307","201403","201304","201208","201005","201406","200802","201209","200808","201409","201412","201212","201011","201308","200811","201008","201206","200910","201305","201502","201107","201203","200901","201302","201110","201505","200904"],"Y_PREVALENCE_1000PP":[0.03438,0.04058,0.02915,0.03925,0.05895,0.02914,0.09789,0.06633,0.03509,0.01911,0.03105,0.04792,0.03966,0.0406,0.02484,0.04139,0.03052,0.03845,0.02658,0.02952,0.03863,0.04718,0.03118,0.03293,0.04689,0.04144,0.04331,0.01964,0.01869,0.04412,0.0251,0.07387,0.06332,0.03153,0.02805,0.02898,0.04127,0.04232,0.03003,0.02832,0.02266,0.07354,0.03112,0.0285,0.03538,0.11248,0.04403,0.03936,0.03137,0.03315,0.03088,0.03415,0.0429,0.03111,0.03111,0.03721,0.03107,0.05969,0.04861,0.04466,0.04193,0.04684,0.02045,0.03411,0.06351,0.03591,0.03778,0.05122,0.04543,0.05992,0.04543,0.02501,0.04148,0.01899,0.03422,0.04376,0.04036,0.02546,0.08651,0.03209,0.03957,0.04398,0.0284,0.03568,0.19546,0.03121]},"LENGTH_OF_ERA":{"CATEGORY":"Length of era","MIN_VALUE":1,"P10_VALUE":1,"P25_VALUE":1,"MEDIAN_VALUE":1,"P75_VALUE":1,"P90_VALUE":1,"MAX_VALUE":89},"AGE_AT_FIRST_DIAGNOSIS":{"CATEGORY":["MALE","FEMALE"],"MIN_VALUE":[18,11],"P10_VALUE":[49,49],"P25_VALUE":[53,55],"MEDIAN_VALUE":[58,61],"P75_VALUE":[64,68],"P90_VALUE":[70,76],"MAX_VALUE":[87,89]}}
