{"PREVALENCE_BY_GENDER_AGE_YEAR":{"TRELLIS_NAME":["30-39","40-49","20-29","60-69","30-39","40-49","50-59","30-39","50-59","60-69","40-49"],"SERIES_NAME":["FEMALE","FEMALE","FEMALE","FEMALE","FEMALE","FEMALE","FEMALE","FEMALE","FEMALE","FEMALE","FEMALE"],"X_CALENDAR_YEAR":[2009,2009,2010,2010,2010,2010,2010,2011,2011,2011,2011],"Y_PREVALENCE_1000PP":[0.18259,0.25719,0.22505,0.29345,0.49882,1.16388,0.37647,0.35447,0.38398,0.37343,0.40486]},"PREVALENCE_BY_MONTH":{"X_CALENDAR_MONTH":["201001","200910","201004","201102","200602","201003","201110","201009","201010","201107","201103","200912","201104","201101","201002","201008","201005"],"Y_PREVALENCE_1000PP":[0.02795,0.03105,0.04646,0.02207,0.02313,0.04641,0.01946,0.02494,0.03742,0.01925,0.02517,0.02484,0.02216,0.02516,0.02797,0.02178,0.02481]},"LENGTH_OF_ERA":{"CATEGORY":"Length of era","MIN_VALUE":1,"P10_VALUE":1,"P25_VALUE":1,"MEDIAN_VALUE":1,"P75_VALUE":1,"P90_VALUE":1,"MAX_VALUE":168},"AGE_AT_FIRST_DIAGNOSIS":{"CATEGORY":["FEMALE","MALE"],"MIN_VALUE":[1,0],"P10_VALUE":[23,3],"P25_VALUE":[34,25],"MEDIAN_VALUE":[45,61],"P75_VALUE":[57,75],"P90_VALUE":[70,84],"MAX_VALUE":[94,91]}}
