{"PREVALENCE_BY_GENDER_AGE_YEAR":{"TRELLIS_NAME":["80-89","20-29","70-79","70-79","20-29","30-39","80-89","80-89","80-89","70-79","50-59","50-59","20-29","50-59","50-59","70-79","20-29","80-89","60-69","30-39","30-39","40-49","50-59","70-79","70-79","10-19","60-69","0-9","20-29","80-89","90-99","80-89","20-29","60-69","70-79","50-59","10-19","40-49","70-79","30-39","60-69","60-69","90-99","80-89","80-89","20-29","30-39","30-39","60-69","80-89","20-29","0-9","80-89","60-69","70-79","40-49","70-79","50-59","50-59","40-49","30-39","30-39","50-59","50-59","70-79","40-49","60-69","70-79","20-29"],"SERIES_NAME":["MALE","MALE","MALE","MALE","FEMALE","FEMALE","FEMALE","MALE","FEMALE","MALE","MALE","FEMALE","MALE","FEMALE","MALE","MALE","FEMALE","MALE","MALE","FEMALE","MALE","FEMALE","FEMALE","FEMALE","MALE","FEMALE","FEMALE","MALE","MALE","MALE","FEMALE","FEMALE","FEMALE","MALE","MALE","MALE","FEMALE","FEMALE","FEMALE","FEMALE","FEMALE","MALE","FEMALE","FEMALE","MALE","FEMALE","FEMALE","MALE","MALE","MALE","FEMALE","MALE","FEMALE","FEMALE","FEMALE","MALE","MALE","MALE","FEMALE","FEMALE","MALE","FEMALE","FEMALE","MALE","FEMALE","FEMALE","FEMALE","MALE","FEMALE"],"X_CALENDAR_YEAR":[2004,2004,2004,2005,2007,2007,2008,2010,2010,2010,2010,2010,2011,2011,2011,2011,2011,2011,2011,2012,2012,2012,2012,2012,2012,2012,2012,2012,2012,2012,2012,2012,2012,2012,2013,2013,2013,2013,2013,2013,2013,2013,2013,2013,2013,2013,2014,2014,2014,2014,2014,2014,2014,2014,2014,2014,2014,2014,2014,2014,2015,2015,2015,2015,2015,2015,2015,2015,2015],"Y_PREVALENCE_1000PP":[1.62999,0.55981,0.91575,0.86232,0.1902,0.25685,0.78608,0.92436,0.74342,0.60592,0.29129,0.20535,0.30193,0.20945,0.44235,0.52118,0.23537,1.34348,0.41273,0.46999,0.37456,0.32247,0.29175,0.55096,0.59975,0.26082,0.5896,0.24938,0.30888,0.89485,2.69179,1.38681,0.33296,0.53,0.6684,0.74683,0.51265,0.38855,0.97241,0.65149,0.60366,0.42923,2.53807,1.66352,1.05469,0.50062,0.80597,0.79687,0.7915,1.90718,0.59622,0.28923,1.04956,0.77077,0.96581,0.88948,1.09469,0.70102,0.54389,0.57527,1.02745,0.69979,0.58845,0.86263,0.82962,0.57143,0.74699,0.90791,0.63064]},"PREVALENCE_BY_MONTH":{"X_CALENDAR_MONTH":["200406","201309","200403","201312","200801","201204","201402","201201","201405","201408","201203","201410","201209","201110","201206","200903","201407","201503","200605","201412","201504","201109","200512","200505","201111","201202","201106","201012","201208","201307","201205","201105","201011","201112","201411","201304","201401","200408","201409","200611","200405","201404","201406","201311","201301","200402","201305","201308","201101","201104","201502","201107","201310","201009","200709","201302","201211","201505","201002","201005","200710","201403","201306","200905","201207","201303","201001","201103","201501","201212","201210","200910"],"Y_PREVALENCE_1000PP":[0.04107,0.0382,0.07892,0.09186,0.02619,0.03654,0.03315,0.05247,0.03081,0.09254,0.02638,0.12135,0.04465,0.03244,0.03703,0.02497,0.09846,0.20085,0.02603,0.13782,0.24563,0.03237,0.02764,0.03516,0.03581,0.03622,0.02871,0.01882,0.03749,0.04838,0.05338,0.01905,0.02813,0.04906,0.11879,0.03963,0.06902,0.03626,0.09591,0.02487,0.0528,0.06863,0.05898,0.09042,0.05969,0.13063,0.05455,0.06411,0.02202,0.02216,0.12977,0.02246,0.07333,0.04052,0.02009,0.03195,0.06597,0.26527,0.01864,0.02481,0.05303,0.10482,0.05159,0.02489,0.06444,0.05363,0.02795,0.02203,0.14358,0.03844,0.02759,0.02484]},"LENGTH_OF_ERA":{"CATEGORY":"Length of era","MIN_VALUE":1,"P10_VALUE":1,"P25_VALUE":1,"MEDIAN_VALUE":1,"P75_VALUE":1,"P90_VALUE":1,"MAX_VALUE":44},"AGE_AT_FIRST_DIAGNOSIS":{"CATEGORY":["FEMALE","MALE"],"MIN_VALUE":[0,0],"P10_VALUE":[21,20],"P25_VALUE":[31,36],"MEDIAN_VALUE":[50,59],"P75_VALUE":[74,74],"P90_VALUE":[87,83],"MAX_VALUE":[100,96]}}
