{"PREVALENCE_BY_GENDER_AGE_YEAR":{"TRELLIS_NAME":["20-29","20-29","20-29","10-19","50-59","40-49","10-19","20-29","10-19","50-59","40-49","30-39","20-29","10-19","20-29","30-39","10-19","40-49","20-29","40-49","20-29","60-69","50-59","30-39","20-29","10-19","30-39","40-49","30-39","20-29","50-59","10-19","10-19","40-49","30-39","20-29","20-29","30-39"],"SERIES_NAME":["FEMALE","FEMALE","FEMALE","FEMALE","FEMALE","FEMALE","FEMALE","FEMALE","FEMALE","FEMALE","FEMALE","FEMALE","FEMALE","FEMALE","FEMALE","FEMALE","FEMALE","FEMALE","FEMALE","FEMALE","FEMALE","MALE","FEMALE","FEMALE","FEMALE","FEMALE","FEMALE","FEMALE","FEMALE","FEMALE","FEMALE","FEMALE","FEMALE","FEMALE","FEMALE","FEMALE","FEMALE","FEMALE"],"X_CALENDAR_YEAR":[2004,2005,2006,2006,2006,2007,2007,2007,2008,2008,2008,2008,2008,2009,2009,2009,2010,2010,2010,2011,2011,2011,2011,2011,2012,2012,2012,2012,2013,2013,2013,2013,2014,2014,2014,2014,2015,2015],"Y_PREVALENCE_1000PP":[0.38583,0.2523,0.20172,0.2711,0.22242,0.20051,0.38217,0.35323,0.33047,0.2091,0.32388,0.24153,0.25691,0.28573,0.37012,0.23475,0.37503,0.22631,0.25006,0.20243,0.20922,0.30955,0.20945,0.38174,0.22198,0.39124,0.3525,0.21498,0.34125,0.58896,0.382,0.55926,0.48559,0.39827,0.49059,0.52998,0.50451,0.44532]},"PREVALENCE_BY_MONTH":{"X_CALENDAR_MONTH":["201412","200811","201203","201406","201305","201409","201212","201209","201302","200805","200910","201312","201309","201012","200804","200708","201110","200801","200611","201405","200411","201505","201408","200711","201103","201104","201407","200405","200803","201306","201303","201401","201009","201311","201308","200707","201404","201006","201105","201204","200806","201411","201207","201210","201201","200403","200812","200609","200504","201310","200902","201111","200706","201304","201206","200912","200709","200810","201008","200903","201208","200607","201005","201205","201112","201301","201307","201403","201504","200404","201211"],"Y_PREVALENCE_1000PP":[0.04194,0.02216,0.02308,0.03176,0.03637,0.05048,0.03145,0.02061,0.0213,0.0355,0.02794,0.03594,0.0382,0.02196,0.02266,0.03363,0.02271,0.02946,0.02132,0.04841,0.03121,0.11169,0.05358,0.02314,0.02517,0.019,0.03751,0.06035,0.02273,0.02211,0.0286,0.04872,0.02182,0.03145,0.03771,0.02029,0.03431,0.0186,0.01905,0.02658,0.02575,0.0396,0.02713,0.03104,0.02624,0.06905,0.01891,0.02167,0.02699,0.05017,0.01882,0.01953,0.03056,0.02522,0.0303,0.02484,0.03013,0.01901,0.01866,0.03121,0.03408,0.03303,0.02481,0.02669,0.02943,0.04916,0.03721,0.04193,0.1572,0.05933,0.02431]},"LENGTH_OF_ERA":{"CATEGORY":"Length of era","MIN_VALUE":1,"P10_VALUE":1,"P25_VALUE":1,"MEDIAN_VALUE":1,"P75_VALUE":1,"P90_VALUE":17,"MAX_VALUE":101},"AGE_AT_FIRST_DIAGNOSIS":{"CATEGORY":["FEMALE","MALE"],"MIN_VALUE":[1,0],"P10_VALUE":[15,7],"P25_VALUE":[20,16],"MEDIAN_VALUE":[31,40],"P75_VALUE":[46,62],"P90_VALUE":[62,75],"MAX_VALUE":[96,93]}}
