{"PREVALENCE_BY_GENDER_AGE_YEAR":{"TRELLIS_NAME":["0-9","0-9","10-19","0-9","0-9","0-9","10-19","0-9","0-9","10-19","0-9","0-9","0-9","0-9","0-9","0-9","0-9","0-9","0-9","0-9","0-9","10-19","0-9","10-19","0-9","10-19","0-9","0-9","0-9","0-9"],"SERIES_NAME":["FEMALE","MALE","MALE","MALE","FEMALE","FEMALE","FEMALE","MALE","MALE","FEMALE","FEMALE","FEMALE","MALE","FEMALE","MALE","MALE","FEMALE","MALE","FEMALE","MALE","FEMALE","FEMALE","FEMALE","FEMALE","MALE","FEMALE","FEMALE","MALE","FEMALE","MALE"],"X_CALENDAR_YEAR":[2004,2004,2005,2005,2005,2006,2006,2006,2007,2007,2007,2008,2008,2009,2009,2010,2010,2011,2011,2012,2012,2012,2013,2013,2013,2014,2014,2014,2015,2015],"Y_PREVALENCE_1000PP":[1.10485,0.28816,0.39989,0.37245,0.65399,0.5602,0.2711,0.26599,0.39156,0.25478,0.48432,0.65617,0.27557,0.83758,0.4763,0.41041,0.73778,0.45298,0.5507,0.49875,0.56196,0.34777,0.71594,0.32623,0.71041,0.5935,0.97556,0.8677,0.83022,0.94939]},"PREVALENCE_BY_MONTH":{"X_CALENDAR_MONTH":["201407","200710","201412","201503","201403","200802","201108","201201","200411","200410","201410","201409","200806","201310","200506","200503","201008","201307","201101","200901","201110","200610","200404","201107","200509","201009","200911","201404","200407","200707","200803","201303","201305","201312","201308","200501","200708","200502","200709","201106","201001","201408","200807","201105","200801","201007","200804","201010","200505","201209","200608","200906","201208","201302","201501","200601","200508","201411","201504","200907"],"Y_PREVALENCE_1000PP":[0.05157,0.01989,0.04794,0.07231,0.03354,0.02285,0.01932,0.01968,0.04681,0.038,0.04748,0.04543,0.01931,0.03088,0.03875,0.02763,0.01866,0.03721,0.01887,0.01885,0.01946,0.02503,0.05933,0.01925,0.02461,0.02494,0.02174,0.03431,0.04487,0.03381,0.02273,0.03218,0.03273,0.02796,0.04526,0.02921,0.04372,0.03325,0.02344,0.02233,0.02795,0.03409,0.02243,0.02222,0.02292,0.01864,0.01942,0.02183,0.03077,0.02061,0.02182,0.01867,0.02045,0.0213,0.04568,0.02722,0.03331,0.05091,0.10808,0.01869]},"LENGTH_OF_ERA":{"CATEGORY":"Length of era","MIN_VALUE":1,"P10_VALUE":1,"P25_VALUE":1,"MEDIAN_VALUE":1,"P75_VALUE":1,"P90_VALUE":6,"MAX_VALUE":362},"AGE_AT_FIRST_DIAGNOSIS":{"CATEGORY":["MALE","FEMALE"],"MIN_VALUE":[0,0],"P10_VALUE":[0,0],"P25_VALUE":[1,1],"MEDIAN_VALUE":[7,7],"P75_VALUE":[43,21],"P90_VALUE":[76,72],"MAX_VALUE":[106,93]}}
