{"PREVALENCE_BY_GENDER_AGE_YEAR":{"TRELLIS_NAME":["10-19","10-19","50-59","40-49","20-29","20-29","30-39","10-19","10-19","30-39","20-29","20-29","20-29","10-19","30-39","10-19","40-49","50-59","10-19","10-19","50-59","40-49","20-29","20-29","60-69","10-19","10-19","0-9","50-59","40-49","50-59","20-29","10-19","50-59","50-59","10-19","0-9","60-69","60-69","20-29","20-29","50-59","10-19","10-19","40-49","20-29","20-29","10-19","10-19","20-29","20-29","20-29","10-19","10-19","30-39","20-29","20-29","30-39","10-19","10-19","10-19","0-9","10-19","20-29","20-29","10-19","20-29","20-29","10-19"],"SERIES_NAME":["FEMALE","MALE","FEMALE","FEMALE","MALE","FEMALE","MALE","MALE","FEMALE","FEMALE","FEMALE","FEMALE","MALE","MALE","MALE","FEMALE","FEMALE","FEMALE","MALE","FEMALE","FEMALE","FEMALE","MALE","FEMALE","FEMALE","MALE","FEMALE","FEMALE","MALE","FEMALE","FEMALE","FEMALE","FEMALE","MALE","FEMALE","MALE","FEMALE","FEMALE","MALE","FEMALE","MALE","FEMALE","MALE","FEMALE","FEMALE","MALE","FEMALE","FEMALE","MALE","MALE","MALE","FEMALE","MALE","FEMALE","FEMALE","MALE","FEMALE","MALE","MALE","FEMALE","FEMALE","FEMALE","MALE","FEMALE","MALE","MALE","MALE","FEMALE","FEMALE"],"X_CALENDAR_YEAR":[2004,2004,2004,2004,2004,2004,2005,2005,2005,2005,2005,2006,2006,2006,2006,2006,2006,2006,2007,2007,2007,2007,2007,2007,2008,2008,2008,2008,2008,2008,2008,2008,2009,2009,2009,2009,2009,2009,2009,2009,2009,2010,2010,2010,2010,2010,2010,2011,2011,2011,2012,2012,2012,2012,2012,2013,2013,2013,2013,2013,2014,2014,2014,2014,2014,2015,2015,2015,2015],"Y_PREVALENCE_1000PP":[0.97188,1.68397,0.55693,0.3695,0.55981,0.30867,0.60441,1.31391,0.40451,0.19443,0.18923,0.23053,0.37117,1.37146,0.54411,0.85849,0.41035,0.48191,0.80068,0.55202,0.6466,0.26734,0.3917,0.24455,0.45041,0.63816,0.57832,0.23159,0.30276,0.19433,0.38334,0.17984,0.77554,0.39473,0.27346,0.5801,0.30458,0.344,0.3283,0.14805,0.56137,0.23957,0.68036,0.58338,0.25864,0.40167,0.22505,0.77184,0.55586,0.40258,0.82368,0.16648,0.56657,0.99983,0.17625,0.70934,0.29448,0.45457,0.76119,1.35154,2.21215,0.27873,0.93974,0.39748,0.86897,0.97403,0.76668,0.37838,1.71559]},"PREVALENCE_BY_MONTH":{"X_CALENDAR_MONTH":["200908","201008","200401","201502","201107","201403","200407","200706","201005","200402","200501","201310","201002","201306","200710","200503","201404","201303","201011","200405","200610","201409","201105","201101","201401","201009","200805","200712","200709","200702","201006","200812","200912","201307","200703","201012","200905","200704","201207","200408","201407","200411","200603","201304","200510","201311","201004","200803","201111","201001","200504","200508","201208","201308","200604","201211","200607","200707","200811","201108","200507","200509","201503","200808","200506","201412","200902","201203","201505","200901","201110","200909","201410","200711","200806","200809","200906","201504","201109","201106","201201","200903","201301","201204","200511","201112","201202","200606","201210","201405","200611","200807","200601","200804","200502","200801","201312","200810","200608","200412","201411","201010","201406","201501","200409","200406","200708","201402","201408","201205","200410","201003","200705","200802","200701","201209","201206","201212","201007","200910","200911","200907","200605","200602","200904","201104","200403","201309","201302","200512","201305","200612","200609"],"Y_PREVALENCE_1000PP":[0.03117,0.03733,0.53601,0.12256,0.04171,0.08805,0.07692,0.04075,0.02481,0.07838,0.05841,0.08491,0.04039,0.02579,0.04309,0.05527,0.04289,0.03575,0.02188,0.04526,0.0429,0.1161,0.0381,0.03145,0.05278,0.03117,0.04519,0.04619,0.05692,0.02794,0.03101,0.02837,0.04347,0.08559,0.02418,0.03137,0.02178,0.03784,0.0407,0.03626,0.06095,0.04681,0.07967,0.05765,0.05253,0.02752,0.04026,0.04222,0.03256,0.01863,0.04049,0.04996,0.03067,0.05657,0.06028,0.06945,0.03303,0.04057,0.04432,0.02898,0.05092,0.06563,0.18478,0.05443,0.02583,0.08389,0.03451,0.02308,0.19546,0.04084,0.03893,0.03423,0.09497,0.04297,0.03219,0.03504,0.03422,0.13755,0.05503,0.02233,0.03936,0.06867,0.04916,0.03322,0.04785,0.0327,0.03293,0.02952,0.03104,0.07482,0.03908,0.05126,0.06611,0.02589,0.04275,0.04256,0.04792,0.03484,0.06182,0.08034,0.07354,0.03742,0.02722,0.09137,0.05148,0.09583,0.05717,0.05801,0.0828,0.04337,0.08686,0.03403,0.06478,0.02612,0.04207,0.02061,0.04376,0.04194,0.03728,0.04036,0.03416,0.05607,0.05207,0.04627,0.03745,0.02533,0.11838,0.04584,0.0213,0.02764,0.03637,0.05663,0.04335]},"LENGTH_OF_ERA":{"CATEGORY":"Length of era","MIN_VALUE":1,"P10_VALUE":1,"P25_VALUE":1,"MEDIAN_VALUE":6,"P75_VALUE":36,"P90_VALUE":141,"MAX_VALUE":1201},"AGE_AT_FIRST_DIAGNOSIS":{"CATEGORY":["MALE","FEMALE"],"MIN_VALUE":[5,0],"P10_VALUE":[10,10],"P25_VALUE":[14,14],"MEDIAN_VALUE":[19,21],"P75_VALUE":[37,44],"P90_VALUE":[56,54],"MAX_VALUE":[85,86]}}
