{"PREVALENCE_BY_GENDER_AGE_YEAR":{"TRELLIS_NAME":["50-59","60-69","50-59","60-69","50-59","60-69","60-69","60-69","60-69"],"SERIES_NAME":["MALE","MALE","MALE","MALE","MALE","MALE","MALE","MALE","MALE"],"X_CALENDAR_YEAR":[2007,2008,2009,2009,2010,2010,2011,2012,2015],"Y_PREVALENCE_1000PP":[0.32019,0.34294,0.29605,0.43773,0.38839,0.47311,0.56751,0.424,0.57078]},"PREVALENCE_BY_MONTH":{"X_CALENDAR_MONTH":["200809","201106","201005","201109","200909","201107","200901","200604","201108","201103","200705"],"Y_PREVALENCE_1000PP":[0.01911,0.02552,0.02171,0.02266,0.01867,0.01925,0.02199,0.02637,0.01932,0.01888,0.02387]},"LENGTH_OF_ERA":{"CATEGORY":"Length of era","MIN_VALUE":1,"P10_VALUE":1,"P25_VALUE":1,"MEDIAN_VALUE":1,"P75_VALUE":19,"P90_VALUE":73,"MAX_VALUE":332},"AGE_AT_FIRST_DIAGNOSIS":{"CATEGORY":["FEMALE","MALE"],"MIN_VALUE":[1,0],"P10_VALUE":[45,47],"P25_VALUE":[54,56],"MEDIAN_VALUE":[65,65],"P75_VALUE":[73,71],"P90_VALUE":[82,79],"MAX_VALUE":[90,89]}}
