{"PREVALENCE_BY_GENDER_AGE_YEAR":{"TRELLIS_NAME":["0-9","0-9","0-9","0-9","0-9","0-9","0-9","0-9","0-9","0-9","0-9","0-9"],"SERIES_NAME":["FEMALE","MALE","MALE","FEMALE","MALE","FEMALE","MALE","FEMALE","FEMALE","MALE","MALE","FEMALE"],"X_CALENDAR_YEAR":[2010,2010,2011,2011,2012,2012,2013,2013,2014,2014,2015,2015],"Y_PREVALENCE_1000PP":[0.58246,0.58142,0.76658,1.25875,1.14001,1.52531,1.38344,1.22131,1.76531,1.3222,1.53363,1.32835]},"PREVALENCE_BY_MONTH":{"X_CALENDAR_MONTH":["201209","201206","201212","201207","201306","201504","201410","201210","201401","201407","201503","201108","201406","201308","201412","201111","201102","201404","201311","201307","201310","201505","201408","201002","201312","201411","201205","201208","201305","201112"],"Y_PREVALENCE_1000PP":[0.02404,0.02356,0.03844,0.03052,0.02579,0.09825,0.05276,0.02759,0.03248,0.03282,0.10444,0.02254,0.05444,0.0264,0.03595,0.02279,0.02207,0.02573,0.02752,0.02605,0.02316,0.08377,0.02922,0.01864,0.03195,0.05657,0.02002,0.03749,0.02909,0.03597]},"LENGTH_OF_ERA":{"CATEGORY":"Length of era","MIN_VALUE":1,"P10_VALUE":1,"P25_VALUE":1,"MEDIAN_VALUE":1,"P75_VALUE":1,"P90_VALUE":1,"MAX_VALUE":29},"AGE_AT_FIRST_DIAGNOSIS":{"CATEGORY":["MALE","FEMALE"],"MIN_VALUE":[0,0],"P10_VALUE":[0,0],"P25_VALUE":[0,0],"MEDIAN_VALUE":[0,0],"P75_VALUE":[1,0],"P90_VALUE":[1,1],"MAX_VALUE":[57,3]}}
