{"PREVALENCE_BY_GENDER_AGE_YEAR":{"TRELLIS_NAME":["80-89","70-79","50-59","60-69","60-69","70-79","50-59","50-59","70-79","60-69","60-69","80-89","80-89","60-69","60-69","70-79","70-79","60-69","80-89","60-69","50-59","70-79","50-59","60-69","80-89","70-79","50-59","60-69","60-69","60-69","80-89","50-59","70-79","70-79","60-69","80-89","60-69","80-89","50-59","70-79","60-69","80-89","60-69","70-79","50-59"],"SERIES_NAME":["FEMALE","FEMALE","MALE","MALE","FEMALE","FEMALE","MALE","MALE","FEMALE","MALE","FEMALE","FEMALE","FEMALE","MALE","FEMALE","FEMALE","MALE","MALE","FEMALE","FEMALE","MALE","FEMALE","FEMALE","MALE","FEMALE","FEMALE","FEMALE","FEMALE","FEMALE","MALE","MALE","MALE","FEMALE","MALE","FEMALE","FEMALE","MALE","MALE","FEMALE","MALE","FEMALE","FEMALE","MALE","FEMALE","FEMALE"],"X_CALENDAR_YEAR":[2004,2004,2004,2005,2005,2005,2005,2006,2006,2006,2006,2006,2007,2007,2007,2007,2007,2008,2008,2008,2008,2008,2008,2009,2009,2009,2009,2009,2010,2010,2010,2011,2011,2011,2011,2011,2011,2011,2011,2012,2012,2012,2012,2012,2012],"Y_PREVALENCE_1000PP":[1.17746,0.637,0.49892,0.68881,0.61614,0.75758,0.58468,0.34562,0.55191,0.46732,0.30187,0.88529,1.06547,0.36726,0.47168,0.60253,0.5711,0.45725,0.89837,0.45041,0.30276,0.51797,0.24394,0.38302,0.97171,0.75786,0.20509,0.43,0.3773,0.47311,0.92436,0.3932,0.55703,0.52118,0.41492,1.46077,0.77387,0.89566,0.27926,1.04955,0.42114,1.28014,0.689,0.73462,0.25528]},"PREVALENCE_BY_MONTH":{"X_CALENDAR_MONTH":["201107","201101","200805","200404","200706","200812","200802","200712","200703","201011","200512","200910","201204","201210","200603","200607","201211","200908","201005","201002","201207","200610","200401","200506","201111","200510","200907","200904","200507","200901","200803","200509","200808","201201","200411","200811","201206","201110","201203","200608","200504","200605","200602","201209","200501","200704","201012","200609","201105","200702","201102","201004","200902","201108","200911","201003","200611","200402","200906","201205","201202","201208","200511","200601","200807","201104","200804","201109","200810","200708","200508","200505","200503","201106","200801","201010","200705","200502","200406","200711","201103","201007"],"Y_PREVALENCE_1000PP":[0.03209,0.02831,0.01937,0.07628,0.03736,0.01891,0.02285,0.0231,0.038,0.01875,0.03159,0.02173,0.05647,0.04139,0.02656,0.02569,0.02083,0.04987,0.0186,0.02486,0.0407,0.02145,0.15882,0.03014,0.03581,0.02828,0.01869,0.01872,0.03819,0.02199,0.02273,0.04102,0.02561,0.02624,0.04161,0.03166,0.04713,0.04866,0.04946,0.03273,0.04499,0.02603,0.02313,0.04465,0.04381,0.03784,0.02196,0.0289,0.04444,0.02445,0.03783,0.02478,0.01882,0.02576,0.02484,0.01856,0.03553,0.09144,0.03422,0.04671,0.02305,0.04771,0.03988,0.03111,0.03204,0.038,0.02913,0.0259,0.04752,0.02018,0.03331,0.03077,0.02763,0.03828,0.02292,0.01871,0.02387,0.0285,0.04107,0.03636,0.04406,0.02485]},"LENGTH_OF_ERA":{"CATEGORY":"Length of era","MIN_VALUE":1,"P10_VALUE":1,"P25_VALUE":1,"MEDIAN_VALUE":1,"P75_VALUE":1,"P90_VALUE":13,"MAX_VALUE":86},"AGE_AT_FIRST_DIAGNOSIS":{"CATEGORY":["FEMALE","MALE"],"MIN_VALUE":[0,0],"P10_VALUE":[39,23],"P25_VALUE":[55,50],"MEDIAN_VALUE":[67,63],"P75_VALUE":[79,73],"P90_VALUE":[84,81],"MAX_VALUE":[96,95]}}
