{"PREVALENCE_BY_GENDER_AGE_YEAR":{"TRELLIS_NAME":["70-79","70-79","80-89","70-79","80-89","70-79","70-79","80-89","80-89","80-89","80-89","60-69","70-79"],"SERIES_NAME":["FEMALE","MALE","FEMALE","MALE","FEMALE","MALE","FEMALE","MALE","FEMALE","MALE","FEMALE","FEMALE","FEMALE"],"X_CALENDAR_YEAR":[2010,2010,2011,2012,2012,2013,2013,2013,2013,2014,2014,2014,2014],"Y_PREVALENCE_1000PP":[0.37613,0.53018,0.93907,0.44981,0.85342,0.51987,0.36465,1.05469,0.99811,0.95359,0.81633,0.27203,0.45071]},"PREVALENCE_BY_MONTH":{"X_CALENDAR_MONTH":["201011","201412","201309","201210"],"Y_PREVALENCE_1000PP":[0.02188,0.05393,0.02292,0.02069]},"LENGTH_OF_ERA":{"CATEGORY":"Length of era","MIN_VALUE":1,"P10_VALUE":1,"P25_VALUE":1,"MEDIAN_VALUE":1,"P75_VALUE":1,"P90_VALUE":1,"MAX_VALUE":28},"AGE_AT_FIRST_DIAGNOSIS":{"CATEGORY":["FEMALE","MALE"],"MIN_VALUE":[33,15],"P10_VALUE":[65,65],"P25_VALUE":[71,71],"MEDIAN_VALUE":[78,77],"P75_VALUE":[84,83],"P90_VALUE":[87,88],"MAX_VALUE":[105,95]}}
