{"PREVALENCE_BY_GENDER_AGE_YEAR":{"TRELLIS_NAME":["70-79","50-59","70-79","80-89","60-69","60-69","90-99","80-89","80-89","50-59","50-59","70-79","60-69","80-89","60-69","80-89","70-79","50-59","70-79","90-99","60-69","80-89","60-69","80-89","50-59","70-79","70-79","60-69","80-89","60-69","80-89","70-79","40-49","70-79","80-89","90-99","80-89","70-79","50-59","70-79","80-89","60-69","60-69","80-89","60-69","80-89","80-89","60-69","50-59"],"SERIES_NAME":["MALE","MALE","FEMALE","FEMALE","MALE","MALE","FEMALE","FEMALE","MALE","MALE","FEMALE","MALE","FEMALE","MALE","MALE","FEMALE","FEMALE","MALE","MALE","FEMALE","FEMALE","FEMALE","MALE","MALE","MALE","FEMALE","MALE","FEMALE","FEMALE","MALE","MALE","FEMALE","MALE","MALE","FEMALE","FEMALE","MALE","MALE","MALE","FEMALE","MALE","FEMALE","MALE","FEMALE","MALE","MALE","FEMALE","FEMALE","MALE"],"X_CALENDAR_YEAR":[2007,2007,2007,2007,2007,2008,2008,2008,2008,2008,2008,2008,2008,2009,2009,2009,2009,2009,2009,2009,2009,2010,2010,2010,2010,2010,2011,2011,2011,2011,2011,2012,2012,2012,2012,2012,2012,2013,2013,2013,2013,2013,2013,2013,2014,2014,2014,2014,2014],"Y_PREVALENCE_1000PP":[0.89745,0.53365,0.46863,0.8287,0.36726,0.62872,3.59897,0.67378,1.00318,0.30276,0.24394,0.86676,0.36033,2.08333,0.6566,1.07968,0.5684,0.49341,1.1727,3,0.301,0.84962,0.42054,0.92436,0.38839,0.43882,0.59564,0.24895,0.83472,0.41273,1.04493,0.48975,0.35963,0.59975,1.06678,3.14042,0.89485,0.6684,0.42676,0.42543,0.90402,0.25871,0.64385,1.66352,0.45228,1.90718,0.69971,0.31737,0.75943]},"PREVALENCE_BY_MONTH":{"X_CALENDAR_MONTH":["201006","201209","201201","201410","200710","201311","201009","201107","201401","201105","200904","200906","201302","201503","200811","200805","200910","200909","201308","200711","201203","201405","201210","201408","200804","200908","201103","200903","201205","201309","201303","201207","201306","201304","200905","201204","200911","201504","200912","201407","201310","200803","200802","200709","201005","201202","200706"],"Y_PREVALENCE_1000PP":[0.0248,0.02748,0.01968,0.03693,0.0232,0.02359,0.02494,0.01925,0.0406,0.03175,0.03745,0.04044,0.0426,0.05624,0.01899,0.04519,0.01863,0.01867,0.03394,0.01983,0.01978,0.04401,0.03449,0.02922,0.02589,0.0187,0.03147,0.03121,0.02669,0.02292,0.02145,0.02035,0.02579,0.05044,0.02178,0.03986,0.04037,0.0786,0.02484,0.02813,0.02702,0.04547,0.01959,0.02678,0.03101,0.02963,0.02717]},"LENGTH_OF_ERA":{"CATEGORY":"Length of era","MIN_VALUE":1,"P10_VALUE":1,"P25_VALUE":1,"MEDIAN_VALUE":1,"P75_VALUE":1,"P90_VALUE":1,"MAX_VALUE":30},"AGE_AT_FIRST_DIAGNOSIS":{"CATEGORY":["FEMALE","MALE"],"MIN_VALUE":[25,25],"P10_VALUE":[55,45],"P25_VALUE":[67,55],"MEDIAN_VALUE":[78,66],"P75_VALUE":[86,78],"P90_VALUE":[92,86],"MAX_VALUE":[106,98]}}
