{"PREVALENCE_BY_GENDER_AGE_YEAR":{"TRELLIS_NAME":["40-49","50-59","40-49","30-39","20-29","20-29","60-69","60-69","40-49","50-59","10-19","0-9","40-49","50-59","70-79","10-19","80-89","60-69","40-49","50-59","10-19","70-79","40-49","0-9","70-79","50-59","30-39","30-39","20-29","60-69","80-89","20-29","60-69","0-9","10-19","70-79","0-9","20-29","60-69","20-29","80-89","30-39","30-39","50-59","50-59","40-49","10-19","70-79"],"SERIES_NAME":["FEMALE","FEMALE","FEMALE","FEMALE","MALE","FEMALE","FEMALE","MALE","MALE","MALE","FEMALE","MALE","FEMALE","FEMALE","FEMALE","MALE","FEMALE","FEMALE","FEMALE","FEMALE","FEMALE","FEMALE","MALE","FEMALE","MALE","MALE","FEMALE","MALE","MALE","MALE","MALE","FEMALE","FEMALE","MALE","MALE","MALE","FEMALE","MALE","MALE","FEMALE","FEMALE","FEMALE","MALE","FEMALE","MALE","FEMALE","FEMALE","FEMALE"],"X_CALENDAR_YEAR":[2010,2010,2011,2013,2013,2013,2013,2013,2013,2013,2013,2013,2013,2013,2013,2014,2014,2014,2014,2014,2014,2014,2014,2014,2014,2014,2014,2014,2014,2014,2014,2014,2015,2015,2015,2015,2015,2015,2015,2015,2015,2015,2015,2015,2015,2015,2015,2015],"Y_PREVALENCE_1000PP":[0.22631,0.27379,0.20243,0.31023,0.38195,0.35338,1.16419,0.32192,0.45252,0.90686,0.32623,0.22434,0.46625,0.764,1.15473,0.88101,3.03207,3.44577,1.59306,3.30516,0.75537,3.28376,1.63072,0.27873,3.12769,1.9278,0.9111,1.23153,1.24139,3.16599,3.01971,0.96058,2.16628,3.28635,2.5974,1.94553,4.06808,1.27779,1.6172,0.63064,1.29342,0.57256,0.88067,1.91247,1.94091,1.79592,2.19215,1.86664]},"PREVALENCE_BY_MONTH":{"X_CALENDAR_MONTH":["201310","201405","201006","201402","201401","201501","201012","201312","201403","201502","201011","201308","201306","201309","201104","201404","201302","201408","201505","201311","201504","201305","201307","201409","201304","201406","201506","201411","201410","201503","201412","201407"],"Y_PREVALENCE_1000PP":[0.18139,0.11443,0.0186,0.11602,0.04872,0.43725,0.02196,0.09984,0.13836,0.41815,0.01875,0.05657,0.05159,0.03438,0.04116,0.21446,0.0213,0.29223,1.04711,0.12973,0.53055,0.02182,0.04838,0.30288,0.02162,0.24952,0.48268,0.38466,0.49595,0.73111,0.43741,0.26725]},"LENGTH_OF_ERA":{"CATEGORY":"Length of era","MIN_VALUE":1,"P10_VALUE":1,"P25_VALUE":1,"MEDIAN_VALUE":1,"P75_VALUE":1,"P90_VALUE":1,"MAX_VALUE":92},"AGE_AT_FIRST_DIAGNOSIS":{"CATEGORY":["FEMALE","MALE"],"MIN_VALUE":[0,0],"P10_VALUE":[10,7],"P25_VALUE":[31,21],"MEDIAN_VALUE":[54,52],"P75_VALUE":[66,67],"P90_VALUE":[76,77],"MAX_VALUE":[97,93]}}
