{"PREVALENCE_BY_GENDER_AGE_YEAR":{"TRELLIS_NAME":["70-79","0-9","20-29","0-9","0-9","40-49","0-9","20-29","0-9","50-59","20-29","0-9","0-9","20-29","0-9","10-19","0-9","20-29","50-59","0-9","10-19","0-9","80-89","0-9","40-49","0-9","50-59","20-29","20-29","0-9","10-19","60-69","80-89","0-9","50-59","0-9","10-19"],"SERIES_NAME":["FEMALE","MALE","FEMALE","FEMALE","MALE","MALE","FEMALE","MALE","MALE","FEMALE","FEMALE","FEMALE","MALE","MALE","MALE","MALE","FEMALE","MALE","FEMALE","FEMALE","MALE","MALE","FEMALE","MALE","MALE","FEMALE","FEMALE","MALE","MALE","MALE","MALE","FEMALE","FEMALE","FEMALE","FEMALE","MALE","MALE"],"X_CALENDAR_YEAR":[2004,2006,2006,2006,2007,2007,2007,2007,2008,2008,2009,2009,2009,2010,2011,2011,2011,2011,2011,2012,2012,2012,2012,2013,2013,2013,2013,2013,2014,2014,2014,2014,2014,2014,2014,2015,2015],"Y_PREVALENCE_1000PP":[0.546,0.37998,0.1729,0.25855,0.35596,0.54864,0.28252,0.50361,0.34446,0.31364,0.14805,0.34265,0.3062,0.40167,0.34844,0.4169,0.27535,0.40258,0.27926,0.28098,0.42493,0.39188,0.9601,0.33651,0.45252,0.46326,0.2674,0.43651,0.37242,0.41319,0.93974,0.27203,0.69971,0.46455,0.25103,0.7303,0.75758]},"PREVALENCE_BY_MONTH":{"X_CALENDAR_MONTH":["201401","201009","201403","201410","201006","200404","200706","201008","201310","201111","201503","201108","200507","200709","200901","201308","201107","201204","200712","200910","201104","200902","200905","201505","201502","201406","200811","201407","201412","201409","200808","200409","201405","200406","201209","201402","200605","200410","201206","200812","200608","201001","201003","201404","200711","201309","201207","200710","201306","200705","200501","200505","201307","200908","201504","200401","201408","201304","200610","201109","200508","201411","200604","201205","200810","201106","201501"],"Y_PREVALENCE_1000PP":[0.0406,0.02182,0.02516,0.04221,0.0248,0.05085,0.03736,0.02178,0.02702,0.01953,0.08838,0.01932,0.03819,0.02344,0.02827,0.03394,0.02888,0.02325,0.0231,0.01863,0.02216,0.01882,0.01867,0.15358,0.04326,0.03176,0.03482,0.03282,0.04194,0.05048,0.02561,0.03432,0.03521,0.04107,0.03435,0.03729,0.02603,0.038,0.02693,0.02521,0.02182,0.02174,0.02166,0.0386,0.01983,0.03438,0.03391,0.0232,0.04053,0.02387,0.03407,0.02637,0.0521,0.02182,0.09825,0.17867,0.02922,0.04684,0.02145,0.03237,0.03747,0.06222,0.03391,0.0367,0.01901,0.03828,0.06526]},"LENGTH_OF_ERA":{"CATEGORY":"Length of era","MIN_VALUE":1,"P10_VALUE":1,"P25_VALUE":1,"MEDIAN_VALUE":1,"P75_VALUE":1,"P90_VALUE":15,"MAX_VALUE":172},"AGE_AT_FIRST_DIAGNOSIS":{"CATEGORY":["FEMALE","MALE"],"MIN_VALUE":[1,1],"P10_VALUE":[5,5],"P25_VALUE":[14,8],"MEDIAN_VALUE":[47,21],"P75_VALUE":[67,42],"P90_VALUE":[81,63],"MAX_VALUE":[96,91]}}
