{"PREVALENCE_BY_GENDER_AGE_YEAR":{"TRELLIS_NAME":["70-79","70-79","80-89","60-69","80-89","60-69","70-79","70-79","80-89","60-69","80-89","90-99","70-79","70-79","80-89","70-79","70-79","60-69","80-89","80-89","60-69","70-79","70-79","60-69","70-79","60-69","70-79","80-89","60-69","80-89","60-69","70-79","80-89","60-69"],"SERIES_NAME":["FEMALE","MALE","MALE","MALE","FEMALE","FEMALE","MALE","FEMALE","MALE","MALE","FEMALE","FEMALE","MALE","FEMALE","FEMALE","FEMALE","MALE","MALE","FEMALE","MALE","FEMALE","MALE","FEMALE","MALE","FEMALE","FEMALE","MALE","MALE","MALE","FEMALE","FEMALE","FEMALE","MALE","FEMALE"],"X_CALENDAR_YEAR":[2004,2004,2004,2004,2004,2004,2005,2005,2005,2005,2005,2006,2006,2006,2007,2007,2007,2008,2008,2008,2008,2008,2008,2009,2009,2009,2009,2010,2010,2010,2010,2010,2011,2011],"Y_PREVALENCE_1000PP":[0.546,0.80128,1.90166,0.85211,1.34567,0.55629,0.67069,0.75758,1.72824,0.45921,1.25278,3.30033,1.13014,0.55191,0.71031,0.46863,0.89745,0.34294,0.89837,1.17037,0.31529,0.70916,0.45322,0.43773,0.37893,0.387,0.46908,1.54059,0.36798,0.74342,0.29345,0.68957,0.89566,0.41492]},"PREVALENCE_BY_MONTH":{"X_CALENDAR_MONTH":["200605","201006","200511","200906","200704","200909","200907","200405","200508","200912","200409","200401","201002","200610","200804","200604","201009","200411","200904","200408","200509","200812","200811","200805","200809","201108","200603","201103","200908","201001","200709","200507","201104","200403","201010","201011","200911","201008","200407","200406","200503","200404","200708"],"Y_PREVALENCE_1000PP":[0.02231,0.0217,0.0319,0.02178,0.02064,0.03111,0.0218,0.0528,0.02498,0.02173,0.05148,0.11911,0.02797,0.02503,0.02266,0.0226,0.02494,0.03121,0.02184,0.04231,0.03281,0.02206,0.02533,0.02259,0.03504,0.02898,0.02276,0.01888,0.0187,0.02174,0.02009,0.03395,0.02216,0.05919,0.02183,0.02188,0.02174,0.03422,0.0641,0.04791,0.02763,0.05933,0.02354]},"LENGTH_OF_ERA":{"CATEGORY":"Length of era","MIN_VALUE":1,"P10_VALUE":1,"P25_VALUE":1,"MEDIAN_VALUE":1,"P75_VALUE":1,"P90_VALUE":23,"MAX_VALUE":162},"AGE_AT_FIRST_DIAGNOSIS":{"CATEGORY":["FEMALE","MALE"],"MIN_VALUE":[3,15],"P10_VALUE":[48,50],"P25_VALUE":[60,63],"MEDIAN_VALUE":[71,71],"P75_VALUE":[82,80],"P90_VALUE":[89,86],"MAX_VALUE":[113,99]}}
