{"PREVALENCE_BY_GENDER_AGE_YEAR":{"TRELLIS_NAME":["0-9","0-9","0-9","0-9","0-9","0-9","0-9","0-9","0-9"],"SERIES_NAME":["MALE","MALE","FEMALE","MALE","FEMALE","FEMALE","MALE","FEMALE","MALE"],"X_CALENDAR_YEAR":[2010,2011,2011,2012,2012,2013,2013,2014,2014],"Y_PREVALENCE_1000PP":[0.20521,0.38329,0.35402,0.32063,0.56196,0.33691,0.56085,0.4181,0.28923]},"PREVALENCE_BY_MONTH":{"X_CALENDAR_MONTH":["201505","201405","200401","201403","201202","201105"],"Y_PREVALENCE_1000PP":[0.09773,0.03081,0.11911,0.02516,0.01976,0.01905]},"LENGTH_OF_ERA":{"CATEGORY":"Length of era","MIN_VALUE":1,"P10_VALUE":1,"P25_VALUE":1,"MEDIAN_VALUE":1,"P75_VALUE":1,"P90_VALUE":1,"MAX_VALUE":29},"AGE_AT_FIRST_DIAGNOSIS":{"CATEGORY":["FEMALE","MALE"],"MIN_VALUE":[0,0],"P10_VALUE":[0,0],"P25_VALUE":[1,0],"MEDIAN_VALUE":[16,4],"P75_VALUE":[52,21],"P90_VALUE":[72,59],"MAX_VALUE":[87,82]}}
