{"PREVALENCE_BY_GENDER_AGE_YEAR":{"TRELLIS_NAME":["40-49","40-49","40-49","40-49","0-9","10-19","40-49","0-9","0-9","40-49","0-9","0-9","10-19","0-9","10-19","10-19"],"SERIES_NAME":["FEMALE","MALE","FEMALE","MALE","MALE","MALE","FEMALE","MALE","FEMALE","FEMALE","FEMALE","MALE","MALE","FEMALE","MALE","MALE"],"X_CALENDAR_YEAR":[2005,2005,2006,2006,2006,2006,2007,2009,2011,2012,2012,2013,2013,2014,2014,2015],"Y_PREVALENCE_1000PP":[0.22265,0.53537,0.30777,0.35545,0.22799,0.55874,0.20051,0.23815,0.23602,0.21498,0.44154,0.29912,0.30448,0.27873,0.46987,0.64935]},"PREVALENCE_BY_MONTH":{"X_CALENDAR_MONTH":["201407","201410","201207","201012","201404","200603","201503","200703","200609","201310","200610","200705","201304","200911","201110","201505","200907","201409","201412","201502","201301","200511","201312","201501","200502","201208","200607","201205","200604","200505"],"Y_PREVALENCE_1000PP":[0.03751,0.03166,0.02035,0.01882,0.02573,0.04173,0.06427,0.03109,0.0289,0.02702,0.0286,0.02046,0.03243,0.02174,0.01946,0.12565,0.01869,0.04038,0.03595,0.04326,0.0316,0.03589,0.02396,0.04568,0.03325,0.02386,0.02936,0.03003,0.03767,0.03516]},"LENGTH_OF_ERA":{"CATEGORY":"Length of era","MIN_VALUE":1,"P10_VALUE":1,"P25_VALUE":1,"MEDIAN_VALUE":1,"P75_VALUE":1,"P90_VALUE":12,"MAX_VALUE":139},"AGE_AT_FIRST_DIAGNOSIS":{"CATEGORY":["MALE","FEMALE"],"MIN_VALUE":[0,0],"P10_VALUE":[1,2],"P25_VALUE":[7,9],"MEDIAN_VALUE":[17,25],"P75_VALUE":[42,47],"P90_VALUE":[59,59],"MAX_VALUE":[81,91]}}
