{"PREVALENCE_BY_GENDER_AGE_YEAR":{"TRELLIS_NAME":["50-59","40-49","20-29","30-39","40-49","50-59","30-39","20-29","20-29","50-59","30-39","30-39","20-29","30-39","20-29","30-39","20-29","20-29","30-39","20-29","40-49","30-39","40-49","30-39","40-49","30-39","30-39"],"SERIES_NAME":["FEMALE","FEMALE","FEMALE","FEMALE","FEMALE","FEMALE","FEMALE","FEMALE","FEMALE","FEMALE","FEMALE","FEMALE","FEMALE","FEMALE","FEMALE","FEMALE","FEMALE","FEMALE","FEMALE","FEMALE","FEMALE","FEMALE","FEMALE","FEMALE","FEMALE","FEMALE","FEMALE"],"X_CALENDAR_YEAR":[2004,2004,2004,2004,2005,2005,2005,2005,2006,2006,2006,2007,2007,2008,2008,2009,2009,2010,2010,2011,2011,2011,2012,2013,2013,2014,2015],"Y_PREVALENCE_1000PP":[0.40504,0.60043,1.04175,0.99022,0.70506,0.24448,0.7129,0.53614,0.48989,0.33363,0.35951,0.25685,0.35323,0.32204,0.17984,0.33909,0.5922,0.27506,0.23628,0.54919,0.47233,0.65441,0.25081,0.24819,0.31084,0.21025,0.44532]},"PREVALENCE_BY_MONTH":{"X_CALENDAR_MONTH":["200604","200710","201102","200501","200410","201101","201504","201104","200611","201106","200408","200405","200605","201502","200503","200504","201107","200904","200502","200506","200409","201108","201103","200411","200412","200910","201301","200403","200401","200908","200911","200609","200603"],"Y_PREVALENCE_1000PP":[0.0226,0.02652,0.05675,0.03894,0.07057,0.02516,0.06878,0.02533,0.02132,0.02233,0.03626,0.04526,0.02603,0.04326,0.05066,0.02699,0.02888,0.01872,0.038,0.06459,0.04576,0.02254,0.05664,0.04161,0.04519,0.02794,0.02107,0.10851,0.11911,0.02805,0.01863,0.0289,0.02276]},"LENGTH_OF_ERA":{"CATEGORY":"Length of era","MIN_VALUE":1,"P10_VALUE":1,"P25_VALUE":1,"MEDIAN_VALUE":1,"P75_VALUE":1,"P90_VALUE":1,"MAX_VALUE":71},"AGE_AT_FIRST_DIAGNOSIS":{"CATEGORY":"FEMALE","MIN_VALUE":0,"P10_VALUE":21,"P25_VALUE":25,"MEDIAN_VALUE":34,"P75_VALUE":43,"P90_VALUE":56,"MAX_VALUE":86}}
