{"PREVALENCE_BY_GENDER_AGE_YEAR":{"TRELLIS_NAME":["0-9","0-9","0-9","10-19","0-9","10-19","0-9","0-9","10-19","10-19","0-9","10-19","10-19","0-9","10-19","0-9","0-9","0-9","0-9","10-19","10-19","0-9"],"SERIES_NAME":["MALE","FEMALE","MALE","MALE","FEMALE","FEMALE","MALE","MALE","MALE","FEMALE","MALE","MALE","MALE","MALE","MALE","MALE","MALE","FEMALE","MALE","FEMALE","MALE","MALE"],"X_CALENDAR_YEAR":[2004,2004,2005,2005,2005,2006,2006,2007,2007,2008,2008,2009,2010,2010,2011,2011,2012,2012,2013,2014,2014,2014],"Y_PREVALENCE_1000PP":[0.57631,0.44194,0.41384,0.91402,0.46714,0.2711,0.30399,0.32036,0.56518,0.24785,0.31001,0.53548,0.36286,0.20521,0.32425,0.20907,0.24938,0.28098,0.26173,0.43164,0.41114,0.28923]},"PREVALENCE_BY_MONTH":{"X_CALENDAR_MONTH":["200503","201406","200508","200404","200505","200502","200711","200409","200504","201311","201212","200512","200410","200506","201203","200412","200904","201412","201209","200509","200612","200605","200803","200501","200708","200705","200603","201410","201207","200809","200401","200604","200607","200507","200704","201503","200707","200910","200407","201403","200909","201205","201304","200601"],"Y_PREVALENCE_1000PP":[0.05066,0.03629,0.04164,0.07628,0.05275,0.038,0.02975,0.04576,0.03149,0.02359,0.02446,0.02369,0.038,0.03445,0.01978,0.03013,0.01872,0.04794,0.02061,0.02871,0.02124,0.02231,0.01949,0.04868,0.0269,0.02387,0.02656,0.04221,0.02035,0.02867,0.15882,0.0226,0.02936,0.03819,0.02752,0.0482,0.02029,0.01863,0.03846,0.02516,0.01867,0.03003,0.02162,0.03111]},"LENGTH_OF_ERA":{"CATEGORY":"Length of era","MIN_VALUE":1,"P10_VALUE":1,"P25_VALUE":1,"MEDIAN_VALUE":1,"P75_VALUE":1,"P90_VALUE":27,"MAX_VALUE":221},"AGE_AT_FIRST_DIAGNOSIS":{"CATEGORY":["MALE","FEMALE"],"MIN_VALUE":[0,1],"P10_VALUE":[3,2],"P25_VALUE":[6,6],"MEDIAN_VALUE":[13,14],"P75_VALUE":[21,22],"P90_VALUE":[47,50],"MAX_VALUE":[76,74]}}
