{"PREVALENCE_BY_GENDER_AGE_YEAR":{"TRELLIS_NAME":["0-9","0-9","0-9","0-9","10-19"],"SERIES_NAME":["MALE","FEMALE","MALE","MALE","MALE"],"X_CALENDAR_YEAR":[2007,2010,2012,2013,2013],"Y_PREVALENCE_1000PP":[0.21358,0.23298,0.39188,0.29912,0.40597]},"PREVALENCE_BY_MONTH":{"X_CALENDAR_MONTH":["201301","201208","201005","201210","201108","201305","201308"],"Y_PREVALENCE_1000PP":[0.02107,0.02386,0.0186,0.02069,0.02576,0.02182,0.0264]},"LENGTH_OF_ERA":{"CATEGORY":"Length of era","MIN_VALUE":1,"P10_VALUE":1,"P25_VALUE":1,"MEDIAN_VALUE":1,"P75_VALUE":1,"P90_VALUE":1,"MAX_VALUE":43},"AGE_AT_FIRST_DIAGNOSIS":{"CATEGORY":["FEMALE","MALE"],"MIN_VALUE":[1,0],"P10_VALUE":[3,2],"P25_VALUE":[15,4],"MEDIAN_VALUE":[21,12],"P75_VALUE":[43,19],"P90_VALUE":[59,43],"MAX_VALUE":[80,66]}}
