{"PREVALENCE_BY_GENDER_AGE_YEAR":{"TRELLIS_NAME":["0-9","0-9","10-19","0-9","10-19","0-9","0-9","0-9","10-19","0-9","10-19","10-19","0-9","10-19","0-9","10-19","0-9","0-9","10-19","0-9","10-19","0-9","0-9","0-9","0-9","10-19","0-9","0-9","10-19","0-9","10-19","0-9","10-19","10-19","0-9","0-9","10-19","0-9","10-19","0-9"],"SERIES_NAME":["FEMALE","MALE","FEMALE","MALE","MALE","FEMALE","FEMALE","MALE","MALE","MALE","MALE","FEMALE","FEMALE","MALE","FEMALE","FEMALE","MALE","FEMALE","MALE","MALE","FEMALE","FEMALE","MALE","MALE","FEMALE","FEMALE","MALE","FEMALE","FEMALE","FEMALE","FEMALE","MALE","MALE","FEMALE","FEMALE","MALE","MALE","FEMALE","MALE","MALE"],"X_CALENDAR_YEAR":[2004,2004,2005,2005,2005,2005,2006,2006,2006,2007,2007,2007,2007,2008,2008,2008,2008,2009,2009,2009,2010,2010,2010,2011,2011,2011,2012,2012,2012,2013,2013,2013,2013,2014,2014,2014,2014,2015,2015,2015],"Y_PREVALENCE_1000PP":[1.27058,1.05657,0.40451,0.86906,0.39989,1.44812,2.32698,1.02595,0.30477,1.13907,0.28259,0.46709,1.77584,0.2735,1.62112,0.4544,0.93004,0.98987,0.26774,0.71446,0.25002,1.66971,0.95763,1.53315,2.43883,0.4288,2.99252,4.61606,0.60859,8.08591,0.74568,5.04767,0.55821,0.75537,7.24705,5.04091,0.88101,4.1511,0.8658,3.94362]},"PREVALENCE_BY_MONTH":{"X_CALENDAR_MONTH":["201303","201210","200606","200507","201101","200902","200709","200905","200609","201104","201111","201207","200809","200701","201001","200704","201305","201005","200610","201308","200703","201108","201105","201310","201307","201302","200911","200706","200407","201406","201011","201311","201008","201403","200404","201102","200504","201505","200503","201404","200501","200712","200707","200803","200405","201201","201012","201503","200509","201107","200710","201009","201212","201410","200608","201003","201110","201211","201407","200805","201006","200611","201401","200512","200402","201208","201502","200811","201304","200906","200607","200904","201409","201301","201206","200410","200808","200604","201203","201002","200602","201412","200603","200612","201209","201402","201204","200812","200801","200605","201010","200807","200409","201202","201103","200804","200508","201411","200903","201405","201309","201112","200412","201306","201312","201408","200601","201106","200702","201109","201504","200705","200711","200505","201205","200511","200708","200502","201501","200810"],"Y_PREVALENCE_1000PP":[0.15373,0.08967,0.0369,0.03395,0.03145,0.03451,0.04018,0.01867,0.03251,0.04433,0.0586,0.07461,0.04142,0.03856,0.01863,0.02752,0.13456,0.04031,0.0429,0.12445,0.02418,0.02898,0.05397,0.20069,0.12653,0.09586,0.02174,0.05773,0.0641,0.14064,0.04376,0.16905,0.02178,0.14675,0.05085,0.04098,0.05399,0.50261,0.05066,0.16728,0.04381,0.0198,0.03043,0.03248,0.06035,0.07215,0.02823,0.17675,0.05743,0.05134,0.0232,0.05611,0.09785,0.21104,0.04364,0.03094,0.0519,0.20487,0.10784,0.0355,0.0217,0.03908,0.17865,0.02369,0.09144,0.10224,0.12256,0.01899,0.15493,0.028,0.02569,0.03121,0.15144,0.17908,0.04713,0.038,0.02881,0.02637,0.08903,0.01864,0.03085,0.16778,0.03035,0.02124,0.0893,0.12431,0.0598,0.04728,0.03929,0.03719,0.02183,0.02243,0.04004,0.0428,0.04406,0.0356,0.03747,0.15839,0.02497,0.18486,0.10697,0.04906,0.04017,0.14003,0.10783,0.15586,0.02333,0.03828,0.02445,0.06475,0.28493,0.04091,0.01983,0.03516,0.06339,0.02393,0.04708,0.03325,0.13705,0.03168]},"LENGTH_OF_ERA":{"CATEGORY":"Length of era","MIN_VALUE":1,"P10_VALUE":1,"P25_VALUE":1,"MEDIAN_VALUE":1,"P75_VALUE":1,"P90_VALUE":1,"MAX_VALUE":82},"AGE_AT_FIRST_DIAGNOSIS":{"CATEGORY":["FEMALE","MALE"],"MIN_VALUE":[0,0],"P10_VALUE":[0,0],"P25_VALUE":[0,0],"MEDIAN_VALUE":[0,0],"P75_VALUE":[3,4],"P90_VALUE":[13,13],"MAX_VALUE":[95,96]}}
