{"PREVALENCE_BY_GENDER_AGE_YEAR":{"TRELLIS_NAME":["20-29","20-29","10-19","30-39","30-39","20-29","20-29","20-29","10-19","10-19","30-39","30-39"],"SERIES_NAME":["MALE","FEMALE","FEMALE","MALE","FEMALE","MALE","MALE","FEMALE","FEMALE","MALE","FEMALE","MALE"],"X_CALENDAR_YEAR":[2010,2011,2011,2011,2011,2011,2012,2012,2012,2012,2012,2012],"Y_PREVALENCE_1000PP":[0.40167,2.74596,2.44415,0.54608,0.70895,2.0632,5.40541,7.57492,4.17319,0.47214,1.55685,1.43579]},"PREVALENCE_BY_MONTH":{"X_CALENDAR_MONTH":["201108","201211","201112","201107","201110","201208","201201","201205","201202","201203","201109","201204","201206","201111","201207","201210","201209"],"Y_PREVALENCE_1000PP":[0.11269,0.08681,0.14063,0.06417,0.12651,0.20448,0.19022,0.19018,0.16792,0.21763,0.13597,0.19268,0.15822,0.19859,0.14922,0.22073,0.15113]},"LENGTH_OF_ERA":{"CATEGORY":"Length of era","MIN_VALUE":1,"P10_VALUE":1,"P25_VALUE":1,"MEDIAN_VALUE":1,"P75_VALUE":1,"P90_VALUE":1,"MAX_VALUE":30},"AGE_AT_FIRST_DIAGNOSIS":{"CATEGORY":["MALE","FEMALE"],"MIN_VALUE":[13,14],"P10_VALUE":[20,18],"P25_VALUE":[22,20],"MEDIAN_VALUE":[24,22],"P75_VALUE":[29,26],"P90_VALUE":[33,31],"MAX_VALUE":[60,48]}}
