{"PREVALENCE_BY_GENDER_AGE_YEAR":{"TRELLIS_NAME":["0-9","0-9","0-9","0-9","0-9","0-9","0-9","0-9","0-9","0-9","0-9","10-19","0-9","10-19","10-19","0-9","0-9","10-19","0-9","0-9","0-9","0-9","10-19","0-9","0-9","0-9","0-9"],"SERIES_NAME":["FEMALE","MALE","FEMALE","MALE","FEMALE","MALE","MALE","FEMALE","FEMALE","MALE","FEMALE","MALE","MALE","FEMALE","MALE","MALE","FEMALE","FEMALE","MALE","MALE","FEMALE","MALE","MALE","FEMALE","FEMALE","MALE","MALE"],"X_CALENDAR_YEAR":[2004,2004,2005,2005,2006,2006,2007,2007,2008,2008,2009,2009,2009,2009,2010,2010,2010,2011,2011,2012,2012,2013,2013,2013,2014,2014,2015],"Y_PREVALENCE_1000PP":[0.88388,1.44078,0.56056,1.15875,0.47402,0.98795,0.56954,0.6054,0.34738,0.58558,0.53301,0.44623,0.71446,0.24491,0.3175,0.44461,0.34947,0.25728,0.38329,0.285,0.44154,0.59824,0.30448,0.54748,0.65038,0.74374,1.02242]},"PREVALENCE_BY_MONTH":{"X_CALENDAR_MONTH":["201407","200612","200602","200702","200904","201306","201402","200608","201003","201502","201409","200801","200901","200606","200601","200603","200902","200412","200507","200504","200905","201503","200903","201301","200711","200508","201504","201406","200408","201009","200401","200912","201105","200403","201005","200710","201307","200404"],"Y_PREVALENCE_1000PP":[0.03282,0.02832,0.02313,0.02445,0.01872,0.02579,0.03315,0.02182,0.02784,0.05047,0.03029,0.03274,0.02513,0.02214,0.02722,0.02656,0.03137,0.05021,0.02546,0.03149,0.02489,0.0482,0.0437,0.02107,0.02314,0.03331,0.06878,0.02722,0.04231,0.02182,0.11911,0.01863,0.02857,0.08878,0.0186,0.01989,0.02233,0.0678]},"LENGTH_OF_ERA":{"CATEGORY":"Length of era","MIN_VALUE":1,"P10_VALUE":1,"P25_VALUE":1,"MEDIAN_VALUE":1,"P75_VALUE":4,"P90_VALUE":19,"MAX_VALUE":85},"AGE_AT_FIRST_DIAGNOSIS":{"CATEGORY":["FEMALE","MALE"],"MIN_VALUE":[0,0],"P10_VALUE":[1,1],"P25_VALUE":[2,1],"MEDIAN_VALUE":[4,3],"P75_VALUE":[7,7],"P90_VALUE":[19,13],"MAX_VALUE":[88,79]}}
