{"PREVALENCE_BY_GENDER_AGE_YEAR":{"TRELLIS_NAME":["20-29","30-39","30-39","70-79","40-49","50-59","70-79","50-59","40-49","80-89","60-69","60-69","60-69","50-59","40-49","40-49","30-39","20-29","60-69","20-29","40-49","50-59","40-49","50-59","70-79","60-69","60-69","80-89","60-69","50-59","30-39","40-49","50-59","70-79","50-59","50-59","40-49","70-79","70-79","60-69","80-89","60-69","30-39","30-39","50-59","40-49","70-79","50-59","40-49","70-79","60-69","70-79","50-59","40-49","40-49","30-39","30-39","60-69","60-69","30-39","30-39","60-69","20-29","60-69","70-79","50-59","70-79","50-59","40-49","30-39","40-49","50-59","70-79","60-69"],"SERIES_NAME":["FEMALE","FEMALE","MALE","MALE","MALE","MALE","FEMALE","FEMALE","FEMALE","FEMALE","MALE","FEMALE","MALE","FEMALE","FEMALE","MALE","FEMALE","FEMALE","MALE","MALE","FEMALE","MALE","MALE","FEMALE","MALE","FEMALE","FEMALE","FEMALE","MALE","FEMALE","MALE","MALE","MALE","MALE","FEMALE","MALE","MALE","FEMALE","MALE","FEMALE","FEMALE","MALE","FEMALE","MALE","MALE","FEMALE","FEMALE","FEMALE","MALE","MALE","MALE","MALE","MALE","MALE","FEMALE","FEMALE","MALE","MALE","FEMALE","FEMALE","MALE","MALE","MALE","FEMALE","FEMALE","MALE","MALE","FEMALE","FEMALE","MALE","MALE","MALE","MALE","MALE"],"X_CALENDAR_YEAR":[2007,2007,2007,2007,2007,2007,2007,2007,2007,2007,2007,2007,2008,2008,2008,2008,2009,2009,2009,2009,2009,2009,2009,2009,2009,2009,2010,2010,2010,2010,2010,2010,2010,2010,2011,2011,2011,2011,2011,2011,2011,2011,2012,2012,2012,2012,2012,2012,2012,2012,2012,2013,2013,2013,2013,2013,2013,2013,2013,2014,2014,2014,2014,2014,2014,2014,2014,2014,2014,2015,2015,2015,2015,2015],"Y_PREVALENCE_1000PP":[0.1902,0.39954,0.75353,0.81586,0.71323,1.12066,0.93727,0.71844,0.40102,1.06547,0.79574,0.51884,0.45725,0.34849,0.19433,0.37893,0.20867,0.14805,0.54717,0.3062,0.22504,0.74012,0.5894,0.376,0.93816,0.344,0.33537,0.63721,0.78852,0.23957,0.41181,0.37912,0.58258,0.83314,0.34908,0.63895,0.84746,0.55703,1.34018,0.66387,0.62604,1.49616,0.17625,0.56183,0.71367,0.32247,0.48975,0.61996,0.83913,0.74968,1.06,0.96547,0.74683,0.51716,0.27198,0.18614,0.71433,1.12673,0.25871,0.35042,0.57954,0.90457,0.62069,0.40805,0.38632,1.05152,1.0165,0.41838,0.30976,0.88067,0.86894,0.86263,1.16732,0.57078]},"PREVALENCE_BY_MONTH":{"X_CALENDAR_MONTH":["201006","200707","201212","201003","200704","201401","201102","201308","201005","201305","201208","201211","201409","200804","200703","201301","201202","201408","201109","200909","201504","200903","201106","200906","201411","201009","201205","201112","201501","201304","201404","201203","201311","201105","200710","200902","201108","201209","201206","200808","200907","201412","201302","200901","200904","201503","201110","200811","201303","201502","201201","201111","201407","201410","201405","200908","200711","200806","201204","201011","200809","201207","201008","201001","200812","201406","201210","200911","200910","201403","201307","201103","201004","201310","201306","200709","201402","201309","200705","200706","201312","201104","200708","201107","201010","201007"],"Y_PREVALENCE_1000PP":[0.02791,0.11157,0.04194,0.03403,0.07912,0.05278,0.02837,0.0264,0.02171,0.04,0.03067,0.02431,0.05553,0.03237,0.03454,0.0632,0.0461,0.06332,0.04856,0.03734,0.16703,0.02185,0.03509,0.02489,0.03394,0.0187,0.04671,0.06214,0.08484,0.02883,0.04289,0.06265,0.02752,0.0254,0.04972,0.03137,0.03864,0.04465,0.0404,0.03842,0.05295,0.09587,0.06036,0.04084,0.02808,0.13658,0.03893,0.01899,0.0429,0.14419,0.0492,0.06837,0.06095,0.10025,0.07922,0.04676,0.03966,0.03219,0.04651,0.02501,0.03186,0.03052,0.05911,0.02484,0.01891,0.09073,0.02414,0.02484,0.03726,0.06709,0.03721,0.0535,0.02787,0.06947,0.04053,0.02678,0.04558,0.05348,0.05455,0.12565,0.02796,0.0285,0.10761,0.04813,0.0343,0.02174]},"LENGTH_OF_ERA":{"CATEGORY":"Length of era","MIN_VALUE":1,"P10_VALUE":1,"P25_VALUE":1,"MEDIAN_VALUE":1,"P75_VALUE":1,"P90_VALUE":4,"MAX_VALUE":196},"AGE_AT_FIRST_DIAGNOSIS":{"CATEGORY":["FEMALE","MALE"],"MIN_VALUE":[2,2],"P10_VALUE":[26,29],"P25_VALUE":[38,43],"MEDIAN_VALUE":[54,57],"P75_VALUE":[69,68],"P90_VALUE":[79,75],"MAX_VALUE":[101,93]}}
