{"PREVALENCE_BY_GENDER_AGE_YEAR":{"TRELLIS_NAME":["20-29","30-39","20-29","30-39","10-19","30-39"],"SERIES_NAME":["FEMALE","FEMALE","FEMALE","FEMALE","FEMALE","FEMALE"],"X_CALENDAR_YEAR":[2013,2013,2014,2014,2014,2015],"Y_PREVALENCE_1000PP":[0.26503,0.31023,0.23186,0.45555,0.32373,0.69979]},"PREVALENCE_BY_MONTH":{"X_CALENDAR_MONTH":["201503","201311","201401","201403","201409"],"Y_PREVALENCE_1000PP":[0.06427,0.02752,0.02436,0.02516,0.04038]},"LENGTH_OF_ERA":{"CATEGORY":"Length of era","MIN_VALUE":1,"P10_VALUE":1,"P25_VALUE":1,"MEDIAN_VALUE":1,"P75_VALUE":3,"P90_VALUE":21,"MAX_VALUE":99},"AGE_AT_FIRST_DIAGNOSIS":{"CATEGORY":"FEMALE","MIN_VALUE":16,"P10_VALUE":20,"P25_VALUE":24,"MEDIAN_VALUE":30,"P75_VALUE":35,"P90_VALUE":39,"MAX_VALUE":43}}
