{"PREVALENCE_BY_GENDER_AGE_YEAR":{"TRELLIS_NAME":["10-19","0-9","0-9","80-89","0-9","0-9","40-49","0-9","0-9","10-19","10-19","0-9","40-49","0-9","10-19","60-69","0-9","0-9","60-69","80-89","50-59","40-49","0-9","0-9","10-19","50-59","40-49","70-79","0-9","0-9","60-69","0-9","0-9","0-9","70-79","0-9","60-69","0-9","70-79","50-59","0-9","50-59","70-79","60-69","60-69","80-89","60-69","0-9","90-99","70-79","10-19","50-59","70-79","0-9","50-59","60-69","0-9","70-79","0-9","60-69","80-89","80-89"],"SERIES_NAME":["MALE","FEMALE","MALE","FEMALE","FEMALE","MALE","MALE","FEMALE","MALE","MALE","MALE","MALE","MALE","FEMALE","FEMALE","MALE","FEMALE","MALE","MALE","MALE","MALE","MALE","FEMALE","MALE","MALE","FEMALE","FEMALE","FEMALE","MALE","FEMALE","MALE","MALE","FEMALE","MALE","MALE","FEMALE","MALE","MALE","MALE","MALE","FEMALE","FEMALE","FEMALE","MALE","FEMALE","FEMALE","MALE","MALE","FEMALE","FEMALE","FEMALE","MALE","MALE","FEMALE","FEMALE","FEMALE","FEMALE","MALE","MALE","MALE","MALE","FEMALE"],"X_CALENDAR_YEAR":[2004,2004,2004,2004,2005,2005,2006,2006,2006,2006,2007,2007,2007,2007,2007,2008,2008,2008,2009,2009,2009,2009,2009,2009,2009,2010,2010,2010,2010,2010,2011,2011,2011,2012,2012,2012,2012,2013,2013,2013,2013,2013,2013,2013,2013,2013,2014,2014,2014,2014,2014,2014,2014,2014,2014,2015,2015,2015,2015,2015,2015,2015],"Y_PREVALENCE_1000PP":[0.49116,1.21534,0.86447,1.00925,0.70071,0.74491,0.35545,1.03422,0.91196,0.40636,0.28259,0.74752,0.38405,0.72648,0.25478,0.34294,0.61757,0.68892,0.54717,0.96154,0.34539,0.32149,1.02794,0.68043,0.26774,0.20535,0.19398,0.37613,0.58142,0.73778,0.30955,0.76658,0.78672,0.85501,0.44981,0.72251,0.371,0.89736,0.74267,0.37341,0.84228,0.3056,0.4862,0.59019,0.30183,0.88721,0.50882,1.28089,3.48736,0.77265,0.32373,0.35051,0.62554,1.30075,0.25103,0.67229,0.99626,0.77821,1.16848,0.66591,1.55119,1.29342]},"PREVALENCE_BY_MONTH":{"X_CALENDAR_MONTH":["200703","200909","201002","201301","200604","200912","201307","201304","200602","200906","200404","200610","200511","200504","201203","200605","201105","201412","201502","201211","201110","200509","200405","200501","201503","201311","200806","201501","200903","201106","201410","200512","200705","201303","200901","200907","201505","201411","200807","201504","201205","201202","200911","201003","201306","200905","200601","200704","200402","201401","200711","201212","201103","201102","200910","200812","201305","201302","201001","200908","200611","201012","201204","200702","200803","201312","201309","200701","200606","200412","201405","200603","201404","200801","201407","201201","201111","200804","201409","201406","201403","201010","200802","200612","201007","201011","201402","200406","200403","201104","200503","200401","201101","201310","200506","200712","200808"],"Y_PREVALENCE_1000PP":[0.04145,0.028,0.02486,0.05969,0.06781,0.03105,0.03349,0.06125,0.02699,0.02489,0.08475,0.03933,0.02393,0.04049,0.04287,0.02603,0.02857,0.13782,0.12977,0.04514,0.03244,0.02461,0.0528,0.03407,0.18478,0.02359,0.02575,0.10442,0.02497,0.02552,0.10025,0.02369,0.02728,0.0429,0.03141,0.04049,0.16754,0.04525,0.02243,0.24563,0.04337,0.01976,0.03726,0.02166,0.05527,0.04668,0.02333,0.02752,0.10451,0.05278,0.02975,0.04892,0.05035,0.03468,0.03415,0.02206,0.05455,0.03195,0.03416,0.04052,0.02843,0.0596,0.03986,0.02445,0.02923,0.04393,0.02292,0.03506,0.02583,0.04519,0.04401,0.02656,0.06434,0.04583,0.04689,0.0328,0.04232,0.02913,0.03029,0.05898,0.06289,0.02183,0.03917,0.04601,0.01864,0.03126,0.09116,0.0616,0.13811,0.02216,0.03224,0.23823,0.03145,0.05017,0.03014,0.04619,0.02241]},"LENGTH_OF_ERA":{"CATEGORY":"Length of era","MIN_VALUE":1,"P10_VALUE":1,"P25_VALUE":1,"MEDIAN_VALUE":1,"P75_VALUE":1,"P90_VALUE":1,"MAX_VALUE":32},"AGE_AT_FIRST_DIAGNOSIS":{"CATEGORY":["MALE","FEMALE"],"MIN_VALUE":[0,0],"P10_VALUE":[1,1],"P25_VALUE":[3,3],"MEDIAN_VALUE":[19,19],"P75_VALUE":[61,65],"P90_VALUE":[77,83],"MAX_VALUE":[100,102]}}
