{"PREVALENCE_BY_GENDER_AGE_YEAR":{"TRELLIS_NAME":["50-59","60-69","50-59","60-69","70-79","50-59","80-89","40-49","60-69","50-59","50-59","40-49","40-49","70-79","60-69","70-79","50-59","40-49","70-79","60-69","60-69","50-59","70-79","70-79","50-59"],"SERIES_NAME":["MALE","MALE","FEMALE","FEMALE","FEMALE","FEMALE","FEMALE","MALE","FEMALE","FEMALE","FEMALE","MALE","FEMALE","FEMALE","FEMALE","FEMALE","FEMALE","FEMALE","MALE","MALE","FEMALE","FEMALE","FEMALE","MALE","MALE"],"X_CALENDAR_YEAR":[2006,2007,2007,2008,2008,2008,2009,2009,2010,2010,2011,2011,2011,2011,2011,2012,2012,2012,2012,2012,2013,2014,2014,2014,2014],"Y_PREVALENCE_1000PP":[0.34562,0.5509,0.21553,0.40537,0.45322,0.27879,0.75578,0.42866,0.25153,0.30802,0.31417,0.39548,0.26991,0.43325,0.70536,0.48975,0.25528,0.25081,0.44981,0.318,0.43118,0.37654,0.45071,0.70373,0.35051]},"PREVALENCE_BY_MONTH":{"X_CALENDAR_MONTH":["201009","201109","201501","200910","201209","201408","201411","200906","201306","200903","200811","201203","201206","201002","201412","201101","200709","201003","201104","201105","201204","201107","201110","201503"],"Y_PREVALENCE_1000PP":[0.0187,0.01942,0.04568,0.02173,0.02404,0.04383,0.05091,0.01867,0.02211,0.02185,0.02533,0.01978,0.0202,0.02175,0.04194,0.01887,0.02009,0.01856,0.03483,0.0254,0.01993,0.01925,0.01946,0.0482]},"LENGTH_OF_ERA":{"CATEGORY":"Length of era","MIN_VALUE":1,"P10_VALUE":1,"P25_VALUE":1,"MEDIAN_VALUE":1,"P75_VALUE":1,"P90_VALUE":1,"MAX_VALUE":25},"AGE_AT_FIRST_DIAGNOSIS":{"CATEGORY":["MALE","FEMALE"],"MIN_VALUE":[1,1],"P10_VALUE":[39,42],"P25_VALUE":[49,51],"MEDIAN_VALUE":[61,63],"P75_VALUE":[71,74],"P90_VALUE":[79,83],"MAX_VALUE":[92,95]}}
