{"PREVALENCE_BY_GENDER_AGE_YEAR":{"TRELLIS_NAME":["60-69","80-89","70-79","80-89","70-79"],"SERIES_NAME":["FEMALE","FEMALE","FEMALE","FEMALE","FEMALE"],"X_CALENDAR_YEAR":[2013,2013,2013,2014,2014],"Y_PREVALENCE_1000PP":[0.30183,0.77631,0.54698,0.81633,0.57949]},"PREVALENCE_BY_MONTH":{"X_CALENDAR_MONTH":["201410","201304","201301","201307","201306","201311","201504","201309","201407","201305","201401","201402","201310","201212","201302","201411","201312","201502","201501","201405","201505","201406","201409"],"Y_PREVALENCE_1000PP":[0.05276,0.03243,0.02107,0.03349,0.02579,0.02359,0.06878,0.02292,0.02813,0.04,0.02842,0.03315,0.04245,0.02446,0.02485,0.03394,0.02396,0.04326,0.05221,0.03081,0.08377,0.04083,0.03534]},"LENGTH_OF_ERA":{"CATEGORY":"Length of era","MIN_VALUE":1,"P10_VALUE":1,"P25_VALUE":1,"MEDIAN_VALUE":1,"P75_VALUE":1,"P90_VALUE":8,"MAX_VALUE":116},"AGE_AT_FIRST_DIAGNOSIS":{"CATEGORY":["FEMALE","MALE"],"MIN_VALUE":[14,49],"P10_VALUE":[56,58],"P25_VALUE":[66,68],"MEDIAN_VALUE":[75,77],"P75_VALUE":[84,83],"P90_VALUE":[90,88],"MAX_VALUE":[100,92]}}
