{"PREVALENCE_BY_GENDER_AGE_YEAR":{"TRELLIS_NAME":["60-69","70-79","60-69","80-89","70-79","80-89","70-79","60-69","60-69","70-79","80-89","60-69","70-79","70-79"],"SERIES_NAME":["MALE","MALE","MALE","FEMALE","MALE","FEMALE","MALE","MALE","FEMALE","MALE","FEMALE","MALE","FEMALE","MALE"],"X_CALENDAR_YEAR":[2004,2005,2005,2008,2009,2009,2010,2010,2010,2011,2011,2011,2012,2013],"Y_PREVALENCE_1000PP":[0.56807,0.86232,0.45921,0.78608,0.70362,0.75578,0.60592,0.47311,0.25153,0.67009,0.62604,0.30955,0.36731,0.59413]},"PREVALENCE_BY_MONTH":{"X_CALENDAR_MONTH":["200812","201103","201005","201003","200506","201002","200902"],"Y_PREVALENCE_1000PP":[0.02206,0.02517,0.0186,0.02166,0.02583,0.02175,0.01882]},"LENGTH_OF_ERA":{"CATEGORY":"Length of era","MIN_VALUE":1,"P10_VALUE":1,"P25_VALUE":1,"MEDIAN_VALUE":1,"P75_VALUE":1,"P90_VALUE":1,"MAX_VALUE":28},"AGE_AT_FIRST_DIAGNOSIS":{"CATEGORY":["FEMALE","MALE"],"MIN_VALUE":[30,17],"P10_VALUE":[54,51],"P25_VALUE":[65,63],"MEDIAN_VALUE":[72,71],"P75_VALUE":[82,77],"P90_VALUE":[86,83],"MAX_VALUE":[91,93]}}
