{"PREVALENCE_BY_GENDER_AGE_YEAR":{"TRELLIS_NAME":["30-39","50-59","20-29","50-59","20-29","10-19","20-29","30-39","50-59","10-19","30-39","20-29","40-49","20-29","30-39","50-59","40-49","30-39","20-29","30-39","10-19","50-59","20-29","20-29","40-49","20-29","20-29","50-59","20-29","50-59","40-49","50-59","30-39","20-29"],"SERIES_NAME":["MALE","MALE","MALE","MALE","MALE","MALE","MALE","MALE","MALE","MALE","MALE","MALE","MALE","MALE","MALE","FEMALE","MALE","MALE","MALE","MALE","MALE","MALE","FEMALE","MALE","MALE","MALE","MALE","MALE","MALE","MALE","MALE","MALE","MALE","MALE"],"X_CALENDAR_YEAR":[2004,2004,2004,2005,2005,2006,2006,2006,2006,2007,2007,2007,2008,2008,2008,2009,2009,2009,2009,2010,2010,2010,2010,2010,2011,2011,2012,2012,2013,2013,2014,2014,2014,2014],"Y_PREVALENCE_1000PP":[0.55607,0.58207,0.93301,0.51972,0.64567,0.35556,0.80421,0.81616,0.34562,0.28259,0.43956,0.61552,0.3248,0.53382,0.60898,0.20509,0.48224,0.59266,0.40827,0.41181,0.27215,0.29129,0.15003,0.80333,0.33898,0.75483,0.56628,0.45879,0.7639,0.37341,0.51886,0.35051,0.65198,0.43449]},"PREVALENCE_BY_MONTH":{"X_CALENDAR_MONTH":["200502","201106","201109","200611","201006","200711","200604","201103","201101","200402","201307","200409","200407","201009","201407","200412","201408","201008","201011","201005","200401","200609","201004","201001","201007","201410","200507","200411","200605","200908","201003","200602","201502","201209","201107","201110","201409","200805","200910","200907"],"Y_PREVALENCE_1000PP":[0.0285,0.01914,0.01942,0.02132,0.0217,0.01983,0.02637,0.02203,0.01887,0.07838,0.02233,0.04004,0.03846,0.02182,0.03282,0.04519,0.03409,0.02178,0.02501,0.02481,0.13897,0.03612,0.01858,0.02484,0.03417,0.05276,0.02546,0.03121,0.02231,0.02494,0.01856,0.02313,0.04326,0.02404,0.02567,0.02595,0.03534,0.02259,0.03105,0.0218]},"LENGTH_OF_ERA":{"CATEGORY":"Length of era","MIN_VALUE":1,"P10_VALUE":1,"P25_VALUE":1,"MEDIAN_VALUE":1,"P75_VALUE":1,"P90_VALUE":26,"MAX_VALUE":330},"AGE_AT_FIRST_DIAGNOSIS":{"CATEGORY":["FEMALE","MALE"],"MIN_VALUE":[0,10],"P10_VALUE":[21,19],"P25_VALUE":[29,24],"MEDIAN_VALUE":[46,34],"P75_VALUE":[59,48],"P90_VALUE":[74,58],"MAX_VALUE":[86,133]}}
