{"PREVALENCE_BY_GENDER_AGE_YEAR":{"TRELLIS_NAME":["20-29","10-19","10-19","20-29","20-29","10-19","20-29","20-29","20-29","0-9","40-49","10-19","20-29","30-39","20-29","10-19","50-59","20-29"],"SERIES_NAME":["MALE","FEMALE","FEMALE","MALE","MALE","MALE","MALE","MALE","FEMALE","MALE","MALE","MALE","MALE","MALE","MALE","MALE","MALE","MALE"],"X_CALENDAR_YEAR":[2005,2007,2008,2009,2010,2011,2011,2012,2012,2012,2012,2012,2013,2014,2014,2014,2014,2015],"Y_PREVALENCE_1000PP":[0.64567,0.29724,0.24785,0.3062,0.40167,0.4169,0.40258,0.41184,0.19423,0.32063,0.41956,0.51936,0.32739,0.43466,0.68276,0.3524,0.46734,1.02223]},"PREVALENCE_BY_MONTH":{"X_CALENDAR_MONTH":["200904","201403","200511","201112","201307","200402","201007","201004","201209","201212","200605","201405","201504","201302","200810","201202","201208","201211","201205","201303","201102","201408","201411","201409","201110","201406","201311","201505","201201","200806","201410","201502","201207","201503"],"Y_PREVALENCE_1000PP":[0.02184,0.02516,0.03988,0.01962,0.02605,0.07838,0.01864,0.01858,0.02404,0.02097,0.02231,0.03081,0.06878,0.0213,0.01901,0.01976,0.03067,0.03472,0.02669,0.03218,0.01892,0.02922,0.0396,0.03534,0.02919,0.05898,0.03145,0.08377,0.0328,0.01931,0.05804,0.05047,0.05087,0.0482]},"LENGTH_OF_ERA":{"CATEGORY":"Length of era","MIN_VALUE":1,"P10_VALUE":1,"P25_VALUE":1,"MEDIAN_VALUE":1,"P75_VALUE":1,"P90_VALUE":1,"MAX_VALUE":43},"AGE_AT_FIRST_DIAGNOSIS":{"CATEGORY":["MALE","FEMALE"],"MIN_VALUE":[2,1],"P10_VALUE":[6,6],"P25_VALUE":[14,14],"MEDIAN_VALUE":[24,28],"P75_VALUE":[41,44],"P90_VALUE":[52,59],"MAX_VALUE":[92,94]}}
