{"PREVALENCE_BY_GENDER_AGE_YEAR":{"TRELLIS_NAME":["0-9","0-9","0-9","0-9","0-9","0-9","0-9","0-9","0-9","0-9","0-9","0-9","0-9","0-9","0-9","0-9","0-9"],"SERIES_NAME":["FEMALE","MALE","MALE","FEMALE","FEMALE","MALE","MALE","FEMALE","FEMALE","MALE","MALE","MALE","MALE","FEMALE","MALE","FEMALE","MALE"],"X_CALENDAR_YEAR":[2004,2004,2005,2005,2006,2006,2007,2007,2008,2008,2009,2010,2011,2011,2012,2013,2014],"Y_PREVALENCE_1000PP":[0.33146,0.33618,0.2483,0.28028,0.47402,0.41798,0.39156,0.68612,0.30878,0.48224,0.3062,0.27361,0.20907,0.23602,0.35625,0.46326,0.41319]},"PREVALENCE_BY_MONTH":{"X_CALENDAR_MONTH":"201502","Y_PREVALENCE_1000PP":0.04326},"LENGTH_OF_ERA":{"CATEGORY":"Length of era","MIN_VALUE":1,"P10_VALUE":1,"P25_VALUE":1,"MEDIAN_VALUE":1,"P75_VALUE":1,"P90_VALUE":8,"MAX_VALUE":58},"AGE_AT_FIRST_DIAGNOSIS":{"CATEGORY":["FEMALE","MALE"],"MIN_VALUE":[0,0],"P10_VALUE":[0,0],"P25_VALUE":[0,0],"MEDIAN_VALUE":[1,1],"P75_VALUE":[6,7],"P90_VALUE":[41,16],"MAX_VALUE":[65,62]}}
