{"PREVALENCE_BY_GENDER_AGE_YEAR":{"TRELLIS_NAME":["20-29","20-29","30-39","20-29","10-19"],"SERIES_NAME":["MALE","MALE","MALE","MALE","MALE"],"X_CALENDAR_YEAR":[2007,2012,2013,2014,2014],"Y_PREVALENCE_1000PP":[0.33574,0.30888,0.51951,0.37242,0.3524]},"PREVALENCE_BY_MONTH":{"X_CALENDAR_MONTH":["201505","201005","201402","201306","200705","200706","201305","200904"],"Y_PREVALENCE_1000PP":[0.09773,0.0186,0.02486,0.02211,0.02046,0.02377,0.02546,0.01872]},"LENGTH_OF_ERA":{"CATEGORY":"Length of era","MIN_VALUE":1,"P10_VALUE":1,"P25_VALUE":1,"MEDIAN_VALUE":1,"P75_VALUE":1,"P90_VALUE":1,"MAX_VALUE":76},"AGE_AT_FIRST_DIAGNOSIS":{"CATEGORY":["FEMALE","MALE"],"MIN_VALUE":[11,12],"P10_VALUE":[15,16],"P25_VALUE":[27,22],"MEDIAN_VALUE":[47,34],"P75_VALUE":[59,50],"P90_VALUE":[70,64],"MAX_VALUE":[83,90]}}
