{"PREVALENCE_BY_GENDER_AGE_YEAR":{"TRELLIS_NAME":["0-9","0-9","0-9","0-9","40-49","0-9","0-9","0-9","0-9","10-19","0-9","10-19","0-9","0-9","0-9","10-19","0-9","0-9","10-19","0-9","10-19","0-9","0-9","0-9","0-9","0-9","0-9","0-9"],"SERIES_NAME":["FEMALE","MALE","FEMALE","MALE","FEMALE","FEMALE","MALE","MALE","FEMALE","FEMALE","FEMALE","FEMALE","MALE","FEMALE","MALE","FEMALE","FEMALE","MALE","FEMALE","MALE","MALE","FEMALE","MALE","FEMALE","FEMALE","MALE","FEMALE","MALE"],"X_CALENDAR_YEAR":[2004,2004,2005,2005,2006,2006,2006,2007,2007,2007,2008,2008,2008,2009,2009,2009,2010,2010,2011,2011,2011,2011,2012,2012,2013,2013,2014,2014],"Y_PREVALENCE_1000PP":[0.33146,0.43224,0.28028,0.33107,0.23937,0.34474,0.26599,0.28477,0.44396,0.25478,0.27019,0.28916,0.27557,0.34265,0.23815,0.28573,0.23298,0.44461,0.25728,0.41813,0.27793,0.39336,0.4275,0.68237,0.42114,0.48607,0.55747,0.49583]},"PREVALENCE_BY_MONTH":{"X_CALENDAR_MONTH":["201401","201106","200711","200611","201308","201209","200701","200912","201005","201205","200710","201110","200505","200803","201204","200809","200908","201101","200911","201006","201011","201403"],"Y_PREVALENCE_1000PP":[0.02436,0.01914,0.01983,0.02132,0.0264,0.02061,0.03155,0.02484,0.0186,0.02669,0.02652,0.02595,0.03077,0.02273,0.02658,0.01911,0.02182,0.02202,0.02174,0.0186,0.01875,0.02516]},"LENGTH_OF_ERA":{"CATEGORY":"Length of era","MIN_VALUE":1,"P10_VALUE":1,"P25_VALUE":1,"MEDIAN_VALUE":1,"P75_VALUE":1,"P90_VALUE":1,"MAX_VALUE":83},"AGE_AT_FIRST_DIAGNOSIS":{"CATEGORY":["FEMALE","MALE"],"MIN_VALUE":[0,0],"P10_VALUE":[0,0],"P25_VALUE":[4,2],"MEDIAN_VALUE":[13,10],"P75_VALUE":[42,33],"P90_VALUE":[58,58],"MAX_VALUE":[89,99]}}
