{"PREVALENCE_BY_GENDER_AGE_YEAR":{"TRELLIS_NAME":["30-39","60-69","20-29","10-19","50-59","40-49","30-39","20-29","50-59","40-49","10-19","30-39","40-49","50-59","10-19","20-29","60-69","20-29","30-39","60-69","10-19","50-59","40-49","30-39","20-29","10-19","60-69","50-59","40-49","20-29","30-39","40-49","10-19","50-59","60-69","20-29","30-39","10-19","40-49","50-59","30-39","50-59","60-69","20-29","40-49","10-19","40-49","50-59","30-39","10-19","20-29","10-19","40-49","50-59","20-29","60-69","30-39","20-29","30-39","10-19","40-49","50-59","30-39","40-49","10-19","50-59","20-29"],"SERIES_NAME":["FEMALE","FEMALE","FEMALE","FEMALE","FEMALE","FEMALE","FEMALE","FEMALE","FEMALE","FEMALE","FEMALE","FEMALE","FEMALE","FEMALE","FEMALE","FEMALE","FEMALE","FEMALE","FEMALE","FEMALE","FEMALE","FEMALE","FEMALE","FEMALE","FEMALE","FEMALE","FEMALE","FEMALE","FEMALE","FEMALE","FEMALE","FEMALE","FEMALE","FEMALE","FEMALE","FEMALE","FEMALE","FEMALE","FEMALE","FEMALE","FEMALE","FEMALE","FEMALE","FEMALE","FEMALE","FEMALE","FEMALE","FEMALE","FEMALE","FEMALE","FEMALE","FEMALE","FEMALE","FEMALE","FEMALE","FEMALE","FEMALE","FEMALE","FEMALE","FEMALE","FEMALE","FEMALE","FEMALE","FEMALE","FEMALE","FEMALE","FEMALE"],"X_CALENDAR_YEAR":[2004,2004,2004,2004,2004,2004,2005,2005,2005,2005,2005,2006,2006,2006,2006,2006,2006,2007,2007,2007,2007,2007,2007,2008,2008,2008,2008,2008,2008,2009,2009,2009,2009,2009,2010,2010,2010,2010,2010,2010,2011,2011,2011,2011,2011,2011,2012,2012,2012,2012,2012,2013,2013,2013,2013,2013,2013,2014,2014,2014,2014,2014,2015,2015,2015,2015,2015],"Y_PREVALENCE_1000PP":[9.86256,1.59933,4.90007,2.24746,7.13888,21.84657,8.52236,3.94222,4.97107,17.25545,1.1124,7.60957,15.62767,4.55961,1.49105,2.99695,0.90561,3.0704,6.67808,0.37734,1.31635,4.27473,14.6705,6.87027,3.16,1.65235,0.45041,4.8092,14.86592,4.02201,6.96437,16.58897,1.75517,3.76004,0.54498,4.70106,8.11237,3.00025,16.29433,4.14114,8.45285,4.71254,0.24895,4.39354,17.139,3.21599,17.77141,4.59502,9.34113,3.30377,4.71698,3.54197,17.75654,4.8514,4.94729,0.25871,8.8416,5.36602,9.11098,3.50707,18.80697,4.72764,8.01578,15.7551,3.5265,4.41339,5.36041]},"PREVALENCE_BY_MONTH":{"X_CALENDAR_MONTH":["201406","200503","200802","200606","201310","200912","200706","200709","200805","201210","201101","200901","201008","201001","200712","200509","201505","201502","201104","200404","200407","201110","200506","201205","201403","201107","201011","201202","200507","200810","200812","201409","200410","200510","200902","200905","201204","201412","200401","200809","200811","200601","200603","201111","200808","201506","201203","201207","201303","200612","200908","200609","200610","200604","201208","201211","201010","201007","200403","201002","201005","200801","200607","201004","200909","201307","201304","200906","201402","201112","201411","200703","200903","201309","201301","200508","201504","200511","201306","200412","200807","200406","201312","201503","200504","200804","201201","201410","201408","200702","201103","201108","200705","200806","200708","200911","201405","200409","200505","200904","200907","201501","200502","200711","201106","201305","201302","201109","200512","201206","201308","201102","200411","200910","201209","201212","200602","200501","201009","200704","200405","201407","201404","200611","200608","200408","201401","201311","200402","200605","200710","201003","201006","200707","200803","200701","201012","201105"],"Y_PREVALENCE_1000PP":[0.40377,0.50663,0.3297,0.30997,0.49014,0.30737,0.29545,0.26784,0.37118,0.49664,0.40257,0.35184,0.35152,0.27325,0.31344,0.36096,1.39614,0.74979,0.37046,0.88144,0.57052,0.46062,0.50808,0.46044,0.43605,0.40429,0.40011,0.39512,0.41584,0.37695,0.29941,0.47956,0.51028,0.34747,0.35135,0.35786,0.47505,0.58122,1.94553,0.28354,0.28492,0.48609,0.3832,0.43299,0.33936,0.80446,0.48801,0.45105,0.44688,0.24423,0.35224,0.3179,0.32893,0.3579,0.43282,0.38196,0.37729,0.40694,1.35146,0.32937,0.41241,0.34703,0.37795,0.39333,0.38271,0.41308,0.47201,0.32664,0.50968,0.4317,0.57699,0.35233,0.39019,0.44315,0.42487,0.39971,1.28708,0.32299,0.39428,0.52721,0.35564,0.65025,0.45129,1.02837,0.42742,0.36576,0.4198,0.49595,0.49679,0.28985,0.39965,0.41213,0.33073,0.32835,0.26231,0.36332,0.62499,0.56624,0.41757,0.4244,0.37066,0.6722,0.39903,0.34374,0.40829,0.39277,0.45445,0.382,0.32771,0.42417,0.45632,0.34678,0.52013,0.30428,0.46369,0.42285,0.35859,0.43322,0.39589,0.28552,0.58838,0.46886,0.59619,0.334,0.33819,0.58628,0.52782,0.51894,1.3194,0.30125,0.32484,0.36508,0.44649,0.24005,0.31827,0.29446,0.42975,0.36508]},"LENGTH_OF_ERA":{"CATEGORY":"Length of era","MIN_VALUE":1,"P10_VALUE":1,"P25_VALUE":1,"MEDIAN_VALUE":1,"P75_VALUE":1,"P90_VALUE":13,"MAX_VALUE":106},"AGE_AT_FIRST_DIAGNOSIS":{"CATEGORY":["FEMALE","MALE"],"MIN_VALUE":[9,16],"P10_VALUE":[23,-9999],"P25_VALUE":[32,31],"MEDIAN_VALUE":[40,43],"P75_VALUE":[46,65],"P90_VALUE":[50,67],"MAX_VALUE":[90,67]}}
