{"PREVALENCE_BY_GENDER_AGE_YEAR":{"TRELLIS_NAME":["60-69","80-89","70-79","50-59","40-49","50-59","40-49","70-79","60-69","60-69","80-89","30-39","50-59","40-49","70-79","50-59","70-79","40-49","50-59","40-49","50-59","70-79","70-79","60-69","60-69","60-69","60-69","70-79","40-49","50-59","50-59","40-49","70-79","60-69","80-89","60-69","40-49","70-79","50-59","40-49","70-79","80-89","60-69","80-89","40-49","70-79","50-59","50-59","70-79","60-69","60-69","80-89","60-69","80-89","50-59","70-79","50-59","40-49","70-79","40-49","50-59","50-59","40-49","40-49","70-79","70-79","60-69","80-89","60-69","80-89","30-39","40-49","50-59","50-59","70-79","70-79","40-49","60-69","80-89","80-89","60-69","40-49","50-59","70-79","40-49","50-59","70-79","80-89","60-69","60-69","80-89","60-69","80-89","60-69","80-89","70-79","50-59","70-79","50-59","40-49","50-59","50-59","70-79","60-69","70-79","60-69"],"SERIES_NAME":["FEMALE","MALE","FEMALE","FEMALE","MALE","MALE","FEMALE","MALE","FEMALE","MALE","FEMALE","MALE","FEMALE","FEMALE","FEMALE","MALE","MALE","FEMALE","FEMALE","MALE","MALE","MALE","FEMALE","MALE","FEMALE","FEMALE","MALE","MALE","MALE","MALE","FEMALE","FEMALE","FEMALE","MALE","FEMALE","FEMALE","MALE","MALE","MALE","FEMALE","FEMALE","FEMALE","MALE","MALE","FEMALE","FEMALE","MALE","FEMALE","MALE","FEMALE","FEMALE","FEMALE","MALE","MALE","FEMALE","MALE","MALE","MALE","FEMALE","FEMALE","FEMALE","MALE","MALE","FEMALE","FEMALE","MALE","FEMALE","FEMALE","MALE","MALE","FEMALE","FEMALE","MALE","FEMALE","FEMALE","MALE","MALE","FEMALE","MALE","FEMALE","MALE","MALE","MALE","MALE","FEMALE","FEMALE","FEMALE","MALE","MALE","FEMALE","FEMALE","MALE","MALE","FEMALE","FEMALE","FEMALE","MALE","MALE","FEMALE","FEMALE","FEMALE","MALE","FEMALE","FEMALE","MALE","MALE"],"X_CALENDAR_YEAR":[2004,2004,2004,2004,2004,2004,2004,2004,2005,2005,2005,2005,2005,2005,2005,2005,2005,2006,2006,2006,2006,2006,2006,2006,2006,2007,2007,2007,2007,2007,2007,2007,2007,2008,2008,2008,2008,2008,2008,2008,2008,2009,2009,2009,2009,2009,2009,2009,2009,2009,2010,2010,2010,2010,2010,2010,2010,2010,2010,2010,2011,2011,2011,2011,2011,2011,2011,2011,2011,2011,2012,2012,2012,2012,2012,2012,2012,2012,2012,2012,2012,2013,2013,2013,2013,2013,2013,2013,2013,2013,2013,2014,2014,2014,2014,2014,2014,2014,2014,2014,2015,2015,2015,2015,2015,2015],"Y_PREVALENCE_1000PP":[0.7649,1.62999,0.728,0.60756,0.59307,1.2473,0.27712,1.37363,0.50412,0.68881,0.83519,0.45331,0.32597,0.25976,0.75758,1.16936,1.05394,0.27357,0.33363,0.53318,1.09447,0.7824,1.03484,0.93464,0.8553,0.37734,0.5509,1.1422,0.32918,0.9072,0.46699,0.26734,0.66948,0.74303,0.67378,0.40537,0.37893,1.02435,0.90827,0.38865,0.77695,0.97171,0.87547,0.96154,0.28934,0.63155,0.93748,0.51273,0.70362,0.98899,0.62883,1.16822,1.05136,2.00277,0.44492,0.98462,0.77677,0.43328,0.75226,0.22631,0.48871,0.63895,0.33898,0.37112,0.99028,1.11682,0.4979,1.35643,0.56751,0.89566,0.20562,0.35829,1.2744,0.43762,0.79584,0.97459,0.41956,0.50537,1.044,0.9601,0.795,0.64645,0.9602,0.96547,0.31084,0.573,1.03318,1.20536,1.28769,0.64677,1.33082,1.46992,1.58932,0.8161,0.93294,0.96581,1.51887,0.93831,0.71124,0.30976,0.88268,1.94091,0.82962,1.26989,1.03761,1.6172]},"PREVALENCE_BY_MONTH":{"X_CALENDAR_MONTH":["200910","201006","201312","201305","200707","201301","201109","201210","200405","200611","201103","201308","200705","200711","201504","200704","200508","201309","201209","200402","201003","200701","201001","200801","200708","200505","201112","201205","201207","201010","200609","200606","201402","200603","200612","200406","201004","201302","200903","201007","200810","201202","200601","201411","201203","200811","200412","200808","200807","200502","201401","201501","200702","200604","201107","201502","201206","201506","201204","201306","201503","201303","201412","200605","200911","201106","200902","201110","200510","200905","200908","200512","201111","200509","200506","200511","200907","201505","200901","200804","200904","201408","201405","200912","200401","201208","201310","201409","201212","201311","201404","201009","200610","200712","200906","200607","200909","200608","201304","201211","200703","201005","201102","201104","200503","200709","201002","201101","200803","200706","200411","201410","201201","200710","200805","201403","200802","201011","201407","200408","201307","200809","201008","200410","200507","201108","200407","201105","201406"],"Y_PREVALENCE_1000PP":[0.03105,0.04961,0.05591,0.07274,0.04733,0.04214,0.04532,0.02759,0.06789,0.04619,0.05035,0.04903,0.03751,0.02644,0.16703,0.02408,0.06662,0.06494,0.04465,0.13063,0.05878,0.02804,0.04037,0.01964,0.03699,0.03516,0.03597,0.06339,0.03391,0.04365,0.03612,0.03321,0.03729,0.03035,0.03894,0.04107,0.03407,0.04615,0.0437,0.03728,0.04118,0.03951,0.05833,0.06788,0.06265,0.03799,0.04017,0.02241,0.02884,0.038,0.04872,0.14358,0.05587,0.04144,0.04492,0.16582,0.04713,0.32178,0.03322,0.03685,0.16872,0.04648,0.1498,0.03347,0.04037,0.03509,0.02196,0.02271,0.03232,0.04045,0.04052,0.03159,0.0586,0.03281,0.03875,0.03589,0.04672,0.26527,0.02513,0.03237,0.03433,0.10228,0.06602,0.03726,0.19852,0.0409,0.05017,0.07067,0.03844,0.07863,0.08149,0.04364,0.03575,0.0231,0.04977,0.0477,0.03734,0.04727,0.04684,0.0625,0.03109,0.04961,0.03153,0.05066,0.05066,0.02678,0.02175,0.04403,0.05521,0.02377,0.06762,0.10025,0.06231,0.0232,0.04519,0.03354,0.02938,0.05939,0.05157,0.07253,0.04466,0.02549,0.03111,0.03257,0.04668,0.03542,0.07692,0.02222,0.06805]},"LENGTH_OF_ERA":{"CATEGORY":"Length of era","MIN_VALUE":1,"P10_VALUE":1,"P25_VALUE":1,"MEDIAN_VALUE":1,"P75_VALUE":1,"P90_VALUE":6,"MAX_VALUE":225},"AGE_AT_FIRST_DIAGNOSIS":{"CATEGORY":["FEMALE","MALE"],"MIN_VALUE":[0,1],"P10_VALUE":[43,44],"P25_VALUE":[52,53],"MEDIAN_VALUE":[63,62],"P75_VALUE":[75,72],"P90_VALUE":[84,81],"MAX_VALUE":[97,96]}}
