{"PREVALENCE_BY_GENDER_AGE_YEAR":{"TRELLIS_NAME":["0-9","60-69","80-89","60-69","70-79","70-79","50-59","80-89","60-69","70-79","70-79","50-59","50-59","70-79","60-69","0-9","60-69","50-59","50-59","70-79","50-59","50-59","70-79","70-79","0-9","70-79","60-69","80-89","0-9","50-59","80-89","80-89","60-69","0-9","60-69","50-59","40-49","70-79","50-59"],"SERIES_NAME":["MALE","FEMALE","FEMALE","MALE","MALE","FEMALE","FEMALE","FEMALE","FEMALE","MALE","FEMALE","MALE","MALE","FEMALE","MALE","MALE","MALE","MALE","MALE","FEMALE","FEMALE","MALE","FEMALE","FEMALE","FEMALE","MALE","FEMALE","FEMALE","MALE","FEMALE","MALE","FEMALE","MALE","MALE","FEMALE","FEMALE","MALE","MALE","MALE"],"X_CALENDAR_YEAR":[2004,2004,2004,2004,2004,2004,2004,2005,2005,2005,2005,2005,2006,2006,2008,2008,2009,2009,2010,2010,2011,2011,2011,2012,2012,2012,2012,2012,2013,2013,2013,2013,2014,2014,2014,2014,2014,2014,2014],"Y_PREVALENCE_1000PP":[0.28816,0.62583,1.17746,0.66275,0.91575,0.819,0.40504,0.97439,0.39209,0.57488,0.60606,0.38979,0.40323,0.48293,0.45725,0.20668,0.3283,0.34539,0.33984,0.43882,0.20945,0.34405,0.43325,0.36731,0.24084,0.74968,0.25268,0.64007,0.22434,0.2292,1.05469,0.77631,0.39575,0.28923,0.27203,0.3347,0.44474,0.62554,0.40893]},"PREVALENCE_BY_MONTH":{"X_CALENDAR_MONTH":["201303","201005","201103","201302","201011","200404","201308","200812","201306","201010","200702","200407","201403","200910","201003","200912","201405","201402","200612","200406","201008","200403","201311","201310","200405","201212","200402","201203","200811","200608","201401","200502","201408","200512","201412","200907","201312","200509","201205","201202","201111","201110","201411","200904","201505","201502","200709","201101","201208","200505","201002","200507","200706","200605","201409","201501","200809","201106","201209","201304","200906","200909","201211","200401","201407","200503","201503","200411","200504","201410","200506","201404","201108"],"Y_PREVALENCE_1000PP":[0.0286,0.02171,0.02517,0.0284,0.01875,0.05085,0.0264,0.01891,0.04053,0.02183,0.02794,0.03846,0.03774,0.01863,0.01856,0.01863,0.03081,0.04144,0.02478,0.07529,0.02489,0.08878,0.02752,0.03088,0.0528,0.02446,0.13063,0.02308,0.02533,0.02182,0.05278,0.0285,0.04383,0.03159,0.03595,0.0218,0.03594,0.03692,0.0367,0.02305,0.03256,0.01946,0.0396,0.01872,0.09773,0.04326,0.02344,0.01887,0.02386,0.03077,0.02797,0.0297,0.02038,0.02231,0.03534,0.05874,0.02867,0.01914,0.04122,0.04324,0.02489,0.02178,0.0382,0.13897,0.02813,0.03685,0.06427,0.09883,0.02699,0.05276,0.03014,0.03431,0.02576]},"LENGTH_OF_ERA":{"CATEGORY":"Length of era","MIN_VALUE":1,"P10_VALUE":1,"P25_VALUE":1,"MEDIAN_VALUE":1,"P75_VALUE":1,"P90_VALUE":1,"MAX_VALUE":141},"AGE_AT_FIRST_DIAGNOSIS":{"CATEGORY":["FEMALE","MALE"],"MIN_VALUE":[0,0],"P10_VALUE":[9,11],"P25_VALUE":[36,40],"MEDIAN_VALUE":[61,59],"P75_VALUE":[76,73],"P90_VALUE":[84,81],"MAX_VALUE":[102,99]}}
