{"PREVALENCE_BY_GENDER_AGE_YEAR":{"TRELLIS_NAME":["20-29","40-49","50-59","40-49","30-39","40-49","10-19","50-59","20-29","60-69","20-29","10-19","50-59","10-19","50-59","20-29","20-29","60-69","60-69","50-59","40-49","10-19","40-49","10-19","50-59","40-49","50-59","30-39","30-39","20-29","40-49","10-19","10-19","60-69","40-49","50-59","10-19","50-59","40-49","10-19","20-29","60-69","60-69","30-39","20-29","20-29","30-39","30-39","10-19","40-49","50-59","40-49","50-59","10-19","60-69","50-59","30-39","20-29"],"SERIES_NAME":["FEMALE","MALE","FEMALE","FEMALE","MALE","FEMALE","FEMALE","FEMALE","FEMALE","MALE","MALE","MALE","MALE","FEMALE","FEMALE","MALE","FEMALE","MALE","FEMALE","MALE","MALE","FEMALE","FEMALE","MALE","MALE","FEMALE","FEMALE","MALE","FEMALE","FEMALE","MALE","MALE","FEMALE","FEMALE","FEMALE","FEMALE","MALE","MALE","MALE","FEMALE","FEMALE","MALE","FEMALE","FEMALE","MALE","FEMALE","FEMALE","MALE","FEMALE","MALE","MALE","FEMALE","FEMALE","MALE","FEMALE","FEMALE","FEMALE","FEMALE"],"X_CALENDAR_YEAR":[2007,2008,2008,2008,2008,2009,2009,2009,2010,2010,2010,2010,2010,2010,2011,2011,2011,2011,2011,2011,2011,2011,2011,2011,2012,2012,2012,2012,2012,2012,2012,2012,2012,2012,2013,2013,2013,2013,2013,2013,2013,2013,2013,2013,2014,2014,2014,2014,2014,2014,2014,2014,2014,2014,2014,2015,2015,2015],"Y_PREVALENCE_1000PP":[0.16303,0.70373,0.24394,0.19433,0.36539,0.22504,0.24491,0.20509,0.15003,0.31541,0.30125,0.3175,0.43694,0.33336,0.24435,0.50322,0.28767,0.30955,0.45641,0.3932,0.79096,0.77184,0.53981,0.32425,0.45879,0.35829,0.29175,0.49941,0.235,0.22198,0.35963,0.37771,0.78247,0.25268,0.34969,0.573,0.45671,0.4801,0.58181,0.51265,0.41227,0.37558,0.38806,0.27921,0.43449,0.39748,0.38546,0.65198,0.48559,0.66711,0.87627,0.26551,0.41838,0.3524,0.31737,0.66201,1.08149,1.19821]},"PREVALENCE_BY_MONTH":{"X_CALENDAR_MONTH":["201201","201002","201208","201104","201107","201502","200906","201304","201307","201211","201101","200811","201005","201406","201310","201012","201204","201410","201206","200903","201403","201203","201301","200902","201008","200809","201111","201504","201407","201412","201409","201105","201108","201503","200912","201205","201207","201210","201401","201110","201505","200901","201102","201209","201212","201308","201004","201003","201311","201309","201312","201001","201103","200910","200907","201501","201006","201305","201302","200810","201405","201106","200711","201303","201306","201202","201112","201402","201010","201408","201411","201109","200807"],"Y_PREVALENCE_1000PP":[0.02624,0.02797,0.05453,0.0285,0.05455,0.10093,0.01867,0.02883,0.0521,0.07639,0.04089,0.02533,0.03411,0.04537,0.07333,0.03137,0.03986,0.03693,0.02693,0.01873,0.05451,0.02638,0.05267,0.01882,0.028,0.0223,0.03581,0.21615,0.07971,0.0779,0.06562,0.04127,0.0644,0.09641,0.01863,0.05005,0.02035,0.03794,0.04872,0.03893,0.23734,0.02827,0.03783,0.03778,0.02796,0.06411,0.01858,0.01856,0.03538,0.04584,0.03195,0.02174,0.01888,0.01863,0.0218,0.09789,0.0248,0.04,0.03195,0.02534,0.02641,0.03828,0.02975,0.03575,0.04053,0.02963,0.05887,0.04144,0.01871,0.06332,0.08485,0.03561,0.02884]},"LENGTH_OF_ERA":{"CATEGORY":"Length of era","MIN_VALUE":1,"P10_VALUE":1,"P25_VALUE":1,"MEDIAN_VALUE":1,"P75_VALUE":1,"P90_VALUE":33,"MAX_VALUE":510},"AGE_AT_FIRST_DIAGNOSIS":{"CATEGORY":["MALE","FEMALE"],"MIN_VALUE":[6,7],"P10_VALUE":[17,18],"P25_VALUE":[27,22],"MEDIAN_VALUE":[43,37],"P75_VALUE":[54,54],"P90_VALUE":[64,67],"MAX_VALUE":[92,97]}}
