{"PREVALENCE_BY_GENDER_AGE_YEAR":{"TRELLIS_NAME":["60-69","20-29","30-39","70-79","50-59","40-49","10-19","30-39","20-29","60-69","40-49","70-79","10-19","50-59","40-49","50-59","70-79","10-19","30-39","20-29","60-69"],"SERIES_NAME":["FEMALE","FEMALE","FEMALE","FEMALE","FEMALE","FEMALE","FEMALE","FEMALE","FEMALE","FEMALE","FEMALE","FEMALE","FEMALE","FEMALE","FEMALE","FEMALE","FEMALE","FEMALE","FEMALE","FEMALE","FEMALE"],"X_CALENDAR_YEAR":[2004,2004,2004,2004,2004,2004,2004,2005,2005,2005,2005,2005,2005,2005,2006,2006,2006,2006,2006,2006,2006],"Y_PREVALENCE_1000PP":[1.7384,1.42758,2.21809,0.546,1.97458,2.95598,0.91113,1.39339,1.10382,0.95222,2.04097,0.90909,1.01128,1.54837,1.33365,0.77847,0.6209,0.5422,0.53926,0.63397,0.75468]},"PREVALENCE_BY_MONTH":{"X_CALENDAR_MONTH":["200507","200504","200411","200608","200602","200605","200407","200607","200603","200410","200503","200509","200506","200512","200408","200609","200405","200501","200510","200606","200402","200604","200403","200612","200401","200404","200502","200412","200406","200409","200508","200511","200505"],"Y_PREVALENCE_1000PP":[0.06365,0.09448,0.13523,0.06909,0.06555,0.07066,0.09615,0.08073,0.07967,0.114,0.15659,0.08614,0.08181,0.05133,0.16319,0.06141,0.12069,0.14116,0.12121,0.06642,0.27433,0.07535,0.29594,0.02124,0.61542,0.32206,0.04275,0.0703,0.1985,0.13155,0.19153,0.08374,0.08351]},"LENGTH_OF_ERA":{"CATEGORY":"Length of era","MIN_VALUE":1,"P10_VALUE":1,"P25_VALUE":1,"MEDIAN_VALUE":1,"P75_VALUE":1,"P90_VALUE":8,"MAX_VALUE":50},"AGE_AT_FIRST_DIAGNOSIS":{"CATEGORY":["MALE","FEMALE"],"MIN_VALUE":[14,0],"P10_VALUE":[16,21],"P25_VALUE":[23,30],"MEDIAN_VALUE":[46,42],"P75_VALUE":[70,53],"P90_VALUE":[79,64],"MAX_VALUE":[81,96]}}
