{"PREVALENCE_BY_GENDER_AGE_YEAR":{"TRELLIS_NAME":["60-69","80-89","20-29","80-89","60-69","30-39","20-29","70-79","50-59","70-79","40-49","40-49","50-59","30-39","60-69","60-69","70-79","70-79","40-49","50-59","50-59","40-49","50-59","70-79","50-59","40-49","70-79","30-39","30-39","20-29","20-29","80-89","60-69","60-69","80-89","30-39","50-59","20-29","50-59","60-69","50-59","20-29","10-19"],"SERIES_NAME":["FEMALE","FEMALE","FEMALE","MALE","MALE","FEMALE","MALE","MALE","FEMALE","FEMALE","FEMALE","MALE","MALE","MALE","MALE","FEMALE","MALE","FEMALE","FEMALE","MALE","FEMALE","FEMALE","FEMALE","MALE","MALE","MALE","FEMALE","MALE","FEMALE","MALE","FEMALE","MALE","MALE","FEMALE","FEMALE","FEMALE","FEMALE","FEMALE","FEMALE","FEMALE","FEMALE","FEMALE","FEMALE"],"X_CALENDAR_YEAR":[2004,2004,2004,2004,2004,2004,2004,2004,2004,2004,2004,2004,2004,2004,2005,2005,2005,2005,2005,2005,2005,2006,2006,2006,2006,2006,2006,2006,2006,2006,2006,2006,2006,2006,2006,2007,2007,2011,2011,2012,2012,2013,2014],"Y_PREVALENCE_1000PP":[2.43377,1.85029,1.04175,2.71665,1.42019,0.79217,0.83971,2.06044,2.43026,3.822,2.12461,1.60976,0.99784,1.11214,0.68881,1.00823,0.57488,0.68182,0.33398,0.38979,0.24448,0.71812,1.14917,0.7824,1.32488,0.65166,1.86271,1.22424,0.83885,0.61862,0.6916,1.91644,1.0014,1.00624,2.02352,0.34247,0.21553,0.15691,0.20945,0.25268,0.25528,0.17669,0.43164]},"PREVALENCE_BY_MONTH":{"X_CALENDAR_MONTH":["201501","200404","200502","201403","200503","200508","200605","200509","201110","200402","200611","200407","201401","200412","200601","200406","200405","200403","200612","200608","201311","200606","200409","200701","200501","200504","201201","201111","200411","200408","200410","200906","200607","200610","200609","200604","201211","200401","201208"],"Y_PREVALENCE_1000PP":[0.04568,0.26274,0.03325,0.03354,0.06448,0.02915,0.15248,0.03281,0.01946,0.37884,0.1137,0.20513,0.02842,0.16067,0.02333,0.24641,0.19613,0.37486,0.06017,0.12,0.02359,0.14392,0.10295,0.07011,0.10222,0.04949,0.01968,0.0293,0.10923,0.13901,0.17371,0.01867,0.1321,0.17876,0.07586,0.02637,0.02431,0.57572,0.02045]},"LENGTH_OF_ERA":{"CATEGORY":"Length of era","MIN_VALUE":1,"P10_VALUE":1,"P25_VALUE":1,"MEDIAN_VALUE":1,"P75_VALUE":1,"P90_VALUE":2,"MAX_VALUE":71},"AGE_AT_FIRST_DIAGNOSIS":{"CATEGORY":["FEMALE","MALE"],"MIN_VALUE":[0,0],"P10_VALUE":[24,25],"P25_VALUE":[35,37],"MEDIAN_VALUE":[53,53],"P75_VALUE":[67,69],"P90_VALUE":[77,79],"MAX_VALUE":[97,93]}}
