{"PREVALENCE_BY_GENDER_AGE_YEAR":{"TRELLIS_NAME":["0-9","0-9","0-9","70-79","0-9","0-9","50-59","60-69","0-9","80-89","60-69"],"SERIES_NAME":["FEMALE","MALE","MALE","MALE","FEMALE","FEMALE","FEMALE","FEMALE","MALE","MALE","FEMALE"],"X_CALENDAR_YEAR":[2012,2012,2013,2013,2013,2014,2014,2014,2014,2014,2015],"Y_PREVALENCE_1000PP":[0.36126,0.285,0.52346,0.4456,0.2948,0.60392,0.25103,0.45339,0.41319,0.95359,0.5229]},"PREVALENCE_BY_MONTH":{"X_CALENDAR_MONTH":["201410","201307","201504","201503","201301","201408","201212","201401","201306","201309","201305","201308","201107","201209","201409","201407","201505","201303","201204","201412","201502"],"Y_PREVALENCE_1000PP":[0.06859,0.03349,0.06878,0.07231,0.02107,0.02922,0.02097,0.03654,0.02579,0.02292,0.03637,0.02263,0.01925,0.02404,0.03534,0.03282,0.08377,0.03218,0.02658,0.08988,0.07209]},"LENGTH_OF_ERA":{"CATEGORY":"Length of era","MIN_VALUE":1,"P10_VALUE":1,"P25_VALUE":1,"MEDIAN_VALUE":1,"P75_VALUE":1,"P90_VALUE":1,"MAX_VALUE":35},"AGE_AT_FIRST_DIAGNOSIS":{"CATEGORY":["FEMALE","MALE"],"MIN_VALUE":[0,0],"P10_VALUE":[1,1],"P25_VALUE":[4,2],"MEDIAN_VALUE":[58,50],"P75_VALUE":[70,74],"P90_VALUE":[82,81],"MAX_VALUE":[97,99]}}
