{"PREVALENCE_BY_GENDER_AGE_YEAR":{"TRELLIS_NAME":["0-9","0-9","0-9","0-9","0-9","0-9","0-9","0-9","0-9","10-19","20-29","30-39","20-29","0-9","0-9"],"SERIES_NAME":["MALE","FEMALE","FEMALE","MALE","FEMALE","FEMALE","MALE","FEMALE","MALE","MALE","FEMALE","FEMALE","FEMALE","FEMALE","MALE"],"X_CALENDAR_YEAR":[2007,2007,2009,2011,2011,2012,2012,2013,2013,2013,2013,2014,2014,2014,2014],"Y_PREVALENCE_1000PP":[0.35596,0.28252,0.22843,0.3136,0.39336,0.52182,0.46313,0.37903,0.26173,0.35522,0.26503,0.28034,0.36436,0.46455,0.53715]},"PREVALENCE_BY_MONTH":{"X_CALENDAR_MONTH":["201106","201109","201307","200709","201208","201310","201409","201209","201406","201207","201309","200609","201205","201407","201410","201308","200710"],"Y_PREVALENCE_1000PP":[0.02233,0.01942,0.02233,0.02344,0.03067,0.03088,0.04543,0.02748,0.02722,0.03391,0.03438,0.02167,0.02336,0.0422,0.04221,0.03017,0.0232]},"LENGTH_OF_ERA":{"CATEGORY":"Length of era","MIN_VALUE":1,"P10_VALUE":1,"P25_VALUE":1,"MEDIAN_VALUE":1,"P75_VALUE":1,"P90_VALUE":1,"MAX_VALUE":23},"AGE_AT_FIRST_DIAGNOSIS":{"CATEGORY":["FEMALE","MALE"],"MIN_VALUE":[1,1],"P10_VALUE":[3,2],"P25_VALUE":[5,3],"MEDIAN_VALUE":[20,8],"P75_VALUE":[33,20],"P90_VALUE":[46,46],"MAX_VALUE":[87,75]}}
