{"PREVALENCE_BY_GENDER_AGE_YEAR":{"TRELLIS_NAME":["90-99","80-89","80-89","60-69","0-9","60-69","70-79","70-79","50-59","50-59","60-69","90-99","80-89","80-89","60-69","50-59","70-79","10-19","0-9","0-9","70-79","50-59","50-59","40-49","50-59","70-79","0-9","70-79","80-89","60-69","20-29","90-99","60-69","80-89","90-99"],"SERIES_NAME":["FEMALE","FEMALE","MALE","MALE","MALE","FEMALE","MALE","FEMALE","FEMALE","MALE","FEMALE","MALE","FEMALE","MALE","MALE","FEMALE","MALE","MALE","MALE","FEMALE","FEMALE","MALE","FEMALE","FEMALE","MALE","MALE","FEMALE","FEMALE","MALE","MALE","FEMALE","MALE","FEMALE","FEMALE","FEMALE"],"X_CALENDAR_YEAR":[2004,2004,2004,2004,2004,2004,2004,2004,2004,2004,2005,2005,2005,2005,2005,2005,2005,2005,2005,2005,2005,2005,2006,2006,2006,2006,2006,2006,2006,2006,2006,2006,2006,2006,2006],"Y_PREVALENCE_1000PP":[5.80131,1.85029,2.71665,1.51486,0.38421,1.11258,1.71703,2.184,0.35441,0.66523,0.84019,12.42236,2.36637,3.88853,0.91841,0.40746,2.39532,0.57127,0.33107,0.327,1.9697,0.51972,0.25949,0.20518,0.63364,1.99948,0.25855,1.58675,2.87466,0.80112,0.1729,11.69591,0.90561,2.78234,3.30033]},"PREVALENCE_BY_MONTH":{"X_CALENDAR_MONTH":["200412","200604","200405","200402","200509","200608","200510","200409","200512","200501","200601","200505","200507","200602","200508","200605","200504","200506","200404","200411","200408","200607","200410","200407","200511","200401","200403","200406","200503","200609","200603","200606","200502"],"Y_PREVALENCE_1000PP":[0.12553,0.10549,0.11315,0.16982,0.10254,0.12,0.09293,0.17159,0.09476,0.10222,0.14388,0.11868,0.09335,0.10411,0.10409,0.12273,0.10348,0.12917,0.14408,0.14044,0.10879,0.08073,0.13571,0.1218,0.11963,0.29778,0.12824,0.21219,0.14278,0.10476,0.13659,0.13654,0.09501]},"LENGTH_OF_ERA":{"CATEGORY":"Length of era","MIN_VALUE":1,"P10_VALUE":1,"P25_VALUE":1,"MEDIAN_VALUE":1,"P75_VALUE":15,"P90_VALUE":48,"MAX_VALUE":988},"AGE_AT_FIRST_DIAGNOSIS":{"CATEGORY":["FEMALE","MALE"],"MIN_VALUE":[0,0],"P10_VALUE":[19,11],"P25_VALUE":[52,50],"MEDIAN_VALUE":[69,70],"P75_VALUE":[79,79],"P90_VALUE":[86,86],"MAX_VALUE":[99,96]}}
