{"PREVALENCE_BY_GENDER_AGE_YEAR":{"TRELLIS_NAME":["0-9","10-19","0-9","10-19","0-9","0-9","0-9"],"SERIES_NAME":["MALE","FEMALE","FEMALE","FEMALE","MALE","FEMALE","MALE"],"X_CALENDAR_YEAR":[2011,2011,2013,2013,2013,2014,2014],"Y_PREVALENCE_1000PP":[0.45298,0.25728,0.80017,0.55926,1.00953,0.8362,0.78506]},"PREVALENCE_BY_MONTH":{"X_CALENDAR_MONTH":["201307","201310","201311","201404","201308","201105","201410","201406","201306","201106","201408","201309","201409"],"Y_PREVALENCE_1000PP":[0.04094,0.05017,0.02752,0.04289,0.06788,0.04127,0.03166,0.04083,0.02211,0.02233,0.04383,0.06494,0.03029]},"LENGTH_OF_ERA":{"CATEGORY":"Length of era","MIN_VALUE":1,"P10_VALUE":1,"P25_VALUE":1,"MEDIAN_VALUE":1,"P75_VALUE":1,"P90_VALUE":1,"MAX_VALUE":31},"AGE_AT_FIRST_DIAGNOSIS":{"CATEGORY":["FEMALE","MALE"],"MIN_VALUE":[0,1],"P10_VALUE":[2,2],"P25_VALUE":[5,3],"MEDIAN_VALUE":[14,6],"P75_VALUE":[30,16],"P90_VALUE":[55,40],"MAX_VALUE":[78,73]}}
