{"AGE_AT_FIRST_EXPOSURE":{"CATEGORY":["FEMALE","MALE"],"MIN_VALUE":[0,0],"P10_VALUE":[22,3],"P25_VALUE":[34,18],"MEDIAN_VALUE":[52,32],"P75_VALUE":[63,50],"P90_VALUE":[77,66],"MAX_VALUE":[94,89]},"DAYS_SUPPLY_DISTRIBUTION":{"CATEGORY":"Days supply","MIN_VALUE":0,"P10_VALUE":0,"P25_VALUE":10,"MEDIAN_VALUE":14,"P75_VALUE":30,"P90_VALUE":30,"MAX_VALUE":90},"DRUGS_BY_TYPE":{"CONCEPT_NAME":["Inpatient administration","Prescription written"],"COUNT_VALUE":[383,422]},"PREVALENCE_BY_GENDER_AGE_YEAR":{"TRELLIS_NAME":["40-49","60-69","50-59","70-79","20-29","0-9","50-59","60-69","20-29","30-39","30-39","50-59","40-49","40-49","0-9","50-59","20-29","60-69","20-29","40-49","30-39","20-29","20-29","0-9","10-19"],"SERIES_NAME":["FEMALE","FEMALE","FEMALE","FEMALE","FEMALE","MALE","FEMALE","FEMALE","FEMALE","FEMALE","MALE","FEMALE","MALE","FEMALE","MALE","FEMALE","MALE","FEMALE","FEMALE","FEMALE","MALE","MALE","MALE","MALE","MALE"],"X_CALENDAR_YEAR":[2007,2008,2008,2008,2009,2009,2009,2010,2010,2010,2010,2010,2010,2010,2010,2011,2011,2011,2011,2011,2013,2013,2014,2014,2014],"Y_PREVALENCE_1000PP":[0.20051,0.31529,0.48789,0.58271,0.17272,0.20413,0.30764,0.3773,0.25006,0.26254,0.35298,0.54759,0.54159,0.35563,0.20521,0.41889,0.60386,0.33194,0.20922,0.23617,0.45457,0.43651,0.74483,0.24791,0.3524]},"PREVALENCE_BY_MONTH":{"X_CALENDAR_MONTH":["200711","200801","200802","200804","200805","200807","200809","200812","200904","200907","200909","200910","200911","200912","201001","201002","201004","201005","201006","201007","201008","201009","201010","201011","201102","201103","201104","201105","201106","201108","201109","201112","201205","201211","201302","201306","201310","201311","201405","201407","201412","201503","201504"],"Y_PREVALENCE_1000PP":[0.01983,0.02292,0.02612,0.02589,0.01937,0.02243,0.01911,0.02206,0.02496,0.02492,0.02178,0.02173,0.03726,0.03105,0.02795,0.03418,0.05265,0.02171,0.0217,0.05902,0.02489,0.02182,0.02806,0.03751,0.01892,0.02517,0.04433,0.03492,0.02871,0.02898,0.01942,0.02943,0.02336,0.02431,0.0213,0.02211,0.02316,0.03145,0.03961,0.02813,0.04794,0.05624,0.09825]},"QUANTITY_DISTRIBUTION":{"CATEGORY":"Quantity","MIN_VALUE":0,"P10_VALUE":0,"P25_VALUE":1,"MEDIAN_VALUE":28,"P75_VALUE":30,"P90_VALUE":60,"MAX_VALUE":540},"REFILLS_DISTRIBUTION":{"CATEGORY":"Refills","MIN_VALUE":0,"P10_VALUE":0,"P25_VALUE":0,"MEDIAN_VALUE":0,"P75_VALUE":3,"P90_VALUE":5,"MAX_VALUE":6}}
