{"AGE_AT_FIRST_EXPOSURE":{"CATEGORY":["FEMALE","MALE"],"MIN_VALUE":[1,1],"P10_VALUE":[8,5],"P25_VALUE":[26,19],"MEDIAN_VALUE":[50,53],"P75_VALUE":[65,65],"P90_VALUE":[81,77],"MAX_VALUE":[98,89]},"DAYS_SUPPLY_DISTRIBUTION":{"CATEGORY":"Days supply","MIN_VALUE":0,"P10_VALUE":0,"P25_VALUE":0,"MEDIAN_VALUE":1,"P75_VALUE":3,"P90_VALUE":30,"MAX_VALUE":90},"DRUGS_BY_TYPE":{"CONCEPT_NAME":["Inpatient administration","Prescription written"],"COUNT_VALUE":[242,478]},"PREVALENCE_BY_GENDER_AGE_YEAR":{"TRELLIS_NAME":["60-69","50-59","60-69","50-59","60-69","50-59","10-19","0-9","0-9","10-19","70-79","60-69","0-9","60-69","0-9","50-59","10-19","0-9","0-9","60-69","30-39","20-29","80-89","60-69","20-29","70-79","0-9"],"SERIES_NAME":["MALE","FEMALE","FEMALE","FEMALE","FEMALE","FEMALE","FEMALE","MALE","MALE","MALE","MALE","FEMALE","MALE","FEMALE","FEMALE","FEMALE","FEMALE","FEMALE","MALE","MALE","FEMALE","FEMALE","MALE","MALE","MALE","MALE","FEMALE"],"X_CALENDAR_YEAR":[2006,2007,2009,2009,2010,2010,2010,2010,2011,2011,2011,2011,2012,2012,2012,2013,2013,2013,2013,2013,2014,2014,2014,2014,2014,2014,2014],"Y_PREVALENCE_1000PP":[0.40056,0.25145,0.258,0.23928,0.29345,0.27379,0.29169,0.23941,0.20907,0.32425,0.44673,0.29044,0.285,0.37903,0.36126,0.3438,0.27963,0.37903,0.22434,0.42923,0.28034,0.29811,0.95359,0.39575,0.43449,0.46915,0.4181]},"PREVALENCE_BY_MONTH":{"X_CALENDAR_MONTH":["200611","200905","200910","201005","201010","201011","201012","201103","201104","201105","201107","201108","201109","201110","201111","201201","201202","201203","201206","201207","201208","201209","201210","201211","201212","201301","201302","201303","201306","201309","201310","201311","201401","201402","201403","201404","201405","201406","201407","201410","201412","201503"],"Y_PREVALENCE_1000PP":[0.02132,0.02178,0.02173,0.02171,0.03118,0.01875,0.04392,0.01888,0.019,0.02222,0.02246,0.03864,0.02266,0.01946,0.02279,0.02952,0.01976,0.02308,0.02356,0.02035,0.02045,0.02404,0.02414,0.03125,0.02097,0.04565,0.0355,0.0429,0.03685,0.02674,0.04631,0.02359,0.04466,0.02486,0.04612,0.02573,0.03081,0.03176,0.03751,0.05804,0.05992,0.05624]},"QUANTITY_DISTRIBUTION":{"CATEGORY":"Quantity","MIN_VALUE":0,"P10_VALUE":0,"P25_VALUE":1,"MEDIAN_VALUE":3,"P75_VALUE":300,"P90_VALUE":900,"MAX_VALUE":27000},"REFILLS_DISTRIBUTION":{"CATEGORY":"Refills","MIN_VALUE":0,"P10_VALUE":0,"P25_VALUE":0,"MEDIAN_VALUE":0,"P75_VALUE":0,"P90_VALUE":1,"MAX_VALUE":6}}
