{"AGE_AT_FIRST_EXPOSURE":{"CATEGORY":["FEMALE","MALE"],"MIN_VALUE":[23,21],"P10_VALUE":[45,48],"P25_VALUE":[58,57],"MEDIAN_VALUE":[70,66],"P75_VALUE":[78,75],"P90_VALUE":[85,80],"MAX_VALUE":[97,96]},"DAYS_SUPPLY_DISTRIBUTION":{"CATEGORY":"Days supply","MIN_VALUE":0,"P10_VALUE":0,"P25_VALUE":0,"MEDIAN_VALUE":30,"P75_VALUE":30,"P90_VALUE":30,"MAX_VALUE":180},"DRUGS_BY_TYPE":{"CONCEPT_NAME":["Inpatient administration","Prescription written"],"COUNT_VALUE":[1252,2537]},"PREVALENCE_BY_GENDER_AGE_YEAR":{"TRELLIS_NAME":["70-79","70-79","80-89","60-69","70-79","40-49","50-59","50-59","70-79","30-39","30-39","60-69","60-69","80-89","80-89","30-39","30-39","80-89","20-29","90-99","60-69","20-29","80-89","60-69","90-99","40-49","70-79","50-59","70-79","40-49","50-59","30-39","30-39","50-59","70-79","40-49","40-49","50-59","70-79","90-99","60-69","60-69","80-89","80-89"],"SERIES_NAME":["FEMALE","MALE","FEMALE","MALE","MALE","MALE","MALE","FEMALE","FEMALE","FEMALE","MALE","MALE","FEMALE","FEMALE","MALE","FEMALE","MALE","MALE","FEMALE","MALE","MALE","MALE","FEMALE","FEMALE","FEMALE","MALE","MALE","MALE","FEMALE","FEMALE","FEMALE","MALE","FEMALE","FEMALE","FEMALE","FEMALE","MALE","MALE","MALE","FEMALE","FEMALE","MALE","MALE","FEMALE"],"X_CALENDAR_YEAR":[2012,2012,2012,2012,2013,2013,2013,2013,2013,2013,2013,2013,2013,2013,2013,2014,2014,2014,2014,2014,2014,2014,2014,2014,2014,2014,2014,2014,2014,2014,2014,2015,2015,2015,2015,2015,2015,2015,2015,2015,2015,2015,2015,2015],"Y_PREVALENCE_1000PP":[0.61218,1.04955,0.9601,0.636,6.2384,0.90504,2.5072,0.6876,2.61335,0.18614,0.51951,3.4875,1.20731,2.66164,3.76676,0.49059,1.0142,10.48951,0.29811,5.47945,8.98915,0.68276,6.88047,3.9445,4.79512,2.74257,10.86872,5.72497,7.53332,1.06204,2.21739,1.46778,0.82702,2.28025,5.39251,0.81633,3.04127,6.14622,7.393,4.04585,3.06267,6.94444,7.75595,6.65188]},"PREVALENCE_BY_MONTH":{"X_CALENDAR_MONTH":["201208","201209","201210","201211","201212","201301","201302","201303","201304","201305","201306","201307","201308","201309","201310","201311","201312","201401","201402","201403","201404","201405","201406","201407","201408","201409","201410","201411","201412","201501","201502","201503","201504","201505","201506"],"Y_PREVALENCE_1000PP":[0.02045,0.03778,0.04139,0.04861,0.08038,0.02809,0.07101,0.1144,0.12971,0.1382,0.11055,0.14886,0.16971,0.19865,0.24314,0.27519,0.19969,0.24361,0.28177,0.32285,0.48896,0.53696,0.54894,0.5767,0.48705,0.57042,0.67534,0.64488,0.58721,0.73093,0.82188,1.02033,1.12988,0.82372,0.80446]},"QUANTITY_DISTRIBUTION":{"CATEGORY":"Quantity","MIN_VALUE":0,"P10_VALUE":0,"P25_VALUE":0,"MEDIAN_VALUE":30,"P75_VALUE":30,"P90_VALUE":30,"MAX_VALUE":180},"REFILLS_DISTRIBUTION":{"CATEGORY":"Refills","MIN_VALUE":0,"P10_VALUE":0,"P25_VALUE":0,"MEDIAN_VALUE":0,"P75_VALUE":1,"P90_VALUE":5,"MAX_VALUE":11}}
