{"AGE_AT_FIRST_EXPOSURE":{"CATEGORY":["FEMALE","MALE"],"MIN_VALUE":[0,0],"P10_VALUE":[1,1],"P25_VALUE":[2,2],"MEDIAN_VALUE":[8,6],"P75_VALUE":[28,17],"P90_VALUE":[63,56],"MAX_VALUE":[94,97]},"DAYS_SUPPLY_DISTRIBUTION":{"CATEGORY":"Days supply","MIN_VALUE":0,"P10_VALUE":0,"P25_VALUE":7,"MEDIAN_VALUE":14,"P75_VALUE":14,"P90_VALUE":30,"MAX_VALUE":45},"DRUGS_BY_TYPE":{"CONCEPT_NAME":"Prescription written","COUNT_VALUE":826},"PREVALENCE_BY_GENDER_AGE_YEAR":{"TRELLIS_NAME":["0-9","0-9","0-9","0-9","0-9","0-9","0-9","10-19","0-9","50-59","10-19","0-9","10-19","0-9","60-69","20-29","50-59","50-59","0-9","10-19","70-79","10-19","0-9","60-69","0-9","0-9"],"SERIES_NAME":["MALE","FEMALE","FEMALE","MALE","MALE","FEMALE","MALE","FEMALE","FEMALE","MALE","FEMALE","FEMALE","MALE","MALE","FEMALE","FEMALE","FEMALE","MALE","FEMALE","FEMALE","FEMALE","MALE","MALE","FEMALE","MALE","FEMALE"],"X_CALENDAR_YEAR":[2008,2009,2010,2010,2011,2011,2012,2012,2012,2013,2013,2013,2013,2013,2013,2014,2014,2014,2014,2014,2014,2014,2014,2014,2015,2015],"Y_PREVALENCE_1000PP":[0.24112,0.30458,0.42713,0.23941,0.52267,0.5507,0.4275,0.26082,0.36126,0.32007,0.60586,1.68457,0.60895,1.19649,0.25871,0.29811,0.46021,0.40893,3.25188,1.18701,0.38632,0.82227,2.68573,0.54407,1.67969,2.15857]},"PREVALENCE_BY_MONTH":{"X_CALENDAR_MONTH":["201004","201105","201107","201110","201201","201212","201301","201306","201307","201308","201309","201310","201311","201312","201401","201402","201403","201404","201405","201406","201407","201408","201409","201410","201411","201412","201501","201502","201503","201504"],"Y_PREVALENCE_1000PP":[0.01858,0.02222,0.02888,0.02271,0.02624,0.02446,0.02458,0.02211,0.0521,0.06411,0.08022,0.1042,0.09828,0.09585,0.07308,0.15746,0.12578,0.1201,0.14084,0.15878,0.15003,0.09254,0.09086,0.16884,0.10748,0.17976,0.124,0.12256,0.17675,0.26528]},"QUANTITY_DISTRIBUTION":{"CATEGORY":"Quantity","MIN_VALUE":0,"P10_VALUE":1,"P25_VALUE":1,"MEDIAN_VALUE":1,"P75_VALUE":28,"P90_VALUE":60,"MAX_VALUE":1680},"REFILLS_DISTRIBUTION":{"CATEGORY":"Refills","MIN_VALUE":0,"P10_VALUE":0,"P25_VALUE":0,"MEDIAN_VALUE":0,"P75_VALUE":2,"P90_VALUE":3,"MAX_VALUE":5}}
