{"AGE_AT_FIRST_EXPOSURE":{"CATEGORY":["MALE","FEMALE"],"MIN_VALUE":[13,14],"P10_VALUE":[20,27],"P25_VALUE":[28,41],"MEDIAN_VALUE":[45,55],"P75_VALUE":[60,67],"P90_VALUE":[70,76],"MAX_VALUE":[91,96]},"DAYS_SUPPLY_DISTRIBUTION":{"CATEGORY":"Days supply","MIN_VALUE":0,"P10_VALUE":0,"P25_VALUE":0,"MEDIAN_VALUE":5,"P75_VALUE":10,"P90_VALUE":15,"MAX_VALUE":90},"DRUGS_BY_TYPE":{"CONCEPT_NAME":["Inpatient administration","Prescription written"],"COUNT_VALUE":[529,1504]},"PREVALENCE_BY_GENDER_AGE_YEAR":{"TRELLIS_NAME":["60-69","20-29","60-69","70-79","50-59","40-49","40-49","50-59","30-39","60-69","60-69","50-59","40-49","60-69","50-59","20-29","60-69","20-29","50-59","40-49","70-79","40-49","50-59","70-79","60-69","30-39","20-29","60-69","60-69","20-29","80-89","50-59","30-39","10-19","70-79","40-49","70-79","10-19","50-59","40-49","50-59","30-39","30-39","20-29","50-59","10-19","40-49","70-79","40-49","10-19","70-79","60-69","80-89","20-29","60-69","30-39","30-39","50-59","70-79","40-49","50-59","20-29","60-69","60-69","10-19","40-49","10-19","70-79","40-49","50-59","10-19","70-79","50-59","40-49","30-39","30-39","20-29","60-69","60-69"],"SERIES_NAME":["FEMALE","FEMALE","MALE","FEMALE","FEMALE","FEMALE","MALE","MALE","FEMALE","MALE","FEMALE","FEMALE","FEMALE","MALE","FEMALE","FEMALE","MALE","MALE","MALE","MALE","FEMALE","FEMALE","FEMALE","MALE","FEMALE","FEMALE","MALE","FEMALE","MALE","FEMALE","FEMALE","FEMALE","MALE","MALE","MALE","MALE","FEMALE","FEMALE","MALE","FEMALE","FEMALE","MALE","FEMALE","MALE","MALE","FEMALE","MALE","FEMALE","FEMALE","MALE","MALE","MALE","FEMALE","FEMALE","FEMALE","MALE","FEMALE","MALE","FEMALE","FEMALE","FEMALE","MALE","MALE","FEMALE","FEMALE","MALE","MALE","MALE","FEMALE","FEMALE","MALE","MALE","MALE","MALE","FEMALE","MALE","MALE","MALE","FEMALE"],"X_CALENDAR_YEAR":[2004,2004,2004,2004,2004,2004,2004,2004,2005,2005,2005,2005,2005,2008,2008,2009,2009,2009,2009,2009,2009,2009,2009,2009,2009,2010,2010,2010,2010,2010,2010,2010,2010,2010,2010,2010,2010,2010,2010,2010,2011,2011,2011,2011,2011,2011,2011,2011,2011,2011,2011,2011,2011,2011,2011,2012,2012,2012,2012,2012,2012,2012,2012,2012,2012,2012,2012,2012,2013,2013,2013,2013,2013,2013,2013,2013,2013,2013,2013],"Y_PREVALENCE_1000PP":[0.69536,0.2315,0.85211,0.819,0.30378,0.3695,0.76252,0.74838,0.19443,0.61228,0.33608,0.40746,0.29687,0.5144,0.31364,0.22207,0.54717,0.35723,0.5921,0.48224,0.63155,0.32149,0.5811,0.54726,0.516,0.55133,2.30958,1.67687,1.36677,0.35008,1.38063,1.09518,1.23544,0.45358,1.66629,1.62478,1.50451,0.33336,1.79629,0.90524,1.08214,1.57757,0.29994,2.91868,1.37619,0.25728,2.59887,0.92839,0.7085,1.4823,1.11682,1.75411,0.73038,0.36613,1.24476,1.49822,0.38187,1.58026,0.73462,0.32247,0.65643,1.8018,0.848,0.92651,0.30429,1.49844,1.03872,0.74968,0.38855,0.4584,0.30448,0.51987,0.69348,1.16362,0.34125,0.77927,1.30954,0.6975,0.60366]},"PREVALENCE_BY_MONTH":{"X_CALENDAR_MONTH":["200402","200403","200405","200407","200408","200409","200410","200501","200502","200504","200505","200507","200604","200806","200810","200811","200902","200903","200904","200905","200906","200907","200908","200909","200910","200911","200912","201001","201002","201003","201004","201005","201006","201007","201008","201009","201010","201011","201012","201101","201102","201103","201104","201105","201106","201107","201108","201109","201110","201111","201112","201201","201202","201203","201204","201205","201206","201207","201208","201209","201210","201211","201212","201301","201302","201303","201304","201306","201307","201308","201309","201401"],"Y_PREVALENCE_1000PP":[0.11757,0.06905,0.08298,0.0641,0.03626,0.06864,0.04343,0.02921,0.0285,0.02699,0.05714,0.03395,0.03014,0.01931,0.04118,0.04432,0.03137,0.02809,0.03433,0.02801,0.03422,0.05918,0.07169,0.06845,0.05589,0.02795,0.02484,0.02174,0.10875,0.10519,0.09601,0.07132,0.07131,0.05902,0.09643,0.09352,0.18709,0.12503,0.19762,0.15725,0.1261,0.10699,0.09499,0.08889,0.14035,0.06417,0.11591,0.09064,0.06812,0.06511,0.17006,0.13447,0.06256,0.07584,0.05315,0.05672,0.03366,0.10513,0.09542,0.0893,0.11036,0.04514,0.07339,0.16152,0.14556,0.04648,0.07206,0.02948,0.02233,0.03394,0.02674,0.03248]},"QUANTITY_DISTRIBUTION":{"CATEGORY":"Quantity","MIN_VALUE":0,"P10_VALUE":0,"P25_VALUE":30,"MEDIAN_VALUE":50,"P75_VALUE":60,"P90_VALUE":60,"MAX_VALUE":270},"REFILLS_DISTRIBUTION":{"CATEGORY":"Refills","MIN_VALUE":0,"P10_VALUE":0,"P25_VALUE":0,"MEDIAN_VALUE":0,"P75_VALUE":0,"P90_VALUE":0,"MAX_VALUE":6}}
