{"AGE_AT_FIRST_EXPOSURE":{"CATEGORY":["FEMALE","MALE"],"MIN_VALUE":[0,0],"P10_VALUE":[2,3],"P25_VALUE":[8,12],"MEDIAN_VALUE":[17,34],"P75_VALUE":[40,60],"P90_VALUE":[53,67],"MAX_VALUE":[69,80]},"DAYS_SUPPLY_DISTRIBUTION":{"CATEGORY":"Days supply","MIN_VALUE":0,"P10_VALUE":0,"P25_VALUE":0,"MEDIAN_VALUE":0,"P75_VALUE":30,"P90_VALUE":30,"MAX_VALUE":30},"DRUGS_BY_TYPE":{"CONCEPT_NAME":["Prescription written","Inpatient administration"],"COUNT_VALUE":[58,1771]},"PREVALENCE_BY_GENDER_AGE_YEAR":{"TRELLIS_NAME":["0-9","60-69"],"SERIES_NAME":["MALE","MALE"],"X_CALENDAR_YEAR":[2010,2013],"Y_PREVALENCE_1000PP":[0.20521,0.37558]},"PREVALENCE_BY_MONTH":{"X_CALENDAR_MONTH":["200411","200507","200508","200512","200607","200608","200611","200612","200707","200802","201003","201004","201005","201008","201102","201103","201105","201106","201107","201110","201111","201112","201201","201202","201203","201204","201205","201206","201207","201208","201209","201210","201211","201212","201301","201302","201303","201304","201305","201306","201307","201308","201309","201312","201407"],"Y_PREVALENCE_1000PP":[0.03121,0.02546,0.03331,0.02764,0.02569,0.02182,0.02487,0.02478,0.02029,0.02285,0.02166,0.02478,0.0186,0.02178,0.01892,0.02517,0.02222,0.02233,0.02246,0.01946,0.01953,0.02289,0.03608,0.03293,0.05276,0.04651,0.04671,0.03703,0.03052,0.02726,0.04122,0.04828,0.04167,0.05242,0.05267,0.03905,0.03933,0.05405,0.06546,0.0737,0.07071,0.06788,0.06112,0.02396,0.0422]},"QUANTITY_DISTRIBUTION":{"CATEGORY":"Quantity","MIN_VALUE":0,"P10_VALUE":0,"P25_VALUE":0,"MEDIAN_VALUE":1,"P75_VALUE":75,"P90_VALUE":550,"MAX_VALUE":855},"REFILLS_DISTRIBUTION":{"CATEGORY":"Refills","MIN_VALUE":0,"P10_VALUE":0,"P25_VALUE":0,"MEDIAN_VALUE":0,"P75_VALUE":2,"P90_VALUE":3,"MAX_VALUE":4}}
