{"AGE_AT_FIRST_EXPOSURE":{"CATEGORY":["FEMALE","MALE"],"MIN_VALUE":[6,0],"P10_VALUE":[18,16],"P25_VALUE":[27,22],"MEDIAN_VALUE":[41,35],"P75_VALUE":[55,52],"P90_VALUE":[65,65],"MAX_VALUE":[90,93]},"DAYS_SUPPLY_DISTRIBUTION":{"CATEGORY":"Days supply","MIN_VALUE":0,"P10_VALUE":0,"P25_VALUE":0,"MEDIAN_VALUE":5,"P75_VALUE":15,"P90_VALUE":30,"MAX_VALUE":90},"DRUGS_BY_TYPE":{"CONCEPT_NAME":["Inpatient administration","Prescription written"],"COUNT_VALUE":[118,1341]},"PREVALENCE_BY_GENDER_AGE_YEAR":{"TRELLIS_NAME":["60-69","40-49","30-39","30-39","60-69","20-29","20-29","60-69","10-19","40-49","50-59","40-49","50-59","60-69","20-29","20-29","30-39","30-39","50-59","50-59","10-19","40-49","60-69","10-19","20-29","30-39","20-29","60-69","40-49","70-79","40-49","10-19","50-59","10-19","50-59","30-39","30-39","20-29","30-39","50-59","10-19","10-19","40-49","40-49","70-79","60-69","60-69","20-29","30-39","30-39","40-49","50-59","70-79","60-69","20-29","60-69","20-29","10-19","50-59","30-39","30-39","60-69","20-29","20-29","30-39","30-39","20-29","20-29","60-69","40-49","50-59","70-79","50-59","20-29"],"SERIES_NAME":["FEMALE","FEMALE","MALE","FEMALE","MALE","FEMALE","MALE","FEMALE","FEMALE","MALE","FEMALE","FEMALE","MALE","MALE","FEMALE","MALE","MALE","FEMALE","FEMALE","MALE","FEMALE","FEMALE","FEMALE","MALE","MALE","FEMALE","FEMALE","FEMALE","MALE","FEMALE","FEMALE","FEMALE","MALE","MALE","FEMALE","MALE","FEMALE","MALE","MALE","FEMALE","MALE","FEMALE","MALE","FEMALE","FEMALE","FEMALE","MALE","FEMALE","FEMALE","MALE","FEMALE","FEMALE","FEMALE","FEMALE","MALE","MALE","FEMALE","MALE","FEMALE","FEMALE","MALE","FEMALE","MALE","FEMALE","MALE","FEMALE","FEMALE","MALE","FEMALE","FEMALE","FEMALE","FEMALE","FEMALE","FEMALE"],"X_CALENDAR_YEAR":[2007,2007,2008,2008,2008,2008,2008,2008,2008,2008,2008,2008,2008,2009,2009,2009,2009,2009,2009,2009,2009,2009,2009,2009,2010,2010,2010,2010,2010,2010,2010,2010,2010,2010,2010,2010,2011,2011,2011,2011,2011,2011,2011,2011,2011,2011,2011,2011,2012,2012,2012,2012,2012,2012,2012,2012,2012,2013,2013,2013,2013,2013,2013,2013,2014,2014,2014,2014,2014,2014,2014,2014,2015,2015],"Y_PREVALENCE_1000PP":[0.33017,0.20051,0.36539,0.67092,0.40009,0.30829,0.32029,0.49545,0.37178,0.3248,0.76668,0.7773,0.50459,0.3283,0.56752,0.3062,0.59266,0.59993,0.75201,0.49341,0.69391,0.83588,0.516,0.35698,0.40167,0.68259,0.50011,1.13189,0.43328,0.37613,0.90524,0.66672,0.33984,0.58965,1.06095,0.52947,0.59988,0.35225,0.60676,1.25668,0.4169,0.6432,0.67797,0.87719,0.68082,0.82984,0.41273,0.49689,0.46999,0.56183,0.46578,0.76584,0.55096,0.80017,0.36036,0.318,0.49945,0.35522,0.3056,0.24819,0.38964,0.34495,0.54564,0.23559,0.57954,0.31538,0.29811,0.68276,0.27203,0.39827,0.25103,0.45071,0.5149,0.44145]},"PREVALENCE_BY_MONTH":{"X_CALENDAR_MONTH":["200711","200712","200801","200802","200803","200804","200805","200806","200807","200808","200809","200810","200811","200812","200901","200902","200903","200904","200905","200906","200907","200908","200909","200910","200911","200912","201001","201002","201003","201004","201005","201006","201007","201008","201009","201010","201011","201012","201101","201102","201103","201104","201105","201106","201107","201108","201109","201110","201111","201112","201201","201202","201203","201204","201205","201206","201207","201208","201209","201210","201211","201212","201301","201302","201303","201305","201308","201310","201311","201312","201401","201403","201404","201405","201408","201409","201410","201412","201502","201504","201505"],"Y_PREVALENCE_1000PP":[0.02975,0.04619,0.03274,0.03591,0.02273,0.06474,0.08069,0.04185,0.04485,0.02241,0.02549,0.04752,0.02216,0.04412,0.01885,0.03451,0.02185,0.06553,0.1058,0.03733,0.03426,0.03117,0.05289,0.04657,0.09005,0.0652,0.08384,0.05282,0.07735,0.13627,0.09302,0.05271,0.05591,0.04977,0.03741,0.05613,0.05626,0.05646,0.07234,0.05675,0.08182,0.07916,0.18413,0.09569,0.03209,0.05474,0.04856,0.02919,0.0293,0.02289,0.03936,0.0461,0.04287,0.08637,0.04337,0.05723,0.02374,0.02045,0.04122,0.05863,0.02083,0.02446,0.02107,0.0284,0.02145,0.08001,0.03017,0.02316,0.02752,0.02396,0.02842,0.03774,0.03431,0.09243,0.03409,0.03534,0.05276,0.05393,0.05047,0.13755,0.13961]},"QUANTITY_DISTRIBUTION":{"CATEGORY":"Quantity","MIN_VALUE":0,"P10_VALUE":10,"P25_VALUE":20,"MEDIAN_VALUE":30,"P75_VALUE":40,"P90_VALUE":60,"MAX_VALUE":302},"REFILLS_DISTRIBUTION":{"CATEGORY":"Refills","MIN_VALUE":0,"P10_VALUE":0,"P25_VALUE":0,"MEDIAN_VALUE":1,"P75_VALUE":5,"P90_VALUE":5,"MAX_VALUE":11}}
