{"AGE_AT_FIRST_EXPOSURE":{"CATEGORY":["FEMALE","MALE"],"MIN_VALUE":[17,15],"P10_VALUE":[29,30],"P25_VALUE":[41,38],"MEDIAN_VALUE":[52,50],"P75_VALUE":[63,63],"P90_VALUE":[77,72],"MAX_VALUE":[92,90]},"DAYS_SUPPLY_DISTRIBUTION":{"CATEGORY":[],"MIN_VALUE":[],"P10_VALUE":[],"P25_VALUE":[],"MEDIAN_VALUE":[],"P75_VALUE":[],"P90_VALUE":[],"MAX_VALUE":[]},"DRUGS_BY_TYPE":{"CONCEPT_NAME":"Inpatient administration","COUNT_VALUE":1282},"PREVALENCE_BY_GENDER_AGE_YEAR":{"TRELLIS_NAME":["60-69","30-39","30-39","40-49","40-49","50-59","50-59","30-39","80-89","50-59","40-49","40-49","50-59","30-39","50-59","40-49","70-79","40-49","50-59","30-39","60-69","60-69","70-79","40-49","40-49","50-59","50-59","60-69","60-69","60-69","60-69","40-49","40-49","50-59","70-79","50-59","60-69","20-29","20-29","30-39","30-39","50-59","40-49","70-79","40-49","50-59","60-69","40-49"],"SERIES_NAME":["FEMALE","FEMALE","MALE","MALE","FEMALE","MALE","FEMALE","FEMALE","FEMALE","MALE","MALE","FEMALE","FEMALE","MALE","MALE","MALE","FEMALE","FEMALE","FEMALE","MALE","MALE","FEMALE","MALE","MALE","FEMALE","FEMALE","MALE","MALE","FEMALE","MALE","FEMALE","MALE","FEMALE","FEMALE","FEMALE","MALE","MALE","FEMALE","MALE","MALE","FEMALE","MALE","MALE","FEMALE","FEMALE","FEMALE","FEMALE","FEMALE"],"X_CALENDAR_YEAR":[2004,2004,2004,2004,2004,2004,2004,2005,2005,2005,2005,2005,2005,2005,2006,2006,2006,2006,2006,2006,2006,2006,2007,2007,2007,2007,2007,2007,2007,2008,2008,2008,2008,2008,2008,2008,2009,2009,2009,2009,2009,2009,2009,2009,2009,2009,2009,2010],"Y_PREVALENCE_1000PP":[0.83443,0.31687,0.92678,0.93197,0.50806,0.74838,0.91135,0.22683,0.83519,0.84454,0.66921,0.33398,0.48896,0.45331,0.40323,0.53318,0.41394,0.47875,0.51898,0.61212,0.60084,0.4025,0.65269,0.32918,0.33418,0.43107,0.48028,0.48969,0.51884,0.5144,0.54049,0.37893,0.29149,0.52274,0.77695,0.70643,0.3283,0.22207,0.40827,0.41486,0.36517,0.78946,0.53582,0.75786,0.77158,0.64946,0.81699,0.25864]},"PREVALENCE_BY_MONTH":{"X_CALENDAR_MONTH":["200401","200402","200403","200404","200407","200408","200410","200411","200412","200501","200502","200503","200504","200506","200507","200509","200510","200511","200512","200601","200603","200604","200605","200606","200608","200609","200610","200611","200612","200702","200703","200704","200705","200706","200708","200709","200710","200801","200802","200803","200804","200805","200806","200807","200808","200809","200810","200811","200901","200902","200903","200904","200905","200906","200907","200909","200910","200911","200912","201003","201012"],"Y_PREVALENCE_1000PP":[0.17867,0.10451,0.27621,0.0678,0.04487,0.04231,0.04886,0.07802,0.06527,0.03894,0.0285,0.05527,0.05399,0.02583,0.0297,0.04512,0.0404,0.02393,0.02764,0.035,0.03415,0.06404,0.02231,0.02583,0.03273,0.02529,0.05363,0.03553,0.03186,0.02095,0.03454,0.02408,0.02728,0.02038,0.03027,0.02009,0.04972,0.04911,0.01959,0.03572,0.02589,0.03873,0.02253,0.02563,0.02561,0.0446,0.02217,0.02849,0.02513,0.05333,0.06555,0.05929,0.1058,0.06222,0.02492,0.028,0.03415,0.03726,0.02794,0.01856,0.02823]},"QUANTITY_DISTRIBUTION":{"CATEGORY":[],"MIN_VALUE":[],"P10_VALUE":[],"P25_VALUE":[],"MEDIAN_VALUE":[],"P75_VALUE":[],"P90_VALUE":[],"MAX_VALUE":[]},"REFILLS_DISTRIBUTION":{"CATEGORY":[],"MIN_VALUE":[],"P10_VALUE":[],"P25_VALUE":[],"MEDIAN_VALUE":[],"P75_VALUE":[],"P90_VALUE":[],"MAX_VALUE":[]}}
