{"AGE_AT_FIRST_EXPOSURE":{"CATEGORY":["MALE","FEMALE"],"MIN_VALUE":[24,23],"P10_VALUE":[30,34],"P25_VALUE":[47,43],"MEDIAN_VALUE":[55,55],"P75_VALUE":[70,65],"P90_VALUE":[77,75],"MAX_VALUE":[87,94]},"DAYS_SUPPLY_DISTRIBUTION":{"CATEGORY":[],"MIN_VALUE":[],"P10_VALUE":[],"P25_VALUE":[],"MEDIAN_VALUE":[],"P75_VALUE":[],"P90_VALUE":[],"MAX_VALUE":[]},"DRUGS_BY_TYPE":{"CONCEPT_NAME":"Inpatient administration","COUNT_VALUE":559},"PREVALENCE_BY_GENDER_AGE_YEAR":{"TRELLIS_NAME":["50-59","60-69","60-69","40-49","50-59","70-79","60-69","70-79","50-59","60-69","40-49","70-79","50-59","50-59","30-39"],"SERIES_NAME":["FEMALE","FEMALE","FEMALE","FEMALE","FEMALE","FEMALE","FEMALE","FEMALE","FEMALE","FEMALE","FEMALE","FEMALE","FEMALE","FEMALE","FEMALE"],"X_CALENDAR_YEAR":[2006,2006,2007,2007,2007,2007,2008,2008,2008,2009,2009,2009,2009,2010,2011],"Y_PREVALENCE_1000PP":[0.29656,0.4025,0.61318,0.30076,0.39514,0.40169,0.40537,0.51797,0.27879,0.516,0.25719,0.37893,0.61528,0.20535,0.1636]},"PREVALENCE_BY_MONTH":{"X_CALENDAR_MONTH":["200604","200702","200705","200706","200707","200710","200711","200712","200801","200803","200804","200808","200903","200904","200905","200906","200907","200908","200909","200910","200911","201006","201104","201105"],"Y_PREVALENCE_1000PP":[0.0226,0.02445,0.02046,0.02038,0.03043,0.03315,0.02975,0.05609,0.03601,0.01949,0.03237,0.01921,0.04682,0.02496,0.03734,0.01867,0.03426,0.0187,0.02489,0.03415,0.01863,0.0217,0.02216,0.02857]},"QUANTITY_DISTRIBUTION":{"CATEGORY":[],"MIN_VALUE":[],"P10_VALUE":[],"P25_VALUE":[],"MEDIAN_VALUE":[],"P75_VALUE":[],"P90_VALUE":[],"MAX_VALUE":[]},"REFILLS_DISTRIBUTION":{"CATEGORY":[],"MIN_VALUE":[],"P10_VALUE":[],"P25_VALUE":[],"MEDIAN_VALUE":[],"P75_VALUE":[],"P90_VALUE":[],"MAX_VALUE":[]}}
