{"AGE_AT_FIRST_EXPOSURE":{"CATEGORY":["FEMALE","MALE"],"MIN_VALUE":[15,4],"P10_VALUE":[21,4],"P25_VALUE":[24,9],"MEDIAN_VALUE":[28,45],"P75_VALUE":[35,57],"P90_VALUE":[43,69],"MAX_VALUE":[90,72]},"DAYS_SUPPLY_DISTRIBUTION":{"CATEGORY":"Days supply","MIN_VALUE":0,"P10_VALUE":0,"P25_VALUE":0,"MEDIAN_VALUE":0,"P75_VALUE":1,"P90_VALUE":1,"MAX_VALUE":30},"DRUGS_BY_TYPE":{"CONCEPT_NAME":"Prescription written","COUNT_VALUE":225},"PREVALENCE_BY_GENDER_AGE_YEAR":{"TRELLIS_NAME":["20-29","30-39","10-19","20-29","30-39","20-29","40-49","30-39","20-29","30-39","20-29"],"SERIES_NAME":["FEMALE","FEMALE","FEMALE","FEMALE","FEMALE","FEMALE","FEMALE","FEMALE","FEMALE","FEMALE","FEMALE"],"X_CALENDAR_YEAR":[2009,2009,2010,2010,2010,2011,2011,2011,2012,2012,2013],"Y_PREVALENCE_1000PP":[0.37012,0.23475,0.25002,0.8752,0.47256,0.57534,0.33738,0.29994,0.4717,0.3525,0.17669]},"PREVALENCE_BY_MONTH":{"X_CALENDAR_MONTH":["200909","200911","201001","201003","201004","201008","201010","201105","201106","201107","201201","201203"],"Y_PREVALENCE_1000PP":[0.03111,0.01863,0.02174,0.01856,0.02787,0.01866,0.04054,0.02222,0.01914,0.01925,0.02624,0.02308]},"QUANTITY_DISTRIBUTION":{"CATEGORY":"Quantity","MIN_VALUE":0,"P10_VALUE":0,"P25_VALUE":0,"MEDIAN_VALUE":0,"P75_VALUE":0,"P90_VALUE":1,"MAX_VALUE":60},"REFILLS_DISTRIBUTION":{"CATEGORY":"Refills","MIN_VALUE":0,"P10_VALUE":0,"P25_VALUE":0,"MEDIAN_VALUE":0,"P75_VALUE":1,"P90_VALUE":1,"MAX_VALUE":7}}
