{"AGE_AT_FIRST_EXPOSURE":{"CATEGORY":["FEMALE","MALE"],"MIN_VALUE":[0,0],"P10_VALUE":[0,0],"P25_VALUE":[0,0],"MEDIAN_VALUE":[0,0],"P75_VALUE":[0,0],"P90_VALUE":[0,0],"MAX_VALUE":[2,31]},"DAYS_SUPPLY_DISTRIBUTION":{"CATEGORY":[],"MIN_VALUE":[],"P10_VALUE":[],"P25_VALUE":[],"MEDIAN_VALUE":[],"P75_VALUE":[],"P90_VALUE":[],"MAX_VALUE":[]},"DRUGS_BY_TYPE":{"CONCEPT_NAME":"Inpatient administration","COUNT_VALUE":908},"PREVALENCE_BY_GENDER_AGE_YEAR":{"TRELLIS_NAME":["0-9","0-9","0-9","0-9","0-9","0-9","0-9","0-9","0-9","0-9","0-9","0-9","0-9","0-9","0-9","0-9","0-9","0-9","0-9","0-9","0-9","0-9","0-9"],"SERIES_NAME":["MALE","FEMALE","MALE","FEMALE","MALE","MALE","FEMALE","FEMALE","MALE","FEMALE","MALE","MALE","FEMALE","MALE","FEMALE","MALE","FEMALE","MALE","FEMALE","FEMALE","MALE","MALE","FEMALE"],"X_CALENDAR_YEAR":[2004,2005,2005,2006,2006,2007,2007,2008,2008,2009,2009,2010,2010,2011,2011,2012,2012,2013,2013,2014,2014,2015,2015],"Y_PREVALENCE_1000PP":[0.62434,0.46714,0.33107,1.07731,1.02595,1.10348,0.76684,1.62112,1.24005,1.59903,2.17739,1.33383,1.2814,1.32409,0.9834,1.10438,0.96335,0.93475,0.92651,1.06848,1.11561,1.4606,1.74346]},"PREVALENCE_BY_MONTH":{"X_CALENDAR_MONTH":["200410","200603","200604","200605","200609","200610","200702","200708","200709","200711","200801","200802","200805","200809","200810","200812","200901","200902","200903","200904","200905","200906","200907","200908","200910","200912","201001","201003","201004","201005","201006","201011","201012","201107","201108","201109","201110","201111","201112","201203","201204","201211","201212","201305","201307","201402","201404","201410","201412","201501","201502","201503","201505"],"Y_PREVALENCE_1000PP":[0.04343,0.02276,0.03014,0.02231,0.0289,0.03218,0.02445,0.02354,0.02344,0.02314,0.03929,0.02612,0.03228,0.02867,0.03484,0.01891,0.02827,0.03137,0.03434,0.03121,0.03423,0.03422,0.01869,0.03741,0.02173,0.03105,0.02484,0.01856,0.01858,0.0186,0.02791,0.01875,0.03451,0.02246,0.01932,0.01942,0.01946,0.02604,0.0327,0.02968,0.01993,0.02083,0.02097,0.02546,0.02233,0.02901,0.03002,0.04748,0.04794,0.04568,0.06489,0.06427,0.1815]},"QUANTITY_DISTRIBUTION":{"CATEGORY":[],"MIN_VALUE":[],"P10_VALUE":[],"P25_VALUE":[],"MEDIAN_VALUE":[],"P75_VALUE":[],"P90_VALUE":[],"MAX_VALUE":[]},"REFILLS_DISTRIBUTION":{"CATEGORY":[],"MIN_VALUE":[],"P10_VALUE":[],"P25_VALUE":[],"MEDIAN_VALUE":[],"P75_VALUE":[],"P90_VALUE":[],"MAX_VALUE":[]}}
