{"AGE_AT_FIRST_EXPOSURE":{"CATEGORY":["MALE","FEMALE"],"MIN_VALUE":[0,0],"P10_VALUE":[2,6],"P25_VALUE":[7,24],"MEDIAN_VALUE":[35,46],"P75_VALUE":[57,61],"P90_VALUE":[73,75],"MAX_VALUE":[93,99]},"DAYS_SUPPLY_DISTRIBUTION":{"CATEGORY":"Days supply","MIN_VALUE":0,"P10_VALUE":0,"P25_VALUE":0,"MEDIAN_VALUE":7,"P75_VALUE":14,"P90_VALUE":30,"MAX_VALUE":30},"DRUGS_BY_TYPE":{"CONCEPT_NAME":["Inpatient administration","Prescription written"],"COUNT_VALUE":[517,730]},"PREVALENCE_BY_GENDER_AGE_YEAR":{"TRELLIS_NAME":["0-9","40-49","0-9","40-49","0-9","50-59","0-9","0-9","50-59","20-29","0-9","50-59","40-49","20-29","60-69","60-69","30-39","50-59","0-9","70-79","50-59","40-49","50-59","30-39","60-69","20-29","0-9","50-59","70-79","40-49","70-79","40-49","50-59","30-39","30-39","20-29","20-29","0-9","0-9","60-69","40-49","50-59","70-79","10-19","0-9","10-19","0-9","60-69","20-29","30-39","20-29","30-39","30-39","40-49","50-59","0-9","10-19","70-79","0-9","10-19","60-69"],"SERIES_NAME":["FEMALE","FEMALE","MALE","MALE","FEMALE","FEMALE","MALE","FEMALE","FEMALE","FEMALE","MALE","FEMALE","FEMALE","FEMALE","MALE","FEMALE","FEMALE","FEMALE","MALE","MALE","MALE","FEMALE","FEMALE","FEMALE","MALE","FEMALE","MALE","MALE","FEMALE","FEMALE","FEMALE","FEMALE","FEMALE","FEMALE","MALE","FEMALE","MALE","FEMALE","MALE","FEMALE","FEMALE","FEMALE","FEMALE","FEMALE","FEMALE","MALE","MALE","FEMALE","FEMALE","FEMALE","FEMALE","MALE","FEMALE","FEMALE","FEMALE","FEMALE","FEMALE","FEMALE","MALE","MALE","FEMALE"],"X_CALENDAR_YEAR":[2004,2006,2007,2007,2007,2007,2008,2008,2008,2009,2009,2009,2009,2010,2010,2010,2010,2010,2010,2010,2010,2010,2011,2011,2011,2011,2011,2011,2011,2011,2012,2012,2012,2012,2012,2012,2012,2012,2012,2012,2013,2013,2013,2013,2013,2013,2013,2013,2013,2013,2014,2014,2014,2014,2014,2014,2014,2014,2014,2014,2014],"Y_PREVALENCE_1000PP":[0.3867,0.20518,0.24917,0.32918,0.32288,0.21553,0.20668,0.27019,0.31364,0.1974,0.34022,0.34182,0.28934,0.37508,0.31541,0.67075,0.26254,0.68449,0.20521,0.53018,0.43694,0.45262,0.4538,0.24541,0.36114,0.20922,0.3136,0.44235,0.43325,0.33738,0.42853,0.35829,0.58349,0.32312,0.37456,0.30522,0.30888,0.24084,0.24938,0.50537,0.27198,0.3438,0.42543,0.27963,0.2948,0.35522,0.52346,0.38806,0.26503,0.34125,0.23186,0.43466,0.21025,0.48677,0.50205,0.51101,0.53955,0.45071,0.74374,0.3524,0.72543]},"PREVALENCE_BY_MONTH":{"X_CALENDAR_MONTH":["200411","200508","200605","200609","200612","200707","200708","200710","200712","200806","200811","200812","200901","200903","200904","200905","200906","200907","200908","200910","200911","201001","201002","201003","201004","201005","201006","201007","201008","201009","201010","201011","201012","201101","201102","201103","201104","201105","201106","201108","201109","201111","201112","201201","201202","201203","201204","201205","201206","201207","201208","201209","201210","201211","201301","201302","201303","201304","201305","201306","201307","201308","201310","201311","201312","201401","201402","201403","201404","201405","201406","201407","201408","201409","201410","201411","201412","201501","201502","201503","201504"],"Y_PREVALENCE_1000PP":[0.03121,0.02498,0.02231,0.02529,0.02124,0.02029,0.02018,0.0232,0.03299,0.02575,0.01899,0.02521,0.03141,0.03121,0.01872,0.02489,0.03733,0.0218,0.0187,0.02794,0.02484,0.02484,0.03729,0.03403,0.03716,0.03411,0.04961,0.02485,0.04666,0.06235,0.02183,0.02501,0.04078,0.02516,0.02207,0.02832,0.03166,0.0254,0.03509,0.02898,0.03561,0.04883,0.01962,0.03936,0.03622,0.04946,0.03322,0.05005,0.0303,0.02374,0.05112,0.03091,0.03104,0.04861,0.03511,0.03905,0.03933,0.04324,0.02909,0.04053,0.02977,0.0264,0.02702,0.09042,0.05991,0.02842,0.05801,0.04612,0.06863,0.06162,0.06351,0.08439,0.0828,0.06562,0.03693,0.06788,0.04194,0.04568,0.0793,0.13658,0.0786]},"QUANTITY_DISTRIBUTION":{"CATEGORY":"Quantity","MIN_VALUE":0,"P10_VALUE":1,"P25_VALUE":1,"MEDIAN_VALUE":1,"P75_VALUE":21,"P90_VALUE":42,"MAX_VALUE":90},"REFILLS_DISTRIBUTION":{"CATEGORY":"Refills","MIN_VALUE":0,"P10_VALUE":0,"P25_VALUE":0,"MEDIAN_VALUE":0,"P75_VALUE":2,"P90_VALUE":3,"MAX_VALUE":11}}
