{"AGE_AT_FIRST_EXPOSURE":{"CATEGORY":["MALE","FEMALE"],"MIN_VALUE":[0,0],"P10_VALUE":[2,4],"P25_VALUE":[4,9],"MEDIAN_VALUE":[10,28],"P75_VALUE":[31,49],"P90_VALUE":[55,63],"MAX_VALUE":[86,90]},"DAYS_SUPPLY_DISTRIBUTION":{"CATEGORY":"Days supply","MIN_VALUE":0,"P10_VALUE":0,"P25_VALUE":0,"MEDIAN_VALUE":30,"P75_VALUE":30,"P90_VALUE":30,"MAX_VALUE":90},"DRUGS_BY_TYPE":{"CONCEPT_NAME":["Inpatient administration","Prescription written"],"COUNT_VALUE":[804,369]},"PREVALENCE_BY_GENDER_AGE_YEAR":{"TRELLIS_NAME":["0-9","0-9","0-9","0-9","0-9","40-49","0-9","50-59","40-49","0-9","0-9","40-49","0-9","0-9","10-19","10-19","10-19","0-9","0-9","10-19","10-19","0-9","0-9"],"SERIES_NAME":["MALE","FEMALE","MALE","MALE","FEMALE","FEMALE","MALE","FEMALE","FEMALE","FEMALE","MALE","FEMALE","FEMALE","MALE","MALE","FEMALE","MALE","MALE","FEMALE","FEMALE","MALE","MALE","MALE"],"X_CALENDAR_YEAR":[2005,2006,2006,2007,2007,2007,2009,2009,2009,2010,2010,2011,2011,2012,2012,2013,2013,2013,2014,2014,2014,2014,2015],"Y_PREVALENCE_1000PP":[0.2483,0.25855,0.22799,0.28477,0.24216,0.20051,0.3062,0.34182,0.22504,0.23298,0.20521,0.26991,0.5507,0.21375,0.28329,0.32623,0.30448,0.52346,0.55747,0.37768,0.3524,0.61978,0.65727]},"PREVALENCE_BY_MONTH":{"X_CALENDAR_MONTH":["200408","200507","200603","200605","200701","200704","200712","200802","200811","200903","200904","200905","200906","200907","200909","200910","200911","200912","201003","201004","201007","201101","201103","201104","201106","201111","201201","201207","201208","201301","201302","201303","201304","201305","201307","201311","201312","201401","201403","201404","201405","201406","201407","201408","201409","201410","201411","201412","201501","201502","201503","201504","201505"],"Y_PREVALENCE_1000PP":[0.03626,0.0297,0.03035,0.02603,0.02804,0.02408,0.0198,0.02285,0.01899,0.02497,0.01872,0.01867,0.02489,0.02492,0.02178,0.01863,0.01863,0.02173,0.01856,0.02478,0.02796,0.01887,0.02832,0.038,0.02233,0.01953,0.01968,0.02374,0.02386,0.02458,0.0213,0.02145,0.03603,0.02546,0.03349,0.03538,0.02796,0.03248,0.02516,0.03431,0.02641,0.03629,0.0422,0.04383,0.03534,0.04748,0.04525,0.05393,0.03916,0.04326,0.06427,0.08843,0.08377]},"QUANTITY_DISTRIBUTION":{"CATEGORY":"Quantity","MIN_VALUE":0,"P10_VALUE":0,"P25_VALUE":0,"MEDIAN_VALUE":60,"P75_VALUE":120,"P90_VALUE":240,"MAX_VALUE":7500},"REFILLS_DISTRIBUTION":{"CATEGORY":"Refills","MIN_VALUE":0,"P10_VALUE":0,"P25_VALUE":0,"MEDIAN_VALUE":0,"P75_VALUE":5,"P90_VALUE":5,"MAX_VALUE":11}}
