{"AGE_AT_FIRST_EXPOSURE":{"CATEGORY":["FEMALE","MALE"],"MIN_VALUE":[41,34],"P10_VALUE":[52,57],"P25_VALUE":[61,63],"MEDIAN_VALUE":[74,75],"P75_VALUE":[84,82],"P90_VALUE":[91,87],"MAX_VALUE":[101,96]},"DAYS_SUPPLY_DISTRIBUTION":{"CATEGORY":"Days supply","MIN_VALUE":0,"P10_VALUE":0,"P25_VALUE":0,"MEDIAN_VALUE":30,"P75_VALUE":30,"P90_VALUE":30,"MAX_VALUE":90},"DRUGS_BY_TYPE":{"CONCEPT_NAME":["Inpatient administration","Prescription written"],"COUNT_VALUE":[198,220]},"PREVALENCE_BY_GENDER_AGE_YEAR":{"TRELLIS_NAME":["70-79","70-79","80-89","80-89","70-79","80-89","60-69","70-79","70-79","70-79","90-99","70-79","70-79","80-89","70-79"],"SERIES_NAME":["MALE","FEMALE","MALE","FEMALE","FEMALE","MALE","MALE","FEMALE","MALE","FEMALE","FEMALE","MALE","FEMALE","FEMALE","FEMALE"],"X_CALENDAR_YEAR":[2008,2008,2008,2008,2009,2009,2010,2011,2011,2012,2012,2012,2013,2014,2014],"Y_PREVALENCE_1000PP":[0.55157,0.51797,1.17037,0.78608,0.44209,0.96154,0.36798,0.43325,0.52118,0.36731,2.69179,0.44981,0.42543,0.69971,0.38632]},"PREVALENCE_BY_MONTH":{"X_CALENDAR_MONTH":["200811","200812","200901","200910","201003","201008","201105","201110","201207","201211","201304"],"Y_PREVALENCE_1000PP":[0.02533,0.02521,0.01885,0.02173,0.02166,0.02178,0.01905,0.01946,0.02035,0.02083,0.02162]},"QUANTITY_DISTRIBUTION":{"CATEGORY":"Quantity","MIN_VALUE":0,"P10_VALUE":0,"P25_VALUE":0,"MEDIAN_VALUE":30,"P75_VALUE":30,"P90_VALUE":30,"MAX_VALUE":180},"REFILLS_DISTRIBUTION":{"CATEGORY":"Refills","MIN_VALUE":0,"P10_VALUE":0,"P25_VALUE":0,"MEDIAN_VALUE":0,"P75_VALUE":3,"P90_VALUE":5,"MAX_VALUE":6}}
