{"AGE_AT_FIRST_EXPOSURE":{"CATEGORY":"FEMALE","MIN_VALUE":13,"P10_VALUE":18,"P25_VALUE":21,"MEDIAN_VALUE":25,"P75_VALUE":31,"P90_VALUE":36,"MAX_VALUE":54},"DAYS_SUPPLY_DISTRIBUTION":{"CATEGORY":"Days supply","MIN_VALUE":0,"P10_VALUE":0,"P25_VALUE":0,"MEDIAN_VALUE":0,"P75_VALUE":0,"P90_VALUE":1,"MAX_VALUE":365},"DRUGS_BY_TYPE":{"CONCEPT_NAME":"Prescription written","COUNT_VALUE":2430},"PREVALENCE_BY_GENDER_AGE_YEAR":{"TRELLIS_NAME":["10-19","30-39","20-29","10-19","40-49","20-29","30-39","20-29","10-19","40-49","30-39","20-29","10-19","40-49","30-39","20-29","30-39","40-49","10-19","10-19","40-49","20-29","30-39","20-29","30-39","40-49","10-19"],"SERIES_NAME":["FEMALE","FEMALE","FEMALE","FEMALE","FEMALE","FEMALE","FEMALE","FEMALE","FEMALE","FEMALE","FEMALE","FEMALE","FEMALE","FEMALE","FEMALE","FEMALE","FEMALE","FEMALE","FEMALE","FEMALE","FEMALE","FEMALE","FEMALE","FEMALE","FEMALE","FEMALE","FEMALE"],"X_CALENDAR_YEAR":[2009,2009,2009,2010,2010,2010,2010,2011,2011,2011,2011,2012,2012,2012,2012,2013,2013,2013,2013,2014,2014,2014,2014,2015,2015,2015,2015],"Y_PREVALENCE_1000PP":[0.36736,0.39126,0.56752,1.41678,0.35563,2.82564,1.26017,4.68121,1.45791,0.47233,1.96324,6.68701,3.12989,0.39412,3.26058,8.45162,4.12608,0.58282,4.47406,4.47826,1.23905,10.36767,5.15121,7.6307,4.07151,0.89796,3.43119]},"PREVALENCE_BY_MONTH":{"X_CALENDAR_MONTH":["200908","200909","200911","200912","201001","201002","201003","201004","201005","201006","201007","201008","201009","201010","201011","201012","201101","201102","201103","201104","201105","201106","201107","201108","201109","201110","201111","201112","201201","201202","201203","201204","201205","201206","201207","201208","201209","201210","201211","201212","201301","201302","201303","201304","201305","201306","201307","201308","201309","201310","201311","201312","201401","201402","201403","201404","201405","201406","201407","201408","201409","201410","201411","201412","201501","201502","201503","201504","201505"],"Y_PREVALENCE_1000PP":[0.0187,0.02178,0.01863,0.03726,0.04658,0.04039,0.04331,0.04955,0.05271,0.07441,0.04349,0.04977,0.05923,0.03742,0.07502,0.06901,0.06919,0.06305,0.06294,0.08866,0.07937,0.04466,0.09305,0.10625,0.08093,0.07785,0.1172,0.08176,0.09183,0.12183,0.13519,0.11959,0.15348,0.08079,0.09157,0.14995,0.10648,0.19314,0.13889,0.12231,0.18259,0.13136,0.15373,0.15493,0.1782,0.18793,0.17863,0.20742,0.12225,0.20069,0.18084,0.15975,0.14617,0.19475,0.20545,0.25735,0.24207,0.27674,0.32351,0.18021,0.14639,0.30074,0.23759,0.23369,0.25452,0.32443,0.49008,0.72705,0.1815]},"QUANTITY_DISTRIBUTION":{"CATEGORY":"Quantity","MIN_VALUE":0,"P10_VALUE":0,"P25_VALUE":0,"MEDIAN_VALUE":0,"P75_VALUE":1,"P90_VALUE":1,"MAX_VALUE":365},"REFILLS_DISTRIBUTION":{"CATEGORY":"Refills","MIN_VALUE":-1,"P10_VALUE":0,"P25_VALUE":0,"MEDIAN_VALUE":0,"P75_VALUE":0,"P90_VALUE":0,"MAX_VALUE":5}}
