{"AGE_AT_FIRST_EXPOSURE":{"CATEGORY":["MALE","FEMALE"],"MIN_VALUE":[4,3],"P10_VALUE":[13,16],"P25_VALUE":[35,36],"MEDIAN_VALUE":[54,61],"P75_VALUE":[65,69],"P90_VALUE":[76,84],"MAX_VALUE":[83,98]},"DAYS_SUPPLY_DISTRIBUTION":{"CATEGORY":"Days supply","MIN_VALUE":0,"P10_VALUE":14,"P25_VALUE":30,"MEDIAN_VALUE":30,"P75_VALUE":30,"P90_VALUE":30,"MAX_VALUE":90},"DRUGS_BY_TYPE":{"CONCEPT_NAME":["Inpatient administration","Prescription written"],"COUNT_VALUE":[100,269]},"PREVALENCE_BY_GENDER_AGE_YEAR":{"TRELLIS_NAME":["60-69","60-69","40-49","70-79","50-59","60-69"],"SERIES_NAME":["FEMALE","MALE","FEMALE","MALE","MALE","FEMALE"],"X_CALENDAR_YEAR":[2013,2014,2014,2014,2014,2014],"Y_PREVALENCE_1000PP":[0.34495,0.45228,0.26551,0.46915,0.58418,0.54407]},"PREVALENCE_BY_MONTH":{"X_CALENDAR_MONTH":["201308","201309","201310","201311","201312","201401","201402","201403","201404","201405","201406","201407","201408","201409","201410","201411","201412","201501","201502","201503","201504"],"Y_PREVALENCE_1000PP":[0.0264,0.02292,0.04245,0.07076,0.06789,0.05278,0.03729,0.03774,0.05147,0.02641,0.0499,0.05157,0.05358,0.06058,0.06331,0.04525,0.08988,0.03916,0.09372,0.08034,0.1179]},"QUANTITY_DISTRIBUTION":{"CATEGORY":"Quantity","MIN_VALUE":0,"P10_VALUE":1,"P25_VALUE":1,"MEDIAN_VALUE":6,"P75_VALUE":60,"P90_VALUE":120,"MAX_VALUE":180},"REFILLS_DISTRIBUTION":{"CATEGORY":"Refills","MIN_VALUE":0,"P10_VALUE":0,"P25_VALUE":1,"MEDIAN_VALUE":2,"P75_VALUE":3,"P90_VALUE":5,"MAX_VALUE":11}}
