{"AGE_AT_FIRST_EXPOSURE":{"CATEGORY":["FEMALE","MALE"],"MIN_VALUE":[0,0],"P10_VALUE":[2,1],"P25_VALUE":[10,5],"MEDIAN_VALUE":[35,34],"P75_VALUE":[60,60],"P90_VALUE":[71,72],"MAX_VALUE":[92,98]},"DAYS_SUPPLY_DISTRIBUTION":{"CATEGORY":[],"MIN_VALUE":[],"P10_VALUE":[],"P25_VALUE":[],"MEDIAN_VALUE":[],"P75_VALUE":[],"P90_VALUE":[],"MAX_VALUE":[]},"DRUGS_BY_TYPE":{"CONCEPT_NAME":"Inpatient administration","COUNT_VALUE":3379},"PREVALENCE_BY_GENDER_AGE_YEAR":{"TRELLIS_NAME":["30-39","60-69","0-9","60-69","30-39","10-19","0-9","10-19","70-79","50-59","40-49","20-29","60-69","50-59","40-49","10-19","70-79","10-19","0-9","70-79","0-9","30-39","30-39","40-49","50-59","10-19","0-9","70-79","40-49","70-79","50-59","60-69","80-89","20-29","0-9","10-19","60-69","20-29","20-29","30-39","30-39","0-9","10-19","60-69","60-69","0-9","10-19","70-79","40-49","50-59","40-49","50-59","70-79","30-39","30-39","60-69","20-29","80-89","20-29","80-89","70-79","40-49","50-59","50-59","10-19","0-9","70-79","40-49","10-19","60-69","0-9","30-39","30-39","60-69","20-29","50-59","40-49","50-59","70-79","40-49","60-69","0-9","70-79","0-9"],"SERIES_NAME":["FEMALE","MALE","MALE","FEMALE","MALE","FEMALE","FEMALE","MALE","FEMALE","MALE","FEMALE","FEMALE","FEMALE","FEMALE","MALE","FEMALE","FEMALE","MALE","MALE","MALE","FEMALE","MALE","FEMALE","FEMALE","FEMALE","FEMALE","FEMALE","FEMALE","MALE","MALE","MALE","MALE","MALE","FEMALE","MALE","MALE","FEMALE","FEMALE","MALE","FEMALE","MALE","MALE","MALE","MALE","FEMALE","FEMALE","FEMALE","MALE","MALE","MALE","FEMALE","FEMALE","FEMALE","MALE","FEMALE","MALE","FEMALE","FEMALE","MALE","MALE","FEMALE","FEMALE","FEMALE","MALE","FEMALE","FEMALE","MALE","MALE","MALE","FEMALE","MALE","FEMALE","MALE","MALE","FEMALE","FEMALE","MALE","MALE","FEMALE","FEMALE","FEMALE","FEMALE","MALE","MALE"],"X_CALENDAR_YEAR":[2004,2004,2004,2004,2004,2004,2004,2004,2004,2004,2004,2005,2005,2005,2005,2005,2005,2005,2005,2005,2005,2006,2006,2006,2006,2006,2006,2006,2006,2006,2006,2006,2006,2006,2006,2006,2006,2007,2007,2007,2007,2007,2007,2007,2007,2007,2007,2007,2007,2007,2007,2007,2007,2008,2008,2008,2008,2008,2008,2008,2008,2008,2008,2008,2008,2008,2008,2008,2008,2008,2008,2009,2009,2009,2009,2009,2009,2009,2009,2009,2009,2009,2009,2009],"Y_PREVALENCE_1000PP":[0.23765,0.75743,2.40131,0.90397,0.74143,0.54668,1.49155,0.91215,0.728,0.58207,0.41569,0.2523,0.39209,0.24448,0.46845,0.60677,0.5303,0.74264,1.15875,0.57488,0.37371,0.47609,0.32955,0.51294,0.55605,0.63257,1.55132,0.55191,0.88863,1.04321,0.63364,1.0014,1.14987,0.3458,1.29194,1.11749,0.70437,0.32606,0.44765,0.45662,0.69074,1.35265,0.51809,0.85695,0.75468,0.92828,0.55202,1.30538,0.82295,0.64038,0.50127,0.43107,0.87032,0.36539,0.24153,1.31459,0.23122,0.67378,0.53382,1.17037,0.58271,0.5182,0.27879,0.95872,0.28916,0.81056,1.02435,0.59546,0.36466,0.72066,0.79226,0.20867,0.59266,0.93018,0.3948,0.51273,0.37507,0.69078,0.88417,0.22504,0.90299,0.53301,0.62544,0.74848]},"PREVALENCE_BY_MONTH":{"X_CALENDAR_MONTH":["200401","200402","200403","200404","200405","200406","200407","200408","200409","200410","200411","200412","200501","200502","200503","200504","200507","200508","200509","200510","200512","200601","200602","200603","200604","200605","200606","200607","200608","200609","200610","200611","200612","200701","200702","200703","200704","200705","200706","200707","200708","200709","200710","200711","200712","200801","200802","200803","200804","200805","200806","200807","200808","200809","200810","200811","200812","200901","200902","200903","200904","200905","200906","200907","200908","200909","200910","200911","200912","201001"],"Y_PREVALENCE_1000PP":[0.39705,0.16982,0.21702,0.26274,0.1735,0.21903,0.1859,0.23572,0.18875,0.20086,0.20285,0.1908,0.12656,0.09026,0.11514,0.03149,0.05516,0.07495,0.03281,0.02828,0.06317,0.07389,0.09254,0.10244,0.08288,0.14877,0.12916,0.13577,0.13455,0.1156,0.15016,0.12081,0.1522,0.11218,0.15715,0.11399,0.1032,0.11592,0.11886,0.13186,0.1177,0.12388,0.1127,0.11238,0.08248,0.1375,0.09793,0.12666,0.08416,0.07746,0.11267,0.11534,0.09284,0.08283,0.10453,0.09814,0.08825,0.07854,0.08156,0.09052,0.08738,0.08402,0.0871,0.07164,0.06234,0.06534,0.07762,0.08384,0.07141,0.04658]},"QUANTITY_DISTRIBUTION":{"CATEGORY":[],"MIN_VALUE":[],"P10_VALUE":[],"P25_VALUE":[],"MEDIAN_VALUE":[],"P75_VALUE":[],"P90_VALUE":[],"MAX_VALUE":[]},"REFILLS_DISTRIBUTION":{"CATEGORY":[],"MIN_VALUE":[],"P10_VALUE":[],"P25_VALUE":[],"MEDIAN_VALUE":[],"P75_VALUE":[],"P90_VALUE":[],"MAX_VALUE":[]}}
