{"AGE_AT_FIRST_EXPOSURE":{"CATEGORY":["FEMALE","MALE"],"MIN_VALUE":[0,0],"P10_VALUE":[31,35],"P25_VALUE":[45,57],"MEDIAN_VALUE":[64,70],"P75_VALUE":[76,80],"P90_VALUE":[86,87],"MAX_VALUE":[100,92]},"DAYS_SUPPLY_DISTRIBUTION":{"CATEGORY":"Days supply","MIN_VALUE":0,"P10_VALUE":0,"P25_VALUE":0,"MEDIAN_VALUE":30,"P75_VALUE":30,"P90_VALUE":30,"MAX_VALUE":90},"DRUGS_BY_TYPE":{"CONCEPT_NAME":"Prescription written","COUNT_VALUE":572},"PREVALENCE_BY_GENDER_AGE_YEAR":{"TRELLIS_NAME":["70-79","50-59","60-69","70-79","50-59","70-79","70-79","60-69","80-89","50-59","70-79","60-69","80-89","30-39","80-89","20-29","80-89","60-69","40-49","50-59","70-79","70-79","30-39","50-59","70-79","60-69","70-79"],"SERIES_NAME":["FEMALE","FEMALE","FEMALE","FEMALE","FEMALE","FEMALE","MALE","FEMALE","FEMALE","FEMALE","FEMALE","FEMALE","FEMALE","FEMALE","MALE","FEMALE","FEMALE","FEMALE","FEMALE","FEMALE","MALE","FEMALE","FEMALE","FEMALE","FEMALE","FEMALE","MALE"],"X_CALENDAR_YEAR":[2010,2011,2011,2011,2012,2012,2012,2012,2012,2013,2013,2013,2013,2014,2014,2014,2014,2014,2014,2014,2014,2014,2015,2015,2015,2015,2015],"Y_PREVALENCE_1000PP":[0.56419,0.34908,0.29044,0.37136,0.21881,0.36731,0.67471,0.25268,1.49349,0.382,0.72931,0.34495,0.77631,0.2453,1.43039,0.19874,1.98251,1.22416,0.39827,0.46021,0.46915,1.35213,0.44532,0.5149,0.62221,1.19519,0.90791]},"PREVALENCE_BY_MONTH":{"X_CALENDAR_MONTH":["200912","201008","201009","201010","201011","201012","201103","201110","201112","201201","201202","201204","201205","201206","201209","201210","201211","201212","201301","201306","201307","201308","201309","201310","201311","201401","201402","201403","201405","201406","201407","201408","201409","201410","201411","201412","201501","201502","201503","201504"],"Y_PREVALENCE_1000PP":[0.03105,0.02489,0.02182,0.03118,0.03126,0.01882,0.02517,0.02271,0.02943,0.03608,0.02634,0.01993,0.03337,0.0202,0.03778,0.03449,0.02083,0.02446,0.03862,0.03316,0.02233,0.02263,0.03056,0.03088,0.02752,0.03654,0.03315,0.03354,0.11003,0.09527,0.05626,0.10715,0.06058,0.06859,0.07354,0.08389,0.09789,0.11535,0.12051,0.16703]},"QUANTITY_DISTRIBUTION":{"CATEGORY":"Quantity","MIN_VALUE":0,"P10_VALUE":0,"P25_VALUE":0,"MEDIAN_VALUE":30,"P75_VALUE":30,"P90_VALUE":30,"MAX_VALUE":270},"REFILLS_DISTRIBUTION":{"CATEGORY":"Refills","MIN_VALUE":0,"P10_VALUE":0,"P25_VALUE":0,"MEDIAN_VALUE":0,"P75_VALUE":3,"P90_VALUE":5,"MAX_VALUE":6}}
