{"AGE_AT_FIRST_EXPOSURE":{"CATEGORY":["FEMALE","MALE"],"MIN_VALUE":[0,0],"P10_VALUE":[8,9],"P25_VALUE":[37,32],"MEDIAN_VALUE":[53,49],"P75_VALUE":[70,64],"P90_VALUE":[81,77],"MAX_VALUE":[101,90]},"DAYS_SUPPLY_DISTRIBUTION":{"CATEGORY":"Days supply","MIN_VALUE":0,"P10_VALUE":0,"P25_VALUE":0,"MEDIAN_VALUE":30,"P75_VALUE":30,"P90_VALUE":30,"MAX_VALUE":50},"DRUGS_BY_TYPE":{"CONCEPT_NAME":["Inpatient administration","Prescription written"],"COUNT_VALUE":[771,224]},"PREVALENCE_BY_GENDER_AGE_YEAR":{"TRELLIS_NAME":["0-9","40-49","0-9","60-69","40-49","70-79","60-69","40-49","60-69","70-79"],"SERIES_NAME":["MALE","FEMALE","MALE","FEMALE","MALE","FEMALE","MALE","MALE","MALE","MALE"],"X_CALENDAR_YEAR":[2005,2006,2006,2008,2009,2009,2010,2010,2011,2013],"Y_PREVALENCE_1000PP":[0.2483,0.23937,0.30399,0.27025,0.48224,0.37893,0.31541,0.32496,0.30955,0.4456]},"PREVALENCE_BY_MONTH":{"X_CALENDAR_MONTH":["200401","200408","200410","200506","200511","200604","200605","200607","200608","200611","200702","200703","200708","200804","200809","200901","200904","200911","201001","201010","201012","201103","201108","201304","201305","201406"],"Y_PREVALENCE_1000PP":[0.13897,0.03626,0.03257,0.03445,0.02393,0.0226,0.02231,0.02202,0.02546,0.02843,0.02095,0.02073,0.02018,0.02266,0.01911,0.0377,0.02496,0.02174,0.02174,0.01871,0.03137,0.02517,0.02576,0.02162,0.02909,0.03176]},"QUANTITY_DISTRIBUTION":{"CATEGORY":"Quantity","MIN_VALUE":0,"P10_VALUE":0,"P25_VALUE":0,"MEDIAN_VALUE":30,"P75_VALUE":60,"P90_VALUE":90,"MAX_VALUE":10800},"REFILLS_DISTRIBUTION":{"CATEGORY":"Refills","MIN_VALUE":0,"P10_VALUE":0,"P25_VALUE":0,"MEDIAN_VALUE":0,"P75_VALUE":5,"P90_VALUE":5,"MAX_VALUE":11}}
