{"AGE_AT_FIRST_EXPOSURE":{"CATEGORY":["MALE","FEMALE"],"MIN_VALUE":[13,5],"P10_VALUE":[29,35],"P25_VALUE":[47,52],"MEDIAN_VALUE":[60,63],"P75_VALUE":[70,72],"P90_VALUE":[77,78],"MAX_VALUE":[89,91]},"DAYS_SUPPLY_DISTRIBUTION":{"CATEGORY":[],"MIN_VALUE":[],"P10_VALUE":[],"P25_VALUE":[],"MEDIAN_VALUE":[],"P75_VALUE":[],"P90_VALUE":[],"MAX_VALUE":[]},"DRUGS_BY_TYPE":{"CONCEPT_NAME":"Inpatient administration","COUNT_VALUE":797},"PREVALENCE_BY_GENDER_AGE_YEAR":{"TRELLIS_NAME":["60-69","60-69","30-39","70-79","40-49","70-79","50-59","50-59","50-59","60-69","60-69","50-59","70-79","40-49","70-79","50-59","70-79","50-59","30-39","70-79","60-69","60-69","70-79","70-79","60-69","60-69","60-69","70-79","70-79"],"SERIES_NAME":["FEMALE","MALE","FEMALE","MALE","MALE","FEMALE","MALE","FEMALE","FEMALE","FEMALE","MALE","MALE","FEMALE","FEMALE","MALE","MALE","FEMALE","FEMALE","MALE","MALE","FEMALE","MALE","MALE","FEMALE","MALE","FEMALE","FEMALE","FEMALE","FEMALE"],"X_CALENDAR_YEAR":[2010,2010,2010,2010,2010,2010,2010,2010,2011,2011,2011,2011,2011,2011,2011,2012,2012,2012,2012,2012,2012,2012,2013,2013,2013,2013,2014,2014,2015],"Y_PREVALENCE_1000PP":[0.54498,0.63082,0.15752,0.68166,0.37912,0.56419,0.58258,0.41069,0.31417,0.41492,0.51592,0.3932,0.99028,0.23617,0.52118,0.40781,0.6734,0.61996,0.43698,0.44981,0.50537,0.53,0.59413,0.4862,0.32192,0.34495,0.63475,0.57949,0.93332]},"PREVALENCE_BY_MONTH":{"X_CALENDAR_MONTH":["201005","201006","201008","201009","201010","201011","201012","201101","201102","201103","201106","201108","201109","201111","201112","201202","201203","201204","201205","201206","201209","201211","201305","201308","201310","201312","201404","201409","201410","201411","201503","201504"],"Y_PREVALENCE_1000PP":[0.04031,0.04961,0.028,0.04052,0.0343,0.04689,0.04705,0.0346,0.03783,0.04091,0.02871,0.03864,0.02914,0.01953,0.01962,0.02305,0.04616,0.0299,0.04004,0.02693,0.03778,0.02431,0.02182,0.02263,0.02702,0.03994,0.02573,0.05048,0.04221,0.0396,0.08034,0.05895]},"QUANTITY_DISTRIBUTION":{"CATEGORY":[],"MIN_VALUE":[],"P10_VALUE":[],"P25_VALUE":[],"MEDIAN_VALUE":[],"P75_VALUE":[],"P90_VALUE":[],"MAX_VALUE":[]},"REFILLS_DISTRIBUTION":{"CATEGORY":[],"MIN_VALUE":[],"P10_VALUE":[],"P25_VALUE":[],"MEDIAN_VALUE":[],"P75_VALUE":[],"P90_VALUE":[],"MAX_VALUE":[]}}
