{"AGE_AT_FIRST_EXPOSURE":{"CATEGORY":["MALE","FEMALE"],"MIN_VALUE":[14,19],"P10_VALUE":[42,40],"P25_VALUE":[52,54],"MEDIAN_VALUE":[63,66],"P75_VALUE":[72,76],"P90_VALUE":[79,86],"MAX_VALUE":[97,98]},"DAYS_SUPPLY_DISTRIBUTION":{"CATEGORY":"Days supply","MIN_VALUE":0,"P10_VALUE":0,"P25_VALUE":0,"MEDIAN_VALUE":30,"P75_VALUE":30,"P90_VALUE":30,"MAX_VALUE":90},"DRUGS_BY_TYPE":{"CONCEPT_NAME":["Inpatient administration","Prescription written"],"COUNT_VALUE":[2343,1331]},"PREVALENCE_BY_GENDER_AGE_YEAR":{"TRELLIS_NAME":["70-79","50-59","40-49","60-69","30-39","40-49","50-59","70-79","80-89","60-69","60-69","60-69","80-89","60-69","30-39","50-59","40-49","70-79","70-79","60-69","70-79","40-49","50-59","60-69","80-89","60-69","70-79","70-79","50-59","80-89","60-69","40-49","50-59","70-79","80-89","60-69","30-39","70-79","40-49","50-59","40-49","50-59","70-79","60-69","80-89","60-69","30-39","50-59","70-79","40-49","60-69","80-89","70-79","50-59","40-49","50-59","30-39","60-69","60-69","80-89","30-39","80-89","60-69","60-69","40-49","70-79","50-59","70-79","50-59","30-39","50-59","40-49","70-79","80-89","60-69"],"SERIES_NAME":["MALE","MALE","MALE","MALE","MALE","MALE","MALE","MALE","FEMALE","MALE","FEMALE","MALE","MALE","FEMALE","MALE","MALE","MALE","MALE","FEMALE","MALE","MALE","MALE","MALE","MALE","MALE","FEMALE","MALE","FEMALE","MALE","MALE","MALE","MALE","MALE","MALE","MALE","MALE","MALE","MALE","MALE","MALE","MALE","MALE","MALE","MALE","MALE","FEMALE","MALE","MALE","MALE","MALE","MALE","MALE","MALE","MALE","MALE","FEMALE","MALE","MALE","FEMALE","MALE","MALE","MALE","MALE","FEMALE","MALE","MALE","MALE","FEMALE","FEMALE","MALE","MALE","MALE","MALE","MALE","MALE"],"X_CALENDAR_YEAR":[2004,2004,2004,2004,2005,2005,2005,2005,2005,2005,2005,2006,2006,2006,2006,2006,2006,2006,2006,2007,2007,2007,2007,2008,2008,2008,2008,2008,2008,2009,2009,2009,2009,2009,2010,2010,2010,2010,2010,2010,2011,2011,2011,2011,2011,2011,2012,2012,2012,2012,2012,2012,2013,2013,2013,2013,2013,2013,2013,2013,2014,2014,2014,2014,2014,2014,2014,2014,2014,2015,2015,2015,2015,2015,2015],"Y_PREVALENCE_1000PP":[1.25916,0.66523,0.67779,0.75743,0.60441,0.93689,0.84454,1.72463,0.83519,2.37257,0.33608,1.13492,1.7248,0.30187,0.54411,1.09447,1.06635,2.26028,0.55191,1.163,1.95806,0.49377,1.33412,1.08596,1.17037,0.27025,1.41833,0.38848,1.16056,1.44231,1.9698,0.53582,0.78946,0.85998,1.38654,1.94501,0.41181,2.12073,0.70407,1.06806,0.96045,0.93384,2.15918,2.06366,2.23914,0.29044,0.49941,1.47831,3.07369,1.25869,2.75599,2.68456,2.82213,1.76038,0.96968,0.2674,0.58445,2.84365,0.30183,2.41073,0.94176,2.06612,2.5441,0.31737,1.33422,3.36226,1.69412,0.57949,0.25103,0.88067,1.83308,2.02752,2.20493,1.80972,1.99772]},"PREVALENCE_BY_MONTH":{"X_CALENDAR_MONTH":["200408","200409","200410","200411","200412","200501","200502","200503","200504","200505","200506","200507","200508","200509","200510","200511","200512","200601","200602","200603","200604","200605","200606","200607","200608","200609","200610","200611","200612","200701","200702","200703","200704","200705","200706","200707","200708","200709","200710","200711","200801","200802","200803","200804","200805","200806","200807","200808","200809","200810","200811","200812","200901","200902","200903","200904","200905","200906","200907","200908","200909","200910","200911","200912","201001","201002","201003","201004","201005","201006","201007","201008","201009","201010","201011","201012","201101","201102","201103","201104","201105","201106","201107","201108","201109","201110","201111","201112","201201","201202","201203","201204","201205","201206","201207","201208","201209","201210","201211","201212","201301","201302","201303","201304","201305","201306","201307","201308","201309","201310","201311","201312","201401","201402","201403","201404","201405","201406","201407","201408","201409","201410","201411","201412","201501","201502","201503","201504","201505"],"Y_PREVALENCE_1000PP":[0.0544,0.09723,0.08686,0.06762,0.03013,0.03407,0.07126,0.07369,0.04949,0.03956,0.03875,0.07214,0.04164,0.03692,0.0404,0.04785,0.06712,0.05444,0.07326,0.03794,0.05274,0.08182,0.0369,0.04036,0.03636,0.0289,0.06078,0.06396,0.0354,0.05258,0.03492,0.03109,0.04128,0.0341,0.03736,0.03381,0.05044,0.03013,0.05303,0.03305,0.03274,0.02285,0.03248,0.02266,0.03873,0.04829,0.02563,0.02881,0.03504,0.05385,0.04115,0.04412,0.03141,0.03137,0.04058,0.05929,0.04357,0.03733,0.04361,0.02182,0.03734,0.01863,0.03416,0.03415,0.04968,0.06836,0.04641,0.05884,0.04651,0.04961,0.0466,0.06533,0.05299,0.04677,0.04376,0.04078,0.05347,0.05359,0.0535,0.07916,0.06032,0.07337,0.06417,0.07406,0.09388,0.07136,0.04558,0.03597,0.07871,0.07902,0.06924,0.08305,0.08675,0.07743,0.05087,0.0852,0.11335,0.11381,0.12848,0.06989,0.12289,0.10296,0.10725,0.09008,0.08001,0.10318,0.08559,0.10937,0.06112,0.07719,0.07076,0.07189,0.0812,0.09116,0.13836,0.13296,0.11443,0.09073,0.11721,0.09741,0.11106,0.15828,0.11314,0.13782,0.16968,0.20187,0.31333,0.25545,0.32111]},"QUANTITY_DISTRIBUTION":{"CATEGORY":"Quantity","MIN_VALUE":0,"P10_VALUE":0,"P25_VALUE":0,"MEDIAN_VALUE":30,"P75_VALUE":30,"P90_VALUE":30,"MAX_VALUE":4500},"REFILLS_DISTRIBUTION":{"CATEGORY":"Refills","MIN_VALUE":0,"P10_VALUE":0,"P25_VALUE":0,"MEDIAN_VALUE":0,"P75_VALUE":2,"P90_VALUE":5,"MAX_VALUE":11}}
