{"AGE_AT_FIRST_EXPOSURE":{"CATEGORY":["FEMALE","MALE"],"MIN_VALUE":[15,11],"P10_VALUE":[27,24],"P25_VALUE":[36,31],"MEDIAN_VALUE":[47,43],"P75_VALUE":[56,51],"P90_VALUE":[67,60],"MAX_VALUE":[101,86]},"DAYS_SUPPLY_DISTRIBUTION":{"CATEGORY":"Days supply","MIN_VALUE":0,"P10_VALUE":0,"P25_VALUE":14,"MEDIAN_VALUE":30,"P75_VALUE":30,"P90_VALUE":30,"MAX_VALUE":60},"DRUGS_BY_TYPE":{"CONCEPT_NAME":["Inpatient administration","Prescription written"],"COUNT_VALUE":[1350,666]},"PREVALENCE_BY_GENDER_AGE_YEAR":{"TRELLIS_NAME":["30-39","50-59","40-49","20-29","20-29","30-39","40-49","50-59","40-49","30-39","50-59","20-29","30-39","50-59","30-39","60-69","60-69","40-49","50-59","40-49","50-59","40-49","50-59","30-39","30-39","60-69","40-49","60-69","20-29","20-29","40-49","50-59","50-59","40-49","60-69","20-29","30-39","20-29","60-69","40-49","50-59","40-49","50-59","40-49","40-49","50-59","50-59"],"SERIES_NAME":["MALE","MALE","MALE","FEMALE","MALE","FEMALE","MALE","MALE","FEMALE","MALE","FEMALE","MALE","FEMALE","FEMALE","MALE","FEMALE","MALE","MALE","MALE","FEMALE","MALE","FEMALE","FEMALE","FEMALE","MALE","FEMALE","MALE","MALE","FEMALE","MALE","MALE","MALE","FEMALE","FEMALE","FEMALE","MALE","MALE","MALE","MALE","MALE","MALE","FEMALE","FEMALE","FEMALE","MALE","MALE","FEMALE"],"X_CALENDAR_YEAR":[2009,2009,2009,2010,2010,2010,2010,2010,2010,2010,2010,2011,2011,2011,2011,2011,2011,2011,2011,2011,2012,2012,2012,2012,2012,2012,2012,2012,2012,2012,2013,2013,2013,2013,2013,2013,2014,2014,2014,2014,2014,2014,2014,2015,2015,2015,2015],"Y_PREVALENCE_1000PP":[0.3556,0.39473,0.42866,0.20005,1.35563,0.47256,2.43718,1.01952,0.51728,1.70608,0.58181,0.80515,0.21814,0.55852,1.69893,0.29044,0.46432,1.41243,1.32704,0.74224,0.76464,0.53744,0.43762,0.235,1.06124,0.2948,1.25869,0.53,0.16648,0.61776,1.35755,0.74683,0.4202,0.38855,0.34495,0.60021,0.57954,0.68276,0.62189,1.11185,0.87627,0.39827,0.58573,0.57143,0.86894,0.86263,0.66201]},"PREVALENCE_BY_MONTH":{"X_CALENDAR_MONTH":["200908","200909","200910","200912","201001","201002","201003","201004","201005","201006","201007","201008","201009","201010","201011","201012","201101","201102","201103","201104","201105","201106","201107","201108","201109","201110","201111","201112","201201","201202","201203","201204","201205","201206","201207","201208","201209","201210","201211","201212","201301","201302","201303","201304","201305","201307","201308","201309","201310","201311","201312","201401","201402","201403","201404","201405","201406","201407","201408","201409","201410","201411","201412","201501","201502","201503","201504","201505"],"Y_PREVALENCE_1000PP":[0.02182,0.02178,0.02484,0.02173,0.06521,0.02797,0.0495,0.04955,0.05892,0.09302,0.06834,0.05599,0.05923,0.09043,0.0969,0.08783,0.07863,0.07566,0.07552,0.05066,0.05714,0.07975,0.05455,0.06762,0.07122,0.03244,0.06511,0.05233,0.0492,0.03622,0.04946,0.04651,0.05338,0.03366,0.06104,0.0852,0.05496,0.03449,0.04514,0.03495,0.0632,0.04615,0.06435,0.05405,0.04364,0.03721,0.0264,0.04584,0.03473,0.03931,0.04393,0.04466,0.03729,0.03774,0.04718,0.06602,0.0862,0.05157,0.10228,0.04543,0.05276,0.06222,0.09587,0.11095,0.12977,0.12051,0.1179,0.11169]},"QUANTITY_DISTRIBUTION":{"CATEGORY":"Quantity","MIN_VALUE":0,"P10_VALUE":0,"P25_VALUE":14,"MEDIAN_VALUE":30,"P75_VALUE":30,"P90_VALUE":60,"MAX_VALUE":120},"REFILLS_DISTRIBUTION":{"CATEGORY":"Refills","MIN_VALUE":0,"P10_VALUE":0,"P25_VALUE":0,"MEDIAN_VALUE":0,"P75_VALUE":1,"P90_VALUE":3,"MAX_VALUE":6}}
