{"AGE_AT_FIRST_EXPOSURE":{"CATEGORY":["MALE","FEMALE"],"MIN_VALUE":[7,12],"P10_VALUE":[21,23],"P25_VALUE":[27,28],"MEDIAN_VALUE":[34,40],"P75_VALUE":[51,55],"P90_VALUE":[63,66],"MAX_VALUE":[94,106]},"DAYS_SUPPLY_DISTRIBUTION":{"CATEGORY":"Days supply","MIN_VALUE":0,"P10_VALUE":0,"P25_VALUE":0,"MEDIAN_VALUE":0,"P75_VALUE":5,"P90_VALUE":14,"MAX_VALUE":30},"DRUGS_BY_TYPE":{"CONCEPT_NAME":"Prescription written","COUNT_VALUE":302},"PREVALENCE_BY_GENDER_AGE_YEAR":{"TRELLIS_NAME":["40-49","60-69","20-29","30-39","20-29","30-39","50-59","20-29","30-39","20-29","30-39","50-59","40-49","20-29","20-29","30-39","30-39"],"SERIES_NAME":["FEMALE","FEMALE","FEMALE","FEMALE","MALE","MALE","FEMALE","FEMALE","FEMALE","FEMALE","FEMALE","FEMALE","FEMALE","MALE","FEMALE","MALE","FEMALE"],"X_CALENDAR_YEAR":[2011,2011,2011,2011,2011,2011,2011,2012,2012,2013,2013,2013,2014,2014,2014,2014,2014],"Y_PREVALENCE_1000PP":[0.20243,0.33194,0.23537,0.1636,0.40258,0.54608,0.38398,0.27747,0.20562,0.29448,0.24819,0.3438,0.30976,0.49656,0.36436,1.0142,0.35042]},"PREVALENCE_BY_MONTH":{"X_CALENDAR_MONTH":["201102","201103","201107","201110","201112","201202","201205","201212","201301","201302","201303","201311","201312","201401","201404","201405","201409","201410","201503","201504"],"Y_PREVALENCE_1000PP":[0.02837,0.04091,0.01925,0.02595,0.02943,0.02305,0.02002,0.02446,0.04214,0.03905,0.02145,0.02752,0.02396,0.02436,0.05147,0.03081,0.04038,0.05804,0.0482,0.05895]},"QUANTITY_DISTRIBUTION":{"CATEGORY":"Quantity","MIN_VALUE":0,"P10_VALUE":10,"P25_VALUE":20,"MEDIAN_VALUE":20,"P75_VALUE":20,"P90_VALUE":42,"MAX_VALUE":180},"REFILLS_DISTRIBUTION":{"CATEGORY":"Refills","MIN_VALUE":0,"P10_VALUE":0,"P25_VALUE":0,"MEDIAN_VALUE":0,"P75_VALUE":0,"P90_VALUE":0,"MAX_VALUE":3}}
