{"AGE_AT_FIRST_EXPOSURE":{"CATEGORY":["FEMALE","MALE"],"MIN_VALUE":[0,0],"P10_VALUE":[5,6],"P25_VALUE":[27,30],"MEDIAN_VALUE":[47,52],"P75_VALUE":[60,65],"P90_VALUE":[72,74],"MAX_VALUE":[91,94]},"DAYS_SUPPLY_DISTRIBUTION":{"CATEGORY":"Days supply","MIN_VALUE":0,"P10_VALUE":0,"P25_VALUE":0,"MEDIAN_VALUE":0,"P75_VALUE":0,"P90_VALUE":1,"MAX_VALUE":90},"DRUGS_BY_TYPE":{"CONCEPT_NAME":["Inpatient administration","Prescription written"],"COUNT_VALUE":[2866,160]},"PREVALENCE_BY_GENDER_AGE_YEAR":{"TRELLIS_NAME":["50-59","70-79","40-49","40-49","50-59","0-9","70-79","60-69","60-69","20-29","30-39","40-49","50-59","40-49","70-79","10-19","0-9","50-59","30-39","0-9","60-69","60-69","40-49","50-59","10-19","30-39","0-9","50-59","40-49","0-9","60-69","0-9","40-49","40-49","50-59"],"SERIES_NAME":["FEMALE","FEMALE","FEMALE","MALE","MALE","FEMALE","MALE","FEMALE","MALE","FEMALE","FEMALE","MALE","MALE","FEMALE","FEMALE","MALE","FEMALE","FEMALE","FEMALE","MALE","FEMALE","MALE","FEMALE","FEMALE","FEMALE","FEMALE","FEMALE","MALE","FEMALE","MALE","FEMALE","FEMALE","MALE","FEMALE","FEMALE"],"X_CALENDAR_YEAR":[2004,2004,2004,2004,2004,2004,2004,2004,2004,2004,2004,2005,2005,2005,2005,2005,2005,2005,2005,2006,2006,2006,2006,2006,2006,2006,2007,2007,2007,2007,2007,2008,2009,2009,2009],"Y_PREVALENCE_1000PP":[0.86072,0.728,0.46187,0.59307,1.08099,0.33146,1.25916,0.97351,1.32551,0.30867,0.4357,0.46845,0.38979,0.33398,0.45455,0.39989,0.327,0.40746,0.35645,0.34198,0.45281,0.40056,0.47875,0.29656,0.2711,0.23967,0.28252,0.32019,0.26734,0.21358,0.37734,0.27019,0.32149,0.1929,0.376]},"PREVALENCE_BY_MONTH":{"X_CALENDAR_MONTH":["200401","200402","200403","200404","200405","200406","200407","200408","200409","200410","200411","200412","200501","200502","200503","200504","200505","200506","200507","200508","200509","200510","200511","200512","200601","200602","200603","200604","200605","200606","200607","200608","200609","200610","200611","200612","200701","200702","200704","200705","200706","200707","200709","200710","200711","200712","200801","200802","200803","200805","200808","200809","200810","200811","200901","200903","200904","200905","200906","200908","200911","200912","201107","201308","201408"],"Y_PREVALENCE_1000PP":[0.29778,0.20901,0.27621,0.19493,0.15087,0.08898,0.0641,0.07857,0.06864,0.04343,0.03121,0.08034,0.09735,0.0475,0.03224,0.03149,0.03516,0.04736,0.0297,0.03331,0.04512,0.0404,0.04386,0.02764,0.02333,0.02313,0.04932,0.05274,0.03719,0.02583,0.03669,0.03636,0.04696,0.03218,0.02132,0.02124,0.02103,0.02095,0.02064,0.02387,0.03736,0.04395,0.02344,0.03646,0.02975,0.02969,0.02619,0.02612,0.02273,0.01937,0.02561,0.02867,0.03484,0.02533,0.01885,0.02497,0.01872,0.02178,0.02489,0.0187,0.02484,0.02173,0.02246,0.02263,0.02922]},"QUANTITY_DISTRIBUTION":{"CATEGORY":"Quantity","MIN_VALUE":0,"P10_VALUE":0,"P25_VALUE":0,"MEDIAN_VALUE":0,"P75_VALUE":0,"P90_VALUE":1,"MAX_VALUE":999999},"REFILLS_DISTRIBUTION":{"CATEGORY":"Refills","MIN_VALUE":0,"P10_VALUE":0,"P25_VALUE":0,"MEDIAN_VALUE":0,"P75_VALUE":0,"P90_VALUE":0,"MAX_VALUE":5}}
