{"AGE_AT_FIRST_EXPOSURE":{"CATEGORY":["FEMALE","MALE"],"MIN_VALUE":[16,16],"P10_VALUE":[32,45],"P25_VALUE":[47,54],"MEDIAN_VALUE":[61,61],"P75_VALUE":[77,72],"P90_VALUE":[82,79],"MAX_VALUE":[96,90]},"DAYS_SUPPLY_DISTRIBUTION":{"CATEGORY":"Days supply","MIN_VALUE":0,"P10_VALUE":0,"P25_VALUE":30,"MEDIAN_VALUE":30,"P75_VALUE":30,"P90_VALUE":30,"MAX_VALUE":90},"DRUGS_BY_TYPE":{"CONCEPT_NAME":["Inpatient administration","Prescription written"],"COUNT_VALUE":[298,390]},"PREVALENCE_BY_GENDER_AGE_YEAR":{"TRELLIS_NAME":["50-59","50-59","40-49","60-69","50-59","60-69","60-69"],"SERIES_NAME":["FEMALE","MALE","FEMALE","MALE","FEMALE","MALE","MALE"],"X_CALENDAR_YEAR":[2009,2009,2009,2009,2010,2010,2014],"Y_PREVALENCE_1000PP":[0.20509,0.39473,0.25719,0.38302,0.20535,0.42054,0.33921]},"PREVALENCE_BY_MONTH":{"X_CALENDAR_MONTH":["200812","200901","200903","200904","200905","200907","200910","200911","200912","201001","201004","201009","201103","201111","201112","201206","201208","201209","201301","201308","201501"],"Y_PREVALENCE_1000PP":[0.02206,0.02199,0.01873,0.02496,0.01867,0.0218,0.03726,0.04347,0.03105,0.04658,0.02787,0.02182,0.02203,0.02279,0.01962,0.0202,0.02726,0.02061,0.02107,0.03017,0.03916]},"QUANTITY_DISTRIBUTION":{"CATEGORY":"Quantity","MIN_VALUE":0,"P10_VALUE":0,"P25_VALUE":30,"MEDIAN_VALUE":30,"P75_VALUE":30,"P90_VALUE":60,"MAX_VALUE":9600},"REFILLS_DISTRIBUTION":{"CATEGORY":"Refills","MIN_VALUE":0,"P10_VALUE":0,"P25_VALUE":0,"MEDIAN_VALUE":3,"P75_VALUE":5,"P90_VALUE":5,"MAX_VALUE":10}}
