{"AGE_AT_FIRST_EXPOSURE":{"CATEGORY":["FEMALE","MALE"],"MIN_VALUE":[0,0],"P10_VALUE":[2,3],"P25_VALUE":[9,7],"MEDIAN_VALUE":[21,16],"P75_VALUE":[53,47],"P90_VALUE":[66,63],"MAX_VALUE":[85,83]},"DAYS_SUPPLY_DISTRIBUTION":{"CATEGORY":"Days supply","MIN_VALUE":0,"P10_VALUE":0,"P25_VALUE":0,"MEDIAN_VALUE":6,"P75_VALUE":14,"P90_VALUE":30,"MAX_VALUE":30},"DRUGS_BY_TYPE":{"CONCEPT_NAME":["Inpatient administration","Prescription written"],"COUNT_VALUE":[2064,43]},"PREVALENCE_BY_GENDER_AGE_YEAR":{"TRELLIS_NAME":["60-69","0-9","10-19","0-9","10-19","50-59","40-49","50-59","0-9","10-19","0-9","50-59","10-19","10-19","0-9","60-69","10-19","0-9","10-19","60-69","0-9","10-19","0-9","10-19","50-59","0-9","10-19","0-9","0-9","10-19","0-9","0-9"],"SERIES_NAME":["MALE","MALE","MALE","FEMALE","FEMALE","FEMALE","MALE","MALE","FEMALE","MALE","MALE","MALE","FEMALE","MALE","MALE","FEMALE","MALE","MALE","FEMALE","FEMALE","MALE","FEMALE","FEMALE","MALE","MALE","FEMALE","MALE","MALE","MALE","MALE","MALE","MALE"],"X_CALENDAR_YEAR":[2004,2004,2004,2004,2004,2004,2004,2004,2005,2005,2005,2005,2006,2006,2006,2006,2007,2007,2007,2008,2008,2008,2008,2008,2008,2009,2009,2009,2010,2010,2011,2014],"Y_PREVALENCE_1000PP":[0.75743,0.62434,1.19282,0.7734,0.36445,0.35441,0.67779,0.66523,0.42042,0.8569,0.33107,0.51972,0.49702,0.40636,0.41798,0.35218,0.56518,0.42715,0.38217,0.27025,0.48224,0.4957,0.27019,0.547,0.35321,0.2665,0.62472,0.34022,0.37621,0.58965,0.20907,0.24791]},"PREVALENCE_BY_MONTH":{"X_CALENDAR_MONTH":["200401","200402","200403","200404","200405","200406","200407","200408","200409","200410","200411","200412","200501","200503","200504","200505","200506","200507","200508","200509","200510","200512","200601","200602","200603","200604","200606","200608","200610","200611","200701","200704","200706","200707","200708","200709","200710","200711","200801","200802","200803","200804","200805","200806","200807","200808","200809","200810","200811","200812","200901","200902","200903","200904","200905","200906","200907","200908","200909","200910","201002"],"Y_PREVALENCE_1000PP":[0.21838,0.15676,0.1677,0.13561,0.06789,0.08214,0.0641,0.0544,0.09151,0.076,0.09362,0.07532,0.08275,0.05066,0.04499,0.06593,0.05598,0.05516,0.02915,0.05332,0.03636,0.02369,0.02333,0.0347,0.03415,0.04521,0.02952,0.03273,0.0286,0.0533,0.05258,0.02064,0.02717,0.02367,0.02018,0.03013,0.03315,0.02644,0.01964,0.02285,0.03248,0.04531,0.02905,0.02897,0.02884,0.06083,0.0446,0.02534,0.01899,0.03152,0.03141,0.0251,0.02497,0.03433,0.02489,0.02178,0.02803,0.02494,0.01867,0.02794,0.03418]},"QUANTITY_DISTRIBUTION":{"CATEGORY":"Quantity","MIN_VALUE":0,"P10_VALUE":0,"P25_VALUE":0,"MEDIAN_VALUE":7,"P75_VALUE":780,"P90_VALUE":1500,"MAX_VALUE":3750},"REFILLS_DISTRIBUTION":{"CATEGORY":"Refills","MIN_VALUE":0,"P10_VALUE":0,"P25_VALUE":0,"MEDIAN_VALUE":0,"P75_VALUE":1,"P90_VALUE":2,"MAX_VALUE":3}}
