{"AGE_AT_FIRST_EXPOSURE":{"CATEGORY":["FEMALE","MALE"],"MIN_VALUE":[14,31],"P10_VALUE":[24,43],"P25_VALUE":[29,60],"MEDIAN_VALUE":[33,65],"P75_VALUE":[37,72],"P90_VALUE":[41,80],"MAX_VALUE":[93,88]},"DAYS_SUPPLY_DISTRIBUTION":{"CATEGORY":"Days supply","MIN_VALUE":0,"P10_VALUE":30,"P25_VALUE":30,"MEDIAN_VALUE":90,"P75_VALUE":90,"P90_VALUE":90,"MAX_VALUE":100},"DRUGS_BY_TYPE":{"CONCEPT_NAME":"Prescription written","COUNT_VALUE":2047},"PREVALENCE_BY_GENDER_AGE_YEAR":{"TRELLIS_NAME":["40-49","30-39","20-29","40-49","40-49","30-39","20-29","10-19","40-49","10-19","20-29","30-39","30-39"],"SERIES_NAME":["FEMALE","FEMALE","FEMALE","FEMALE","FEMALE","FEMALE","FEMALE","FEMALE","FEMALE","FEMALE","FEMALE","FEMALE","FEMALE"],"X_CALENDAR_YEAR":[2010,2011,2011,2011,2012,2012,2012,2012,2013,2013,2013,2013,2014],"Y_PREVALENCE_1000PP":[0.22631,5.15351,1.69988,1.45074,3.76209,12.89546,5.88235,0.95636,3.88546,0.88549,6.44914,13.83632,0.2453]},"PREVALENCE_BY_MONTH":{"X_CALENDAR_MONTH":["201008","201102","201106","201107","201108","201109","201110","201111","201112","201201","201202","201203","201204","201205","201206","201207","201208","201209","201210","201211","201212","201301","201302","201303","201304","201305","201306","201307","201308","201309","201310","201311","201312"],"Y_PREVALENCE_1000PP":[0.01866,0.01892,0.02233,0.09305,0.17709,0.22661,0.19787,0.14976,0.09484,0.15742,0.12841,0.26049,0.23254,0.21687,0.18852,0.20009,0.21471,0.24043,0.19659,0.26042,0.39489,0.23526,0.14911,0.2002,0.29185,0.30912,0.1953,0.27539,0.25268,0.25977,0.26244,0.25161,0.2516]},"QUANTITY_DISTRIBUTION":{"CATEGORY":"Quantity","MIN_VALUE":0,"P10_VALUE":30,"P25_VALUE":30,"MEDIAN_VALUE":90,"P75_VALUE":180,"P90_VALUE":180,"MAX_VALUE":270},"REFILLS_DISTRIBUTION":{"CATEGORY":"Refills","MIN_VALUE":0,"P10_VALUE":0,"P25_VALUE":0,"MEDIAN_VALUE":0,"P75_VALUE":1,"P90_VALUE":3,"MAX_VALUE":9}}
