{"AGE_AT_FIRST_EXPOSURE":{"CATEGORY":["FEMALE","MALE"],"MIN_VALUE":[21,18],"P10_VALUE":[51,47],"P25_VALUE":[60,57],"MEDIAN_VALUE":[72,66],"P75_VALUE":[82,77],"P90_VALUE":[88,84],"MAX_VALUE":[100,102]},"DAYS_SUPPLY_DISTRIBUTION":{"CATEGORY":"Days supply","MIN_VALUE":0,"P10_VALUE":0,"P25_VALUE":0,"MEDIAN_VALUE":0,"P75_VALUE":30,"P90_VALUE":30,"MAX_VALUE":90},"DRUGS_BY_TYPE":{"CONCEPT_NAME":["Inpatient administration","Prescription written"],"COUNT_VALUE":[596,472]},"PREVALENCE_BY_GENDER_AGE_YEAR":{"TRELLIS_NAME":["70-79","50-59","70-79","60-69","50-59","80-89","80-89","60-69","60-69","80-89","70-79","50-59","60-69","50-59","70-79","60-69","80-89","70-79","60-69","80-89","70-79","60-69","60-69","80-89","50-59","70-79","50-59","50-59","70-79","70-79","60-69","80-89","50-59","70-79","70-79","80-89","60-69","80-89","70-79","50-59","70-79","80-89","60-69","60-69","60-69","70-79"],"SERIES_NAME":["MALE","MALE","FEMALE","MALE","MALE","FEMALE","MALE","MALE","FEMALE","FEMALE","MALE","MALE","MALE","MALE","MALE","MALE","MALE","MALE","MALE","FEMALE","MALE","FEMALE","MALE","FEMALE","FEMALE","MALE","MALE","MALE","FEMALE","MALE","MALE","FEMALE","FEMALE","FEMALE","MALE","MALE","MALE","FEMALE","MALE","FEMALE","FEMALE","MALE","FEMALE","MALE","FEMALE","FEMALE"],"X_CALENDAR_YEAR":[2004,2004,2004,2004,2005,2005,2005,2005,2006,2006,2006,2006,2007,2007,2007,2008,2008,2008,2009,2009,2009,2010,2010,2010,2010,2010,2010,2011,2011,2011,2011,2011,2012,2012,2012,2012,2012,2012,2013,2013,2013,2013,2013,2014,2014,2014],"Y_PREVALENCE_1000PP":[0.68681,0.58207,0.546,0.56807,0.38979,1.11359,1.51221,0.84188,0.35218,1.13823,0.60854,0.34562,0.42848,0.32019,0.48952,0.45725,1.17037,0.47278,0.38302,0.75578,0.70362,0.29345,0.47311,1.59303,0.23957,0.68166,0.53403,0.3932,0.49514,0.67009,0.46432,1.14775,0.21881,0.48975,0.59975,1.19314,0.477,1.17346,1.114,0.2674,0.66853,1.35603,0.30183,0.45228,0.45339,0.5151]},"PREVALENCE_BY_MONTH":{"X_CALENDAR_MONTH":["200403","200404","200407","200408","200409","200504","200508","200509","200511","200603","200608","200701","200703","200804","200809","200810","200901","200902","200904","201001","201003","201004","201006","201007","201008","201009","201012","201101","201102","201103","201104","201110","201111","201112","201201","201203","201204","201205","201207","201210","201212","201301","201302","201303","201305","201307","201308","201310","201312","201401","201403","201406","201409","201412"],"Y_PREVALENCE_1000PP":[0.05919,0.0678,0.05769,0.03626,0.04004,0.03599,0.05829,0.02461,0.02393,0.02276,0.02182,0.02454,0.02073,0.0356,0.01911,0.02534,0.01885,0.01882,0.02808,0.02174,0.02784,0.01858,0.0248,0.01864,0.04044,0.0187,0.02823,0.01887,0.01892,0.02517,0.019,0.02271,0.0293,0.0327,0.03608,0.01978,0.0299,0.02669,0.02035,0.03449,0.02446,0.0316,0.02485,0.02503,0.03273,0.02233,0.03394,0.02316,0.03994,0.02436,0.04612,0.02722,0.03029,0.05992]},"QUANTITY_DISTRIBUTION":{"CATEGORY":"Quantity","MIN_VALUE":0,"P10_VALUE":0,"P25_VALUE":0,"MEDIAN_VALUE":0,"P75_VALUE":30,"P90_VALUE":30,"MAX_VALUE":450},"REFILLS_DISTRIBUTION":{"CATEGORY":"Refills","MIN_VALUE":0,"P10_VALUE":0,"P25_VALUE":0,"MEDIAN_VALUE":0,"P75_VALUE":0,"P90_VALUE":4,"MAX_VALUE":11}}
