{"AGE_AT_FIRST_EXPOSURE":{"CATEGORY":["MALE","FEMALE"],"MIN_VALUE":[17,14],"P10_VALUE":[23,24],"P25_VALUE":[36,30],"MEDIAN_VALUE":[51,46],"P75_VALUE":[64,59],"P90_VALUE":[74,76],"MAX_VALUE":[85,100]},"DAYS_SUPPLY_DISTRIBUTION":{"CATEGORY":"Days supply","MIN_VALUE":0,"P10_VALUE":0,"P25_VALUE":0,"MEDIAN_VALUE":5,"P75_VALUE":7,"P90_VALUE":15,"MAX_VALUE":365},"DRUGS_BY_TYPE":{"CONCEPT_NAME":"Prescription written","COUNT_VALUE":380},"PREVALENCE_BY_GENDER_AGE_YEAR":{"TRELLIS_NAME":["30-39","20-29","60-69","60-69","70-79","50-59","40-49","40-49","50-59","50-59","10-19","40-49","20-29","50-59","30-39","40-49","30-39","50-59","30-39","20-29"],"SERIES_NAME":["FEMALE","FEMALE","MALE","FEMALE","MALE","MALE","MALE","FEMALE","FEMALE","MALE","FEMALE","FEMALE","FEMALE","FEMALE","MALE","MALE","FEMALE","FEMALE","FEMALE","MALE"],"X_CALENDAR_YEAR":[2009,2009,2009,2009,2009,2009,2009,2009,2009,2011,2011,2011,2011,2011,2011,2012,2012,2012,2013,2013],"Y_PREVALENCE_1000PP":[0.41734,0.2961,0.3283,0.473,0.54726,0.29605,0.5894,0.48224,0.68364,0.4915,0.25728,0.20243,0.28767,0.27926,0.42473,0.4795,0.20562,0.32822,0.24819,0.49108]},"PREVALENCE_BY_MONTH":{"X_CALENDAR_MONTH":["200811","200812","200901","200904","200906","200908","200909","200910","200911","200912","201001","201105","201106","201107","201108","201109","201110","201111","201203","201204","201208","201209","201211","201212","201301","201308"],"Y_PREVALENCE_1000PP":[0.02849,0.02206,0.02827,0.02184,0.01867,0.06858,0.03111,0.04036,0.0559,0.08072,0.03416,0.01905,0.04147,0.04171,0.02254,0.02266,0.03568,0.02604,0.02308,0.01993,0.02386,0.03091,0.02083,0.02097,0.0316,0.02263]},"QUANTITY_DISTRIBUTION":{"CATEGORY":"Quantity","MIN_VALUE":0,"P10_VALUE":0,"P25_VALUE":15,"MEDIAN_VALUE":20,"P75_VALUE":40,"P90_VALUE":60,"MAX_VALUE":2920},"REFILLS_DISTRIBUTION":{"CATEGORY":"Refills","MIN_VALUE":0,"P10_VALUE":0,"P25_VALUE":0,"MEDIAN_VALUE":0,"P75_VALUE":0,"P90_VALUE":0,"MAX_VALUE":0}}
