{"AGE_AT_FIRST_EXPOSURE":{"CATEGORY":["MALE","FEMALE"],"MIN_VALUE":[43,26],"P10_VALUE":[64,67],"P25_VALUE":[74,77],"MEDIAN_VALUE":[81,83],"P75_VALUE":[87,88],"P90_VALUE":[90,93],"MAX_VALUE":[98,102]},"DAYS_SUPPLY_DISTRIBUTION":{"CATEGORY":"Days supply","MIN_VALUE":0,"P10_VALUE":0,"P25_VALUE":0,"MEDIAN_VALUE":0,"P75_VALUE":0,"P90_VALUE":0,"MAX_VALUE":30},"DRUGS_BY_TYPE":{"CONCEPT_NAME":"Prescription written","COUNT_VALUE":406},"PREVALENCE_BY_GENDER_AGE_YEAR":{"TRELLIS_NAME":["80-89","70-79","80-89","80-89","70-79","70-79","70-79","90-99","80-89","80-89","70-79","60-69","80-89","90-99","80-89","70-79","70-79","60-69","90-99","60-69","80-89","80-89"],"SERIES_NAME":["FEMALE","FEMALE","MALE","FEMALE","FEMALE","FEMALE","MALE","FEMALE","FEMALE","MALE","FEMALE","FEMALE","FEMALE","FEMALE","MALE","MALE","FEMALE","MALE","FEMALE","FEMALE","FEMALE","FEMALE"],"X_CALENDAR_YEAR":[2009,2009,2010,2010,2010,2011,2011,2011,2011,2011,2012,2012,2012,2012,2012,2013,2013,2013,2013,2013,2013,2014],"Y_PREVALENCE_1000PP":[0.86374,0.37893,1.07842,1.69924,0.37613,0.8665,0.44673,6.83683,3.23456,2.08986,0.91827,0.25268,2.66695,4.03769,1.78971,0.4456,0.4862,0.32192,4.65313,0.25871,2.10713,1.63265]},"PREVALENCE_BY_MONTH":{"X_CALENDAR_MONTH":["201010","201011","201101","201102","201103","201104","201105","201106","201108","201109","201110","201111","201201","201202","201204","201205","201206","201207","201208","201210","201212","201301","201303","201304","201306","201307","201310"],"Y_PREVALENCE_1000PP":[0.02806,0.03751,0.02516,0.02207,0.01888,0.02216,0.0254,0.03828,0.03864,0.02914,0.03244,0.02604,0.02624,0.01976,0.02325,0.02002,0.0505,0.04409,0.02726,0.02069,0.02097,0.04565,0.02503,0.02162,0.02579,0.02233,0.03088]},"QUANTITY_DISTRIBUTION":{"CATEGORY":"Quantity","MIN_VALUE":0,"P10_VALUE":0,"P25_VALUE":0,"MEDIAN_VALUE":0,"P75_VALUE":0,"P90_VALUE":0,"MAX_VALUE":600},"REFILLS_DISTRIBUTION":{"CATEGORY":"Refills","MIN_VALUE":0,"P10_VALUE":0,"P25_VALUE":0,"MEDIAN_VALUE":0,"P75_VALUE":0,"P90_VALUE":0,"MAX_VALUE":6}}
