{"AGE_AT_FIRST_EXPOSURE":{"CATEGORY":["MALE","FEMALE"],"MIN_VALUE":[0,0],"P10_VALUE":[2,2],"P25_VALUE":[5,5],"MEDIAN_VALUE":[11,12],"P75_VALUE":[18,18],"P90_VALUE":[40,45],"MAX_VALUE":[69,89]},"DAYS_SUPPLY_DISTRIBUTION":{"CATEGORY":"Days supply","MIN_VALUE":0,"P10_VALUE":0,"P25_VALUE":0,"MEDIAN_VALUE":0,"P75_VALUE":1,"P90_VALUE":30,"MAX_VALUE":60},"DRUGS_BY_TYPE":{"CONCEPT_NAME":["Inpatient administration","Prescription written"],"COUNT_VALUE":[5590,261]},"PREVALENCE_BY_GENDER_AGE_YEAR":{"TRELLIS_NAME":["0-9","10-19","0-9","10-19","20-29","0-9","0-9","10-19","10-19","0-9","10-19","10-19","0-9","20-29","10-19","0-9","10-19","0-9","20-29","0-9","10-19","0-9","10-19","10-19","0-9","0-9","10-19","10-19","0-9","0-9","10-19","10-19","0-9","10-19","10-19","0-9","0-9","0-9","10-19","0-9","0-9"],"SERIES_NAME":["MALE","MALE","FEMALE","FEMALE","FEMALE","FEMALE","MALE","MALE","FEMALE","FEMALE","FEMALE","MALE","MALE","FEMALE","MALE","MALE","FEMALE","FEMALE","FEMALE","MALE","FEMALE","FEMALE","MALE","FEMALE","FEMALE","MALE","MALE","MALE","MALE","FEMALE","FEMALE","FEMALE","MALE","MALE","FEMALE","FEMALE","MALE","FEMALE","FEMALE","MALE","MALE"],"X_CALENDAR_YEAR":[2004,2004,2004,2004,2005,2005,2005,2005,2005,2006,2006,2006,2006,2007,2007,2007,2007,2007,2008,2008,2008,2008,2008,2009,2009,2009,2009,2010,2010,2010,2010,2011,2011,2011,2012,2012,2012,2013,2013,2013,2014],"Y_PREVALENCE_1000PP":[1.39276,1.12265,0.93912,0.48594,0.22076,0.70071,0.95183,1.42816,0.70789,0.90494,0.5422,0.60954,0.91196,0.16303,0.75358,0.96109,0.67941,0.44396,0.15415,0.96449,0.9501,0.61757,1.13958,0.85718,0.45686,1.02065,1.24944,1.58752,0.92342,0.62129,0.87507,0.47168,0.6272,0.50954,0.43471,0.36126,0.32063,0.2948,0.27963,0.33651,0.45451]},"PREVALENCE_BY_MONTH":{"X_CALENDAR_MONTH":["200401","200402","200403","200404","200405","200406","200407","200408","200409","200410","200411","200412","200501","200502","200503","200504","200505","200506","200507","200508","200509","200510","200511","200512","200601","200602","200603","200604","200605","200606","200607","200608","200609","200610","200611","200612","200701","200702","200703","200704","200705","200706","200707","200708","200709","200710","200711","200712","200801","200802","200803","200804","200805","200806","200807","200808","200809","200810","200811","200812","200901","200902","200903","200904","200905","200906","200907","200908","200909","200910","200911","200912","201001","201002","201003","201004","201005","201006","201007","201008","201009","201010","201011","201012","201101","201102","201103","201104","201105","201106","201108","201109","201110","201111","201203","201204","201207","201208","201209","201211","201301","201304","201307","201308","201410"],"Y_PREVALENCE_1000PP":[0.51616,0.30046,0.27621,0.19493,0.16595,0.1985,0.19231,0.18132,0.16587,0.15743,0.19765,0.18076,0.15576,0.15201,0.13357,0.10348,0.10549,0.12487,0.11033,0.13324,0.12716,0.13333,0.12361,0.11055,0.12444,0.12339,0.11761,0.09795,0.12273,0.12916,0.10274,0.08364,0.10115,0.08938,0.07462,0.07079,0.10517,0.08381,0.0829,0.086,0.07842,0.07132,0.09129,0.07398,0.08035,0.06961,0.07932,0.07259,0.10149,0.08161,0.09093,0.10034,0.08392,0.07404,0.05767,0.06723,0.09239,0.07919,0.07914,0.0914,0.07539,0.06902,0.07804,0.05305,0.08713,0.0871,0.09967,0.10287,0.08712,0.07141,0.07453,0.08072,0.09626,0.10565,0.08353,0.07743,0.08992,0.06821,0.08387,0.06222,0.07481,0.09978,0.0844,0.06587,0.04403,0.04098,0.03776,0.03166,0.01905,0.02871,0.0322,0.0259,0.01946,0.03256,0.02308,0.0299,0.02374,0.02726,0.02404,0.02083,0.02458,0.02522,0.02605,0.04148,0.03693]},"QUANTITY_DISTRIBUTION":{"CATEGORY":"Quantity","MIN_VALUE":0,"P10_VALUE":0,"P25_VALUE":0,"MEDIAN_VALUE":0,"P75_VALUE":48,"P90_VALUE":240,"MAX_VALUE":4590},"REFILLS_DISTRIBUTION":{"CATEGORY":"Refills","MIN_VALUE":0,"P10_VALUE":0,"P25_VALUE":0,"MEDIAN_VALUE":0,"P75_VALUE":0,"P90_VALUE":2,"MAX_VALUE":6}}
