{"AGE_AT_FIRST_EXPOSURE":{"CATEGORY":["MALE","FEMALE"],"MIN_VALUE":[22,15],"P10_VALUE":[39,40],"P25_VALUE":[52,49],"MEDIAN_VALUE":[63,61],"P75_VALUE":[74,78],"P90_VALUE":[84,86],"MAX_VALUE":[93,103]},"DAYS_SUPPLY_DISTRIBUTION":{"CATEGORY":"Days supply","MIN_VALUE":0,"P10_VALUE":0,"P25_VALUE":0,"MEDIAN_VALUE":0,"P75_VALUE":0,"P90_VALUE":30,"MAX_VALUE":30},"DRUGS_BY_TYPE":{"CONCEPT_NAME":"Prescription written","COUNT_VALUE":469},"PREVALENCE_BY_GENDER_AGE_YEAR":{"TRELLIS_NAME":["60-69","50-59","60-69","80-89","70-79","40-49","50-59","50-59","50-59","70-79","40-49","70-79","60-69","60-69","80-89","80-89","50-59","70-79","50-59","40-49","60-69","40-49","70-79","70-79","60-69"],"SERIES_NAME":["FEMALE","FEMALE","FEMALE","FEMALE","FEMALE","FEMALE","FEMALE","FEMALE","MALE","FEMALE","FEMALE","MALE","FEMALE","MALE","FEMALE","MALE","MALE","FEMALE","FEMALE","FEMALE","FEMALE","FEMALE","FEMALE","MALE","FEMALE"],"X_CALENDAR_YEAR":[2009,2009,2010,2010,2010,2010,2010,2011,2011,2011,2011,2011,2011,2011,2011,2011,2012,2012,2012,2012,2012,2013,2013,2013,2013],"Y_PREVALENCE_1000PP":[0.258,0.20509,0.46114,1.48683,0.5015,0.22631,0.44492,0.4538,0.4915,0.43325,0.26991,0.44673,0.66387,0.77387,1.04341,1.34348,0.35683,0.36731,0.32822,0.25081,0.33691,0.23313,0.36465,0.59413,0.30183]},"PREVALENCE_BY_MONTH":{"X_CALENDAR_MONTH":["201001","201003","201004","201005","201006","201008","201010","201011","201012","201101","201102","201103","201104","201105","201106","201107","201108","201109","201110","201111","201201","201203","201205","201206","201207","201208","201306","201307","201308","201310","201311","201312","201403","201405"],"Y_PREVALENCE_1000PP":[0.01863,0.01856,0.03097,0.02171,0.0217,0.02178,0.02806,0.02813,0.0251,0.04089,0.03468,0.03147,0.03166,0.02857,0.04785,0.02888,0.03542,0.02914,0.02595,0.04232,0.01968,0.02968,0.02002,0.02693,0.03391,0.0409,0.02211,0.02233,0.0264,0.03088,0.03931,0.02796,0.02516,0.02641]},"QUANTITY_DISTRIBUTION":{"CATEGORY":"Quantity","MIN_VALUE":0,"P10_VALUE":0,"P25_VALUE":0,"MEDIAN_VALUE":0,"P75_VALUE":10,"P90_VALUE":90,"MAX_VALUE":180},"REFILLS_DISTRIBUTION":{"CATEGORY":"Refills","MIN_VALUE":0,"P10_VALUE":0,"P25_VALUE":0,"MEDIAN_VALUE":0,"P75_VALUE":0,"P90_VALUE":0,"MAX_VALUE":5}}
