{"AGE_AT_FIRST_EXPOSURE":{"CATEGORY":["MALE","FEMALE"],"MIN_VALUE":[0,0],"P10_VALUE":[3,4],"P25_VALUE":[12,18],"MEDIAN_VALUE":[54,37],"P75_VALUE":[70,61],"P90_VALUE":[79,78],"MAX_VALUE":[97,95]},"DAYS_SUPPLY_DISTRIBUTION":{"CATEGORY":"Days supply","MIN_VALUE":0,"P10_VALUE":0,"P25_VALUE":0,"MEDIAN_VALUE":30,"P75_VALUE":30,"P90_VALUE":30,"MAX_VALUE":100},"DRUGS_BY_TYPE":{"CONCEPT_NAME":["Inpatient administration","Prescription written"],"COUNT_VALUE":[1128,935]},"PREVALENCE_BY_GENDER_AGE_YEAR":{"TRELLIS_NAME":["0-9","0-9","0-9","60-69","30-39","10-19","0-9","60-69","20-29","0-9","0-9","10-19","10-19","40-49","60-69","20-29","60-69","30-39","70-79","50-59","10-19","40-49","0-9","10-19","70-79","0-9","30-39","60-69","20-29","0-9","70-79","0-9","10-19","10-19","70-79","50-59","40-49","30-39","20-29","60-69","60-69","0-9","10-19","70-79","0-9","10-19","40-49","50-59","70-79","10-19","0-9","70-79","50-59","10-19","0-9","20-29","60-69","60-69","30-39","60-69","20-29","30-39","70-79","50-59","0-9","10-19","70-79","50-59","10-19","0-9","60-69","10-19","60-69","10-19","0-9"],"SERIES_NAME":["MALE","MALE","MALE","MALE","FEMALE","FEMALE","MALE","MALE","FEMALE","FEMALE","MALE","MALE","FEMALE","FEMALE","MALE","FEMALE","FEMALE","FEMALE","FEMALE","MALE","FEMALE","FEMALE","FEMALE","MALE","MALE","MALE","FEMALE","MALE","FEMALE","MALE","MALE","FEMALE","MALE","FEMALE","FEMALE","FEMALE","FEMALE","FEMALE","FEMALE","MALE","FEMALE","MALE","FEMALE","MALE","FEMALE","MALE","FEMALE","FEMALE","FEMALE","MALE","MALE","MALE","MALE","FEMALE","FEMALE","FEMALE","MALE","FEMALE","FEMALE","MALE","FEMALE","FEMALE","MALE","MALE","FEMALE","FEMALE","FEMALE","FEMALE","MALE","MALE","FEMALE","FEMALE","MALE","MALE","MALE"],"X_CALENDAR_YEAR":[2005,2006,2007,2008,2008,2008,2008,2009,2009,2009,2009,2009,2009,2009,2010,2010,2010,2010,2010,2010,2010,2010,2010,2010,2010,2010,2011,2011,2011,2011,2011,2011,2011,2011,2012,2012,2012,2012,2012,2012,2012,2012,2012,2012,2012,2012,2013,2013,2013,2013,2013,2013,2013,2013,2013,2013,2013,2013,2013,2014,2014,2014,2014,2014,2014,2014,2014,2014,2014,2014,2014,2015,2015,2015,2015],"Y_PREVALENCE_1000PP":[0.2483,0.34198,0.24917,0.5144,0.18786,0.24785,0.31001,0.49245,0.22207,0.45686,0.57837,0.31236,0.449,0.25719,0.36798,0.30007,0.29345,0.21003,0.37613,0.38839,0.45837,0.25864,0.46597,0.3175,0.60592,0.41041,0.29994,0.36114,0.26152,0.45298,0.52118,0.35402,0.4169,0.34304,0.42853,0.21881,0.25081,0.235,0.30522,0.53,0.50537,0.4275,0.30429,0.89962,0.4014,0.47214,0.31084,0.3056,0.42543,0.71044,0.48607,0.51987,0.53345,0.41944,0.37903,0.26503,0.48288,0.25871,0.43432,0.33921,0.23186,0.2453,0.93831,0.46734,0.46455,0.53955,0.45071,0.3347,0.76354,0.8677,0.27203,0.76249,0.66591,0.8658,0.80333]},"PREVALENCE_BY_MONTH":{"X_CALENDAR_MONTH":["200402","200404","200408","200412","200507","200608","200802","200803","200804","200805","200807","200810","200812","200901","200902","200903","200904","200905","200906","200907","200908","200909","200910","200911","200912","201001","201002","201003","201004","201005","201006","201007","201008","201009","201010","201011","201012","201101","201102","201103","201104","201105","201106","201107","201108","201109","201110","201111","201112","201201","201202","201203","201204","201205","201206","201207","201208","201209","201210","201211","201212","201301","201302","201303","201304","201305","201306","201307","201308","201309","201310","201311","201312","201401","201402","201403","201404","201405","201406","201407","201408","201409","201410","201411","201412","201501","201502","201503","201504","201505"],"Y_PREVALENCE_1000PP":[0.07838,0.05933,0.03626,0.03013,0.02546,0.02546,0.01959,0.02598,0.02266,0.02259,0.01922,0.03484,0.03152,0.03141,0.03137,0.05307,0.03745,0.02489,0.03422,0.04361,0.04364,0.04045,0.0621,0.02795,0.03415,0.04968,0.05593,0.03713,0.04646,0.04031,0.04961,0.05281,0.06533,0.02494,0.05301,0.03126,0.04078,0.0346,0.03783,0.02517,0.038,0.0381,0.04466,0.04171,0.0322,0.04856,0.04866,0.03907,0.02616,0.02952,0.0428,0.05606,0.04319,0.05005,0.05386,0.0373,0.0443,0.05152,0.02759,0.05556,0.03844,0.06671,0.0426,0.03218,0.03603,0.05819,0.06264,0.08187,0.06411,0.04584,0.07719,0.06683,0.07189,0.03654,0.03729,0.06289,0.08149,0.03961,0.08166,0.08908,0.07306,0.08582,0.06859,0.08485,0.0779,0.13705,0.09372,0.14461,0.1179,0.19546]},"QUANTITY_DISTRIBUTION":{"CATEGORY":"Quantity","MIN_VALUE":0,"P10_VALUE":0,"P25_VALUE":0,"MEDIAN_VALUE":30,"P75_VALUE":30,"P90_VALUE":60,"MAX_VALUE":6000},"REFILLS_DISTRIBUTION":{"CATEGORY":"Refills","MIN_VALUE":0,"P10_VALUE":0,"P25_VALUE":0,"MEDIAN_VALUE":0,"P75_VALUE":3,"P90_VALUE":5,"MAX_VALUE":11}}
