{"AGE_AT_FIRST_EXPOSURE":{"CATEGORY":["FEMALE","MALE"],"MIN_VALUE":[0,0],"P10_VALUE":[2,1],"P25_VALUE":[3,3],"MEDIAN_VALUE":[6,6],"P75_VALUE":[10,9],"P90_VALUE":[19,14],"MAX_VALUE":[108,92]},"DAYS_SUPPLY_DISTRIBUTION":{"CATEGORY":"Days supply","MIN_VALUE":0,"P10_VALUE":0,"P25_VALUE":2,"MEDIAN_VALUE":4,"P75_VALUE":4,"P90_VALUE":5,"MAX_VALUE":120},"DRUGS_BY_TYPE":{"CONCEPT_NAME":["Prescription written","Inpatient administration"],"COUNT_VALUE":[2581,6298]},"PREVALENCE_BY_GENDER_AGE_YEAR":{"TRELLIS_NAME":["10-19","10-19","0-9","0-9","0-9","0-9","10-19","10-19","10-19","0-9","10-19","0-9","10-19","0-9","10-19","0-9","10-19","0-9","10-19","0-9","0-9","10-19","0-9","10-19","10-19","0-9","0-9","10-19","20-29","10-19","0-9","10-19","70-79","0-9","60-69","20-29","20-29","80-89","0-9","10-19","10-19","0-9","0-9","10-19","10-19","0-9","20-29","80-89","10-19","0-9","10-19","0-9","80-89","90-99","10-19","10-19","0-9","0-9"],"SERIES_NAME":["MALE","FEMALE","FEMALE","MALE","FEMALE","MALE","MALE","FEMALE","FEMALE","FEMALE","MALE","MALE","MALE","MALE","FEMALE","FEMALE","FEMALE","FEMALE","MALE","MALE","FEMALE","MALE","MALE","FEMALE","FEMALE","FEMALE","MALE","MALE","MALE","FEMALE","MALE","MALE","MALE","FEMALE","MALE","FEMALE","FEMALE","FEMALE","MALE","FEMALE","MALE","FEMALE","MALE","MALE","FEMALE","FEMALE","FEMALE","FEMALE","FEMALE","FEMALE","MALE","MALE","FEMALE","FEMALE","FEMALE","MALE","MALE","FEMALE"],"X_CALENDAR_YEAR":[2004,2004,2004,2004,2005,2005,2005,2005,2006,2006,2006,2006,2007,2007,2007,2007,2008,2008,2008,2008,2009,2009,2009,2009,2010,2010,2010,2010,2011,2011,2011,2011,2011,2011,2011,2011,2012,2012,2012,2012,2012,2012,2013,2013,2013,2013,2013,2013,2014,2014,2014,2014,2014,2014,2015,2015,2015,2015],"Y_PREVALENCE_1000PP":[0.49116,0.54668,0.7734,0.48026,2.70939,2.19335,0.39989,0.45507,0.49702,3.05955,0.81272,3.03986,1.03617,3.31043,0.50955,2.50232,1.07403,3.82121,1.23074,3.06569,5.74888,1.42793,5.40945,1.46945,1.58347,8.54269,7.35319,1.81431,0.35225,2.95871,9.9655,2.68668,0.52118,9.63732,0.30955,0.18306,0.19423,0.64007,9.97506,3.12989,2.3135,10.43632,9.19798,1.97909,2.33024,8.75974,0.17669,0.77631,2.96752,7.89743,2.52555,9.04884,0.93294,3.48736,1.8109,1.62338,7.66815,5.6455]},"PREVALENCE_BY_MONTH":{"X_CALENDAR_MONTH":["200402","200407","200412","200501","200503","200504","200505","200506","200507","200508","200509","200510","200511","200512","200601","200602","200603","200604","200605","200606","200607","200608","200609","200610","200611","200612","200701","200702","200703","200704","200705","200706","200707","200708","200709","200710","200711","200712","200801","200802","200803","200804","200805","200806","200807","200808","200809","200810","200811","200812","200901","200902","200903","200904","200905","200906","200907","200908","200909","200910","200911","200912","201001","201002","201003","201004","201005","201006","201007","201008","201009","201010","201011","201012","201101","201102","201103","201104","201105","201106","201107","201108","201109","201110","201111","201112","201201","201202","201203","201204","201205","201206","201207","201208","201209","201210","201211","201212","201301","201302","201303","201304","201305","201306","201307","201308","201309","201310","201311","201312","201401","201402","201403","201404","201405","201406","201407","201408","201409","201410","201411","201412","201501","201502","201503","201504","201505","201506"],"Y_PREVALENCE_1000PP":[0.10451,0.04487,0.04519,0.02921,0.02763,0.04949,0.11868,0.06028,0.03395,0.03747,0.04102,0.05253,0.09171,0.09476,0.07,0.08097,0.0645,0.07158,0.05207,0.05535,0.02936,0.04727,0.06864,0.07508,0.11015,0.07079,0.10166,0.05937,0.07945,0.04128,0.04091,0.02038,0.04057,0.03363,0.04687,0.05635,0.12229,0.08248,0.09494,0.1012,0.0682,0.04855,0.0581,0.05794,0.06087,0.04802,0.06372,0.08869,0.11713,0.13867,0.09738,0.07843,0.09364,0.08425,0.1836,0.09333,0.03738,0.06858,0.11512,0.09936,0.236,0.17076,0.16768,0.21751,0.13613,0.12698,0.13333,0.14573,0.07145,0.07155,0.14028,0.15902,0.18755,0.26663,0.24531,0.23644,0.22657,0.19314,0.15873,0.11802,0.09947,0.09337,0.15215,0.2595,0.32556,0.37283,0.26565,0.22719,0.27039,0.18271,0.19352,0.12792,0.1187,0.15336,0.1683,0.24142,0.21181,0.33898,0.2177,0.20592,0.2288,0.15133,0.15638,0.17319,0.14886,0.12068,0.14899,0.19683,0.28306,0.33547,0.19489,0.24862,0.20126,0.22732,0.22447,0.21323,0.13597,0.12663,0.16658,0.29019,0.38466,0.40745,0.32631,0.34606,0.40974,0.4716,0.50261,0.32178]},"QUANTITY_DISTRIBUTION":{"CATEGORY":"Quantity","MIN_VALUE":0,"P10_VALUE":0,"P25_VALUE":1,"MEDIAN_VALUE":12,"P75_VALUE":25,"P90_VALUE":40,"MAX_VALUE":11400},"REFILLS_DISTRIBUTION":{"CATEGORY":"Refills","MIN_VALUE":0,"P10_VALUE":0,"P25_VALUE":0,"MEDIAN_VALUE":0,"P75_VALUE":0,"P90_VALUE":0,"MAX_VALUE":5}}
