{"AGE_AT_FIRST_EXPOSURE":{"CATEGORY":["FEMALE","MALE"],"MIN_VALUE":[4,1],"P10_VALUE":[6,6],"P25_VALUE":[11,8],"MEDIAN_VALUE":[37,15],"P75_VALUE":[60,57],"P90_VALUE":[79,72],"MAX_VALUE":[102,92]},"DAYS_SUPPLY_DISTRIBUTION":{"CATEGORY":"Days supply","MIN_VALUE":0,"P10_VALUE":0,"P25_VALUE":0,"MEDIAN_VALUE":30,"P75_VALUE":30,"P90_VALUE":30,"MAX_VALUE":301},"DRUGS_BY_TYPE":{"CONCEPT_NAME":"Prescription written","COUNT_VALUE":870},"PREVALENCE_BY_GENDER_AGE_YEAR":{"TRELLIS_NAME":["10-19","0-9","10-19","0-9","0-9","10-19","10-19","40-49","10-19","0-9","0-9","10-19","0-9","10-19","0-9","50-59","0-9","10-19","10-19","70-79","0-9","50-59","10-19","0-9","0-9","10-19","50-59","10-19","70-79","0-9","10-19","30-39"],"SERIES_NAME":["MALE","MALE","FEMALE","FEMALE","MALE","MALE","FEMALE","FEMALE","MALE","MALE","FEMALE","FEMALE","MALE","MALE","FEMALE","MALE","MALE","FEMALE","MALE","MALE","FEMALE","FEMALE","FEMALE","FEMALE","MALE","MALE","FEMALE","FEMALE","FEMALE","MALE","MALE","FEMALE"],"X_CALENDAR_YEAR":[2008,2008,2009,2009,2009,2009,2010,2010,2010,2010,2010,2011,2011,2011,2011,2012,2012,2012,2012,2012,2012,2013,2013,2013,2013,2013,2014,2014,2014,2014,2014,2014],"Y_PREVALENCE_1000PP":[0.36466,0.37891,0.57145,0.38072,0.74848,0.44623,0.33336,0.19398,0.58965,0.51301,0.34947,0.47168,0.41813,0.46322,0.47203,0.30586,0.53438,0.65206,0.94429,0.44981,0.4014,0.382,0.51265,0.67383,0.48607,0.91343,0.41838,0.86328,0.38632,0.33055,0.7048,0.2453]},"PREVALENCE_BY_MONTH":{"X_CALENDAR_MONTH":["200810","200812","200901","200903","200905","200906","200907","200909","200910","200911","200912","201002","201003","201004","201005","201008","201009","201010","201011","201012","201101","201102","201103","201104","201105","201106","201107","201108","201109","201110","201111","201112","201201","201202","201203","201204","201205","201206","201207","201208","201209","201210","201211","201212","201301","201302","201303","201304","201305","201306","201307","201308","201309","201310","201311","201312","201401","201402","201403","201404","201406","201407","201408","201409","201410","201411","201412","201504"],"Y_PREVALENCE_1000PP":[0.02534,0.02521,0.02199,0.03121,0.02801,0.028,0.02492,0.028,0.03105,0.03105,0.03105,0.03107,0.03094,0.03097,0.02481,0.01866,0.03117,0.02495,0.02188,0.04078,0.03145,0.03153,0.02517,0.04749,0.05079,0.01914,0.02567,0.02254,0.02914,0.02595,0.02604,0.03597,0.02952,0.03951,0.03957,0.04319,0.0367,0.03703,0.02713,0.03067,0.02748,0.05173,0.04861,0.0664,0.03862,0.0426,0.0429,0.03603,0.05819,0.03685,0.04094,0.03017,0.04966,0.02316,0.06683,0.07189,0.05684,0.04972,0.03774,0.06434,0.03629,0.03751,0.04383,0.05553,0.03693,0.06788,0.05992,0.05895]},"QUANTITY_DISTRIBUTION":{"CATEGORY":"Quantity","MIN_VALUE":0,"P10_VALUE":0,"P25_VALUE":0,"MEDIAN_VALUE":30,"P75_VALUE":120,"P90_VALUE":120,"MAX_VALUE":360},"REFILLS_DISTRIBUTION":{"CATEGORY":"Refills","MIN_VALUE":0,"P10_VALUE":0,"P25_VALUE":0,"MEDIAN_VALUE":2,"P75_VALUE":5,"P90_VALUE":5,"MAX_VALUE":11}}
