{"AGE_AT_FIRST_EXPOSURE":{"CATEGORY":["FEMALE","MALE"],"MIN_VALUE":[4,2],"P10_VALUE":[23,18],"P25_VALUE":[30,27],"MEDIAN_VALUE":[49,49],"P75_VALUE":[65,63],"P90_VALUE":[75,74],"MAX_VALUE":[91,95]},"DAYS_SUPPLY_DISTRIBUTION":{"CATEGORY":"Days supply","MIN_VALUE":0,"P10_VALUE":0,"P25_VALUE":0,"MEDIAN_VALUE":30,"P75_VALUE":30,"P90_VALUE":30,"MAX_VALUE":30},"DRUGS_BY_TYPE":{"CONCEPT_NAME":["Inpatient administration","Prescription written"],"COUNT_VALUE":[298,230]},"PREVALENCE_BY_GENDER_AGE_YEAR":{"TRELLIS_NAME":["20-29","60-69","60-69","20-29","30-39","30-39","40-49","20-29"],"SERIES_NAME":["FEMALE","FEMALE","MALE","FEMALE","FEMALE","MALE","FEMALE","MALE"],"X_CALENDAR_YEAR":[2012,2012,2013,2013,2013,2014,2014,2015],"Y_PREVALENCE_1000PP":[0.22198,0.25268,0.48288,0.17669,0.21716,0.43466,0.26551,0.76668]},"PREVALENCE_BY_MONTH":{"X_CALENDAR_MONTH":["201201","201202","201203","201206","201207","201212","201301","201304","201305","201307","201308","201310","201311","201312","201402","201404","201405","201406","201407","201408","201410","201411","201412","201501","201502","201503","201504","201505"],"Y_PREVALENCE_1000PP":[0.01968,0.01976,0.02638,0.02356,0.02374,0.02796,0.02458,0.03243,0.02909,0.02233,0.0264,0.03473,0.03538,0.02396,0.02486,0.02573,0.03081,0.03629,0.02813,0.02922,0.03166,0.07354,0.04194,0.03916,0.04326,0.06427,0.09825,0.08377]},"QUANTITY_DISTRIBUTION":{"CATEGORY":"Quantity","MIN_VALUE":0,"P10_VALUE":0,"P25_VALUE":0,"MEDIAN_VALUE":30,"P75_VALUE":60,"P90_VALUE":120,"MAX_VALUE":18000},"REFILLS_DISTRIBUTION":{"CATEGORY":"Refills","MIN_VALUE":0,"P10_VALUE":0,"P25_VALUE":0,"MEDIAN_VALUE":0,"P75_VALUE":2,"P90_VALUE":5,"MAX_VALUE":11}}
