{"AGE_AT_FIRST_EXPOSURE":{"CATEGORY":["FEMALE","MALE"],"MIN_VALUE":[6,5],"P10_VALUE":[7,6],"P25_VALUE":[8,8],"MEDIAN_VALUE":[14,10],"P75_VALUE":[23,12],"P90_VALUE":[39,16],"MAX_VALUE":[67,66]},"DAYS_SUPPLY_DISTRIBUTION":{"CATEGORY":"Days supply","MIN_VALUE":0,"P10_VALUE":7,"P25_VALUE":30,"MEDIAN_VALUE":30,"P75_VALUE":30,"P90_VALUE":30,"MAX_VALUE":90},"DRUGS_BY_TYPE":{"CONCEPT_NAME":"Prescription written","COUNT_VALUE":658},"PREVALENCE_BY_GENDER_AGE_YEAR":{"TRELLIS_NAME":["0-9","10-19","10-19","0-9","10-19","0-9","10-19","0-9","10-19","0-9","10-19","0-9","20-29","10-19","0-9"],"SERIES_NAME":["MALE","MALE","MALE","MALE","MALE","FEMALE","MALE","MALE","FEMALE","FEMALE","MALE","MALE","FEMALE","MALE","MALE"],"X_CALENDAR_YEAR":[2010,2010,2011,2012,2012,2013,2013,2013,2014,2014,2014,2014,2014,2015,2015],"Y_PREVALENCE_1000PP":[0.20521,0.27215,0.37058,0.4275,0.51936,0.2948,1.3194,0.85997,0.37768,0.37164,2.17315,1.19825,0.19874,3.13853,1.82575]},"PREVALENCE_BY_MONTH":{"X_CALENDAR_MONTH":["201206","201208","201209","201211","201212","201301","201302","201303","201304","201305","201306","201307","201308","201309","201310","201311","201312","201401","201402","201403","201404","201405","201406","201407","201408","201409","201410","201411","201412","201501","201502","201503","201504","201505"],"Y_PREVALENCE_1000PP":[0.02693,0.02045,0.03091,0.03472,0.02796,0.0316,0.03905,0.03218,0.06486,0.05819,0.03316,0.02233,0.03771,0.03438,0.05017,0.03145,0.04792,0.05278,0.03315,0.05031,0.03002,0.07482,0.09527,0.07033,0.0828,0.09086,0.14773,0.12445,0.16178,0.20231,0.21628,0.20889,0.24563,0.20942]},"QUANTITY_DISTRIBUTION":{"CATEGORY":"Quantity","MIN_VALUE":0,"P10_VALUE":10,"P25_VALUE":30,"MEDIAN_VALUE":30,"P75_VALUE":30,"P90_VALUE":30,"MAX_VALUE":90},"REFILLS_DISTRIBUTION":{"CATEGORY":"Refills","MIN_VALUE":0,"P10_VALUE":0,"P25_VALUE":0,"MEDIAN_VALUE":0,"P75_VALUE":0,"P90_VALUE":0,"MAX_VALUE":5}}
