{"AGE_AT_FIRST_EXPOSURE":{"CATEGORY":["MALE","FEMALE"],"MIN_VALUE":[7,6],"P10_VALUE":[36,26],"P25_VALUE":[56,43],"MEDIAN_VALUE":[70,66],"P75_VALUE":[81,81],"P90_VALUE":[88,90],"MAX_VALUE":[100,101]},"DAYS_SUPPLY_DISTRIBUTION":{"CATEGORY":"Days supply","MIN_VALUE":0,"P10_VALUE":2,"P25_VALUE":4,"MEDIAN_VALUE":6,"P75_VALUE":8,"P90_VALUE":10,"MAX_VALUE":42},"DRUGS_BY_TYPE":{"CONCEPT_NAME":["Inpatient administration","Prescription written"],"COUNT_VALUE":[806,924]},"PREVALENCE_BY_GENDER_AGE_YEAR":{"TRELLIS_NAME":["80-89","60-69","80-89","90-99","80-89","90-99","70-79","80-89","50-59","70-79","40-49","70-79","60-69","90-99","30-39","60-69","20-29","80-89","60-69","50-59","70-79","70-79","40-49","50-59","50-59","30-39","70-79","50-59","70-79","40-49","60-69","60-69","80-89","20-29","80-89","30-39","50-59","70-79","50-59","40-49","80-89","20-29","60-69","90-99","80-89","70-79","60-69","50-59","70-79","70-79","30-39","30-39","80-89","90-99","20-29","60-69","80-89","60-69","90-99","30-39","80-89","90-99","20-29","50-59","70-79","70-79","40-49","50-59","80-89","60-69","90-99","70-79","30-39","60-69","80-89","60-69"],"SERIES_NAME":["MALE","FEMALE","MALE","FEMALE","FEMALE","FEMALE","MALE","FEMALE","MALE","FEMALE","FEMALE","MALE","FEMALE","FEMALE","FEMALE","MALE","FEMALE","FEMALE","FEMALE","FEMALE","MALE","FEMALE","FEMALE","MALE","FEMALE","FEMALE","MALE","MALE","FEMALE","FEMALE","FEMALE","MALE","MALE","FEMALE","FEMALE","FEMALE","MALE","FEMALE","FEMALE","FEMALE","FEMALE","FEMALE","MALE","FEMALE","MALE","MALE","FEMALE","FEMALE","FEMALE","MALE","FEMALE","MALE","MALE","MALE","FEMALE","MALE","FEMALE","FEMALE","FEMALE","FEMALE","MALE","MALE","FEMALE","MALE","MALE","FEMALE","FEMALE","FEMALE","FEMALE","FEMALE","FEMALE","FEMALE","FEMALE","FEMALE","FEMALE","MALE"],"X_CALENDAR_YEAR":[2004,2005,2007,2007,2008,2008,2008,2009,2009,2009,2009,2009,2009,2009,2010,2010,2010,2010,2010,2010,2010,2010,2010,2010,2011,2011,2011,2011,2011,2011,2011,2011,2011,2011,2011,2012,2012,2012,2012,2012,2012,2012,2012,2012,2012,2012,2012,2013,2013,2013,2013,2013,2013,2013,2013,2013,2013,2013,2013,2014,2014,2014,2014,2014,2014,2014,2014,2014,2014,2014,2014,2015,2015,2015,2015,2015],"Y_PREVALENCE_1000PP":[1.62999,0.33608,1.24334,3.18302,0.78608,4.11311,0.47278,1.29562,0.29605,0.37893,0.1929,0.54726,0.559,3,0.31504,0.31541,0.27506,1.06202,0.41922,0.27379,0.68166,0.62688,0.29097,0.29129,0.34908,0.21814,1.04236,0.44235,0.8046,0.30364,0.4979,0.6191,1.49276,0.18306,0.93907,0.26437,0.30586,1.16315,0.43762,0.39412,1.17346,0.4162,1.06,2.69179,1.93885,1.04955,0.54748,0.3438,1.45861,0.81693,0.24819,0.38964,1.95872,5.36673,0.35338,0.64385,2.21803,0.68989,6.34518,0.2453,2.70184,6.39269,0.33124,0.35051,0.78192,1.15897,0.48677,0.3347,1.74927,0.72543,3.48736,1.14072,0.50894,0.59759,1.66297,0.57078]},"PREVALENCE_BY_MONTH":{"X_CALENDAR_MONTH":["200403","200404","200504","200510","200603","200607","200608","200609","200707","200710","200801","200804","200807","200812","200901","200902","200903","200904","200907","200908","200909","200911","201001","201005","201006","201007","201008","201009","201010","201011","201012","201101","201102","201103","201104","201105","201106","201107","201108","201109","201112","201201","201202","201203","201204","201205","201206","201207","201208","201209","201210","201211","201212","201301","201302","201303","201304","201305","201306","201307","201308","201309","201310","201311","201312","201401","201402","201403","201404","201405","201406","201407","201408","201409","201410","201411","201412","201501","201502","201503","201504","201505"],"Y_PREVALENCE_1000PP":[0.06905,0.07628,0.03149,0.03636,0.02276,0.02202,0.04,0.02529,0.02029,0.01989,0.02292,0.01942,0.02563,0.01891,0.02827,0.02823,0.02185,0.02184,0.02492,0.03117,0.01867,0.02795,0.02174,0.03721,0.0217,0.02485,0.06533,0.03429,0.02806,0.02188,0.05646,0.04089,0.03783,0.01888,0.02533,0.03492,0.07018,0.02888,0.03864,0.06798,0.03925,0.05575,0.03622,0.03957,0.06312,0.06339,0.0404,0.06104,0.03067,0.04809,0.06898,0.03125,0.04543,0.05969,0.03195,0.0715,0.07206,0.05455,0.0479,0.07071,0.05657,0.0382,0.03088,0.03931,0.07987,0.05684,0.04972,0.0587,0.0772,0.04841,0.02722,0.09377,0.0487,0.09086,0.06859,0.06222,0.05393,0.07179,0.17303,0.10444,0.17685,0.11169]},"QUANTITY_DISTRIBUTION":{"CATEGORY":"Quantity","MIN_VALUE":0,"P10_VALUE":4,"P25_VALUE":8,"MEDIAN_VALUE":12,"P75_VALUE":20,"P90_VALUE":24,"MAX_VALUE":1000},"REFILLS_DISTRIBUTION":{"CATEGORY":"Refills","MIN_VALUE":0,"P10_VALUE":0,"P25_VALUE":0,"MEDIAN_VALUE":0,"P75_VALUE":0,"P90_VALUE":0,"MAX_VALUE":6}}
