{"AGE_AT_FIRST_EXPOSURE":{"CATEGORY":["MALE","FEMALE"],"MIN_VALUE":[0,0],"P10_VALUE":[0,1],"P25_VALUE":[3,5],"MEDIAN_VALUE":[15,28],"P75_VALUE":[54,64],"P90_VALUE":[76,85],"MAX_VALUE":[96,100]},"DAYS_SUPPLY_DISTRIBUTION":{"CATEGORY":"Days supply","MIN_VALUE":0,"P10_VALUE":0,"P25_VALUE":0,"MEDIAN_VALUE":0,"P75_VALUE":7,"P90_VALUE":14,"MAX_VALUE":30},"DRUGS_BY_TYPE":{"CONCEPT_NAME":"Prescription written","COUNT_VALUE":927},"PREVALENCE_BY_GENDER_AGE_YEAR":{"TRELLIS_NAME":["0-9","0-9","10-19","80-89","0-9","0-9","50-59","20-29","50-59","10-19","40-49","10-19","0-9","0-9","60-69","80-89","80-89","60-69","10-19","10-19","0-9","0-9","20-29","80-89","10-19","0-9","0-9","10-19","60-69","30-39","80-89","60-69","20-29","0-9","10-19","70-79","50-59","70-79","60-69","0-9","10-19","0-9","70-79","0-9","10-19"],"SERIES_NAME":["MALE","MALE","MALE","FEMALE","FEMALE","MALE","FEMALE","MALE","FEMALE","FEMALE","MALE","MALE","MALE","FEMALE","MALE","MALE","FEMALE","FEMALE","FEMALE","MALE","FEMALE","MALE","MALE","FEMALE","MALE","MALE","FEMALE","FEMALE","MALE","MALE","MALE","MALE","MALE","FEMALE","FEMALE","MALE","MALE","FEMALE","FEMALE","MALE","MALE","FEMALE","MALE","MALE","MALE"],"X_CALENDAR_YEAR":[2008,2009,2009,2010,2010,2010,2010,2011,2011,2011,2011,2011,2011,2011,2011,2011,2011,2011,2012,2012,2012,2012,2012,2012,2013,2013,2013,2013,2013,2014,2014,2014,2014,2014,2014,2014,2014,2014,2014,2014,2014,2015,2015,2015,2015],"Y_PREVALENCE_1000PP":[0.27557,0.37424,0.35698,0.63721,0.31064,0.37621,0.20535,0.4529,0.27926,0.34304,0.33898,0.88012,1.2544,0.90473,0.36114,1.04493,0.93907,0.33194,0.39124,0.61379,0.64223,1.17563,0.41184,0.64007,0.40597,0.85997,0.96862,0.32623,0.37558,0.43466,1.11252,0.7915,0.49656,1.34721,0.53955,0.62554,0.40893,0.45071,0.27203,1.57012,1.05721,0.7472,0.90791,0.94939,1.51515]},"PREVALENCE_BY_MONTH":{"X_CALENDAR_MONTH":["200712","200806","200810","200901","200905","200906","200907","200909","200910","200911","201008","201009","201010","201012","201101","201102","201104","201105","201106","201107","201108","201109","201110","201111","201112","201201","201202","201203","201204","201205","201206","201207","201208","201209","201210","201211","201212","201301","201302","201303","201304","201305","201306","201307","201308","201309","201312","201401","201404","201405","201406","201407","201408","201409","201410","201411","201412","201501","201502","201503","201504","201505"],"Y_PREVALENCE_1000PP":[0.02969,0.01931,0.01901,0.02199,0.02489,0.02178,0.02492,0.02178,0.01863,0.01863,0.01866,0.02494,0.03118,0.02823,0.03145,0.01892,0.06016,0.04127,0.0638,0.0738,0.02898,0.08741,0.0519,0.05534,0.04252,0.04264,0.02963,0.04616,0.0598,0.04004,0.05386,0.0407,0.02045,0.03435,0.02069,0.03472,0.02097,0.02107,0.0284,0.02503,0.02522,0.04364,0.04422,0.04094,0.0264,0.0382,0.02396,0.03248,0.0386,0.06162,0.0862,0.11721,0.10228,0.14134,0.12663,0.0792,0.10786,0.11747,0.11535,0.16872,0.1572,0.11169]},"QUANTITY_DISTRIBUTION":{"CATEGORY":"Quantity","MIN_VALUE":0,"P10_VALUE":0,"P25_VALUE":0,"MEDIAN_VALUE":0,"P75_VALUE":5,"P90_VALUE":28,"MAX_VALUE":120},"REFILLS_DISTRIBUTION":{"CATEGORY":"Refills","MIN_VALUE":0,"P10_VALUE":0,"P25_VALUE":0,"MEDIAN_VALUE":0,"P75_VALUE":0,"P90_VALUE":1,"MAX_VALUE":11}}
