{"AGE_AT_FIRST_EXPOSURE":{"CATEGORY":["FEMALE","MALE"],"MIN_VALUE":[19,-7],"P10_VALUE":[44,43],"P25_VALUE":[52,50],"MEDIAN_VALUE":[62,59],"P75_VALUE":[72,68],"P90_VALUE":[80,76],"MAX_VALUE":[102,91]},"DAYS_SUPPLY_DISTRIBUTION":{"CATEGORY":[],"MIN_VALUE":[],"P10_VALUE":[],"P25_VALUE":[],"MEDIAN_VALUE":[],"P75_VALUE":[],"P90_VALUE":[],"MAX_VALUE":[]},"DRUGS_BY_TYPE":{"CONCEPT_NAME":"Inpatient administration","COUNT_VALUE":4690},"PREVALENCE_BY_GENDER_AGE_YEAR":{"TRELLIS_NAME":["80-89","80-89","60-69","60-69","70-79","50-59","40-49","70-79","50-59","40-49","60-69","90-99","60-69","80-89","80-89","50-59","70-79","40-49","40-49","50-59","70-79","40-49","50-59","50-59","40-49","70-79","70-79","60-69","60-69","80-89","30-39","60-69","60-69","80-89","50-59","40-49","50-59","70-79","40-49","70-79","30-39","60-69","80-89","70-79","50-59","40-49","50-59","60-69","70-79","40-49","30-39","60-69","80-89","40-49","50-59","70-79","40-49","50-59","60-69","70-79","60-69","60-69","50-59","70-79","50-59"],"SERIES_NAME":["FEMALE","MALE","MALE","FEMALE","MALE","MALE","MALE","FEMALE","FEMALE","FEMALE","FEMALE","FEMALE","MALE","MALE","FEMALE","FEMALE","MALE","MALE","FEMALE","MALE","FEMALE","FEMALE","FEMALE","MALE","MALE","FEMALE","MALE","MALE","FEMALE","FEMALE","MALE","MALE","FEMALE","FEMALE","MALE","FEMALE","FEMALE","FEMALE","MALE","MALE","FEMALE","MALE","FEMALE","FEMALE","FEMALE","FEMALE","MALE","FEMALE","MALE","MALE","FEMALE","MALE","FEMALE","MALE","MALE","FEMALE","FEMALE","FEMALE","FEMALE","MALE","FEMALE","MALE","FEMALE","FEMALE","MALE"],"X_CALENDAR_YEAR":[2004,2004,2004,2004,2004,2004,2004,2004,2004,2004,2005,2005,2005,2005,2005,2005,2005,2005,2005,2005,2005,2006,2006,2006,2006,2006,2006,2006,2006,2006,2007,2007,2007,2007,2007,2007,2007,2007,2007,2007,2008,2008,2008,2008,2008,2008,2008,2008,2008,2008,2009,2009,2009,2009,2009,2009,2009,2009,2009,2009,2010,2010,2010,2010,2010],"Y_PREVALENCE_1000PP":[2.69134,2.17332,2.55633,3.2682,2.63278,2.82721,1.27086,2.366,1.77206,0.92374,2.12849,3.64299,1.91336,1.29618,2.08797,1.62986,1.62882,0.60229,0.48241,1.62411,1.51515,0.71812,1.29745,1.6129,0.94787,2.27665,0.86934,2.20308,2.06279,1.13823,0.69074,2.44843,2.78289,2.48609,2.61487,1.03596,2.40678,2.94571,0.93268,1.71331,0.18786,2.62917,3.1443,3.62577,2.12581,1.26312,1.71561,3.19791,1.49712,0.92026,0.1565,2.24338,1.61952,0.96448,1.82563,2.84199,1.02877,1.77747,2.40798,1.71996,0.33537,0.52568,0.30802,0.5015,0.53403]},"PREVALENCE_BY_MONTH":{"X_CALENDAR_MONTH":["200401","200402","200403","200404","200405","200406","200407","200408","200409","200410","200411","200412","200501","200502","200503","200504","200505","200506","200507","200508","200509","200510","200511","200512","200601","200602","200603","200604","200605","200606","200607","200608","200609","200610","200611","200612","200701","200702","200703","200704","200705","200706","200707","200708","200709","200710","200711","200712","200801","200802","200803","200804","200805","200806","200807","200808","200809","200810","200811","200812","200901","200902","200903","200904","200905","200906","200907","200908","200909","200910","200911","200912","201001","201003","201007","201009","201012"],"Y_PREVALENCE_1000PP":[0.4566,0.28739,0.1677,0.11018,0.12824,0.1985,0.16667,0.18737,0.17731,0.09228,0.19765,0.1657,0.09248,0.08076,0.10133,0.06299,0.07033,0.08181,0.06789,0.09993,0.09434,0.09293,0.1276,0.11055,0.09333,0.05784,0.07967,0.06028,0.08926,0.05904,0.09541,0.12364,0.10476,0.11441,0.08528,0.08849,0.10166,0.08381,0.06908,0.09976,0.05455,0.0883,0.15891,0.21859,0.11048,0.23203,0.26772,0.21446,0.17679,0.20566,0.21435,0.22657,0.15493,0.15452,0.15058,0.17288,0.19752,0.1964,0.16145,0.17019,0.13194,0.14744,0.19041,0.14979,0.18671,0.13377,0.15574,0.15586,0.15868,0.16456,0.16148,0.14592,0.04347,0.02166,0.01864,0.0187,0.01882]},"QUANTITY_DISTRIBUTION":{"CATEGORY":[],"MIN_VALUE":[],"P10_VALUE":[],"P25_VALUE":[],"MEDIAN_VALUE":[],"P75_VALUE":[],"P90_VALUE":[],"MAX_VALUE":[]},"REFILLS_DISTRIBUTION":{"CATEGORY":[],"MIN_VALUE":[],"P10_VALUE":[],"P25_VALUE":[],"MEDIAN_VALUE":[],"P75_VALUE":[],"P90_VALUE":[],"MAX_VALUE":[]}}
