{"AGE_AT_FIRST_EXPOSURE":{"CATEGORY":["FEMALE","MALE"],"MIN_VALUE":[0,0],"P10_VALUE":[33,14],"P25_VALUE":[56,51],"MEDIAN_VALUE":[68,64],"P75_VALUE":[79,76],"P90_VALUE":[86,83],"MAX_VALUE":[102,97]},"DAYS_SUPPLY_DISTRIBUTION":{"CATEGORY":"Days supply","MIN_VALUE":0,"P10_VALUE":0,"P25_VALUE":0,"MEDIAN_VALUE":0,"P75_VALUE":0,"P90_VALUE":30,"MAX_VALUE":90},"DRUGS_BY_TYPE":{"CONCEPT_NAME":"Prescription written","COUNT_VALUE":1499},"PREVALENCE_BY_GENDER_AGE_YEAR":{"TRELLIS_NAME":["70-79","80-89","60-69","80-89","70-79","60-69","50-59","70-79","80-89","60-69","80-89","60-69","50-59","70-79","40-49","50-59","70-79","0-9","50-59","0-9","70-79","0-9","40-49","50-59","70-79","40-49","60-69","90-99","60-69","80-89","90-99","80-89","50-59","50-59","70-79","0-9","70-79","40-49","0-9","60-69","80-89","80-89","60-69","0-9","50-59","70-79","0-9","40-49","50-59","70-79","80-89","60-69","80-89","60-69","80-89","60-69","0-9","60-69","80-89","0-9","70-79","50-59"],"SERIES_NAME":["FEMALE","MALE","MALE","FEMALE","MALE","FEMALE","MALE","FEMALE","MALE","MALE","FEMALE","FEMALE","FEMALE","FEMALE","FEMALE","MALE","MALE","MALE","FEMALE","MALE","MALE","FEMALE","MALE","MALE","FEMALE","FEMALE","FEMALE","FEMALE","MALE","MALE","MALE","FEMALE","MALE","FEMALE","FEMALE","FEMALE","MALE","MALE","MALE","FEMALE","MALE","FEMALE","MALE","MALE","MALE","MALE","FEMALE","FEMALE","FEMALE","FEMALE","MALE","MALE","FEMALE","FEMALE","MALE","MALE","MALE","FEMALE","FEMALE","FEMALE","FEMALE","FEMALE"],"X_CALENDAR_YEAR":[2008,2009,2009,2009,2009,2009,2009,2009,2010,2010,2010,2010,2010,2010,2010,2010,2010,2010,2011,2011,2011,2011,2011,2011,2011,2011,2011,2011,2011,2011,2011,2011,2012,2012,2012,2012,2012,2012,2012,2012,2012,2012,2012,2013,2013,2013,2013,2013,2013,2013,2013,2013,2013,2013,2014,2014,2014,2014,2014,2014,2014,2014],"Y_PREVALENCE_1000PP":[0.38848,1.28205,1.47735,2.05139,1.09452,0.73099,0.5921,0.75786,2.92713,1.05136,2.76126,0.75459,0.68449,1.88064,0.22631,1.01952,2.80239,0.34201,0.76797,0.24391,2.38255,0.23602,0.84746,1.42534,2.90896,0.26991,1.95013,5.92525,1.96048,4.329,6.01805,3.44324,0.66269,0.40115,1.28558,0.48168,0.89962,0.41956,0.39188,0.96862,1.19314,1.70685,0.901,0.44868,0.85352,0.81693,0.5896,0.23313,0.4584,1.03318,0.90402,0.59019,1.33082,0.60366,0.95359,0.56536,0.49583,0.49873,0.81633,0.60392,0.5151,0.29286]},"PREVALENCE_BY_MONTH":{"X_CALENDAR_MONTH":["200810","200902","200903","200904","200906","200907","200908","200909","200910","200911","200912","201001","201002","201003","201004","201005","201006","201007","201008","201009","201010","201011","201012","201101","201102","201103","201104","201105","201106","201107","201108","201109","201110","201111","201112","201201","201202","201203","201204","201205","201206","201207","201208","201209","201210","201211","201212","201301","201302","201303","201304","201305","201306","201307","201308","201309","201310","201311","201312","201401","201402","201403","201404","201405","201406","201407","201408","201409","201410","201502","201504"],"Y_PREVALENCE_1000PP":[0.03168,0.0251,0.02185,0.04681,0.028,0.04672,0.04052,0.04045,0.05899,0.04347,0.04968,0.04968,0.0435,0.08044,0.06194,0.08682,0.06821,0.06213,0.04355,0.06858,0.09354,0.04689,0.09411,0.06919,0.08827,0.10699,0.10765,0.14286,0.11802,0.11551,0.08693,0.09388,0.08109,0.09116,0.10465,0.07871,0.05597,0.07914,0.0598,0.05338,0.0505,0.0407,0.06475,0.05496,0.04828,0.04514,0.0629,0.03862,0.0426,0.05363,0.06846,0.03637,0.05527,0.03721,0.07543,0.04202,0.05017,0.07076,0.07588,0.07714,0.06216,0.06289,0.05576,0.05722,0.04537,0.05626,0.03896,0.04038,0.05276,0.05047,0.05895]},"QUANTITY_DISTRIBUTION":{"CATEGORY":"Quantity","MIN_VALUE":0,"P10_VALUE":0,"P25_VALUE":0,"MEDIAN_VALUE":0,"P75_VALUE":9,"P90_VALUE":30,"MAX_VALUE":450},"REFILLS_DISTRIBUTION":{"CATEGORY":"Refills","MIN_VALUE":0,"P10_VALUE":0,"P25_VALUE":0,"MEDIAN_VALUE":0,"P75_VALUE":0,"P90_VALUE":3,"MAX_VALUE":6}}
