{"AGE_AT_FIRST_EXPOSURE":{"CATEGORY":["FEMALE","MALE"],"MIN_VALUE":[22,20],"P10_VALUE":[29,25],"P25_VALUE":[44,38],"MEDIAN_VALUE":[59,56],"P75_VALUE":[73,71],"P90_VALUE":[83,80],"MAX_VALUE":[101,91]},"DAYS_SUPPLY_DISTRIBUTION":{"CATEGORY":"Days supply","MIN_VALUE":0,"P10_VALUE":0,"P25_VALUE":0,"MEDIAN_VALUE":5,"P75_VALUE":10,"P90_VALUE":15,"MAX_VALUE":30},"DRUGS_BY_TYPE":{"CONCEPT_NAME":"Prescription written","COUNT_VALUE":233},"PREVALENCE_BY_GENDER_AGE_YEAR":{"TRELLIS_NAME":["60-69","50-59","80-89","50-59","40-49"],"SERIES_NAME":["FEMALE","FEMALE","FEMALE","FEMALE","FEMALE"],"X_CALENDAR_YEAR":[2012,2012,2013,2013,2014],"Y_PREVALENCE_1000PP":[0.2948,0.36468,0.99811,0.3056,0.30976]},"PREVALENCE_BY_MONTH":{"X_CALENDAR_MONTH":["201112","201206","201210","201212","201301","201302","201303","201307","201311","201312","201405","201406","201501","201503"],"Y_PREVALENCE_1000PP":[0.01962,0.02356,0.02414,0.02097,0.04214,0.03195,0.02503,0.02233,0.02359,0.03594,0.03081,0.03176,0.04568,0.0482]},"QUANTITY_DISTRIBUTION":{"CATEGORY":"Quantity","MIN_VALUE":0,"P10_VALUE":0,"P25_VALUE":1,"MEDIAN_VALUE":15,"P75_VALUE":30,"P90_VALUE":45,"MAX_VALUE":120},"REFILLS_DISTRIBUTION":{"CATEGORY":"Refills","MIN_VALUE":0,"P10_VALUE":0,"P25_VALUE":0,"MEDIAN_VALUE":0,"P75_VALUE":0,"P90_VALUE":0,"MAX_VALUE":5}}
