{"AGE_AT_FIRST_EXPOSURE":{"CATEGORY":["FEMALE","MALE"],"MIN_VALUE":[5,3],"P10_VALUE":[27,44],"P25_VALUE":[40,58],"MEDIAN_VALUE":[62,68],"P75_VALUE":[76,77],"P90_VALUE":[86,85],"MAX_VALUE":[105,96]},"DAYS_SUPPLY_DISTRIBUTION":{"CATEGORY":"Days supply","MIN_VALUE":0,"P10_VALUE":0,"P25_VALUE":7,"MEDIAN_VALUE":30,"P75_VALUE":30,"P90_VALUE":30,"MAX_VALUE":90},"DRUGS_BY_TYPE":{"CONCEPT_NAME":"Prescription written","COUNT_VALUE":1068},"PREVALENCE_BY_GENDER_AGE_YEAR":{"TRELLIS_NAME":["60-69","30-39","20-29","80-89","50-59","40-49","70-79","60-69","60-69","70-79","40-49","70-79","60-69","60-69","20-29","80-89","80-89","50-59","70-79","40-49","60-69","80-89","60-69","20-29","80-89","50-59","70-79","40-49","50-59","30-39","80-89","20-29","60-69","60-69","80-89","50-59","70-79","50-59","40-49","70-79","60-69","80-89","90-99","50-59","70-79","70-79","40-49","50-59","30-39","20-29","60-69","80-89","60-69","70-79","80-89","80-89","30-39","50-59","40-49","70-79"],"SERIES_NAME":["FEMALE","FEMALE","FEMALE","FEMALE","FEMALE","FEMALE","MALE","MALE","FEMALE","MALE","FEMALE","FEMALE","FEMALE","MALE","FEMALE","MALE","FEMALE","FEMALE","MALE","MALE","FEMALE","MALE","MALE","FEMALE","FEMALE","MALE","FEMALE","FEMALE","FEMALE","FEMALE","MALE","FEMALE","MALE","FEMALE","FEMALE","MALE","MALE","FEMALE","FEMALE","FEMALE","FEMALE","FEMALE","FEMALE","MALE","MALE","FEMALE","FEMALE","FEMALE","FEMALE","FEMALE","MALE","MALE","FEMALE","MALE","MALE","FEMALE","FEMALE","FEMALE","FEMALE","FEMALE"],"X_CALENDAR_YEAR":[2008,2009,2009,2009,2010,2010,2010,2010,2010,2011,2011,2011,2011,2011,2011,2011,2011,2011,2012,2012,2012,2012,2012,2012,2012,2012,2012,2012,2012,2013,2013,2013,2013,2013,2013,2013,2013,2013,2013,2013,2014,2014,2014,2014,2014,2014,2014,2014,2014,2014,2014,2014,2015,2015,2015,2015,2015,2015,2015,2015],"Y_PREVALENCE_1000PP":[0.31529,0.23475,0.1974,0.75578,0.30802,0.19398,0.53018,0.42054,0.46114,0.819,0.37112,0.49514,0.62238,0.51592,0.18306,1.79131,1.14775,0.4538,0.89962,0.35963,0.71594,0.89485,0.901,0.16648,1.49349,0.40781,0.85706,0.32247,0.21881,0.31023,1.65738,0.32393,0.75115,0.99172,2.10713,0.64014,0.8912,0.6494,0.62167,1.64094,1.0428,1.98251,3.48736,0.75943,1.0165,1.5453,0.35401,0.41838,0.35042,0.26499,0.56536,0.95359,0.5229,1.94553,1.55119,1.29342,0.57256,0.88268,0.4898,1.34813]},"PREVALENCE_BY_MONTH":{"X_CALENDAR_MONTH":["200712","200812","200903","201004","201005","201006","201007","201008","201009","201010","201011","201012","201101","201102","201104","201105","201106","201107","201108","201109","201110","201112","201201","201202","201203","201204","201205","201206","201207","201208","201209","201210","201211","201212","201301","201302","201303","201304","201305","201306","201307","201308","201309","201310","201311","201312","201401","201402","201403","201404","201405","201406","201407","201408","201409","201410","201411","201412","201501","201502","201503","201504","201505"],"Y_PREVALENCE_1000PP":[0.03299,0.02521,0.02497,0.01858,0.0186,0.0217,0.02174,0.03111,0.0187,0.02495,0.01875,0.02823,0.01887,0.01892,0.04749,0.01905,0.06061,0.02888,0.01932,0.05503,0.04217,0.0556,0.05575,0.02634,0.03957,0.03322,0.03003,0.03366,0.05426,0.02045,0.06869,0.08967,0.03125,0.05242,0.05267,0.03195,0.05363,0.06846,0.04728,0.04053,0.07815,0.0792,0.12225,0.1042,0.10221,0.08786,0.05278,0.08287,0.07128,0.09007,0.07482,0.06805,0.07502,0.03896,0.08582,0.11607,0.0792,0.08389,0.09137,0.12256,0.17675,0.33405,0.13961]},"QUANTITY_DISTRIBUTION":{"CATEGORY":"Quantity","MIN_VALUE":0,"P10_VALUE":0,"P25_VALUE":20,"MEDIAN_VALUE":30,"P75_VALUE":60,"P90_VALUE":90,"MAX_VALUE":900},"REFILLS_DISTRIBUTION":{"CATEGORY":"Refills","MIN_VALUE":0,"P10_VALUE":0,"P25_VALUE":0,"MEDIAN_VALUE":0,"P75_VALUE":5,"P90_VALUE":5,"MAX_VALUE":11}}
