{"AGE_AT_FIRST_EXPOSURE":{"CATEGORY":["FEMALE","MALE"],"MIN_VALUE":[12,13],"P10_VALUE":[21,26],"P25_VALUE":[33,38],"MEDIAN_VALUE":[45,48],"P75_VALUE":[53,55],"P90_VALUE":[61,62],"MAX_VALUE":[81,90]},"DAYS_SUPPLY_DISTRIBUTION":{"CATEGORY":"Days supply","MIN_VALUE":0,"P10_VALUE":0,"P25_VALUE":30,"MEDIAN_VALUE":30,"P75_VALUE":30,"P90_VALUE":30,"MAX_VALUE":112},"DRUGS_BY_TYPE":{"CONCEPT_NAME":"Prescription written","COUNT_VALUE":3025},"PREVALENCE_BY_GENDER_AGE_YEAR":{"TRELLIS_NAME":["50-59","20-29","60-69","30-39","50-59","40-49","50-59","40-49","20-29","60-69","40-49","50-59","40-49","30-39","50-59","20-29","30-39","50-59","30-39","10-19","50-59","40-49","40-49","10-19","60-69","20-29","60-69","30-39","30-39","50-59","50-59","40-49","60-69","10-19","40-49","20-29","60-69","20-29","50-59","40-49","70-79","10-19","40-49","50-59","30-39","30-39","20-29","20-29","60-69","60-69","30-39","30-39","60-69","20-29","20-29","60-69","40-49","50-59","40-49","50-59","30-39","30-39","50-59","40-49","50-59","40-49","60-69","20-29","20-29","60-69"],"SERIES_NAME":["MALE","FEMALE","MALE","MALE","FEMALE","MALE","MALE","FEMALE","FEMALE","MALE","MALE","MALE","FEMALE","MALE","FEMALE","MALE","FEMALE","FEMALE","MALE","FEMALE","MALE","MALE","FEMALE","MALE","MALE","FEMALE","FEMALE","MALE","FEMALE","MALE","FEMALE","FEMALE","FEMALE","FEMALE","MALE","FEMALE","MALE","MALE","MALE","MALE","MALE","MALE","FEMALE","FEMALE","FEMALE","MALE","MALE","FEMALE","MALE","FEMALE","MALE","FEMALE","MALE","FEMALE","MALE","FEMALE","FEMALE","FEMALE","MALE","MALE","FEMALE","MALE","FEMALE","FEMALE","MALE","MALE","FEMALE","MALE","FEMALE","MALE"],"X_CALENDAR_YEAR":[2008,2009,2009,2009,2009,2009,2009,2009,2010,2010,2010,2010,2010,2010,2010,2011,2011,2011,2011,2011,2011,2011,2011,2011,2011,2011,2011,2012,2012,2012,2012,2012,2012,2012,2012,2012,2012,2012,2013,2013,2013,2013,2013,2013,2013,2013,2013,2013,2013,2013,2014,2014,2014,2014,2014,2014,2014,2014,2014,2014,2015,2015,2015,2015,2015,2015,2015,2015,2015,2015],"Y_PREVALENCE_1000PP":[0.45413,0.14805,0.54717,0.41486,0.34182,1.07164,0.8388,0.45009,0.15003,0.47311,0.75823,1.21371,0.51728,0.35298,0.41069,1.3587,0.73622,0.94251,2.48771,0.51456,3.53878,4.63277,1.92308,0.32425,1.44456,0.36613,0.70536,1.56065,0.46999,2.65076,1.13052,0.9674,0.50537,0.26082,3.53632,0.61043,1.32499,1.33848,2.93396,3.42621,0.4456,0.30448,1.01022,0.9168,0.52739,1.4936,1.20041,0.50062,1.71692,0.43118,1.37641,0.6658,1.86567,0.52998,1.86208,0.36271,1.06204,1.12961,3.7803,3.50508,0.44532,1.61456,1.39757,0.73469,3.77399,4.19986,0.4482,3.0667,0.56757,1.99772]},"PREVALENCE_BY_MONTH":{"X_CALENDAR_MONTH":["200810","200811","200812","200901","200902","200903","200904","200905","200906","200907","200908","200909","200910","200911","200912","201001","201002","201003","201004","201005","201006","201007","201008","201009","201010","201011","201012","201101","201102","201103","201104","201105","201106","201107","201108","201109","201110","201111","201112","201201","201202","201203","201204","201205","201206","201207","201208","201209","201210","201211","201212","201301","201302","201303","201304","201305","201306","201307","201308","201309","201310","201311","201312","201401","201402","201403","201404","201405","201406","201407","201408","201409","201410","201411","201412","201501","201502","201503","201504","201505"],"Y_PREVALENCE_1000PP":[0.01901,0.03166,0.04097,0.03456,0.03137,0.02497,0.04369,0.04045,0.02489,0.02492,0.03429,0.04045,0.02484,0.03726,0.04968,0.03416,0.03418,0.04022,0.02787,0.03411,0.03101,0.03106,0.03422,0.02806,0.04054,0.02813,0.03451,0.1604,0.23013,0.25804,0.16465,0.16191,0.10207,0.09305,0.11269,0.11654,0.11029,0.11069,0.10465,0.15742,0.11524,0.10222,0.13288,0.13012,0.11446,0.11191,0.13291,0.14426,0.12416,0.14237,0.15726,0.13694,0.16687,0.1144,0.18736,0.16365,0.11792,0.17863,0.13199,0.17573,0.247,0.17298,0.12381,0.18271,0.16575,0.18448,0.16728,0.21567,0.28581,0.26256,0.23378,0.23725,0.26908,0.2489,0.28761,0.41115,0.33164,0.46598,0.56003,0.19546]},"QUANTITY_DISTRIBUTION":{"CATEGORY":"Quantity","MIN_VALUE":0,"P10_VALUE":0,"P25_VALUE":30,"MEDIAN_VALUE":30,"P75_VALUE":30,"P90_VALUE":30,"MAX_VALUE":9000},"REFILLS_DISTRIBUTION":{"CATEGORY":"Refills","MIN_VALUE":0,"P10_VALUE":0,"P25_VALUE":0,"MEDIAN_VALUE":1,"P75_VALUE":5,"P90_VALUE":5,"MAX_VALUE":12}}
