{"AGE_AT_FIRST_EXPOSURE":{"CATEGORY":["MALE","FEMALE"],"MIN_VALUE":[0,0],"P10_VALUE":[1,1],"P25_VALUE":[1,1],"MEDIAN_VALUE":[3,3],"P75_VALUE":[7,8],"P90_VALUE":[14,14],"MAX_VALUE":[91,89]},"DAYS_SUPPLY_DISTRIBUTION":{"CATEGORY":[],"MIN_VALUE":[],"P10_VALUE":[],"P25_VALUE":[],"MEDIAN_VALUE":[],"P75_VALUE":[],"P90_VALUE":[],"MAX_VALUE":[]},"DRUGS_BY_TYPE":{"CONCEPT_NAME":"Inpatient administration","COUNT_VALUE":3146},"PREVALENCE_BY_GENDER_AGE_YEAR":{"TRELLIS_NAME":["0-9","10-19","0-9","10-19","0-9","10-19","0-9","10-19","0-9","0-9","10-19","10-19","10-19","0-9","10-19","0-9","10-19","10-19","0-9","0-9","0-9","10-19","10-19","0-9","0-9","10-19","10-19","0-9","10-19","0-9","10-19","0-9"],"SERIES_NAME":["MALE","FEMALE","FEMALE","MALE","FEMALE","MALE","MALE","FEMALE","FEMALE","MALE","MALE","FEMALE","FEMALE","MALE","MALE","FEMALE","FEMALE","MALE","FEMALE","MALE","FEMALE","FEMALE","MALE","MALE","FEMALE","FEMALE","MALE","MALE","FEMALE","MALE","MALE","FEMALE"],"X_CALENDAR_YEAR":[2008,2008,2008,2008,2009,2009,2009,2009,2010,2010,2010,2010,2011,2011,2011,2011,2012,2012,2012,2012,2013,2013,2013,2013,2014,2014,2014,2014,2015,2015,2015,2015],"Y_PREVALENCE_1000PP":[1.03338,0.33047,1.35093,0.36466,2.5889,0.71397,2.38152,0.65309,3.45591,2.94128,0.68036,0.45837,0.60032,2.64818,0.88012,1.9668,0.65206,0.75543,2.64922,2.99252,3.8745,0.79228,1.82685,5.27201,6.45731,1.51074,1.35088,7.31345,2.28746,9.20178,1.94805,7.88709]},"PREVALENCE_BY_MONTH":{"X_CALENDAR_MONTH":["200805","200806","200807","200808","200809","200810","200811","200812","200901","200902","200903","200904","200905","200906","200907","200908","200909","200910","200911","200912","201001","201002","201003","201004","201005","201006","201007","201008","201009","201010","201011","201012","201101","201102","201103","201104","201105","201106","201107","201108","201109","201110","201111","201112","201201","201202","201203","201204","201205","201206","201207","201208","201209","201210","201211","201212","201301","201302","201303","201304","201305","201306","201307","201308","201309","201310","201311","201312","201401","201402","201403","201404","201405","201406","201407","201408","201409","201410","201411","201412","201501","201502","201503","201504","201505"],"Y_PREVALENCE_1000PP":[0.02905,0.03863,0.04485,0.05443,0.0223,0.03801,0.03482,0.04097,0.05655,0.03764,0.06243,0.07801,0.05601,0.07155,0.04049,0.05611,0.03423,0.04036,0.04968,0.08693,0.12731,0.07147,0.0495,0.05884,0.06512,0.06511,0.05591,0.03733,0.03429,0.03742,0.04689,0.07842,0.04718,0.07251,0.09126,0.05699,0.04762,0.06061,0.04171,0.04186,0.0259,0.03568,0.04883,0.0327,0.07215,0.06585,0.04616,0.06312,0.07007,0.05386,0.0373,0.05453,0.05152,0.02759,0.0382,0.08387,0.12641,0.03905,0.12155,0.09368,0.10183,0.06264,0.04838,0.1056,0.08404,0.11578,0.14546,0.10783,0.16647,0.14503,0.15094,0.13296,0.13644,0.19054,0.15941,0.12663,0.1161,0.19522,0.19233,0.20972,0.35241,0.35327,0.71504,0.45195,0.50261]},"QUANTITY_DISTRIBUTION":{"CATEGORY":[],"MIN_VALUE":[],"P10_VALUE":[],"P25_VALUE":[],"MEDIAN_VALUE":[],"P75_VALUE":[],"P90_VALUE":[],"MAX_VALUE":[]},"REFILLS_DISTRIBUTION":{"CATEGORY":[],"MIN_VALUE":[],"P10_VALUE":[],"P25_VALUE":[],"MEDIAN_VALUE":[],"P75_VALUE":[],"P90_VALUE":[],"MAX_VALUE":[]}}
