{"AGE_AT_FIRST_EXPOSURE":{"CATEGORY":["FEMALE","MALE"],"MIN_VALUE":[0,0],"P10_VALUE":[8,4],"P25_VALUE":[24,14],"MEDIAN_VALUE":[41,30],"P75_VALUE":[59,54],"P90_VALUE":[72,68],"MAX_VALUE":[102,96]},"DAYS_SUPPLY_DISTRIBUTION":{"CATEGORY":"Days supply","MIN_VALUE":0,"P10_VALUE":0,"P25_VALUE":5,"MEDIAN_VALUE":7,"P75_VALUE":7,"P90_VALUE":10,"MAX_VALUE":31},"DRUGS_BY_TYPE":{"CONCEPT_NAME":["Prescription written","Inpatient administration"],"COUNT_VALUE":[1427,417]},"PREVALENCE_BY_GENDER_AGE_YEAR":{"TRELLIS_NAME":["30-39","50-59","40-49","60-69","0-9","20-29","60-69","0-9","50-59","40-49","20-29","60-69","20-29","30-39","50-59","70-79","10-19","50-59","40-49","10-19","0-9","0-9","50-59","20-29","30-39","60-69","60-69","80-89","20-29","0-9","0-9","10-19","40-49","50-59","10-19","40-49","70-79","50-59","50-59","40-49","70-79","30-39","30-39","80-89","20-29","60-69","20-29","10-19","10-19","70-79","40-49","0-9","0-9","60-69","40-49","50-59","70-79","40-49","50-59","10-19","0-9","0-9","10-19","60-69","80-89","60-69","20-29","20-29","30-39","30-39","60-69","20-29","20-29","30-39","30-39","40-49","50-59","40-49","10-19","50-59","70-79","0-9","10-19","60-69","50-59","30-39","20-29","20-29","0-9","0-9","60-69"],"SERIES_NAME":["FEMALE","FEMALE","FEMALE","FEMALE","MALE","MALE","FEMALE","MALE","FEMALE","FEMALE","FEMALE","FEMALE","MALE","FEMALE","FEMALE","FEMALE","FEMALE","MALE","FEMALE","MALE","MALE","FEMALE","FEMALE","MALE","FEMALE","FEMALE","MALE","FEMALE","FEMALE","MALE","FEMALE","MALE","MALE","MALE","FEMALE","FEMALE","FEMALE","MALE","FEMALE","FEMALE","FEMALE","FEMALE","MALE","FEMALE","FEMALE","MALE","MALE","FEMALE","MALE","MALE","MALE","FEMALE","MALE","FEMALE","FEMALE","FEMALE","FEMALE","MALE","MALE","FEMALE","FEMALE","MALE","MALE","MALE","FEMALE","FEMALE","MALE","FEMALE","FEMALE","MALE","MALE","FEMALE","MALE","FEMALE","MALE","FEMALE","FEMALE","MALE","FEMALE","MALE","FEMALE","MALE","MALE","FEMALE","FEMALE","FEMALE","MALE","FEMALE","FEMALE","MALE","FEMALE"],"X_CALENDAR_YEAR":[2008,2008,2008,2008,2008,2009,2009,2009,2009,2009,2010,2010,2010,2010,2010,2010,2010,2010,2010,2010,2010,2010,2011,2011,2011,2011,2011,2011,2011,2011,2011,2011,2011,2011,2011,2011,2011,2012,2012,2012,2012,2012,2012,2012,2012,2012,2012,2012,2012,2012,2012,2012,2012,2012,2013,2013,2013,2013,2013,2013,2013,2013,2013,2013,2013,2013,2013,2013,2013,2013,2014,2014,2014,2014,2014,2014,2014,2014,2014,2014,2014,2014,2014,2014,2015,2015,2015,2015,2015,2015,2015],"Y_PREVALENCE_1000PP":[0.24153,0.24394,0.32388,0.45041,0.20668,0.3062,0.43,0.27217,0.34182,0.28934,0.27506,0.54498,0.40167,0.18378,0.47914,0.43882,0.37503,0.38839,0.45262,0.45358,0.41041,0.31064,0.62834,0.85548,0.40901,0.95432,0.46432,0.73038,0.54919,0.59236,0.59004,0.37058,0.73446,0.6881,0.38592,0.53981,0.55703,0.35683,0.65643,0.53744,0.91827,0.67562,0.74911,0.64007,0.77691,0.424,0.7722,0.39124,0.37771,0.59975,0.65931,0.6021,0.4275,1.09497,0.81595,1.2606,0.97241,0.58181,0.4801,0.55926,0.80017,0.44868,0.50746,0.64385,0.88721,0.90548,1.09129,1.06013,0.93069,0.90915,0.39575,0.89434,1.48967,0.94614,1.15908,0.61952,1.17145,0.51886,0.70141,0.75943,1.15897,0.61978,0.3524,0.77077,0.73556,0.50894,1.53335,0.75676,0.49813,0.51121,0.5229]},"PREVALENCE_BY_MONTH":{"X_CALENDAR_MONTH":["200712","200801","200802","200803","200804","200805","200807","200808","200809","200811","200812","200902","200904","200906","200907","200908","200909","200910","200911","200912","201001","201002","201003","201004","201005","201006","201007","201008","201009","201010","201011","201012","201101","201102","201103","201104","201105","201106","201107","201108","201109","201110","201111","201112","201201","201202","201203","201204","201205","201206","201207","201208","201209","201210","201211","201212","201301","201302","201303","201304","201305","201306","201307","201308","201309","201310","201311","201312","201401","201402","201403","201404","201405","201406","201407","201408","201409","201410","201411","201412","201501","201502","201503","201504","201505"],"Y_PREVALENCE_1000PP":[0.04619,0.02619,0.02938,0.02923,0.01942,0.01937,0.02563,0.03202,0.01911,0.02533,0.01891,0.01882,0.02184,0.02489,0.03738,0.02805,0.02489,0.03726,0.02174,0.02484,0.02174,0.03729,0.02784,0.03407,0.02791,0.04341,0.03417,0.04666,0.03741,0.06548,0.04376,0.0251,0.0346,0.04098,0.03776,0.04433,0.06032,0.08931,0.09947,0.07406,0.10036,0.03568,0.05534,0.06868,0.05247,0.06585,0.05276,0.07641,0.0734,0.08753,0.12548,0.08179,0.05839,0.04828,0.0625,0.08038,0.11938,0.03905,0.09653,0.08287,0.09819,0.11423,0.14514,0.11314,0.06494,0.11192,0.0747,0.05991,0.04466,0.07044,0.07128,0.10294,0.09243,0.10888,0.13597,0.15099,0.11106,0.08969,0.13576,0.1498,0.124,0.20908,0.16872,0.1572,0.11169]},"QUANTITY_DISTRIBUTION":{"CATEGORY":"Quantity","MIN_VALUE":0,"P10_VALUE":1,"P25_VALUE":1,"MEDIAN_VALUE":20,"P75_VALUE":56,"P90_VALUE":96,"MAX_VALUE":270},"REFILLS_DISTRIBUTION":{"CATEGORY":"Refills","MIN_VALUE":0,"P10_VALUE":0,"P25_VALUE":0,"MEDIAN_VALUE":0,"P75_VALUE":0,"P90_VALUE":0,"MAX_VALUE":5}}
