{"AGE_AT_FIRST_EXPOSURE":{"CATEGORY":["MALE","FEMALE"],"MIN_VALUE":[9,10],"P10_VALUE":[22,24],"P25_VALUE":[37,40],"MEDIAN_VALUE":[58,57],"P75_VALUE":[71,70],"P90_VALUE":[82,81],"MAX_VALUE":[98,102]},"DAYS_SUPPLY_DISTRIBUTION":{"CATEGORY":"Days supply","MIN_VALUE":0,"P10_VALUE":0,"P25_VALUE":0,"MEDIAN_VALUE":30,"P75_VALUE":30,"P90_VALUE":60,"MAX_VALUE":360},"DRUGS_BY_TYPE":{"CONCEPT_NAME":"Prescription written","COUNT_VALUE":3026},"PREVALENCE_BY_GENDER_AGE_YEAR":{"TRELLIS_NAME":["50-59","60-69","40-49","50-59","20-29","30-39","50-59","70-79","50-59","70-79","40-49","60-69","60-69","20-29","80-89","30-39","30-39","50-59","40-49","70-79","50-59","10-19","40-49","70-79","60-69","20-29","80-89","60-69","90-99","20-29","80-89","50-59","40-49","70-79","10-19","10-19","40-49","50-59","70-79","30-39","30-39","60-69","60-69","80-89","90-99","20-29","80-89","20-29","30-39","30-39","20-29","80-89","60-69","20-29","10-19","80-89","60-69","90-99","40-49","50-59","40-49","10-19","70-79","50-59","70-79","30-39","50-59","10-19","40-49","70-79","40-49","50-59","70-79","60-69","90-99","80-89","60-69","80-89","20-29"],"SERIES_NAME":["FEMALE","FEMALE","FEMALE","FEMALE","MALE","FEMALE","FEMALE","MALE","MALE","FEMALE","FEMALE","FEMALE","MALE","FEMALE","FEMALE","FEMALE","MALE","MALE","FEMALE","FEMALE","FEMALE","FEMALE","MALE","MALE","FEMALE","FEMALE","FEMALE","MALE","FEMALE","MALE","MALE","MALE","MALE","MALE","FEMALE","MALE","FEMALE","FEMALE","FEMALE","FEMALE","MALE","MALE","FEMALE","FEMALE","FEMALE","MALE","MALE","FEMALE","FEMALE","MALE","FEMALE","MALE","MALE","MALE","MALE","FEMALE","FEMALE","FEMALE","FEMALE","FEMALE","MALE","FEMALE","MALE","MALE","FEMALE","FEMALE","FEMALE","FEMALE","FEMALE","FEMALE","MALE","MALE","MALE","FEMALE","FEMALE","MALE","MALE","FEMALE","FEMALE"],"X_CALENDAR_YEAR":[2009,2010,2010,2010,2011,2011,2011,2011,2011,2011,2011,2011,2011,2011,2011,2012,2012,2012,2012,2012,2012,2012,2012,2012,2012,2012,2012,2012,2012,2012,2012,2013,2013,2013,2013,2013,2013,2013,2013,2013,2013,2013,2013,2013,2013,2013,2013,2013,2014,2014,2014,2014,2014,2014,2014,2014,2014,2014,2014,2014,2014,2014,2014,2014,2014,2015,2015,2015,2015,2015,2015,2015,2015,2015,2015,2015,2015,2015,2015],"Y_PREVALENCE_1000PP":[0.20509,0.3773,0.22631,0.34224,0.35225,0.19087,0.9076,0.52118,0.2949,1.17596,0.64103,0.91283,0.30955,0.26152,1.25209,0.49937,0.62426,1.22343,1.64815,2.44873,1.85989,0.34777,0.83913,0.67471,2.56896,0.61043,3.52038,1.53699,3.14042,0.46332,1.64057,1.76038,0.96968,2.0052,0.9321,0.45671,3.18607,3.1706,4.07196,1.70627,0.77927,1.93154,4.26871,5.65598,4.65313,2.01888,2.10939,1.73744,1.99741,0.94176,1.88804,2.22505,1.80914,1.36553,0.82227,5.1312,4.53391,6.97472,2.61085,3.47251,0.96361,1.61865,1.79842,1.05152,4.70028,1.08149,2.35381,0.8578,2.77551,3.21477,1.15858,1.40177,1.81582,2.98797,4.04585,2.06825,1.6172,5.17369,1.19821]},"PREVALENCE_BY_MONTH":{"X_CALENDAR_MONTH":["200911","200912","201003","201005","201006","201009","201010","201011","201102","201104","201105","201106","201107","201108","201109","201110","201111","201112","201201","201202","201203","201204","201205","201206","201207","201208","201209","201210","201211","201212","201301","201302","201303","201304","201305","201306","201307","201308","201309","201310","201311","201312","201401","201402","201403","201404","201405","201406","201407","201408","201409","201410","201411","201412","201501","201502","201503","201504","201505"],"Y_PREVALENCE_1000PP":[0.02174,0.02173,0.01856,0.02171,0.0217,0.02494,0.01871,0.01875,0.03468,0.04116,0.03175,0.0638,0.03529,0.05796,0.03885,0.06812,0.04883,0.09811,0.08855,0.12512,0.1253,0.1063,0.1368,0.11782,0.12209,0.11928,0.12708,0.21038,0.17014,0.19919,0.25632,0.27338,0.28958,0.24141,0.2073,0.25057,0.294,0.23005,0.18719,0.33191,0.35382,0.27557,0.38977,0.29835,0.34381,0.356,0.30369,0.25406,0.29069,0.32632,0.36345,0.33767,0.30547,0.38948,0.45031,0.62723,0.53829,0.67793,0.33507]},"QUANTITY_DISTRIBUTION":{"CATEGORY":"Quantity","MIN_VALUE":0,"P10_VALUE":0,"P25_VALUE":1,"MEDIAN_VALUE":5,"P75_VALUE":8,"P90_VALUE":9,"MAX_VALUE":100},"REFILLS_DISTRIBUTION":{"CATEGORY":"Refills","MIN_VALUE":0,"P10_VALUE":0,"P25_VALUE":0,"MEDIAN_VALUE":0,"P75_VALUE":2,"P90_VALUE":5,"MAX_VALUE":11}}
