{"AGE_AT_FIRST_EXPOSURE":{"CATEGORY":["FEMALE","MALE"],"MIN_VALUE":[18,20],"P10_VALUE":[33,33],"P25_VALUE":[43,45],"MEDIAN_VALUE":[51,52],"P75_VALUE":[59,60],"P90_VALUE":[67,65],"MAX_VALUE":[80,85]},"DAYS_SUPPLY_DISTRIBUTION":{"CATEGORY":[],"MIN_VALUE":[],"P10_VALUE":[],"P25_VALUE":[],"MEDIAN_VALUE":[],"P75_VALUE":[],"P90_VALUE":[],"MAX_VALUE":[]},"DRUGS_BY_TYPE":{"CONCEPT_NAME":"Inpatient administration","COUNT_VALUE":445},"PREVALENCE_BY_GENDER_AGE_YEAR":{"TRELLIS_NAME":["50-59","60-69","50-59","40-49","40-49","40-49","50-59","50-59","40-49","60-69","60-69","50-59","50-59","50-59","60-69","60-69","60-69","50-59","40-49"],"SERIES_NAME":["FEMALE","FEMALE","FEMALE","FEMALE","MALE","FEMALE","FEMALE","MALE","MALE","MALE","FEMALE","FEMALE","MALE","MALE","FEMALE","MALE","FEMALE","MALE","FEMALE"],"X_CALENDAR_YEAR":[2004,2005,2005,2005,2005,2006,2006,2006,2006,2007,2007,2007,2007,2008,2008,2009,2009,2009,2009],"Y_PREVALENCE_1000PP":[0.30378,0.50412,0.36672,0.40819,0.40153,0.34196,0.3707,0.34562,0.41469,0.48969,0.33017,0.43107,0.69374,0.35321,0.27025,0.38302,0.344,0.29605,0.1929]},"PREVALENCE_BY_MONTH":{"X_CALENDAR_MONTH":["200405","200503","200506","200508","200509","200510","200605","200609","200610","200612","200702","200704","200708","200710","200801","200803","200806","200904","200905","200909","200910"],"Y_PREVALENCE_1000PP":[0.04526,0.02763,0.03445,0.03331,0.02461,0.02424,0.02603,0.03251,0.03218,0.02478,0.02445,0.02408,0.03363,0.04309,0.01964,0.01949,0.01931,0.01872,0.01867,0.01867,0.01863]},"QUANTITY_DISTRIBUTION":{"CATEGORY":[],"MIN_VALUE":[],"P10_VALUE":[],"P25_VALUE":[],"MEDIAN_VALUE":[],"P75_VALUE":[],"P90_VALUE":[],"MAX_VALUE":[]},"REFILLS_DISTRIBUTION":{"CATEGORY":[],"MIN_VALUE":[],"P10_VALUE":[],"P25_VALUE":[],"MEDIAN_VALUE":[],"P75_VALUE":[],"P90_VALUE":[],"MAX_VALUE":[]}}
