{"AGE_AT_FIRST_EXPOSURE":{"CATEGORY":["MALE","FEMALE"],"MIN_VALUE":[4,6],"P10_VALUE":[30,26],"P25_VALUE":[50,48],"MEDIAN_VALUE":[65,64],"P75_VALUE":[76,78],"P90_VALUE":[83,86],"MAX_VALUE":[92,100]},"DAYS_SUPPLY_DISTRIBUTION":{"CATEGORY":"Days supply","MIN_VALUE":0,"P10_VALUE":0,"P25_VALUE":0,"MEDIAN_VALUE":30,"P75_VALUE":30,"P90_VALUE":30,"MAX_VALUE":90},"DRUGS_BY_TYPE":{"CONCEPT_NAME":["Inpatient administration","Prescription written"],"COUNT_VALUE":[1391,1205]},"PREVALENCE_BY_GENDER_AGE_YEAR":{"TRELLIS_NAME":["70-79","80-89","70-79","70-79","80-89","60-69","50-59","70-79","80-89","80-89","70-79","40-49","50-59","60-69","70-79","60-69","80-89","60-69","80-89","50-59","70-79","40-49","50-59","70-79","50-59","40-49","40-49","70-79","70-79","60-69","80-89","60-69","50-59","40-49","70-79","70-79","60-69","80-89","80-89","60-69","20-29","10-19","50-59","40-49","70-79","30-39","60-69","60-69","80-89","90-99","80-89","20-29","30-39","20-29","80-89","60-69","90-99","70-79","10-19","50-59","70-79","40-49","50-59","50-59","50-59","70-79","60-69","80-89"],"SERIES_NAME":["FEMALE","FEMALE","FEMALE","MALE","FEMALE","FEMALE","FEMALE","FEMALE","MALE","FEMALE","FEMALE","FEMALE","FEMALE","FEMALE","MALE","FEMALE","MALE","MALE","FEMALE","FEMALE","FEMALE","FEMALE","MALE","MALE","FEMALE","MALE","FEMALE","FEMALE","MALE","MALE","FEMALE","FEMALE","FEMALE","FEMALE","FEMALE","MALE","FEMALE","MALE","FEMALE","MALE","FEMALE","FEMALE","FEMALE","FEMALE","FEMALE","FEMALE","MALE","FEMALE","FEMALE","FEMALE","MALE","FEMALE","FEMALE","FEMALE","FEMALE","FEMALE","FEMALE","MALE","FEMALE","MALE","FEMALE","FEMALE","FEMALE","FEMALE","MALE","FEMALE","FEMALE","FEMALE"],"X_CALENDAR_YEAR":[2006,2007,2007,2007,2008,2008,2008,2008,2009,2009,2009,2009,2009,2009,2009,2010,2010,2010,2010,2010,2010,2010,2010,2010,2011,2011,2011,2011,2011,2011,2011,2011,2012,2012,2012,2012,2012,2012,2012,2012,2012,2013,2013,2013,2013,2013,2013,2013,2013,2013,2013,2013,2014,2014,2014,2014,2014,2014,2014,2014,2014,2014,2014,2015,2015,2015,2015,2015],"Y_PREVALENCE_1000PP":[0.48293,0.71031,0.46863,0.5711,1.01067,0.36033,0.24394,0.77695,0.96154,1.51155,1.13679,0.35364,0.51273,0.473,0.54726,0.33537,0.92436,0.47311,1.59303,0.34224,1.12839,0.25864,0.33984,0.53018,0.48871,0.33898,0.26991,0.92839,0.59564,0.30955,1.66945,0.41492,0.40115,0.21498,1.22436,0.44981,0.80017,0.89485,1.81353,0.53,0.19423,0.37284,0.6112,0.27198,1.15473,0.27921,0.32192,0.86237,1.66352,3.80711,0.90402,0.29448,0.42051,0.26499,2.91545,1.08814,3.48736,0.46915,0.37768,0.58418,1.60968,0.48677,0.79491,0.66201,0.64697,1.03702,0.67229,1.84775]},"PREVALENCE_BY_MONTH":{"X_CALENDAR_MONTH":["200605","200712","200802","200803","200804","200805","200807","200808","200809","200811","200812","200901","200902","200903","200904","200905","200906","200907","200908","200909","200910","200911","200912","201001","201002","201003","201004","201005","201006","201007","201008","201009","201010","201011","201012","201101","201102","201103","201104","201105","201106","201107","201108","201109","201110","201111","201112","201201","201202","201203","201204","201205","201206","201207","201208","201209","201210","201211","201212","201301","201302","201303","201304","201305","201306","201307","201308","201309","201310","201311","201312","201401","201402","201403","201404","201405","201406","201407","201408","201409","201410","201411","201412","201501","201502","201503","201504","201505"],"Y_PREVALENCE_1000PP":[0.02975,0.02639,0.02938,0.02923,0.02589,0.0355,0.02243,0.03202,0.0223,0.04115,0.02837,0.02827,0.03451,0.04994,0.02808,0.03112,0.02489,0.03426,0.03741,0.04356,0.05899,0.04968,0.05278,0.05589,0.03729,0.0495,0.02787,0.03721,0.03721,0.03728,0.03733,0.04364,0.05924,0.03438,0.03451,0.0346,0.02837,0.05035,0.038,0.05079,0.05104,0.06417,0.07406,0.03237,0.05839,0.03907,0.02943,0.06231,0.06585,0.04616,0.04651,0.05338,0.0606,0.06783,0.04771,0.06869,0.08277,0.06597,0.04543,0.09129,0.0426,0.07865,0.08287,0.05455,0.0479,0.07815,0.08674,0.07258,0.09263,0.0747,0.07189,0.1015,0.07873,0.07128,0.11581,0.12324,0.09073,0.11253,0.14611,0.10096,0.14245,0.06788,0.1498,0.11747,0.14419,0.18478,0.20633,0.15358]},"QUANTITY_DISTRIBUTION":{"CATEGORY":"Quantity","MIN_VALUE":0,"P10_VALUE":0,"P25_VALUE":0,"MEDIAN_VALUE":30,"P75_VALUE":30,"P90_VALUE":90,"MAX_VALUE":900},"REFILLS_DISTRIBUTION":{"CATEGORY":"Refills","MIN_VALUE":-1,"P10_VALUE":0,"P25_VALUE":0,"MEDIAN_VALUE":0,"P75_VALUE":4,"P90_VALUE":5,"MAX_VALUE":11}}
