{"AGE_AT_FIRST_EXPOSURE":{"CATEGORY":["FEMALE","MALE"],"MIN_VALUE":[34,22],"P10_VALUE":[43,40],"P25_VALUE":[49,47],"MEDIAN_VALUE":[56,57],"P75_VALUE":[67,66],"P90_VALUE":[75,72],"MAX_VALUE":[84,84]},"DAYS_SUPPLY_DISTRIBUTION":{"CATEGORY":"Days supply","MIN_VALUE":0,"P10_VALUE":0,"P25_VALUE":30,"MEDIAN_VALUE":30,"P75_VALUE":30,"P90_VALUE":30,"MAX_VALUE":90},"DRUGS_BY_TYPE":{"CONCEPT_NAME":["Prescription written","Inpatient administration"],"COUNT_VALUE":[245,274]},"PREVALENCE_BY_GENDER_AGE_YEAR":{"TRELLIS_NAME":["40-49","50-59","60-69","50-59","70-79","50-59","60-69"],"SERIES_NAME":["MALE","FEMALE","MALE","FEMALE","FEMALE","MALE","MALE"],"X_CALENDAR_YEAR":[2005,2005,2005,2006,2008,2009,2010],"Y_PREVALENCE_1000PP":[0.40153,0.32597,0.45921,0.3707,0.38848,0.29605,0.36798]},"PREVALENCE_BY_MONTH":{"X_CALENDAR_MONTH":["200504","200505","200506","200903","200904","200906","200907","200909","200910","200911","200912","201001","201007","201304"],"Y_PREVALENCE_1000PP":[0.03149,0.03077,0.03014,0.02809,0.02808,0.03111,0.01869,0.03111,0.03415,0.02174,0.02173,0.02174,0.02485,0.02162]},"QUANTITY_DISTRIBUTION":{"CATEGORY":"Quantity","MIN_VALUE":0,"P10_VALUE":0,"P25_VALUE":30,"MEDIAN_VALUE":30,"P75_VALUE":30,"P90_VALUE":30,"MAX_VALUE":90},"REFILLS_DISTRIBUTION":{"CATEGORY":"Refills","MIN_VALUE":0,"P10_VALUE":0,"P25_VALUE":0,"MEDIAN_VALUE":5,"P75_VALUE":5,"P90_VALUE":5,"MAX_VALUE":6}}
