{"AGE_AT_FIRST_EXPOSURE":{"CATEGORY":["MALE","FEMALE"],"MIN_VALUE":[2,6],"P10_VALUE":[47,42],"P25_VALUE":[62,57],"MEDIAN_VALUE":[73,70],"P75_VALUE":[81,81],"P90_VALUE":[87,88],"MAX_VALUE":[96,100]},"DAYS_SUPPLY_DISTRIBUTION":{"CATEGORY":"Days supply","MIN_VALUE":0,"P10_VALUE":0,"P25_VALUE":0,"MEDIAN_VALUE":30,"P75_VALUE":30,"P90_VALUE":30,"MAX_VALUE":180},"DRUGS_BY_TYPE":{"CONCEPT_NAME":["Inpatient administration","Prescription written"],"COUNT_VALUE":[792,518]},"PREVALENCE_BY_GENDER_AGE_YEAR":{"TRELLIS_NAME":["50-59","70-79","70-79","80-89","80-89","60-69","60-69","70-79","70-79","80-89","80-89","60-69","80-89","70-79","80-89","50-59","60-69","70-79","70-79","40-49","50-59","80-89","80-89","70-79","60-69","70-79","40-49","50-59","60-69","80-89","50-59","70-79","70-79","50-59","70-79","70-79","60-69","60-69","80-89","80-89","70-79","50-59","70-79","60-69","80-89","60-69","70-79","50-59","70-79","60-69","80-89","60-69","80-89","70-79"],"SERIES_NAME":["FEMALE","FEMALE","MALE","FEMALE","MALE","MALE","FEMALE","MALE","FEMALE","FEMALE","MALE","MALE","FEMALE","FEMALE","FEMALE","FEMALE","FEMALE","MALE","FEMALE","FEMALE","FEMALE","MALE","FEMALE","MALE","FEMALE","FEMALE","FEMALE","FEMALE","FEMALE","FEMALE","FEMALE","MALE","FEMALE","FEMALE","FEMALE","MALE","FEMALE","MALE","FEMALE","MALE","FEMALE","FEMALE","MALE","FEMALE","FEMALE","MALE","MALE","FEMALE","FEMALE","FEMALE","FEMALE","FEMALE","FEMALE","MALE"],"X_CALENDAR_YEAR":[2004,2004,2004,2004,2004,2004,2004,2005,2005,2005,2005,2005,2006,2006,2007,2007,2008,2008,2008,2008,2008,2009,2009,2009,2009,2009,2009,2009,2010,2010,2010,2010,2010,2011,2011,2011,2011,2011,2011,2011,2012,2012,2012,2012,2012,2012,2013,2013,2013,2013,2013,2014,2014,2014],"Y_PREVALENCE_1000PP":[0.35441,1.456,1.03022,2.52313,2.44499,0.75743,0.69536,1.62882,2.19697,2.22717,2.59235,0.91841,1.13823,0.41394,0.8287,0.25145,0.54049,0.63037,0.77695,0.22671,0.24394,1.76282,1.51155,0.7818,0.344,0.44209,0.22504,0.51273,0.41922,0.74342,0.37647,0.83314,0.81494,0.34908,0.61893,0.67009,0.41492,0.30955,0.73038,1.49276,0.36731,0.21881,0.52478,0.42114,0.85342,0.318,0.51987,0.2292,0.54698,0.34495,0.66541,0.45339,0.69971,0.46915]},"PREVALENCE_BY_MONTH":{"X_CALENDAR_MONTH":["200402","200403","200404","200405","200406","200407","200408","200409","200410","200411","200412","200501","200503","200504","200505","200506","200507","200508","200509","200510","200605","200711","200712","200801","200803","200804","200805","200807","200810","200811","200812","200901","200903","200904","200906","200907","200910","200911","200912","201003","201004","201005","201006","201007","201008","201009","201010","201012","201101","201103","201104","201105","201106","201108","201109","201111","201112","201202","201203","201206","201207","201208","201209","201210","201211","201301","201302","201303","201304","201305","201306","201307","201309","201310","201312","201401","201402","201403"],"Y_PREVALENCE_1000PP":[0.13063,0.05919,0.11018,0.06035,0.08214,0.0641,0.03626,0.03432,0.08686,0.04681,0.03013,0.06328,0.05527,0.04049,0.05275,0.04736,0.04668,0.07911,0.06973,0.06465,0.02231,0.01983,0.0198,0.01964,0.02923,0.01942,0.02905,0.01922,0.02534,0.03799,0.02521,0.03456,0.04058,0.01872,0.01867,0.05607,0.04347,0.04347,0.02173,0.01856,0.02168,0.02791,0.0186,0.02485,0.02178,0.03429,0.01871,0.03137,0.02516,0.02832,0.019,0.0381,0.02552,0.04186,0.02914,0.0293,0.02289,0.02634,0.01978,0.02356,0.02035,0.02386,0.03091,0.02414,0.03472,0.02458,0.02485,0.03218,0.03243,0.02909,0.02579,0.03349,0.02674,0.02316,0.02796,0.03248,0.03315,0.02935]},"QUANTITY_DISTRIBUTION":{"CATEGORY":"Quantity","MIN_VALUE":0,"P10_VALUE":0,"P25_VALUE":0,"MEDIAN_VALUE":31,"P75_VALUE":60,"P90_VALUE":60,"MAX_VALUE":360},"REFILLS_DISTRIBUTION":{"CATEGORY":"Refills","MIN_VALUE":0,"P10_VALUE":0,"P25_VALUE":0,"MEDIAN_VALUE":0,"P75_VALUE":5,"P90_VALUE":5,"MAX_VALUE":11}}
