{"AGE_AT_FIRST_EXPOSURE":{"CATEGORY":["FEMALE","MALE"],"MIN_VALUE":[0,0],"P10_VALUE":[1,1],"P25_VALUE":[2,2],"MEDIAN_VALUE":[9,7],"P75_VALUE":[34,33],"P90_VALUE":[64,63],"MAX_VALUE":[101,93]},"DAYS_SUPPLY_DISTRIBUTION":{"CATEGORY":"Days supply","MIN_VALUE":0,"P10_VALUE":0,"P25_VALUE":2,"MEDIAN_VALUE":7,"P75_VALUE":21,"P90_VALUE":30,"MAX_VALUE":90},"DRUGS_BY_TYPE":{"CONCEPT_NAME":["Inpatient administration","Prescription written"],"COUNT_VALUE":[2567,1259]},"PREVALENCE_BY_GENDER_AGE_YEAR":{"TRELLIS_NAME":["0-9","0-9","0-9","0-9","0-9","0-9","0-9","0-9","30-39","60-69","10-19","0-9","60-69","0-9","30-39","60-69","20-29","50-59","10-19","60-69","0-9","0-9","10-19","20-29","30-39","20-29","60-69","60-69","30-39","40-49","40-49","50-59","10-19","0-9","10-19","0-9","30-39","20-29","0-9","10-19","0-9","10-19","40-49","20-29","0-9","0-9","10-19","10-19","0-9","0-9","10-19","20-29","20-29","20-29","50-59","10-19","0-9","70-79","0-9","10-19","0-9","0-9"],"SERIES_NAME":["FEMALE","MALE","FEMALE","MALE","FEMALE","MALE","MALE","FEMALE","FEMALE","MALE","FEMALE","FEMALE","FEMALE","MALE","FEMALE","MALE","FEMALE","MALE","FEMALE","FEMALE","FEMALE","MALE","MALE","MALE","FEMALE","FEMALE","MALE","FEMALE","MALE","MALE","FEMALE","MALE","FEMALE","FEMALE","MALE","MALE","MALE","MALE","MALE","MALE","FEMALE","FEMALE","FEMALE","FEMALE","MALE","FEMALE","FEMALE","MALE","FEMALE","MALE","MALE","FEMALE","MALE","FEMALE","FEMALE","FEMALE","FEMALE","MALE","MALE","MALE","FEMALE","MALE"],"X_CALENDAR_YEAR":[2004,2004,2005,2005,2006,2006,2007,2007,2008,2008,2008,2008,2008,2008,2009,2009,2009,2009,2009,2009,2009,2009,2009,2010,2010,2010,2010,2010,2010,2010,2010,2010,2010,2010,2010,2010,2011,2011,2011,2011,2011,2011,2011,2011,2012,2012,2012,2012,2013,2013,2013,2013,2014,2014,2014,2014,2014,2014,2014,2014,2015,2015],"Y_PREVALENCE_1000PP":[1.49155,1.15263,0.88756,1.15875,1.03422,0.72197,0.85431,0.8072,0.18786,0.34294,0.53701,0.92635,0.40537,1.13672,0.26084,0.3283,0.37012,0.29605,0.48982,0.258,1.52288,1.36087,0.31236,1.10458,0.23628,0.32507,0.31541,0.29345,0.88246,0.54159,0.19398,0.33984,0.75006,1.35906,0.63501,1.43644,0.78879,0.50322,1.67253,0.55586,1.92746,0.4288,0.20243,0.26152,1.95939,2.44852,0.47818,0.61379,2.02148,1.49561,0.60895,0.20614,0.43449,0.49685,0.29286,0.43164,1.81176,0.46915,1.61144,0.58734,1.41137,1.67969]},"PREVALENCE_BY_MONTH":{"X_CALENDAR_MONTH":["200401","200402","200403","200404","200405","200406","200407","200408","200409","200410","200411","200412","200501","200502","200505","200506","200508","200509","200511","200512","200601","200604","200605","200606","200607","200608","200610","200611","200701","200704","200705","200706","200707","200708","200710","200711","200712","200801","200802","200804","200805","200806","200807","200808","200809","200810","200811","200812","200901","200902","200903","200904","200905","200906","200907","200908","200909","200910","200911","200912","201001","201002","201003","201004","201005","201006","201007","201008","201009","201010","201011","201012","201101","201102","201103","201104","201105","201106","201107","201108","201109","201110","201111","201112","201201","201202","201203","201204","201205","201206","201207","201208","201209","201210","201211","201212","201301","201302","201303","201304","201305","201306","201307","201308","201309","201310","201311","201312","201401","201402","201403","201404","201405","201406","201407","201408","201409","201410","201411","201412","201501","201502","201503","201504","201505"],"Y_PREVALENCE_1000PP":[0.19852,0.09144,0.06905,0.0678,0.06035,0.05476,0.05128,0.07253,0.08579,0.038,0.03641,0.04519,0.02921,0.04275,0.03956,0.04736,0.02915,0.02461,0.02791,0.02764,0.05833,0.03014,0.03719,0.02583,0.03303,0.02182,0.03575,0.02487,0.02454,0.02752,0.02046,0.02717,0.02705,0.02354,0.02652,0.03966,0.04619,0.02619,0.03917,0.02589,0.04519,0.03219,0.04485,0.02561,0.05416,0.07286,0.08548,0.05673,0.06597,0.06588,0.07179,0.1061,0.08091,0.09955,0.07787,0.04676,0.03423,0.05589,0.02484,0.02794,0.06521,0.11497,0.08044,0.1022,0.05892,0.06821,0.07766,0.05911,0.06546,0.05613,0.05939,0.09097,0.06919,0.08197,0.10384,0.05699,0.05079,0.04147,0.06096,0.0483,0.09388,0.0519,0.05209,0.0327,0.06231,0.0428,0.04616,0.07308,0.09009,0.0606,0.07461,0.04771,0.05496,0.04484,0.08334,0.04194,0.04916,0.05681,0.05363,0.03963,0.06182,0.03685,0.04094,0.0792,0.04966,0.04245,0.05504,0.08387,0.06496,0.08287,0.10063,0.07292,0.05282,0.0862,0.11253,0.09254,0.07067,0.05276,0.09617,0.08389,0.05874,0.09372,0.16068,0.20633,0.19546]},"QUANTITY_DISTRIBUTION":{"CATEGORY":"Quantity","MIN_VALUE":0,"P10_VALUE":0,"P25_VALUE":3,"MEDIAN_VALUE":60,"P75_VALUE":192,"P90_VALUE":630,"MAX_VALUE":48000},"REFILLS_DISTRIBUTION":{"CATEGORY":"Refills","MIN_VALUE":0,"P10_VALUE":0,"P25_VALUE":0,"MEDIAN_VALUE":0,"P75_VALUE":0,"P90_VALUE":3,"MAX_VALUE":11}}
