{"AGE_AT_FIRST_EXPOSURE":{"CATEGORY":["MALE","FEMALE"],"MIN_VALUE":[31,25],"P10_VALUE":[47,49],"P25_VALUE":[54,59],"MEDIAN_VALUE":[63,69],"P75_VALUE":[71,76],"P90_VALUE":[78,83],"MAX_VALUE":[92,93]},"DAYS_SUPPLY_DISTRIBUTION":{"CATEGORY":"Days supply","MIN_VALUE":0,"P10_VALUE":0,"P25_VALUE":0,"MEDIAN_VALUE":0,"P75_VALUE":30,"P90_VALUE":30,"MAX_VALUE":365},"DRUGS_BY_TYPE":{"CONCEPT_NAME":"Prescription written","COUNT_VALUE":372},"PREVALENCE_BY_GENDER_AGE_YEAR":{"TRELLIS_NAME":["40-49","60-69","70-79","60-69","70-79","50-59","50-59","70-79","60-69","60-69","70-79","60-69","60-69","70-79"],"SERIES_NAME":["MALE","MALE","FEMALE","MALE","FEMALE","MALE","FEMALE","FEMALE","FEMALE","MALE","MALE","FEMALE","MALE","MALE"],"X_CALENDAR_YEAR":[2008,2009,2009,2010,2010,2010,2011,2011,2011,2011,2012,2012,2012,2013],"Y_PREVALENCE_1000PP":[0.3248,0.54717,0.44209,0.78852,0.62688,0.33984,0.27926,0.55703,0.5394,0.51592,0.44981,0.37903,0.477,0.4456]},"PREVALENCE_BY_MONTH":{"X_CALENDAR_MONTH":["200811","200909","201004","201006","201008","201010","201012","201102","201103","201104","201105","201106","201107","201108","201112","201201","201203","201204","201312","201503"],"Y_PREVALENCE_1000PP":[0.02216,0.02489,0.02168,0.0186,0.01866,0.01871,0.02196,0.02207,0.02203,0.02533,0.0254,0.02233,0.02246,0.0322,0.02943,0.01968,0.03297,0.02658,0.02796,0.0482]},"QUANTITY_DISTRIBUTION":{"CATEGORY":"Quantity","MIN_VALUE":0,"P10_VALUE":0,"P25_VALUE":0,"MEDIAN_VALUE":20,"P75_VALUE":60,"P90_VALUE":60,"MAX_VALUE":560},"REFILLS_DISTRIBUTION":{"CATEGORY":"Refills","MIN_VALUE":0,"P10_VALUE":0,"P25_VALUE":0,"MEDIAN_VALUE":0,"P75_VALUE":0,"P90_VALUE":3,"MAX_VALUE":11}}
