{"AGE_AT_FIRST_EXPOSURE":{"CATEGORY":["FEMALE","MALE"],"MIN_VALUE":[23,27],"P10_VALUE":[50,52],"P25_VALUE":[57,59],"MEDIAN_VALUE":[67,67],"P75_VALUE":[78,76],"P90_VALUE":[83,82],"MAX_VALUE":[98,93]},"DAYS_SUPPLY_DISTRIBUTION":{"CATEGORY":"Days supply","MIN_VALUE":0,"P10_VALUE":0,"P25_VALUE":0,"MEDIAN_VALUE":30,"P75_VALUE":30,"P90_VALUE":30,"MAX_VALUE":90},"DRUGS_BY_TYPE":{"CONCEPT_NAME":"Prescription written","COUNT_VALUE":1236},"PREVALENCE_BY_GENDER_AGE_YEAR":{"TRELLIS_NAME":["60-69","80-89","60-69","70-79","70-79","50-59","60-69","80-89","70-79","50-59","60-69","70-79","60-69","60-69","80-89","50-59","70-79","70-79","50-59","40-49","50-59","50-59","70-79","40-49","70-79","60-69","80-89","80-89","60-69","70-79","50-59","70-79","60-69","60-69","80-89","70-79","50-59","50-59","70-79","60-69","80-89","60-69","60-69","60-69","80-89","70-79","70-79","50-59","70-79","60-69","80-89"],"SERIES_NAME":["MALE","FEMALE","FEMALE","MALE","FEMALE","FEMALE","MALE","FEMALE","FEMALE","FEMALE","FEMALE","MALE","FEMALE","MALE","FEMALE","FEMALE","MALE","FEMALE","MALE","FEMALE","FEMALE","MALE","FEMALE","FEMALE","MALE","MALE","MALE","FEMALE","FEMALE","FEMALE","FEMALE","MALE","FEMALE","MALE","FEMALE","MALE","MALE","FEMALE","FEMALE","MALE","FEMALE","FEMALE","MALE","FEMALE","FEMALE","MALE","FEMALE","FEMALE","FEMALE","FEMALE","FEMALE"],"X_CALENDAR_YEAR":[2008,2008,2008,2008,2008,2008,2009,2009,2009,2009,2009,2009,2010,2010,2010,2010,2010,2010,2010,2010,2011,2011,2011,2011,2011,2011,2011,2011,2011,2012,2012,2012,2012,2012,2012,2013,2013,2013,2013,2013,2013,2013,2014,2014,2014,2014,2014,2014,2015,2015,2015],"Y_PREVALENCE_1000PP":[0.5144,0.89837,0.67561,0.47278,0.8417,0.34849,0.43773,1.51155,1.01048,0.64946,1.16099,0.7818,1.04804,0.63082,0.95582,0.54759,0.60592,0.94032,0.53403,0.29097,0.69815,0.44235,1.17596,0.20243,0.819,0.56751,1.04493,1.25209,1.32775,1.46924,0.72937,0.44981,1.1792,0.689,1.49349,0.59413,0.4801,0.4584,1.82326,0.80481,1.33082,0.90548,0.56536,1.13348,0.93294,0.70373,1.09459,0.29286,0.82962,0.4482,1.66297]},"PREVALENCE_BY_MONTH":{"X_CALENDAR_MONTH":["200803","200804","200805","200806","200808","200809","200811","200812","200901","200902","200903","200904","200905","200906","200907","200908","200909","200910","200911","200912","201001","201002","201003","201004","201005","201006","201007","201008","201009","201010","201011","201012","201101","201102","201103","201104","201105","201106","201107","201108","201109","201110","201111","201112","201201","201202","201203","201204","201205","201206","201207","201209","201210","201211","201212","201301","201302","201303","201304","201305","201306","201307","201308","201309","201310","201311","201312","201401","201402","201403","201404","201405","201406","201407","201408","201409","201410","201411","201412","201501","201502","201503","201504"],"Y_PREVALENCE_1000PP":[0.01949,0.02266,0.0355,0.02575,0.02241,0.02867,0.03799,0.03467,0.04398,0.02196,0.02497,0.04057,0.02489,0.028,0.02803,0.03429,0.02178,0.01863,0.07453,0.04657,0.059,0.0435,0.05878,0.02478,0.0186,0.04341,0.04349,0.05911,0.03741,0.04365,0.05314,0.03451,0.03774,0.05359,0.07238,0.04116,0.05079,0.05104,0.06738,0.0644,0.04208,0.03244,0.06837,0.04906,0.03608,0.0461,0.07254,0.03322,0.06006,0.07069,0.04409,0.02748,0.07243,0.05556,0.03495,0.04916,0.05681,0.0429,0.04684,0.04364,0.0479,0.04838,0.04148,0.05348,0.07333,0.05897,0.03594,0.0406,0.04144,0.04193,0.02573,0.04841,0.06351,0.03751,0.0487,0.06562,0.10552,0.06222,0.09587,0.05874,0.09372,0.08034,0.10808]},"QUANTITY_DISTRIBUTION":{"CATEGORY":"Quantity","MIN_VALUE":0,"P10_VALUE":0,"P25_VALUE":0,"MEDIAN_VALUE":30,"P75_VALUE":30,"P90_VALUE":30,"MAX_VALUE":90},"REFILLS_DISTRIBUTION":{"CATEGORY":"Refills","MIN_VALUE":0,"P10_VALUE":0,"P25_VALUE":0,"MEDIAN_VALUE":1,"P75_VALUE":5,"P90_VALUE":5,"MAX_VALUE":11}}
