{"AGE_AT_FIRST_EXPOSURE":{"CATEGORY":["MALE","FEMALE"],"MIN_VALUE":[12,3],"P10_VALUE":[12,16],"P25_VALUE":[24,39],"MEDIAN_VALUE":[50,54],"P75_VALUE":[58,64],"P90_VALUE":[69,75],"MAX_VALUE":[69,89]},"DAYS_SUPPLY_DISTRIBUTION":{"CATEGORY":"Days supply","MIN_VALUE":0,"P10_VALUE":0,"P25_VALUE":0,"MEDIAN_VALUE":0,"P75_VALUE":0,"P90_VALUE":6,"MAX_VALUE":30},"DRUGS_BY_TYPE":{"CONCEPT_NAME":["Inpatient administration","Prescription written"],"COUNT_VALUE":[821,37]},"PREVALENCE_BY_GENDER_AGE_YEAR":{"TRELLIS_NAME":["50-59","50-59","50-59","60-69","50-59"],"SERIES_NAME":["FEMALE","FEMALE","FEMALE","FEMALE","FEMALE"],"X_CALENDAR_YEAR":[2010,2011,2012,2013,2013],"Y_PREVALENCE_1000PP":[0.20535,0.24435,0.47409,0.25871,0.3056]},"PREVALENCE_BY_MONTH":{"X_CALENDAR_MONTH":["200805","200903","200911","200912","201001","201002","201003","201004","201005","201006","201007","201008","201009","201010","201011","201012","201101","201102","201103","201104","201105","201106","201107","201108","201109","201110","201111","201112","201201","201202","201203","201204","201205","201206","201207","201208","201209","201210","201211","201212","201301","201302","201303","201304","201305","201306","201307","201308","201309"],"Y_PREVALENCE_1000PP":[0.01937,0.01873,0.02795,0.02484,0.02795,0.03729,0.03094,0.03407,0.02791,0.03411,0.02485,0.02489,0.02806,0.03742,0.03751,0.03451,0.03145,0.04098,0.04406,0.038,0.04127,0.04466,0.0385,0.03542,0.03885,0.03568,0.04883,0.03925,0.05247,0.05597,0.05276,0.05315,0.05338,0.04713,0.05087,0.05112,0.06183,0.06898,0.0625,0.04543,0.05618,0.05326,0.06078,0.05405,0.05455,0.05896,0.05582,0.05657,0.02292]},"QUANTITY_DISTRIBUTION":{"CATEGORY":"Quantity","MIN_VALUE":0,"P10_VALUE":0,"P25_VALUE":0,"MEDIAN_VALUE":0,"P75_VALUE":0,"P90_VALUE":1,"MAX_VALUE":4},"REFILLS_DISTRIBUTION":{"CATEGORY":"Refills","MIN_VALUE":0,"P10_VALUE":0,"P25_VALUE":0,"MEDIAN_VALUE":0,"P75_VALUE":0,"P90_VALUE":0,"MAX_VALUE":0}}
