{"AGE_AT_FIRST_EXPOSURE":{"CATEGORY":["FEMALE","MALE"],"MIN_VALUE":[2,3],"P10_VALUE":[14,13],"P25_VALUE":[17,16],"MEDIAN_VALUE":[20,28],"P75_VALUE":[31,53],"P90_VALUE":[55,70],"MAX_VALUE":[89,96]},"DAYS_SUPPLY_DISTRIBUTION":{"CATEGORY":"Days supply","MIN_VALUE":0,"P10_VALUE":0,"P25_VALUE":1,"MEDIAN_VALUE":7,"P75_VALUE":10,"P90_VALUE":13,"MAX_VALUE":30},"DRUGS_BY_TYPE":{"CONCEPT_NAME":["Prescription written","Inpatient administration"],"COUNT_VALUE":[299,224]},"PREVALENCE_BY_GENDER_AGE_YEAR":{"TRELLIS_NAME":["20-29","10-19","10-19","20-29","10-19","10-19","10-19","20-29","10-19","20-29","10-19","20-29","20-29","10-19"],"SERIES_NAME":["FEMALE","MALE","FEMALE","FEMALE","FEMALE","FEMALE","MALE","FEMALE","FEMALE","FEMALE","FEMALE","FEMALE","FEMALE","FEMALE"],"X_CALENDAR_YEAR":[2009,2009,2009,2010,2010,2011,2011,2011,2012,2012,2013,2013,2014,2014],"Y_PREVALENCE_1000PP":[0.1974,0.35698,0.81636,0.37508,1.50013,0.94336,0.27793,0.39228,1.0433,0.4162,0.79228,0.47117,0.5631,1.13305]},"PREVALENCE_BY_MONTH":{"X_CALENDAR_MONTH":["200906","200909","200910","200912","201003","201004","201008","201009","201010","201011","201012","201102","201104","201105","201107","201109","201112","201203","201205","201206","201209","201304","201305","201306","201308","201310","201402","201403","201406","201407","201408","201409","201412"],"Y_PREVALENCE_1000PP":[0.02178,0.02178,0.02173,0.02794,0.02784,0.01858,0.03111,0.02806,0.03118,0.02188,0.03137,0.02837,0.019,0.02857,0.02246,0.02914,0.01962,0.02968,0.04337,0.0202,0.02404,0.02162,0.02182,0.02211,0.02263,0.03473,0.02486,0.03354,0.04083,0.02813,0.03409,0.03029,0.0779]},"QUANTITY_DISTRIBUTION":{"CATEGORY":"Quantity","MIN_VALUE":0,"P10_VALUE":0,"P25_VALUE":1,"MEDIAN_VALUE":7,"P75_VALUE":10,"P90_VALUE":14,"MAX_VALUE":56},"REFILLS_DISTRIBUTION":{"CATEGORY":"Refills","MIN_VALUE":0,"P10_VALUE":0,"P25_VALUE":0,"MEDIAN_VALUE":0,"P75_VALUE":0,"P90_VALUE":0,"MAX_VALUE":6}}
