{"AGE_AT_FIRST_EXPOSURE":{"CATEGORY":["MALE","FEMALE"],"MIN_VALUE":[17,20],"P10_VALUE":[32,38],"P25_VALUE":[46,50],"MEDIAN_VALUE":[59,58],"P75_VALUE":[72,72],"P90_VALUE":[79,79],"MAX_VALUE":[95,93]},"DAYS_SUPPLY_DISTRIBUTION":{"CATEGORY":"Days supply","MIN_VALUE":0,"P10_VALUE":0,"P25_VALUE":0,"MEDIAN_VALUE":0,"P75_VALUE":30,"P90_VALUE":30,"MAX_VALUE":90},"DRUGS_BY_TYPE":{"CONCEPT_NAME":"Prescription written","COUNT_VALUE":242},"PREVALENCE_BY_GENDER_AGE_YEAR":{"TRELLIS_NAME":["60-69","70-79","40-49","50-59","60-69","50-59","50-59","70-79","60-69","80-89"],"SERIES_NAME":["FEMALE","FEMALE","FEMALE","FEMALE","FEMALE","FEMALE","FEMALE","FEMALE","FEMALE","FEMALE"],"X_CALENDAR_YEAR":[2009,2009,2009,2009,2010,2010,2011,2011,2011,2012],"Y_PREVALENCE_1000PP":[0.301,0.44209,0.1929,0.47855,0.29345,0.30802,0.34908,0.49514,0.24895,0.64007]},"PREVALENCE_BY_MONTH":{"X_CALENDAR_MONTH":["200812","200901","200902","200903","200905","200907","200911","201001","201103","201108","201111"],"Y_PREVALENCE_1000PP":[0.03782,0.03456,0.02196,0.01873,0.01867,0.0218,0.01863,0.02484,0.01888,0.01932,0.01953]},"QUANTITY_DISTRIBUTION":{"CATEGORY":"Quantity","MIN_VALUE":0,"P10_VALUE":0,"P25_VALUE":0,"MEDIAN_VALUE":0,"P75_VALUE":30,"P90_VALUE":60,"MAX_VALUE":360},"REFILLS_DISTRIBUTION":{"CATEGORY":"Refills","MIN_VALUE":0,"P10_VALUE":0,"P25_VALUE":0,"MEDIAN_VALUE":0,"P75_VALUE":3,"P90_VALUE":5,"MAX_VALUE":5}}
