{"AGE_AT_FIRST_EXPOSURE":{"CATEGORY":["MALE","FEMALE"],"MIN_VALUE":[1,3],"P10_VALUE":[5,14],"P25_VALUE":[10,24],"MEDIAN_VALUE":[25,39],"P75_VALUE":[57,55],"P90_VALUE":[68,69],"MAX_VALUE":[83,92]},"DAYS_SUPPLY_DISTRIBUTION":{"CATEGORY":"Days supply","MIN_VALUE":0,"P10_VALUE":0,"P25_VALUE":0,"MEDIAN_VALUE":5,"P75_VALUE":7,"P90_VALUE":15,"MAX_VALUE":40},"DRUGS_BY_TYPE":{"CONCEPT_NAME":"Prescription written","COUNT_VALUE":318},"PREVALENCE_BY_GENDER_AGE_YEAR":{"TRELLIS_NAME":["20-29","50-59","20-29","30-39","40-49","50-59","60-69","10-19","50-59","10-19","40-49","10-19"],"SERIES_NAME":["FEMALE","FEMALE","FEMALE","FEMALE","FEMALE","FEMALE","FEMALE","FEMALE","FEMALE","FEMALE","FEMALE","MALE"],"X_CALENDAR_YEAR":[2008,2008,2009,2009,2009,2009,2009,2010,2010,2011,2011,2012],"Y_PREVALENCE_1000PP":[0.20553,0.38334,0.2961,0.28692,0.22504,0.27346,0.301,0.25002,0.20535,0.34304,0.20243,0.3305]},"PREVALENCE_BY_MONTH":{"X_CALENDAR_MONTH":["200712","200810","200811","200812","200905","200906","200911","201003","201105","201106","201112","201202","201302","201304","201305","201404"],"Y_PREVALENCE_1000PP":[0.02969,0.01901,0.02849,0.02206,0.02178,0.028,0.02484,0.02166,0.01905,0.01914,0.01962,0.02634,0.0213,0.02883,0.02182,0.03431]},"QUANTITY_DISTRIBUTION":{"CATEGORY":"Quantity","MIN_VALUE":0,"P10_VALUE":0,"P25_VALUE":0,"MEDIAN_VALUE":12,"P75_VALUE":30,"P90_VALUE":60,"MAX_VALUE":360},"REFILLS_DISTRIBUTION":{"CATEGORY":"Refills","MIN_VALUE":0,"P10_VALUE":0,"P25_VALUE":0,"MEDIAN_VALUE":0,"P75_VALUE":0,"P90_VALUE":1,"MAX_VALUE":5}}
