{"AGE_AT_FIRST_EXPOSURE":{"CATEGORY":["MALE","FEMALE"],"MIN_VALUE":[13,0],"P10_VALUE":[27,30],"P25_VALUE":[44,41],"MEDIAN_VALUE":[59,54],"P75_VALUE":[66,66],"P90_VALUE":[76,77],"MAX_VALUE":[101,94]},"DAYS_SUPPLY_DISTRIBUTION":{"CATEGORY":"Days supply","MIN_VALUE":0,"P10_VALUE":0,"P25_VALUE":5,"MEDIAN_VALUE":10,"P75_VALUE":30,"P90_VALUE":30,"MAX_VALUE":90},"DRUGS_BY_TYPE":{"CONCEPT_NAME":"Prescription written","COUNT_VALUE":923},"PREVALENCE_BY_GENDER_AGE_YEAR":{"TRELLIS_NAME":["60-69","50-59","50-59","40-49","60-69","30-39","80-89","60-69","50-59","40-49","50-59","30-39","70-79","40-49","50-59","70-79","40-49","60-69","60-69","80-89","20-29","30-39","50-59","50-59","40-49","70-79","60-69","20-29","80-89","40-49","70-79","60-69","50-59","40-49","70-79","30-39","20-29","60-69","80-89","60-69","30-39","60-69","60-69","40-49","50-59","50-59","70-79","50-59","70-79"],"SERIES_NAME":["FEMALE","FEMALE","FEMALE","FEMALE","FEMALE","FEMALE","FEMALE","FEMALE","FEMALE","FEMALE","FEMALE","FEMALE","MALE","MALE","MALE","FEMALE","FEMALE","FEMALE","MALE","FEMALE","FEMALE","FEMALE","MALE","FEMALE","FEMALE","FEMALE","MALE","FEMALE","FEMALE","MALE","MALE","FEMALE","FEMALE","FEMALE","FEMALE","FEMALE","FEMALE","MALE","FEMALE","FEMALE","FEMALE","MALE","FEMALE","FEMALE","FEMALE","MALE","FEMALE","FEMALE","FEMALE"],"X_CALENDAR_YEAR":[2008,2008,2009,2009,2009,2010,2010,2010,2010,2010,2011,2011,2011,2011,2011,2011,2011,2011,2011,2011,2011,2012,2012,2012,2012,2012,2012,2012,2012,2012,2012,2012,2013,2013,2013,2013,2013,2013,2013,2013,2014,2014,2014,2014,2014,2014,2014,2015,2015],"Y_PREVALENCE_1000PP":[0.49545,0.31364,0.44437,0.28934,0.43,0.3413,0.74342,1.08996,0.58181,0.61427,0.83778,0.27267,0.44673,0.39548,0.2949,0.92839,0.64103,0.62238,0.41273,0.62604,0.15691,0.46999,0.35683,0.83877,0.57327,0.79584,0.636,0.36071,1.28014,0.41956,0.59975,0.92651,0.382,0.38855,0.72931,0.27921,0.17669,0.48288,0.77631,0.4743,0.2453,0.50882,0.36271,0.53102,0.3347,0.35051,1.22336,0.44134,0.82962]},"PREVALENCE_BY_MONTH":{"X_CALENDAR_MONTH":["200809","200810","200812","200903","200904","200905","200906","200910","201001","201002","201003","201004","201005","201006","201007","201008","201010","201011","201012","201101","201102","201103","201104","201105","201106","201107","201108","201109","201110","201111","201112","201201","201202","201203","201204","201205","201206","201207","201208","201209","201210","201211","201212","201301","201302","201303","201304","201305","201306","201307","201308","201309","201310","201311","201312","201401","201402","201403","201404","201405","201406","201407","201408","201409","201410","201411","201412","201501","201502","201503","201504"],"Y_PREVALENCE_1000PP":[0.0223,0.02851,0.02206,0.02185,0.01872,0.01867,0.028,0.02173,0.02795,0.03107,0.04641,0.04026,0.03411,0.0186,0.04038,0.04044,0.03742,0.02813,0.03451,0.02202,0.03468,0.0472,0.03166,0.04444,0.04785,0.05776,0.05152,0.01942,0.04866,0.03256,0.05233,0.05247,0.0461,0.05276,0.04651,0.04671,0.05723,0.07461,0.07157,0.079,0.05173,0.0382,0.05591,0.04565,0.05326,0.02145,0.05765,0.03637,0.02948,0.03349,0.03017,0.0382,0.03088,0.03931,0.03994,0.04466,0.03315,0.06709,0.03002,0.03081,0.03629,0.03751,0.02922,0.05553,0.05804,0.05091,0.04194,0.03916,0.05768,0.10444,0.0786]},"QUANTITY_DISTRIBUTION":{"CATEGORY":"Quantity","MIN_VALUE":0,"P10_VALUE":20,"P25_VALUE":20,"MEDIAN_VALUE":60,"P75_VALUE":100,"P90_VALUE":120,"MAX_VALUE":480},"REFILLS_DISTRIBUTION":{"CATEGORY":"Refills","MIN_VALUE":0,"P10_VALUE":0,"P25_VALUE":0,"MEDIAN_VALUE":2,"P75_VALUE":5,"P90_VALUE":5,"MAX_VALUE":12}}
