{"AGE_AT_FIRST_EXPOSURE":{"CATEGORY":["MALE","FEMALE"],"MIN_VALUE":[7,15],"P10_VALUE":[32,32],"P25_VALUE":[46,46],"MEDIAN_VALUE":[56,55],"P75_VALUE":[63,66],"P90_VALUE":[73,77],"MAX_VALUE":[85,95]},"DAYS_SUPPLY_DISTRIBUTION":{"CATEGORY":"Days supply","MIN_VALUE":0,"P10_VALUE":0,"P25_VALUE":0,"MEDIAN_VALUE":30,"P75_VALUE":30,"P90_VALUE":30,"MAX_VALUE":90},"DRUGS_BY_TYPE":{"CONCEPT_NAME":["Inpatient administration","Prescription written"],"COUNT_VALUE":[349,1242]},"PREVALENCE_BY_GENDER_AGE_YEAR":{"TRELLIS_NAME":["60-69","70-79","50-59","40-49","50-59","40-49","70-79","50-59","60-69","30-39","60-69","60-69","80-89","50-59","40-49","70-79","50-59","40-49","50-59","30-39","40-49","50-59","40-49","70-79","70-79","60-69","60-69","50-59","70-79","50-59","40-49","60-69","40-49","60-69","50-59","40-49","70-79","50-59","40-49","60-69","60-69","30-39","60-69","20-29","40-49","50-59","70-79","40-49","50-59","60-69","50-59","70-79","40-49","50-59","60-69"],"SERIES_NAME":["MALE","FEMALE","FEMALE","FEMALE","MALE","FEMALE","FEMALE","FEMALE","FEMALE","FEMALE","FEMALE","MALE","FEMALE","FEMALE","MALE","FEMALE","MALE","FEMALE","FEMALE","FEMALE","MALE","MALE","FEMALE","FEMALE","MALE","FEMALE","MALE","MALE","FEMALE","FEMALE","FEMALE","MALE","MALE","FEMALE","FEMALE","FEMALE","FEMALE","MALE","MALE","MALE","FEMALE","FEMALE","MALE","FEMALE","MALE","MALE","FEMALE","FEMALE","FEMALE","FEMALE","FEMALE","FEMALE","FEMALE","MALE","FEMALE"],"X_CALENDAR_YEAR":[2008,2008,2008,2008,2009,2009,2009,2009,2009,2010,2010,2010,2010,2010,2010,2010,2010,2010,2011,2011,2011,2011,2011,2011,2011,2011,2011,2012,2012,2012,2012,2012,2012,2012,2013,2013,2013,2013,2013,2013,2013,2014,2014,2014,2014,2014,2014,2014,2014,2014,2015,2015,2015,2015,2015],"Y_PREVALENCE_1000PP":[0.57156,0.38848,0.41819,0.32388,0.44407,0.25719,0.37893,0.54692,0.559,0.18378,0.41922,0.57825,0.63721,1.02673,0.54159,0.43882,0.58258,0.38796,0.80288,0.27267,0.67797,0.6881,0.7085,0.49514,0.59564,0.82984,0.6191,0.30586,0.36731,0.98465,0.50161,0.636,0.71925,0.63171,1.0314,0.34969,0.54698,0.58679,0.7111,0.59019,0.64677,0.28034,1.07417,0.26499,0.44474,1.10994,0.90142,0.61952,0.6694,0.99746,0.95623,1.03702,0.57143,0.86263,0.67229]},"PREVALENCE_BY_MONTH":{"X_CALENDAR_MONTH":["200805","200806","200808","200810","200811","200812","200901","200902","200904","200905","200906","200907","200908","200909","200910","200911","201001","201002","201003","201004","201005","201006","201007","201008","201009","201010","201011","201012","201101","201102","201103","201104","201105","201106","201107","201108","201109","201110","201111","201112","201201","201202","201203","201204","201205","201206","201207","201208","201209","201210","201211","201212","201301","201302","201303","201304","201305","201306","201307","201308","201309","201310","201311","201312","201401","201402","201403","201404","201405","201406","201407","201408","201409","201410","201411","201412","201501","201502","201503","201504"],"Y_PREVALENCE_1000PP":[0.02905,0.02575,0.02241,0.02851,0.04749,0.01891,0.02199,0.02196,0.03745,0.02489,0.028,0.03115,0.03741,0.01867,0.04657,0.03416,0.04037,0.0435,0.0495,0.03407,0.05581,0.03411,0.03417,0.05911,0.04676,0.04365,0.03751,0.04392,0.04089,0.05675,0.05035,0.06333,0.06032,0.04785,0.05776,0.05796,0.04532,0.05514,0.05209,0.02943,0.0492,0.0461,0.04946,0.0299,0.04671,0.0505,0.04748,0.06475,0.05152,0.04484,0.05903,0.02796,0.0316,0.04615,0.0429,0.05044,0.06182,0.04422,0.04838,0.04903,0.0764,0.05017,0.0629,0.04792,0.06496,0.09116,0.07966,0.08149,0.10123,0.12703,0.07033,0.0828,0.08077,0.09497,0.07354,0.08988,0.09789,0.1514,0.12855,0.12773]},"QUANTITY_DISTRIBUTION":{"CATEGORY":"Quantity","MIN_VALUE":0,"P10_VALUE":0,"P25_VALUE":0,"MEDIAN_VALUE":60,"P75_VALUE":60,"P90_VALUE":90,"MAX_VALUE":9000},"REFILLS_DISTRIBUTION":{"CATEGORY":"Refills","MIN_VALUE":0,"P10_VALUE":0,"P25_VALUE":0,"MEDIAN_VALUE":0,"P75_VALUE":5,"P90_VALUE":5,"MAX_VALUE":11}}
