{"AGE_AT_FIRST_EXPOSURE":{"CATEGORY":["FEMALE","MALE"],"MIN_VALUE":[9,9],"P10_VALUE":[52,46],"P25_VALUE":[58,58],"MEDIAN_VALUE":[69,68],"P75_VALUE":[80,77],"P90_VALUE":[89,84],"MAX_VALUE":[97,95]},"DAYS_SUPPLY_DISTRIBUTION":{"CATEGORY":"Days supply","MIN_VALUE":0,"P10_VALUE":0,"P25_VALUE":0,"MEDIAN_VALUE":0,"P75_VALUE":0,"P90_VALUE":30,"MAX_VALUE":30},"DRUGS_BY_TYPE":{"CONCEPT_NAME":"Prescription written","COUNT_VALUE":438},"PREVALENCE_BY_GENDER_AGE_YEAR":{"TRELLIS_NAME":["50-59","70-79","60-69","70-79","70-79","60-69","80-89","80-89","60-69","90-99","50-59","70-79","60-69","60-69","50-59","50-59","70-79","80-89","60-69","50-59","70-79","80-89","60-69","50-59","70-79","60-69"],"SERIES_NAME":["FEMALE","MALE","FEMALE","MALE","FEMALE","MALE","MALE","FEMALE","FEMALE","FEMALE","FEMALE","MALE","FEMALE","MALE","MALE","FEMALE","FEMALE","FEMALE","FEMALE","FEMALE","FEMALE","FEMALE","FEMALE","FEMALE","FEMALE","MALE"],"X_CALENDAR_YEAR":[2010,2010,2010,2011,2011,2011,2011,2011,2011,2011,2011,2012,2012,2012,2012,2012,2012,2013,2013,2013,2013,2014,2014,2014,2014,2014],"Y_PREVALENCE_1000PP":[0.20535,0.45444,0.33537,1.11682,0.8665,0.72228,1.49276,1.56511,0.33194,3.64631,0.34908,0.59975,0.71594,0.424,0.35683,0.25528,0.85706,0.77631,0.4743,0.382,0.66853,0.81633,0.27203,0.46021,0.64387,0.45228]},"PREVALENCE_BY_MONTH":{"X_CALENDAR_MONTH":["201006","201010","201012","201101","201102","201103","201104","201105","201106","201107","201108","201109","201110","201112","201201","201202","201203","201204","201206","201207","201208","201209","201211","201212","201302","201304","201305","201306","201312","201401","201402","201404"],"Y_PREVALENCE_1000PP":[0.0186,0.02495,0.02196,0.02831,0.03153,0.02203,0.0285,0.02857,0.04147,0.03529,0.04508,0.01942,0.03568,0.02289,0.01968,0.01976,0.02638,0.02658,0.0303,0.03052,0.03408,0.02404,0.02431,0.02097,0.02485,0.02883,0.02546,0.03316,0.03195,0.07714,0.04144,0.0386]},"QUANTITY_DISTRIBUTION":{"CATEGORY":"Quantity","MIN_VALUE":0,"P10_VALUE":0,"P25_VALUE":0,"MEDIAN_VALUE":0,"P75_VALUE":0,"P90_VALUE":30,"MAX_VALUE":700},"REFILLS_DISTRIBUTION":{"CATEGORY":"Refills","MIN_VALUE":0,"P10_VALUE":0,"P25_VALUE":0,"MEDIAN_VALUE":0,"P75_VALUE":0,"P90_VALUE":1,"MAX_VALUE":11}}
