{"AGE_AT_FIRST_EXPOSURE":{"CATEGORY":["FEMALE","MALE"],"MIN_VALUE":[4,5],"P10_VALUE":[16,11],"P25_VALUE":[29,21],"MEDIAN_VALUE":[50,51],"P75_VALUE":[66,66],"P90_VALUE":[74,74],"MAX_VALUE":[92,94]},"DAYS_SUPPLY_DISTRIBUTION":{"CATEGORY":"Days supply","MIN_VALUE":0,"P10_VALUE":0,"P25_VALUE":0,"MEDIAN_VALUE":7,"P75_VALUE":30,"P90_VALUE":30,"MAX_VALUE":90},"DRUGS_BY_TYPE":{"CONCEPT_NAME":"Prescription written","COUNT_VALUE":355},"PREVALENCE_BY_GENDER_AGE_YEAR":{"TRELLIS_NAME":["60-69","30-39","70-79","10-19","50-59","40-49","50-59","50-59","10-19","70-79","60-69","60-69","20-29","60-69"],"SERIES_NAME":["MALE","FEMALE","FEMALE","FEMALE","MALE","FEMALE","FEMALE","FEMALE","FEMALE","FEMALE","FEMALE","FEMALE","FEMALE","FEMALE"],"X_CALENDAR_YEAR":[2010,2010,2010,2010,2010,2010,2010,2011,2011,2012,2012,2013,2013,2014],"Y_PREVALENCE_1000PP":[0.31541,0.18378,0.68957,0.45837,0.29129,0.3233,0.41069,0.20945,0.25728,0.48975,0.37903,0.30183,0.17669,0.27203]},"PREVALENCE_BY_MONTH":{"X_CALENDAR_MONTH":["201001","201004","201005","201006","201007","201008","201009","201010","201011","201101","201102","201103","201105","201205","201206","201208","201210","201301","201304","201409"],"Y_PREVALENCE_1000PP":[0.01863,0.01858,0.04031,0.03101,0.02796,0.03422,0.03741,0.02183,0.03438,0.03774,0.02522,0.02517,0.01905,0.02669,0.03366,0.02386,0.03104,0.02107,0.02522,0.03534]},"QUANTITY_DISTRIBUTION":{"CATEGORY":"Quantity","MIN_VALUE":0,"P10_VALUE":0,"P25_VALUE":0,"MEDIAN_VALUE":30,"P75_VALUE":60,"P90_VALUE":120,"MAX_VALUE":120000},"REFILLS_DISTRIBUTION":{"CATEGORY":"Refills","MIN_VALUE":0,"P10_VALUE":0,"P25_VALUE":0,"MEDIAN_VALUE":0,"P75_VALUE":2,"P90_VALUE":5,"MAX_VALUE":6}}
