{"AGE_AT_FIRST_EXPOSURE":{"CATEGORY":["MALE","FEMALE"],"MIN_VALUE":[3,2],"P10_VALUE":[19,26],"P25_VALUE":[27,37],"MEDIAN_VALUE":[40,48],"P75_VALUE":[51,58],"P90_VALUE":[64,72],"MAX_VALUE":[84,88]},"DAYS_SUPPLY_DISTRIBUTION":{"CATEGORY":[],"MIN_VALUE":[],"P10_VALUE":[],"P25_VALUE":[],"MEDIAN_VALUE":[],"P75_VALUE":[],"P90_VALUE":[],"MAX_VALUE":[]},"DRUGS_BY_TYPE":{"CONCEPT_NAME":"Inpatient administration","COUNT_VALUE":520},"PREVALENCE_BY_GENDER_AGE_YEAR":{"TRELLIS_NAME":["50-59","40-49","30-39","40-49","30-39","40-49","50-59","40-49","40-49","30-39"],"SERIES_NAME":["FEMALE","FEMALE","FEMALE","FEMALE","MALE","FEMALE","FEMALE","FEMALE","FEMALE","FEMALE"],"X_CALENDAR_YEAR":[2004,2004,2004,2005,2006,2006,2007,2007,2008,2009],"Y_PREVALENCE_1000PP":[0.35441,0.32331,0.23765,0.29687,0.40808,0.20518,0.3233,0.30076,0.29149,0.1565]},"PREVALENCE_BY_MONTH":{"X_CALENDAR_MONTH":["200408","200412","200507","200508","200510","200511","200608","200612","200702","200703","200708","200709","200710","200711","200712","200801","200802","200809","200902"],"Y_PREVALENCE_1000PP":[0.03626,0.03515,0.03395,0.02915,0.02424,0.0319,0.02182,0.02124,0.02095,0.02073,0.0269,0.02009,0.0232,0.01983,0.0198,0.02946,0.02285,0.02549,0.01882]},"QUANTITY_DISTRIBUTION":{"CATEGORY":[],"MIN_VALUE":[],"P10_VALUE":[],"P25_VALUE":[],"MEDIAN_VALUE":[],"P75_VALUE":[],"P90_VALUE":[],"MAX_VALUE":[]},"REFILLS_DISTRIBUTION":{"CATEGORY":[],"MIN_VALUE":[],"P10_VALUE":[],"P25_VALUE":[],"MEDIAN_VALUE":[],"P75_VALUE":[],"P90_VALUE":[],"MAX_VALUE":[]}}
