{"AGE_AT_FIRST_EXPOSURE":{"CATEGORY":["FEMALE","MALE"],"MIN_VALUE":[15,14],"P10_VALUE":[49,45],"P25_VALUE":[58,53],"MEDIAN_VALUE":[67,62],"P75_VALUE":[76,71],"P90_VALUE":[83,78],"MAX_VALUE":[106,96]},"DAYS_SUPPLY_DISTRIBUTION":{"CATEGORY":[],"MIN_VALUE":[],"P10_VALUE":[],"P25_VALUE":[],"MEDIAN_VALUE":[],"P75_VALUE":[],"P90_VALUE":[],"MAX_VALUE":[]},"DRUGS_BY_TYPE":{"CONCEPT_NAME":"Inpatient administration","COUNT_VALUE":12392},"PREVALENCE_BY_GENDER_AGE_YEAR":{"TRELLIS_NAME":["80-89","90-99","60-69","80-89","60-69","30-39","30-39","50-59","40-49","40-49","50-59","70-79","70-79","30-39","80-89","60-69","80-89","60-69","90-99","40-49","50-59","40-49","70-79","70-79","50-59","30-39","40-49","50-59","70-79","70-79","40-49","50-59","30-39","30-39","80-89","60-69","90-99","60-69","80-89","20-29","80-89","30-39","30-39","70-79","40-49","50-59","40-49","50-59","70-79","90-99","60-69","90-99","60-69","80-89","60-69","90-99","80-89","90-99","80-89","30-39","30-39","40-49","50-59","70-79","50-59","70-79","40-49","60-69","60-69","90-99","80-89","80-89","90-99","60-69","70-79","50-59","40-49","50-59","40-49","70-79","80-89","60-69","60-69","50-59","40-49","70-79","40-49","50-59","70-79","40-49"],"SERIES_NAME":["FEMALE","FEMALE","MALE","MALE","FEMALE","FEMALE","MALE","FEMALE","FEMALE","MALE","MALE","FEMALE","MALE","FEMALE","MALE","MALE","FEMALE","FEMALE","FEMALE","MALE","MALE","FEMALE","FEMALE","MALE","FEMALE","MALE","MALE","MALE","FEMALE","MALE","FEMALE","FEMALE","MALE","FEMALE","MALE","MALE","FEMALE","FEMALE","FEMALE","MALE","MALE","FEMALE","MALE","MALE","MALE","MALE","FEMALE","FEMALE","FEMALE","FEMALE","MALE","MALE","FEMALE","FEMALE","MALE","MALE","FEMALE","FEMALE","MALE","MALE","FEMALE","FEMALE","FEMALE","FEMALE","MALE","MALE","MALE","FEMALE","MALE","MALE","MALE","FEMALE","FEMALE","FEMALE","MALE","FEMALE","MALE","MALE","FEMALE","FEMALE","FEMALE","MALE","FEMALE","FEMALE","MALE","FEMALE","FEMALE","MALE","MALE","MALE"],"X_CALENDAR_YEAR":[2004,2004,2004,2004,2004,2004,2004,2004,2004,2004,2004,2004,2004,2005,2005,2005,2005,2005,2005,2005,2005,2005,2005,2005,2005,2005,2006,2006,2006,2006,2006,2006,2006,2006,2006,2006,2006,2006,2006,2007,2007,2007,2007,2007,2007,2007,2007,2007,2007,2007,2007,2007,2007,2007,2008,2008,2008,2008,2008,2008,2008,2008,2008,2008,2008,2008,2008,2008,2009,2009,2009,2009,2009,2009,2009,2009,2009,2009,2009,2009,2010,2010,2010,2010,2010,2010,2010,2010,2010,2011],"Y_PREVALENCE_1000PP":[7.23297,5.80131,6.62753,5.97664,8.27481,0.31687,0.55607,4.10106,1.29324,2.71118,5.73757,9.10001,5.83791,0.19443,4.75265,6.6585,6.68151,5.99339,7.28597,2.47608,5.06724,1.48434,8.63636,5.46134,3.34121,0.67996,1.95498,3.80184,6.14005,5.1291,1.29946,3.07681,0.68013,0.35951,3.64124,6.74277,11.0011,4.37714,7.46174,0.33574,3.90764,0.19977,0.69074,8.48495,2.30427,5.97684,1.20305,3.26891,12.38535,10.61008,7.34529,11.67315,8.53733,12.90399,7.65889,13.49693,14.82313,13.88175,6.52065,0.73077,0.18786,1.2955,4.25161,13.01392,6.15602,9.29793,2.11119,8.91812,7.38674,7.23764,4.48718,10.149,12,7.82594,8.13072,3.69168,1.66104,5.42754,1.25382,11.05217,0.95582,1.05136,1.13189,0.61604,0.70407,0.81494,0.29097,1.45645,1.06037,0.33898]},"PREVALENCE_BY_MONTH":{"X_CALENDAR_MONTH":["200401","200402","200403","200404","200405","200406","200407","200408","200409","200410","200411","200412","200501","200502","200503","200504","200505","200506","200507","200508","200509","200510","200511","200512","200601","200602","200603","200604","200605","200606","200607","200608","200609","200610","200611","200612","200701","200702","200703","200704","200705","200706","200707","200708","200709","200710","200711","200712","200801","200802","200803","200804","200805","200806","200807","200808","200809","200810","200811","200812","200901","200902","200903","200904","200905","200906","200907","200908","200909","200910","200911","200912","201001","201002","201003","201004","201005","201006","201007","201008","201009","201010","201011","201012","201101","201103","201105"],"Y_PREVALENCE_1000PP":[1.23084,0.62704,0.57215,0.57632,0.44505,0.43122,0.35898,0.38682,0.37177,0.39628,0.3849,0.36152,0.23364,0.27077,0.38227,0.34643,0.30768,0.33585,0.28854,0.29562,0.28713,0.18182,0.27115,0.30797,0.22166,0.22749,0.29214,0.21851,0.20827,0.26938,0.22017,0.30183,0.24565,0.24312,0.30202,0.21591,0.20332,0.2235,0.27633,0.25112,0.31709,0.27508,0.36515,0.50107,0.34484,0.74248,0.8329,0.62358,0.76936,0.57453,0.64953,0.59233,0.54547,0.57623,0.5703,0.60188,0.48743,0.51316,0.51602,0.47905,0.48378,0.42664,0.57748,0.53986,0.55702,0.47285,0.50772,0.52368,0.50094,0.56198,0.50306,0.53092,0.15526,0.04039,0.04331,0.04026,0.05581,0.03101,0.02485,0.02489,0.03429,0.04365,0.03438,0.02196,0.01887,0.01888,0.01905]},"QUANTITY_DISTRIBUTION":{"CATEGORY":[],"MIN_VALUE":[],"P10_VALUE":[],"P25_VALUE":[],"MEDIAN_VALUE":[],"P75_VALUE":[],"P90_VALUE":[],"MAX_VALUE":[]},"REFILLS_DISTRIBUTION":{"CATEGORY":[],"MIN_VALUE":[],"P10_VALUE":[],"P25_VALUE":[],"MEDIAN_VALUE":[],"P75_VALUE":[],"P90_VALUE":[],"MAX_VALUE":[]}}
