{"AGE_AT_FIRST_EXPOSURE":{"CATEGORY":["MALE","FEMALE"],"MIN_VALUE":[1,1],"P10_VALUE":[29,27],"P25_VALUE":[48,45],"MEDIAN_VALUE":[60,60],"P75_VALUE":[71,75],"P90_VALUE":[79,85],"MAX_VALUE":[93,98]},"DAYS_SUPPLY_DISTRIBUTION":{"CATEGORY":"Days supply","MIN_VALUE":0,"P10_VALUE":0,"P25_VALUE":0,"MEDIAN_VALUE":0,"P75_VALUE":0,"P90_VALUE":30,"MAX_VALUE":90},"DRUGS_BY_TYPE":{"CONCEPT_NAME":["Inpatient administration","Prescription written"],"COUNT_VALUE":[242,472]},"PREVALENCE_BY_GENDER_AGE_YEAR":{"TRELLIS_NAME":["50-59","40-49","50-59","50-59","60-69","50-59","40-49","80-89","50-59","70-79","60-69","60-69","80-89","40-49","70-79","50-59","60-69","60-69","60-69","80-89","50-59","70-79","50-59","70-79","40-49","70-79","60-69","90-99","60-69","80-89","50-59","50-59"],"SERIES_NAME":["FEMALE","FEMALE","FEMALE","MALE","FEMALE","FEMALE","FEMALE","FEMALE","FEMALE","FEMALE","FEMALE","MALE","FEMALE","FEMALE","FEMALE","FEMALE","FEMALE","FEMALE","MALE","FEMALE","FEMALE","FEMALE","FEMALE","FEMALE","FEMALE","MALE","FEMALE","FEMALE","MALE","FEMALE","FEMALE","MALE"],"X_CALENDAR_YEAR":[2005,2005,2006,2006,2007,2007,2007,2008,2008,2008,2008,2009,2009,2009,2009,2009,2009,2010,2010,2010,2010,2010,2011,2011,2011,2011,2011,2011,2011,2011,2012,2013],"Y_PREVALENCE_1000PP":[0.28523,0.22265,0.25949,0.34562,0.84902,0.28738,0.30076,0.67378,0.34849,0.51797,0.58553,0.3283,0.86374,0.1929,0.82102,0.27346,0.64499,0.25153,0.31541,1.16822,0.20535,0.5015,0.31417,0.49514,0.30364,0.89346,0.41492,3.19052,0.46432,1.25209,0.21881,0.32007]},"PREVALENCE_BY_MONTH":{"X_CALENDAR_MONTH":["200411","200510","200511","200601","200711","200712","200801","200804","200806","200811","200902","200903","200904","200905","200909","200910","200911","200912","201001","201002","201003","201007","201009","201010","201011","201012","201101","201102","201103","201104","201105","201106","201107","201108","201109","201110","201112","201202","201203","201205"],"Y_PREVALENCE_1000PP":[0.03121,0.0404,0.02791,0.04667,0.03305,0.11878,0.05893,0.01942,0.01931,0.03799,0.02196,0.02185,0.03121,0.03734,0.02178,0.03415,0.04037,0.03415,0.03726,0.02175,0.03713,0.01864,0.02182,0.02806,0.02188,0.0251,0.02831,0.04098,0.04406,0.019,0.0381,0.03509,0.03529,0.01932,0.04532,0.02919,0.01962,0.02963,0.01978,0.02669]},"QUANTITY_DISTRIBUTION":{"CATEGORY":"Quantity","MIN_VALUE":0,"P10_VALUE":0,"P25_VALUE":0,"MEDIAN_VALUE":0,"P75_VALUE":30,"P90_VALUE":30,"MAX_VALUE":600},"REFILLS_DISTRIBUTION":{"CATEGORY":"Refills","MIN_VALUE":0,"P10_VALUE":0,"P25_VALUE":0,"MEDIAN_VALUE":0,"P75_VALUE":1,"P90_VALUE":5,"MAX_VALUE":6}}
