{"AGE_AT_FIRST_EXPOSURE":{"CATEGORY":["MALE","FEMALE"],"MIN_VALUE":[4,0],"P10_VALUE":[41,33],"P25_VALUE":[54,49],"MEDIAN_VALUE":[67,66],"P75_VALUE":[75,83],"P90_VALUE":[85,89],"MAX_VALUE":[95,104]},"DAYS_SUPPLY_DISTRIBUTION":{"CATEGORY":"Days supply","MIN_VALUE":0,"P10_VALUE":0,"P25_VALUE":0,"MEDIAN_VALUE":0,"P75_VALUE":0,"P90_VALUE":14,"MAX_VALUE":31},"DRUGS_BY_TYPE":{"CONCEPT_NAME":"Prescription written","COUNT_VALUE":514},"PREVALENCE_BY_GENDER_AGE_YEAR":{"TRELLIS_NAME":["80-89","70-79","60-69","80-89","80-89","60-69","90-99","50-59","70-79","40-49","70-79","40-49","50-59","30-39","70-79","50-59","40-49","70-79","60-69","80-89","80-89","60-69","90-99","60-69","80-89"],"SERIES_NAME":["FEMALE","MALE","MALE","MALE","FEMALE","FEMALE","FEMALE","FEMALE","MALE","MALE","FEMALE","FEMALE","FEMALE","FEMALE","MALE","MALE","FEMALE","FEMALE","MALE","FEMALE","MALE","FEMALE","FEMALE","MALE","FEMALE"],"X_CALENDAR_YEAR":[2009,2009,2010,2010,2010,2010,2010,2010,2010,2010,2010,2010,2011,2011,2011,2011,2011,2011,2011,2011,2011,2011,2011,2012,2012],"Y_PREVALENCE_1000PP":[0.86374,0.7818,0.57825,1.84871,1.27443,0.50306,2.8626,0.41069,1.13611,0.48744,0.5015,0.22631,0.24435,0.29994,1.638,0.73725,0.26991,1.17596,1.13502,1.35643,1.19421,0.74686,4.1021,0.318,0.64007]},"PREVALENCE_BY_MONTH":{"X_CALENDAR_MONTH":["200905","200906","200909","200910","201001","201003","201004","201005","201006","201008","201009","201010","201011","201012","201101","201102","201103","201104","201105","201106","201107","201108","201109","201110","201111","201112","201202","201204","201308"],"Y_PREVALENCE_1000PP":[0.01867,0.01867,0.03423,0.03726,0.02484,0.02166,0.06504,0.04031,0.0248,0.03422,0.03117,0.03742,0.04064,0.03764,0.05976,0.05044,0.06923,0.03166,0.04127,0.05104,0.03529,0.05152,0.04532,0.0519,0.05534,0.03597,0.03293,0.0299,0.02263]},"QUANTITY_DISTRIBUTION":{"CATEGORY":"Quantity","MIN_VALUE":0,"P10_VALUE":0,"P25_VALUE":0,"MEDIAN_VALUE":0,"P75_VALUE":0,"P90_VALUE":90,"MAX_VALUE":9000},"REFILLS_DISTRIBUTION":{"CATEGORY":"Refills","MIN_VALUE":0,"P10_VALUE":0,"P25_VALUE":0,"MEDIAN_VALUE":0,"P75_VALUE":0,"P90_VALUE":0,"MAX_VALUE":11}}
