{"AGE_AT_FIRST_EXPOSURE":{"CATEGORY":["MALE","FEMALE"],"MIN_VALUE":[11,8],"P10_VALUE":[20,23],"P25_VALUE":[29,39],"MEDIAN_VALUE":[45,53],"P75_VALUE":[59,60],"P90_VALUE":[67,69],"MAX_VALUE":[96,88]},"DAYS_SUPPLY_DISTRIBUTION":{"CATEGORY":"Days supply","MIN_VALUE":0,"P10_VALUE":0,"P25_VALUE":3,"MEDIAN_VALUE":30,"P75_VALUE":30,"P90_VALUE":30,"MAX_VALUE":31},"DRUGS_BY_TYPE":{"CONCEPT_NAME":"Prescription written","COUNT_VALUE":433},"PREVALENCE_BY_GENDER_AGE_YEAR":{"TRELLIS_NAME":["50-59","30-39","50-59","20-29","40-49","50-59","20-29","40-49","50-59"],"SERIES_NAME":["FEMALE","MALE","FEMALE","MALE","MALE","FEMALE","MALE","MALE","MALE"],"X_CALENDAR_YEAR":[2009,2011,2011,2011,2013,2013,2013,2014,2014],"Y_PREVALENCE_1000PP":[0.20509,0.36406,0.20945,0.35225,0.64645,0.4202,0.32739,0.51886,0.40893]},"PREVALENCE_BY_MONTH":{"X_CALENDAR_MONTH":["201006","201102","201205","201210","201302","201303","201304","201306","201307","201309","201310","201311","201401","201402","201403","201405","201412","201501","201502","201503"],"Y_PREVALENCE_1000PP":[0.0217,0.02522,0.02002,0.03449,0.02485,0.0286,0.02522,0.02579,0.02605,0.0382,0.03088,0.03931,0.04872,0.03315,0.03354,0.03081,0.04194,0.04568,0.05768,0.0482]},"QUANTITY_DISTRIBUTION":{"CATEGORY":"Quantity","MIN_VALUE":0,"P10_VALUE":0,"P25_VALUE":14,"MEDIAN_VALUE":60,"P75_VALUE":60,"P90_VALUE":120,"MAX_VALUE":60000},"REFILLS_DISTRIBUTION":{"CATEGORY":"Refills","MIN_VALUE":0,"P10_VALUE":0,"P25_VALUE":0,"MEDIAN_VALUE":0,"P75_VALUE":2,"P90_VALUE":5,"MAX_VALUE":6}}
