{"AGE_AT_FIRST_EXPOSURE":{"CATEGORY":["FEMALE","MALE"],"MIN_VALUE":[0,0],"P10_VALUE":[0,0],"P25_VALUE":[0,0],"MEDIAN_VALUE":[0,0],"P75_VALUE":[1,1],"P90_VALUE":[4,4],"MAX_VALUE":[82,77]},"DAYS_SUPPLY_DISTRIBUTION":{"CATEGORY":[],"MIN_VALUE":[],"P10_VALUE":[],"P25_VALUE":[],"MEDIAN_VALUE":[],"P75_VALUE":[],"P90_VALUE":[],"MAX_VALUE":[]},"DRUGS_BY_TYPE":{"CONCEPT_NAME":"Inpatient administration","COUNT_VALUE":6420},"PREVALENCE_BY_GENDER_AGE_YEAR":{"TRELLIS_NAME":["0-9","0-9","10-19","10-19","10-19","0-9","0-9","10-19","0-9","10-19","0-9","0-9","0-9","0-9","0-9","0-9","0-9","0-9","0-9","0-9","0-9","0-9","0-9","0-9","0-9","0-9","0-9","0-9","0-9"],"SERIES_NAME":["MALE","FEMALE","FEMALE","MALE","MALE","MALE","FEMALE","FEMALE","FEMALE","MALE","MALE","MALE","FEMALE","FEMALE","MALE","FEMALE","MALE","MALE","FEMALE","MALE","FEMALE","MALE","FEMALE","FEMALE","MALE","FEMALE","MALE","FEMALE","MALE"],"X_CALENDAR_YEAR":[2004,2004,2004,2004,2005,2005,2005,2005,2006,2006,2006,2007,2007,2008,2008,2009,2009,2010,2010,2011,2011,2012,2012,2013,2013,2014,2014,2015,2015],"Y_PREVALENCE_1000PP":[9.12496,9.11501,0.54668,0.70166,0.79977,6.91111,5.97935,0.70789,5.98983,0.50795,6.64969,6.51408,4.19744,4.82476,5.30467,3.27419,3.33413,2.63347,2.98994,2.75271,2.28149,1.56751,1.52531,1.60034,1.19649,1.20784,1.40484,0.49813,0.80333]},"PREVALENCE_BY_MONTH":{"X_CALENDAR_MONTH":["200401","200402","200403","200404","200405","200406","200407","200408","200409","200410","200411","200412","200501","200502","200503","200504","200505","200506","200507","200508","200509","200510","200511","200512","200601","200602","200603","200604","200605","200606","200607","200608","200609","200610","200611","200612","200701","200702","200703","200704","200705","200706","200707","200708","200709","200710","200711","200712","200801","200802","200803","200804","200805","200806","200807","200808","200809","200810","200811","200812","200901","200902","200903","200904","200905","200906","200907","200908","200909","200910","200911","200912","201001","201002","201003","201004","201005","201006","201007","201008","201009","201010","201011","201012","201101","201102","201103","201104","201105","201106","201107","201108","201109","201110","201111","201112","201202","201203","201204","201206","201207","201208","201211","201212","201302","201303","201304","201306","201307","201308","201404","201405","201406","201410","201411","201412","201503","201505"],"Y_PREVALENCE_1000PP":[0.79409,0.48334,0.3058,0.30511,0.27156,0.21903,0.25,0.26594,0.27454,0.228,0.18205,0.14561,0.17037,0.18051,0.12435,0.13497,0.15824,0.13778,0.14003,0.12074,0.14356,0.10101,0.11564,0.11845,0.14,0.13881,0.11382,0.11302,0.10785,0.09225,0.08073,0.09818,0.10115,0.13586,0.09594,0.14512,0.08413,0.11873,0.09672,0.08944,0.05796,0.0815,0.1251,0.1177,0.11718,0.09612,0.07932,0.07918,0.0753,0.08487,0.11042,0.09387,0.08715,0.07726,0.09612,0.06403,0.0892,0.09503,0.07598,0.05358,0.06597,0.06588,0.10301,0.05305,0.0529,0.04977,0.05295,0.04364,0.05289,0.04036,0.04347,0.02794,0.04037,0.07147,0.03713,0.03716,0.05892,0.06511,0.04038,0.06533,0.04676,0.02183,0.05001,0.03451,0.03774,0.04414,0.02832,0.03166,0.04127,0.05104,0.04492,0.03864,0.04208,0.03893,0.04232,0.04906,0.02963,0.04946,0.0299,0.03366,0.02035,0.02045,0.0382,0.03495,0.0355,0.03575,0.05044,0.02948,0.03349,0.03771,0.02573,0.03081,0.03176,0.03693,0.06788,0.04794,0.0482,0.12565]},"QUANTITY_DISTRIBUTION":{"CATEGORY":[],"MIN_VALUE":[],"P10_VALUE":[],"P25_VALUE":[],"MEDIAN_VALUE":[],"P75_VALUE":[],"P90_VALUE":[],"MAX_VALUE":[]},"REFILLS_DISTRIBUTION":{"CATEGORY":[],"MIN_VALUE":[],"P10_VALUE":[],"P25_VALUE":[],"MEDIAN_VALUE":[],"P75_VALUE":[],"P90_VALUE":[],"MAX_VALUE":[]}}
