{"AGE_AT_FIRST_EXPOSURE":{"CATEGORY":["FEMALE","MALE"],"MIN_VALUE":[25,22],"P10_VALUE":[45,55],"P25_VALUE":[53,62],"MEDIAN_VALUE":[67,70],"P75_VALUE":[75,77],"P90_VALUE":[83,82],"MAX_VALUE":[98,91]},"DAYS_SUPPLY_DISTRIBUTION":{"CATEGORY":"Days supply","MIN_VALUE":0,"P10_VALUE":0,"P25_VALUE":0,"MEDIAN_VALUE":30,"P75_VALUE":30,"P90_VALUE":30,"MAX_VALUE":90},"DRUGS_BY_TYPE":{"CONCEPT_NAME":"Prescription written","COUNT_VALUE":326},"PREVALENCE_BY_GENDER_AGE_YEAR":{"TRELLIS_NAME":["60-69","60-69","50-59","70-79","70-79","40-49","50-59","50-59","70-79","70-79","60-69","80-89","40-49","50-59","70-79","70-79","60-69","60-69","60-69","60-69","50-59","70-79"],"SERIES_NAME":["FEMALE","MALE","FEMALE","MALE","FEMALE","FEMALE","FEMALE","MALE","FEMALE","MALE","FEMALE","FEMALE","FEMALE","FEMALE","FEMALE","MALE","FEMALE","FEMALE","MALE","FEMALE","FEMALE","MALE"],"X_CALENDAR_YEAR":[2009,2010,2010,2010,2010,2010,2011,2011,2011,2011,2011,2011,2012,2012,2012,2012,2012,2013,2014,2014,2014,2015],"Y_PREVALENCE_1000PP":[0.258,0.42054,0.23957,0.53018,0.94032,0.19398,0.52362,0.2949,0.43325,0.67009,0.24895,0.62604,0.21498,0.25528,0.48975,0.44981,0.46326,0.30183,0.39575,0.31737,0.3347,0.77821]},"PREVALENCE_BY_MONTH":{"X_CALENDAR_MONTH":["201003","201006","201007","201010","201011","201101","201102","201103","201109","201202","201210","201211","201303","201403","201410"],"Y_PREVALENCE_1000PP":[0.02166,0.0186,0.02796,0.02183,0.02501,0.03145,0.03783,0.03776,0.01942,0.01976,0.02069,0.04514,0.02145,0.02935,0.03693]},"QUANTITY_DISTRIBUTION":{"CATEGORY":"Quantity","MIN_VALUE":0,"P10_VALUE":0,"P25_VALUE":0,"MEDIAN_VALUE":60,"P75_VALUE":60,"P90_VALUE":90,"MAX_VALUE":270},"REFILLS_DISTRIBUTION":{"CATEGORY":"Refills","MIN_VALUE":0,"P10_VALUE":0,"P25_VALUE":0,"MEDIAN_VALUE":0,"P75_VALUE":4,"P90_VALUE":5,"MAX_VALUE":6}}
