{"AGE_AT_FIRST_EXPOSURE":{"CATEGORY":["FEMALE","MALE"],"MIN_VALUE":[6,5],"P10_VALUE":[6,7],"P25_VALUE":[10,9],"MEDIAN_VALUE":[13,12],"P75_VALUE":[18,14],"P90_VALUE":[37,16],"MAX_VALUE":[66,52]},"DAYS_SUPPLY_DISTRIBUTION":{"CATEGORY":"Days supply","MIN_VALUE":0,"P10_VALUE":0,"P25_VALUE":30,"MEDIAN_VALUE":30,"P75_VALUE":30,"P90_VALUE":30,"MAX_VALUE":90},"DRUGS_BY_TYPE":{"CONCEPT_NAME":["Inpatient administration","Prescription written"],"COUNT_VALUE":[8,502]},"PREVALENCE_BY_GENDER_AGE_YEAR":{"TRELLIS_NAME":["10-19","0-9","10-19","0-9","10-19","10-19","0-9","10-19","10-19","0-9","10-19"],"SERIES_NAME":["MALE","MALE","MALE","MALE","MALE","MALE","MALE","FEMALE","MALE","MALE","MALE"],"X_CALENDAR_YEAR":[2010,2011,2011,2012,2012,2013,2013,2014,2014,2014,2015],"Y_PREVALENCE_1000PP":[0.36286,0.24391,0.37058,0.32063,0.84986,1.47163,0.26173,0.37768,1.82074,0.24791,1.51515]},"PREVALENCE_BY_MONTH":{"X_CALENDAR_MONTH":["201111","201112","201206","201207","201208","201209","201210","201212","201302","201304","201305","201306","201307","201308","201309","201310","201311","201312","201401","201402","201403","201404","201405","201406","201407","201408","201409","201410","201411","201412","201501","201502","201503","201504"],"Y_PREVALENCE_1000PP":[0.01953,0.01962,0.02693,0.02035,0.02045,0.02748,0.02069,0.02097,0.0426,0.04324,0.04728,0.02579,0.02605,0.0264,0.0382,0.05403,0.0629,0.04393,0.05278,0.05387,0.0587,0.04289,0.06162,0.07259,0.06095,0.04383,0.06562,0.06859,0.05091,0.0719,0.07831,0.06489,0.08838,0.12773]},"QUANTITY_DISTRIBUTION":{"CATEGORY":"Quantity","MIN_VALUE":0,"P10_VALUE":0,"P25_VALUE":30,"MEDIAN_VALUE":30,"P75_VALUE":30,"P90_VALUE":30,"MAX_VALUE":90},"REFILLS_DISTRIBUTION":{"CATEGORY":"Refills","MIN_VALUE":0,"P10_VALUE":0,"P25_VALUE":0,"MEDIAN_VALUE":0,"P75_VALUE":0,"P90_VALUE":0,"MAX_VALUE":5}}
