{"AGE_AT_FIRST_EXPOSURE":{"CATEGORY":["FEMALE","MALE"],"MIN_VALUE":[2,0],"P10_VALUE":[6,4],"P25_VALUE":[12,10],"MEDIAN_VALUE":[33,23],"P75_VALUE":[58,54],"P90_VALUE":[74,70],"MAX_VALUE":[93,90]},"DAYS_SUPPLY_DISTRIBUTION":{"CATEGORY":"Days supply","MIN_VALUE":0,"P10_VALUE":0,"P25_VALUE":0,"MEDIAN_VALUE":6,"P75_VALUE":10,"P90_VALUE":14,"MAX_VALUE":30},"DRUGS_BY_TYPE":{"CONCEPT_NAME":"Prescription written","COUNT_VALUE":447},"PREVALENCE_BY_GENDER_AGE_YEAR":{"TRELLIS_NAME":["50-59","10-19","60-69","50-59","0-9","10-19","0-9","10-19","20-29","0-9","10-19","10-19","0-9"],"SERIES_NAME":["FEMALE","FEMALE","FEMALE","FEMALE","MALE","FEMALE","FEMALE","MALE","FEMALE","MALE","MALE","FEMALE","FEMALE"],"X_CALENDAR_YEAR":[2009,2011,2011,2012,2012,2012,2012,2012,2012,2013,2013,2013,2013],"Y_PREVALENCE_1000PP":[0.23928,0.25728,0.29044,0.21881,0.64125,0.65206,0.76265,1.13314,0.16648,0.33651,0.60895,0.27963,0.37903]},"PREVALENCE_BY_MONTH":{"X_CALENDAR_MONTH":["200811","200904","200907","201106","201107","201110","201202","201203","201206","201207","201208","201209","201210","201212","201301","201302","201303","201306","201308","201312","201404","201410"],"Y_PREVALENCE_1000PP":[0.02849,0.01872,0.0218,0.01914,0.04813,0.02271,0.05268,0.02638,0.12456,0.078,0.03749,0.02061,0.02759,0.02796,0.02809,0.0355,0.02145,0.04053,0.0264,0.02396,0.02573,0.03166]},"QUANTITY_DISTRIBUTION":{"CATEGORY":"Quantity","MIN_VALUE":0,"P10_VALUE":0,"P25_VALUE":20,"MEDIAN_VALUE":90,"P75_VALUE":210,"P90_VALUE":300,"MAX_VALUE":1800},"REFILLS_DISTRIBUTION":{"CATEGORY":"Refills","MIN_VALUE":0,"P10_VALUE":0,"P25_VALUE":0,"MEDIAN_VALUE":0,"P75_VALUE":0,"P90_VALUE":0,"MAX_VALUE":0}}
