{"AGE_AT_FIRST_EXPOSURE":{"CATEGORY":["FEMALE","MALE"],"MIN_VALUE":[23,37],"P10_VALUE":[51,51],"P25_VALUE":[59,56],"MEDIAN_VALUE":[70,66],"P75_VALUE":[80,74],"P90_VALUE":[87,80],"MAX_VALUE":[97,97]},"DAYS_SUPPLY_DISTRIBUTION":{"CATEGORY":"Days supply","MIN_VALUE":0,"P10_VALUE":0,"P25_VALUE":0,"MEDIAN_VALUE":0,"P75_VALUE":30,"P90_VALUE":30,"MAX_VALUE":90},"DRUGS_BY_TYPE":{"CONCEPT_NAME":["Inpatient administration","Prescription written"],"COUNT_VALUE":[100,389]},"PREVALENCE_BY_GENDER_AGE_YEAR":{"TRELLIS_NAME":["50-59","70-79","80-89","60-69","50-59","70-79","50-59","70-79","60-69","60-69","80-89","50-59","40-49","70-79","50-59","70-79","60-69","80-89","60-69","80-89","70-79"],"SERIES_NAME":["MALE","FEMALE","FEMALE","FEMALE","FEMALE","FEMALE","MALE","MALE","FEMALE","MALE","FEMALE","MALE","FEMALE","FEMALE","FEMALE","MALE","FEMALE","MALE","MALE","FEMALE","FEMALE"],"X_CALENDAR_YEAR":[2005,2005,2005,2005,2008,2008,2008,2008,2008,2008,2008,2009,2009,2009,2009,2009,2009,2009,2009,2009,2010],"Y_PREVALENCE_1000PP":[0.45475,0.90909,1.11359,0.39209,0.48789,1.03593,0.35321,0.78796,0.54049,0.45725,1.23526,0.78946,0.22504,1.07364,0.54692,1.32906,0.98899,0.96154,0.82075,2.15936,0.56419]},"PREVALENCE_BY_MONTH":{"X_CALENDAR_MONTH":["200502","200503","200507","200508","200511","200601","200805","200806","200807","200809","200810","200811","200812","200901","200902","200903","200904","200905","200906","200907","200908","200909","200910","200911","200912","201001"],"Y_PREVALENCE_1000PP":[0.0285,0.02763,0.0297,0.03747,0.02791,0.02333,0.02582,0.02575,0.01922,0.0223,0.06335,0.07598,0.04728,0.0377,0.0596,0.0437,0.07489,0.03112,0.04977,0.04672,0.02805,0.028,0.03726,0.04037,0.03415,0.02484]},"QUANTITY_DISTRIBUTION":{"CATEGORY":"Quantity","MIN_VALUE":0,"P10_VALUE":0,"P25_VALUE":0,"MEDIAN_VALUE":0,"P75_VALUE":30,"P90_VALUE":30,"MAX_VALUE":90},"REFILLS_DISTRIBUTION":{"CATEGORY":"Refills","MIN_VALUE":0,"P10_VALUE":0,"P25_VALUE":0,"MEDIAN_VALUE":0,"P75_VALUE":5,"P90_VALUE":5,"MAX_VALUE":12}}
