{"AGE_AT_FIRST_EXPOSURE":{"CATEGORY":["MALE","FEMALE"],"MIN_VALUE":[0,1],"P10_VALUE":[7,7],"P25_VALUE":[8,10],"MEDIAN_VALUE":[10,15],"P75_VALUE":[13,48],"P90_VALUE":[20,64],"MAX_VALUE":[84,94]},"DAYS_SUPPLY_DISTRIBUTION":{"CATEGORY":"Days supply","MIN_VALUE":0,"P10_VALUE":0,"P25_VALUE":0,"MEDIAN_VALUE":30,"P75_VALUE":30,"P90_VALUE":30,"MAX_VALUE":90},"DRUGS_BY_TYPE":{"CONCEPT_NAME":"Prescription written","COUNT_VALUE":924},"PREVALENCE_BY_GENDER_AGE_YEAR":{"TRELLIS_NAME":["10-19","10-19","0-9","0-9","10-19","0-9","10-19","10-19","0-9","10-19","0-9","20-29","0-9","10-19","0-9","10-19","50-59","10-19","40-49","0-9","10-19","0-9","20-29","70-79","50-59","10-19","10-19","0-9","60-69","0-9","20-29","10-19","0-9","0-9","10-19","60-69","10-19","0-9","50-59","60-69","10-19","0-9","10-19","0-9","60-69"],"SERIES_NAME":["FEMALE","MALE","MALE","MALE","FEMALE","FEMALE","MALE","FEMALE","FEMALE","MALE","MALE","FEMALE","MALE","MALE","FEMALE","FEMALE","FEMALE","FEMALE","FEMALE","MALE","MALE","FEMALE","FEMALE","FEMALE","FEMALE","FEMALE","MALE","FEMALE","FEMALE","MALE","FEMALE","MALE","MALE","FEMALE","FEMALE","FEMALE","FEMALE","FEMALE","FEMALE","FEMALE","MALE","MALE","MALE","MALE","FEMALE"],"X_CALENDAR_YEAR":[2007,2007,2007,2008,2008,2008,2008,2009,2009,2009,2009,2010,2010,2010,2010,2010,2011,2011,2011,2011,2011,2011,2011,2012,2012,2012,2012,2012,2012,2012,2012,2013,2013,2013,2013,2013,2014,2014,2014,2014,2014,2014,2015,2015,2015],"Y_PREVALENCE_1000PP":[0.67941,0.84778,0.24917,0.58558,0.61963,0.61757,0.91166,1.1429,0.60915,0.9817,0.7825,0.20005,0.71822,0.99787,0.69895,1.00008,0.24435,0.8576,0.23617,0.66204,0.92644,0.5507,0.18306,0.36731,0.51056,0.82594,1.18036,0.24084,0.33691,0.53438,0.16648,0.86268,0.41129,0.2948,0.9787,0.30183,0.91723,0.37164,0.29286,0.58941,1.05721,0.45451,0.8658,0.43818,0.67229]},"PREVALENCE_BY_MONTH":{"X_CALENDAR_MONTH":["200711","200712","200801","200805","200806","200807","200808","200809","200810","200811","200901","200903","200904","200905","200906","200907","200909","200910","200911","200912","201001","201002","201003","201004","201005","201006","201007","201009","201010","201012","201104","201105","201107","201108","201109","201110","201111","201112","201201","201202","201203","201204","201205","201207","201208","201209","201210","201211","201212","201301","201303","201304","201305","201306","201307","201309","201401","201403","201404","201405","201406","201407","201409","201410","201412","201502","201503","201504","201505"],"Y_PREVALENCE_1000PP":[0.02644,0.13527,0.03601,0.0581,0.02253,0.03204,0.01921,0.03186,0.03801,0.02216,0.01885,0.03121,0.06865,0.11514,0.02178,0.01869,0.03111,0.01863,0.03105,0.01863,0.02174,0.02175,0.03094,0.09291,0.04961,0.0248,0.01864,0.02806,0.02806,0.01882,0.03483,0.09841,0.0385,0.02254,0.03885,0.04541,0.01953,0.0327,0.02952,0.02634,0.03627,0.08969,0.04671,0.02374,0.02386,0.04465,0.03449,0.04167,0.02097,0.02458,0.05005,0.05044,0.06182,0.02948,0.03349,0.03056,0.02436,0.03774,0.03431,0.11443,0.06351,0.03282,0.03029,0.04748,0.05393,0.09372,0.06427,0.10808,0.11169]},"QUANTITY_DISTRIBUTION":{"CATEGORY":"Quantity","MIN_VALUE":0,"P10_VALUE":14,"P25_VALUE":30,"MEDIAN_VALUE":30,"P75_VALUE":30,"P90_VALUE":30,"MAX_VALUE":301},"REFILLS_DISTRIBUTION":{"CATEGORY":"Refills","MIN_VALUE":0,"P10_VALUE":0,"P25_VALUE":2,"MEDIAN_VALUE":5,"P75_VALUE":5,"P90_VALUE":5,"MAX_VALUE":12}}
