{"AGE_AT_FIRST_EXPOSURE":{"CATEGORY":["MALE","FEMALE"],"MIN_VALUE":[10,14],"P10_VALUE":[45,45],"P25_VALUE":[56,57],"MEDIAN_VALUE":[67,70],"P75_VALUE":[75,79],"P90_VALUE":[83,86],"MAX_VALUE":[96,99]},"DAYS_SUPPLY_DISTRIBUTION":{"CATEGORY":"Days supply","MIN_VALUE":0,"P10_VALUE":0,"P25_VALUE":0,"MEDIAN_VALUE":30,"P75_VALUE":30,"P90_VALUE":30,"MAX_VALUE":90},"DRUGS_BY_TYPE":{"CONCEPT_NAME":["Inpatient administration","Prescription written"],"COUNT_VALUE":[1253,436]},"PREVALENCE_BY_GENDER_AGE_YEAR":{"TRELLIS_NAME":["70-79","50-59","70-79","60-69","80-89","60-69","50-59","70-79","70-79","60-69","60-69","80-89","60-69","60-69","80-89","40-49","50-59","70-79","50-59","70-79","60-69","80-89","50-59","70-79","70-79","80-89","60-69","70-79","70-79","50-59","40-49","60-69","80-89","40-49","70-79","50-59","60-69","60-69","80-89","50-59","70-79","70-79","50-59","50-59","70-79","60-69","80-89","80-89","50-59","70-79","70-79","60-69","60-69","80-89","50-59","70-79","80-89","60-69","80-89","60-69","50-59","70-79","70-79","60-69"],"SERIES_NAME":["FEMALE","FEMALE","MALE","MALE","FEMALE","FEMALE","FEMALE","MALE","FEMALE","FEMALE","MALE","FEMALE","MALE","FEMALE","FEMALE","FEMALE","FEMALE","MALE","MALE","FEMALE","FEMALE","FEMALE","FEMALE","FEMALE","MALE","FEMALE","FEMALE","MALE","FEMALE","FEMALE","FEMALE","MALE","FEMALE","FEMALE","FEMALE","FEMALE","FEMALE","FEMALE","FEMALE","FEMALE","MALE","FEMALE","FEMALE","MALE","FEMALE","FEMALE","FEMALE","MALE","FEMALE","FEMALE","MALE","FEMALE","MALE","FEMALE","FEMALE","FEMALE","FEMALE","FEMALE","FEMALE","FEMALE","FEMALE","FEMALE","FEMALE","FEMALE"],"X_CALENDAR_YEAR":[2004,2004,2004,2004,2004,2004,2005,2005,2005,2005,2005,2005,2006,2006,2006,2006,2006,2006,2006,2006,2007,2007,2007,2007,2007,2008,2008,2008,2008,2008,2008,2009,2009,2009,2009,2009,2009,2010,2010,2010,2010,2010,2011,2011,2011,2011,2011,2011,2012,2012,2012,2012,2012,2012,2013,2013,2013,2013,2014,2014,2014,2014,2015,2015],"Y_PREVALENCE_1000PP":[1.729,0.45567,0.68681,0.56807,1.51388,0.62583,0.24448,0.57488,1.13636,0.72817,0.68881,0.97439,0.6676,0.30187,1.13823,0.23937,0.29656,0.5216,0.34562,1.10383,0.61318,0.94708,0.28738,1.00422,0.48952,1.45985,0.45041,0.86676,0.7122,0.2091,0.22671,0.60188,1.72749,0.1929,0.63155,0.20509,1.03199,0.79651,1.59303,0.20535,0.7574,0.62688,0.24435,0.3932,0.74271,0.41492,1.87813,0.89566,0.29175,0.61218,0.44981,0.63171,0.318,1.81353,0.4202,0.60775,0.99811,0.4743,1.04956,0.54407,0.29286,0.5151,0.62221,0.67229]},"PREVALENCE_BY_MONTH":{"X_CALENDAR_MONTH":["200401","200403","200404","200405","200407","200408","200410","200411","200504","200506","200507","200508","200509","200510","200511","200512","200601","200602","200603","200605","200606","200607","200608","200610","200611","200612","200703","200705","200707","200708","200709","200711","200712","200801","200802","200803","200804","200805","200806","200807","200808","200810","200811","200812","200901","200902","200903","200904","200905","200906","200907","200908","200909","200910","200911","200912","201001","201002","201003","201004","201005","201006","201008","201009","201010","201011","201012","201101","201102","201103","201104","201106","201107","201108","201109","201110","201111","201112","201201","201202","201203","201204","201207","201208","201209","201211","201212","201301","201303","201304","201306","201307","201308","201311","201403","201405","201406","201407","201409","201410","201502","201503","201504","201505"],"Y_PREVALENCE_1000PP":[0.19852,0.05919,0.0678,0.06789,0.04487,0.04231,0.04886,0.05201,0.03149,0.03875,0.03395,0.03747,0.04102,0.0404,0.02393,0.02764,0.035,0.03085,0.02656,0.03719,0.03321,0.02936,0.03273,0.02145,0.02132,0.02124,0.03109,0.0341,0.02705,0.03363,0.02009,0.01983,0.0231,0.02619,0.01959,0.02273,0.02589,0.02259,0.03219,0.01922,0.02241,0.03168,0.03799,0.01891,0.02513,0.04392,0.03121,0.02184,0.02178,0.04355,0.02492,0.02805,0.02178,0.03415,0.03726,0.02173,0.02484,0.02486,0.04022,0.02787,0.03101,0.0248,0.028,0.03429,0.04365,0.03126,0.05019,0.02516,0.02837,0.03776,0.04116,0.01914,0.02567,0.03542,0.01942,0.0519,0.0293,0.0327,0.02624,0.03622,0.05935,0.03986,0.02035,0.03408,0.03091,0.03125,0.02796,0.02809,0.03218,0.02162,0.02211,0.04466,0.03017,0.02752,0.02935,0.03081,0.03629,0.02813,0.04038,0.06331,0.04326,0.06427,0.0786,0.11169]},"QUANTITY_DISTRIBUTION":{"CATEGORY":"Quantity","MIN_VALUE":0,"P10_VALUE":0,"P25_VALUE":0,"MEDIAN_VALUE":30,"P75_VALUE":30,"P90_VALUE":60,"MAX_VALUE":5400},"REFILLS_DISTRIBUTION":{"CATEGORY":"Refills","MIN_VALUE":0,"P10_VALUE":0,"P25_VALUE":0,"MEDIAN_VALUE":0,"P75_VALUE":5,"P90_VALUE":5,"MAX_VALUE":11}}
