{"AGE_AT_FIRST_EXPOSURE":{"CATEGORY":["FEMALE","MALE"],"MIN_VALUE":[0,3],"P10_VALUE":[31,37],"P25_VALUE":[48,51],"MEDIAN_VALUE":[64,64],"P75_VALUE":[77,73],"P90_VALUE":[86,83],"MAX_VALUE":[101,98]},"DAYS_SUPPLY_DISTRIBUTION":{"CATEGORY":"Days supply","MIN_VALUE":0,"P10_VALUE":0,"P25_VALUE":0,"MEDIAN_VALUE":0,"P75_VALUE":30,"P90_VALUE":30,"MAX_VALUE":100},"DRUGS_BY_TYPE":{"CONCEPT_NAME":["Inpatient administration","Prescription written"],"COUNT_VALUE":[763,740]},"PREVALENCE_BY_GENDER_AGE_YEAR":{"TRELLIS_NAME":["80-89","60-69","60-69","70-79","50-59","70-79","50-59","70-79","60-69","50-59","70-79","60-69","80-89","70-79","50-59","70-79","60-69","80-89","50-59","70-79","40-49","50-59","70-79","30-39","60-69","60-69","80-89","50-59","40-49","70-79","70-79","60-69","60-69","80-89","80-89","50-59","70-79","60-69","80-89","60-69","40-49","70-79","50-59","80-89","80-89","60-69","70-79","50-59","40-49","70-79","60-69","80-89","50-59","10-19","70-79","70-79","40-49","50-59","80-89","60-69","60-69","50-59","70-79"],"SERIES_NAME":["FEMALE","MALE","FEMALE","MALE","FEMALE","FEMALE","MALE","MALE","FEMALE","FEMALE","FEMALE","MALE","FEMALE","FEMALE","FEMALE","MALE","MALE","FEMALE","FEMALE","FEMALE","FEMALE","MALE","MALE","FEMALE","FEMALE","MALE","FEMALE","MALE","FEMALE","FEMALE","MALE","FEMALE","MALE","MALE","FEMALE","FEMALE","MALE","FEMALE","MALE","MALE","FEMALE","FEMALE","FEMALE","MALE","FEMALE","FEMALE","MALE","FEMALE","FEMALE","FEMALE","FEMALE","FEMALE","MALE","FEMALE","MALE","FEMALE","FEMALE","FEMALE","MALE","MALE","MALE","FEMALE","FEMALE"],"X_CALENDAR_YEAR":[2004,2004,2004,2004,2004,2004,2004,2008,2008,2008,2008,2008,2008,2009,2009,2009,2009,2009,2010,2010,2010,2010,2010,2010,2010,2010,2010,2011,2011,2011,2011,2011,2011,2011,2011,2011,2012,2012,2012,2012,2012,2012,2012,2013,2013,2013,2013,2013,2013,2013,2014,2014,2014,2014,2014,2014,2014,2014,2014,2014,2015,2015,2015],"Y_PREVALENCE_1000PP":[1.68209,0.66275,0.55629,0.80128,0.30378,0.819,0.58207,0.47278,0.40537,0.31364,0.51797,0.45725,0.78608,0.69471,0.20509,0.85998,0.54717,0.86374,0.23957,0.62688,0.22631,0.29129,0.45444,0.15752,0.5869,0.57825,1.16822,0.34405,0.23617,0.74271,0.59564,0.41492,0.6191,1.04493,0.62604,0.31417,0.52478,0.67383,1.044,0.53,0.39412,0.36731,0.29175,0.90402,0.77631,0.34495,0.59413,0.573,0.38855,0.42543,1.08814,0.93294,0.40893,0.37768,0.93831,1.0302,0.39827,0.3347,1.11252,0.7915,0.66591,0.58845,0.72592]},"PREVALENCE_BY_MONTH":{"X_CALENDAR_MONTH":["200401","200402","200403","200404","200405","200406","200408","200805","200806","200808","200809","200810","200811","200901","200902","200903","200905","200906","200907","200908","200909","200911","200912","201001","201003","201004","201005","201006","201007","201008","201010","201011","201012","201101","201102","201103","201104","201105","201106","201108","201109","201110","201112","201201","201202","201203","201204","201205","201207","201208","201209","201210","201211","201212","201301","201303","201304","201305","201306","201307","201308","201309","201310","201311","201312","201401","201402","201403","201404","201405","201406","201407","201408","201409","201410","201411","201412","201501","201502","201503","201504"],"Y_PREVALENCE_1000PP":[0.27793,0.13063,0.11838,0.08475,0.07543,0.08898,0.06648,0.02259,0.02253,0.03202,0.0223,0.02534,0.03799,0.02199,0.01882,0.02497,0.01867,0.028,0.02803,0.03117,0.01867,0.01863,0.03105,0.02174,0.02166,0.02478,0.02791,0.02791,0.03106,0.03733,0.03118,0.02188,0.05019,0.02516,0.03468,0.02832,0.03166,0.0381,0.03509,0.02254,0.02266,0.04541,0.02289,0.02296,0.03293,0.03297,0.03322,0.02002,0.03052,0.02386,0.04809,0.03104,0.02083,0.04194,0.02107,0.02145,0.02522,0.02546,0.03316,0.02605,0.03017,0.02674,0.05403,0.0629,0.03594,0.05278,0.02901,0.03774,0.05147,0.07042,0.05444,0.07502,0.05845,0.09591,0.07914,0.09051,0.05992,0.07831,0.11535,0.09641,0.16703]},"QUANTITY_DISTRIBUTION":{"CATEGORY":"Quantity","MIN_VALUE":0,"P10_VALUE":0,"P25_VALUE":0,"MEDIAN_VALUE":28,"P75_VALUE":30,"P90_VALUE":60,"MAX_VALUE":12000},"REFILLS_DISTRIBUTION":{"CATEGORY":"Refills","MIN_VALUE":0,"P10_VALUE":0,"P25_VALUE":0,"MEDIAN_VALUE":0,"P75_VALUE":0,"P90_VALUE":5,"MAX_VALUE":11}}
