{"AGE_AT_FIRST_EXPOSURE":{"CATEGORY":["MALE","FEMALE"],"MIN_VALUE":[0,0],"P10_VALUE":[0,0],"P25_VALUE":[1,1],"MEDIAN_VALUE":[9,18],"P75_VALUE":[64,62],"P90_VALUE":[77,80],"MAX_VALUE":[96,100]},"DAYS_SUPPLY_DISTRIBUTION":{"CATEGORY":"Days supply","MIN_VALUE":0,"P10_VALUE":0,"P25_VALUE":0,"MEDIAN_VALUE":30,"P75_VALUE":30,"P90_VALUE":30,"MAX_VALUE":90},"DRUGS_BY_TYPE":{"CONCEPT_NAME":"Prescription written","COUNT_VALUE":737},"PREVALENCE_BY_GENDER_AGE_YEAR":{"TRELLIS_NAME":["0-9","0-9","0-9","0-9","60-69","0-9","0-9","50-59","50-59","50-59","50-59","0-9","70-79","0-9","60-69","0-9","0-9","60-69","70-79","0-9","0-9","0-9","0-9"],"SERIES_NAME":["MALE","FEMALE","FEMALE","MALE","MALE","MALE","FEMALE","MALE","FEMALE","FEMALE","MALE","MALE","MALE","FEMALE","FEMALE","FEMALE","MALE","FEMALE","MALE","FEMALE","MALE","FEMALE","MALE"],"X_CALENDAR_YEAR":[2008,2008,2009,2009,2010,2010,2010,2010,2010,2011,2011,2011,2011,2011,2011,2012,2012,2012,2013,2013,2013,2014,2014],"Y_PREVALENCE_1000PP":[0.48224,0.50178,0.60915,0.54435,0.47311,0.64982,0.73778,0.48548,0.34224,0.31417,0.44235,0.73173,0.67009,0.59004,0.41492,0.68237,1.24688,0.2948,0.51987,0.63171,0.71041,0.65038,0.78506]},"PREVALENCE_BY_MONTH":{"X_CALENDAR_MONTH":["200810","200812","200902","200903","200904","200905","200912","201003","201004","201005","201006","201007","201008","201009","201010","201011","201012","201101","201102","201103","201104","201105","201106","201107","201108","201109","201110","201111","201112","201201","201203","201204","201205","201206","201207","201208","201210","201211","201301","201303","201304","201305","201306","201309","201312","201401","201402","201403","201405","201409"],"Y_PREVALENCE_1000PP":[0.02534,0.02206,0.02196,0.01873,0.02808,0.02489,0.02484,0.03713,0.01858,0.0186,0.03101,0.02485,0.03422,0.02182,0.04054,0.04376,0.03137,0.04403,0.03468,0.06294,0.02216,0.05397,0.02871,0.02567,0.03864,0.01942,0.01946,0.01953,0.03597,0.03608,0.04946,0.0299,0.02669,0.02356,0.0407,0.02726,0.02414,0.02083,0.03511,0.02145,0.02883,0.03273,0.04053,0.02674,0.03594,0.04466,0.02486,0.03774,0.03081,0.03029]},"QUANTITY_DISTRIBUTION":{"CATEGORY":"Quantity","MIN_VALUE":0,"P10_VALUE":0,"P25_VALUE":0,"MEDIAN_VALUE":30,"P75_VALUE":164,"P90_VALUE":560,"MAX_VALUE":8000},"REFILLS_DISTRIBUTION":{"CATEGORY":"Refills","MIN_VALUE":0,"P10_VALUE":0,"P25_VALUE":0,"MEDIAN_VALUE":0,"P75_VALUE":2,"P90_VALUE":4,"MAX_VALUE":11}}
