{"AGE_AT_FIRST_EXPOSURE":{"CATEGORY":["MALE","FEMALE"],"MIN_VALUE":[17,18],"P10_VALUE":[28,30],"P25_VALUE":[38,39],"MEDIAN_VALUE":[49,50],"P75_VALUE":[59,60],"P90_VALUE":[68,68],"MAX_VALUE":[87,97]},"DAYS_SUPPLY_DISTRIBUTION":{"CATEGORY":"Days supply","MIN_VALUE":0,"P10_VALUE":0,"P25_VALUE":0,"MEDIAN_VALUE":0,"P75_VALUE":0,"P90_VALUE":14,"MAX_VALUE":30},"DRUGS_BY_TYPE":{"CONCEPT_NAME":"Prescription written","COUNT_VALUE":856},"PREVALENCE_BY_GENDER_AGE_YEAR":{"TRELLIS_NAME":["60-69","40-49","50-59","30-39","50-59","30-39","50-59","60-69","60-69","50-59","40-49","40-49","50-59","50-59","40-49","70-79","30-39","30-39","40-49","60-69","60-69","20-29","20-29","50-59","40-49","40-49","50-59","60-69","60-69","20-29","30-39","30-39","20-29","60-69","20-29","30-39","30-39","60-69","40-49","50-59","70-79","40-49","50-59","50-59","60-69"],"SERIES_NAME":["FEMALE","FEMALE","FEMALE","FEMALE","FEMALE","FEMALE","FEMALE","FEMALE","MALE","MALE","MALE","FEMALE","MALE","FEMALE","FEMALE","FEMALE","FEMALE","MALE","MALE","FEMALE","MALE","FEMALE","MALE","MALE","MALE","FEMALE","FEMALE","MALE","FEMALE","FEMALE","FEMALE","MALE","FEMALE","MALE","MALE","MALE","FEMALE","FEMALE","MALE","MALE","FEMALE","FEMALE","FEMALE","FEMALE","FEMALE"],"X_CALENDAR_YEAR":[2009,2009,2009,2010,2010,2011,2011,2011,2011,2011,2011,2011,2012,2012,2012,2012,2012,2012,2012,2012,2012,2012,2012,2013,2013,2013,2013,2013,2013,2013,2013,2013,2014,2014,2014,2014,2014,2014,2014,2014,2014,2014,2014,2015,2015],"Y_PREVALENCE_1000PP":[0.387,0.1929,0.376,0.15752,0.37647,0.49081,0.87269,0.4979,0.46432,0.5898,0.79096,0.84345,0.61171,0.72937,0.89574,0.61218,0.3525,0.68668,0.65931,1.05285,0.424,0.27747,0.30888,0.9602,1.22826,1.01022,1.146,0.48288,0.90548,0.29448,0.62046,0.51951,0.36436,0.39575,0.62069,0.94176,0.80597,0.36271,0.96361,0.75943,0.45071,1.01779,1.08778,0.58845,0.5229]},"PREVALENCE_BY_MONTH":{"X_CALENDAR_MONTH":["200901","200910","201001","201002","201008","201101","201103","201104","201105","201106","201107","201108","201109","201110","201111","201112","201201","201202","201203","201204","201205","201206","201207","201208","201209","201210","201211","201212","201301","201302","201303","201304","201305","201306","201307","201308","201309","201310","201311","201312","201401","201402","201403","201404","201405","201406","201407","201408","201409","201410","201411","201412","201501","201502","201503","201504"],"Y_PREVALENCE_1000PP":[0.02827,0.02794,0.02174,0.02797,0.01866,0.01887,0.02832,0.05066,0.0381,0.04466,0.02888,0.03864,0.04208,0.04217,0.04558,0.06541,0.05903,0.0428,0.04946,0.0598,0.03003,0.04713,0.03052,0.06134,0.03778,0.03449,0.05556,0.04543,0.04916,0.0284,0.0572,0.06125,0.05091,0.04053,0.04838,0.07165,0.08022,0.05789,0.04718,0.07189,0.05278,0.05387,0.06289,0.07292,0.03521,0.0499,0.03751,0.06332,0.07067,0.07914,0.12445,0.08988,0.09137,0.05768,0.11248,0.08843]},"QUANTITY_DISTRIBUTION":{"CATEGORY":"Quantity","MIN_VALUE":0,"P10_VALUE":0,"P25_VALUE":0,"MEDIAN_VALUE":0,"P75_VALUE":14,"P90_VALUE":30,"MAX_VALUE":900},"REFILLS_DISTRIBUTION":{"CATEGORY":"Refills","MIN_VALUE":0,"P10_VALUE":0,"P25_VALUE":0,"MEDIAN_VALUE":0,"P75_VALUE":0,"P90_VALUE":0,"MAX_VALUE":6}}
