{"AGE_AT_FIRST_EXPOSURE":{"CATEGORY":["MALE","FEMALE"],"MIN_VALUE":[16,7],"P10_VALUE":[49,47],"P25_VALUE":[59,60],"MEDIAN_VALUE":[70,70],"P75_VALUE":[80,79],"P90_VALUE":[85,86],"MAX_VALUE":[94,102]},"DAYS_SUPPLY_DISTRIBUTION":{"CATEGORY":"Days supply","MIN_VALUE":0,"P10_VALUE":0,"P25_VALUE":0,"MEDIAN_VALUE":0,"P75_VALUE":21,"P90_VALUE":30,"MAX_VALUE":90},"DRUGS_BY_TYPE":{"CONCEPT_NAME":["Inpatient administration","Prescription written"],"COUNT_VALUE":[497,339]},"PREVALENCE_BY_GENDER_AGE_YEAR":{"TRELLIS_NAME":["60-69","70-79","80-89","70-79","80-89","70-79","80-89","60-69","70-79","70-79","80-89","70-79","70-79","60-69","70-79","80-89","60-69","60-69","80-89","50-59","70-79","50-59","60-69","50-59"],"SERIES_NAME":["FEMALE","FEMALE","MALE","FEMALE","FEMALE","FEMALE","FEMALE","FEMALE","FEMALE","FEMALE","FEMALE","FEMALE","MALE","FEMALE","MALE","MALE","FEMALE","MALE","MALE","MALE","FEMALE","FEMALE","FEMALE","FEMALE"],"X_CALENDAR_YEAR":[2005,2007,2008,2008,2009,2009,2010,2010,2010,2011,2011,2012,2012,2012,2013,2013,2013,2014,2014,2014,2014,2014,2014,2015],"Y_PREVALENCE_1000PP":[0.33608,0.40169,1.17037,0.64746,0.75578,0.44209,0.84962,0.41922,0.56419,0.43325,0.73038,0.55096,0.44981,0.2948,0.59413,1.05469,0.25871,0.39575,0.95359,0.35051,1.0302,0.25103,0.58941,0.44134]},"PREVALENCE_BY_MONTH":{"X_CALENDAR_MONTH":["200405","200601","200805","200809","200810","200902","201005","201007","201008","201009","201012","201101","201105","201109","201110","201204","201207","201208","201212","201302","201303","201305","201312","201403","201404","201405","201406","201407","201410","201501","201502","201503","201504","201505"],"Y_PREVALENCE_1000PP":[0.04526,0.02333,0.02259,0.01911,0.02217,0.01882,0.0186,0.01864,0.03111,0.03117,0.02196,0.01887,0.02222,0.01942,0.02271,0.01993,0.02035,0.03408,0.03145,0.0284,0.02503,0.02182,0.02396,0.02516,0.0386,0.09243,0.0499,0.0422,0.03166,0.06526,0.06489,0.11248,0.06878,0.08377]},"QUANTITY_DISTRIBUTION":{"CATEGORY":"Quantity","MIN_VALUE":0,"P10_VALUE":0,"P25_VALUE":0,"MEDIAN_VALUE":1,"P75_VALUE":56,"P90_VALUE":120,"MAX_VALUE":180},"REFILLS_DISTRIBUTION":{"CATEGORY":"Refills","MIN_VALUE":0,"P10_VALUE":0,"P25_VALUE":0,"MEDIAN_VALUE":0,"P75_VALUE":3,"P90_VALUE":5,"MAX_VALUE":11}}
