{"AGE_AT_FIRST_EXPOSURE":{"CATEGORY":["FEMALE","MALE"],"MIN_VALUE":[0,0],"P10_VALUE":[8,3],"P25_VALUE":[26,19],"MEDIAN_VALUE":[47,48],"P75_VALUE":[64,66],"P90_VALUE":[74,75],"MAX_VALUE":[92,94]},"DAYS_SUPPLY_DISTRIBUTION":{"CATEGORY":"Days supply","MIN_VALUE":0,"P10_VALUE":0,"P25_VALUE":0,"MEDIAN_VALUE":0,"P75_VALUE":0,"P90_VALUE":30,"MAX_VALUE":30},"DRUGS_BY_TYPE":{"CONCEPT_NAME":["Inpatient administration","Prescription written"],"COUNT_VALUE":[4534,37]},"PREVALENCE_BY_GENDER_AGE_YEAR":{"TRELLIS_NAME":["50-59","30-39","40-49","50-59","10-19","40-49","70-79","0-9","10-19","0-9","70-79","20-29","30-39","60-69","20-29","60-69","0-9","10-19","60-69","30-39","0-9","40-49","50-59","60-69","20-29","30-39","30-39","60-69","70-79","10-19","50-59","40-49","50-59","50-59","70-79","0-9","70-79","50-59","40-49","60-69","70-79","50-59","40-49","70-79","60-69","20-29","60-69","50-59","30-39","60-69","20-29","70-79","40-49","60-69","30-39","50-59","40-49","70-79","50-59","30-39","20-29","60-69","60-69","50-59","70-79","50-59","70-79","70-79","30-39","20-29"],"SERIES_NAME":["FEMALE","MALE","FEMALE","MALE","FEMALE","MALE","FEMALE","FEMALE","MALE","MALE","MALE","MALE","FEMALE","MALE","FEMALE","FEMALE","MALE","MALE","FEMALE","FEMALE","FEMALE","FEMALE","FEMALE","MALE","MALE","FEMALE","MALE","FEMALE","MALE","MALE","FEMALE","FEMALE","MALE","FEMALE","MALE","MALE","FEMALE","MALE","FEMALE","FEMALE","MALE","MALE","FEMALE","FEMALE","MALE","FEMALE","FEMALE","FEMALE","FEMALE","MALE","FEMALE","MALE","MALE","FEMALE","FEMALE","MALE","FEMALE","FEMALE","FEMALE","FEMALE","FEMALE","MALE","FEMALE","FEMALE","FEMALE","MALE","MALE","MALE","FEMALE","FEMALE"],"X_CALENDAR_YEAR":[2005,2005,2005,2005,2005,2005,2005,2005,2005,2005,2005,2005,2005,2005,2005,2005,2006,2006,2006,2006,2006,2006,2006,2008,2008,2008,2008,2008,2008,2008,2008,2008,2008,2010,2010,2010,2010,2010,2010,2010,2011,2011,2011,2011,2011,2011,2011,2011,2011,2012,2012,2012,2012,2012,2012,2012,2012,2012,2012,2013,2013,2013,2013,2013,2013,2013,2013,2014,2014,2014],"Y_PREVALENCE_1000PP":[0.44821,0.60441,0.40819,0.71461,0.75846,0.86997,0.98485,1.21456,0.74264,1.57259,1.24557,0.57393,0.25924,0.91841,0.47307,0.78418,0.68397,0.30477,0.30187,0.20971,0.43092,0.20518,0.25949,0.80018,0.48044,0.26837,0.42628,0.40537,0.47278,0.2735,0.2091,0.29149,0.30276,0.27379,1.28759,0.20521,0.56419,0.29129,0.29097,0.33537,0.44673,0.3932,0.23617,0.37136,0.36114,0.20922,0.37343,0.20945,0.1636,0.477,0.16648,0.74968,0.4795,0.42114,0.17625,0.66269,0.21498,0.79584,0.29175,0.21716,0.17669,0.53654,0.4743,0.2674,0.42543,0.32007,0.81693,1.09469,0.21025,0.23186]},"PREVALENCE_BY_MONTH":{"X_CALENDAR_MONTH":["200504","200505","200506","200507","200508","200509","200510","200511","200512","200601","200602","200603","200604","200711","200803","200804","200805","200806","200807","200808","200809","200811","200812","200901","200908","200912","201001","201002","201003","201004","201005","201006","201007","201008","201009","201010","201011","201012","201101","201103","201104","201105","201106","201107","201108","201109","201110","201111","201112","201201","201202","201203","201204","201205","201206","201207","201208","201209","201210","201211","201212","201301","201302","201303","201304","201305","201306","201307","201308","201309","201310","201311","201312","201401","201402","201403","201404","201405","201406","201408","201409","201410","201502"],"Y_PREVALENCE_1000PP":[0.13947,0.17582,0.16793,0.1867,0.229,0.07793,0.13333,0.07975,0.1303,0.14388,0.15038,0.05691,0.06404,0.01983,0.08769,0.06797,0.02582,0.09336,0.04806,0.02561,0.04142,0.02216,0.03152,0.01885,0.02182,0.01863,0.03726,0.04972,0.03713,0.04955,0.04341,0.05581,0.05591,0.05599,0.05611,0.0343,0.04064,0.05019,0.04089,0.04406,0.04116,0.0254,0.03828,0.03209,0.02576,0.03561,0.03568,0.0293,0.0556,0.04264,0.03293,0.03297,0.03322,0.05005,0.0505,0.02713,0.05112,0.04122,0.03449,0.05556,0.05941,0.05969,0.0426,0.03218,0.05765,0.04,0.04053,0.04466,0.0528,0.0573,0.05017,0.05111,0.03994,0.03248,0.02486,0.03354,0.03002,0.03961,0.0499,0.02922,0.06058,0.03166,0.05047]},"QUANTITY_DISTRIBUTION":{"CATEGORY":"Quantity","MIN_VALUE":0,"P10_VALUE":0,"P25_VALUE":0,"MEDIAN_VALUE":0,"P75_VALUE":0,"P90_VALUE":4,"MAX_VALUE":10714},"REFILLS_DISTRIBUTION":{"CATEGORY":"Refills","MIN_VALUE":0,"P10_VALUE":0,"P25_VALUE":0,"MEDIAN_VALUE":0,"P75_VALUE":0,"P90_VALUE":0,"MAX_VALUE":7}}
