{"AGE_AT_FIRST_EXPOSURE":{"CATEGORY":["FEMALE","MALE"],"MIN_VALUE":[1,1],"P10_VALUE":[20,10],"P25_VALUE":[29,29],"MEDIAN_VALUE":[54,55],"P75_VALUE":[71,70],"P90_VALUE":[83,81],"MAX_VALUE":[102,97]},"DAYS_SUPPLY_DISTRIBUTION":{"CATEGORY":"Days supply","MIN_VALUE":0,"P10_VALUE":0,"P25_VALUE":0,"MEDIAN_VALUE":0,"P75_VALUE":7,"P90_VALUE":20,"MAX_VALUE":60},"DRUGS_BY_TYPE":{"CONCEPT_NAME":"Prescription written","COUNT_VALUE":974},"PREVALENCE_BY_GENDER_AGE_YEAR":{"TRELLIS_NAME":["80-89","70-79","20-29","70-79","60-69","80-89","60-69","50-59","20-29","30-39","50-59","30-39","0-9","0-9","50-59","40-49","70-79","60-69","60-69","20-29","80-89","80-89","30-39","30-39","40-49","70-79","50-59","0-9","60-69","10-19","70-79","20-29","80-89","60-69","20-29","50-59","40-49","0-9","40-49","50-59","70-79","30-39","60-69","60-69","80-89","20-29","20-29","30-39","20-29","60-69","80-89","60-69","40-49","50-59","50-59","70-79","70-79","50-59","70-79","60-69","80-89"],"SERIES_NAME":["FEMALE","FEMALE","FEMALE","FEMALE","FEMALE","FEMALE","FEMALE","FEMALE","MALE","FEMALE","FEMALE","MALE","MALE","FEMALE","MALE","FEMALE","FEMALE","FEMALE","MALE","FEMALE","MALE","FEMALE","FEMALE","MALE","FEMALE","FEMALE","FEMALE","MALE","FEMALE","FEMALE","MALE","FEMALE","FEMALE","MALE","MALE","MALE","MALE","MALE","FEMALE","FEMALE","FEMALE","FEMALE","MALE","FEMALE","FEMALE","MALE","FEMALE","FEMALE","FEMALE","MALE","FEMALE","FEMALE","FEMALE","FEMALE","MALE","MALE","FEMALE","FEMALE","FEMALE","FEMALE","FEMALE"],"X_CALENDAR_YEAR":[2008,2008,2009,2009,2009,2010,2010,2010,2011,2011,2011,2011,2011,2011,2011,2011,2011,2011,2011,2011,2011,2011,2012,2012,2012,2012,2012,2012,2012,2012,2012,2012,2012,2012,2012,2013,2013,2013,2013,2013,2013,2013,2013,2013,2013,2013,2013,2014,2014,2014,2014,2014,2014,2014,2014,2014,2014,2015,2015,2015,2015],"Y_PREVALENCE_1000PP":[1.01067,0.58271,0.14805,0.37893,0.344,1.06202,0.3773,0.23957,0.40258,0.24541,0.27926,0.54608,0.3136,0.27535,0.34405,0.37112,0.8046,0.29044,0.41273,0.36613,0.89566,1.87813,0.46999,0.37456,0.64493,0.48975,0.51056,0.21375,0.75805,0.34777,0.74968,0.74917,0.85342,0.689,0.30888,0.42676,0.64645,0.22434,0.4274,0.4966,0.54698,0.34125,0.32192,0.73301,1.33082,0.32739,0.50062,0.31538,0.66247,0.56536,0.69971,0.8161,0.39827,0.62756,0.46734,0.70373,0.90142,0.44134,1.03702,0.74699,1.10865]},"PREVALENCE_BY_MONTH":{"X_CALENDAR_MONTH":["200712","200809","200810","200811","200812","200901","200902","200903","200905","200906","201003","201011","201012","201101","201102","201103","201104","201105","201106","201107","201108","201109","201110","201111","201112","201201","201202","201203","201204","201205","201206","201207","201208","201209","201210","201211","201212","201301","201302","201303","201304","201305","201306","201307","201308","201309","201310","201311","201312","201401","201403","201404","201405","201406","201407","201408","201409","201410","201411","201412","201501","201502","201503","201504"],"Y_PREVALENCE_1000PP":[0.03959,0.0223,0.02534,0.02533,0.02206,0.02199,0.0251,0.02497,0.03112,0.01867,0.03403,0.03751,0.03764,0.05661,0.04414,0.05035,0.04433,0.05079,0.05104,0.02246,0.01932,0.03237,0.02919,0.06837,0.03925,0.07543,0.03951,0.05276,0.06976,0.02336,0.05723,0.0407,0.08179,0.03778,0.06208,0.04514,0.08387,0.07374,0.06391,0.1001,0.03603,0.04728,0.02579,0.02605,0.03017,0.03056,0.03859,0.0629,0.04393,0.04466,0.05031,0.06005,0.02641,0.07259,0.05626,0.04383,0.07572,0.09497,0.10748,0.08389,0.11747,0.11535,0.10444,0.14738]},"QUANTITY_DISTRIBUTION":{"CATEGORY":"Quantity","MIN_VALUE":0,"P10_VALUE":0,"P25_VALUE":0,"MEDIAN_VALUE":9,"P75_VALUE":30,"P90_VALUE":120,"MAX_VALUE":72000},"REFILLS_DISTRIBUTION":{"CATEGORY":"Refills","MIN_VALUE":0,"P10_VALUE":0,"P25_VALUE":0,"MEDIAN_VALUE":0,"P75_VALUE":0,"P90_VALUE":1,"MAX_VALUE":5}}
