{"AGE_AT_FIRST_EXPOSURE":{"CATEGORY":["FEMALE","MALE"],"MIN_VALUE":[21,0],"P10_VALUE":[21,37],"P25_VALUE":[22,48],"MEDIAN_VALUE":[28,57],"P75_VALUE":[53,66],"P90_VALUE":[75,74],"MAX_VALUE":[75,95]},"DAYS_SUPPLY_DISTRIBUTION":{"CATEGORY":"Days supply","MIN_VALUE":0,"P10_VALUE":0,"P25_VALUE":0,"MEDIAN_VALUE":30,"P75_VALUE":30,"P90_VALUE":30,"MAX_VALUE":90},"DRUGS_BY_TYPE":{"CONCEPT_NAME":["Inpatient administration","Prescription written"],"COUNT_VALUE":[282,853]},"PREVALENCE_BY_GENDER_AGE_YEAR":{"TRELLIS_NAME":["50-59","40-49","50-59","60-69","50-59","40-49","70-79","60-69","70-79","40-49","50-59","60-69","40-49","50-59","60-69","30-39","40-49","70-79","60-69","30-39","50-59","30-39","60-69","40-49","50-59","70-79","40-49","70-79","50-59","60-69","60-69","50-59"],"SERIES_NAME":["MALE","MALE","MALE","MALE","MALE","MALE","MALE","MALE","MALE","MALE","MALE","MALE","MALE","MALE","MALE","MALE","MALE","MALE","MALE","MALE","MALE","MALE","MALE","MALE","MALE","MALE","MALE","MALE","MALE","MALE","MALE","MALE"],"X_CALENDAR_YEAR":[2004,2004,2008,2008,2009,2009,2009,2009,2010,2010,2010,2010,2011,2011,2011,2011,2012,2012,2012,2012,2012,2013,2013,2013,2013,2013,2014,2014,2014,2014,2015,2015],"Y_PREVALENCE_1000PP":[0.49892,0.59307,0.35321,0.68587,0.5921,0.48224,0.46908,0.76603,0.53018,0.43328,0.63113,0.52568,1.01695,1.37619,0.92865,0.42473,0.959,0.82465,1.32499,0.49941,1.2744,0.58445,1.07308,1.48684,1.28027,0.81693,1.03773,1.32927,1.63571,1.52646,0.85616,1.07828]},"PREVALENCE_BY_MONTH":{"X_CALENDAR_MONTH":["200411","200412","200501","200502","200906","200909","200911","200912","201001","201002","201004","201006","201007","201008","201101","201102","201103","201104","201105","201106","201107","201108","201109","201110","201112","201201","201202","201203","201204","201205","201206","201207","201208","201209","201210","201211","201212","201301","201302","201303","201304","201305","201306","201307","201308","201309","201310","201311","201312","201402","201403","201404","201405","201406","201407","201408","201409","201410","201411","201412","201501","201502","201503","201504"],"Y_PREVALENCE_1000PP":[0.04161,0.04017,0.03407,0.0285,0.02489,0.01867,0.02795,0.02794,0.02484,0.02797,0.02168,0.0186,0.01864,0.01866,0.01887,0.02207,0.02832,0.019,0.04127,0.0319,0.03529,0.04186,0.03561,0.02595,0.03925,0.05247,0.05268,0.07254,0.01993,0.05672,0.05386,0.05087,0.05112,0.04465,0.03794,0.05556,0.04194,0.03511,0.03195,0.04648,0.04684,0.04364,0.04053,0.02977,0.04148,0.04584,0.05403,0.04324,0.05991,0.05387,0.03354,0.05576,0.07042,0.09527,0.07033,0.05845,0.06562,0.05276,0.09051,0.0719,0.09137,0.09372,0.07231,0.10808]},"QUANTITY_DISTRIBUTION":{"CATEGORY":"Quantity","MIN_VALUE":0,"P10_VALUE":0,"P25_VALUE":0,"MEDIAN_VALUE":30,"P75_VALUE":30,"P90_VALUE":60,"MAX_VALUE":4500},"REFILLS_DISTRIBUTION":{"CATEGORY":"Refills","MIN_VALUE":0,"P10_VALUE":0,"P25_VALUE":0,"MEDIAN_VALUE":0,"P75_VALUE":0,"P90_VALUE":3,"MAX_VALUE":7}}
