{"AGE_AT_FIRST_EXPOSURE":{"CATEGORY":["MALE","FEMALE"],"MIN_VALUE":[5,4],"P10_VALUE":[7,8],"P25_VALUE":[8,10],"MEDIAN_VALUE":[12,14],"P75_VALUE":[16,29],"P90_VALUE":[40,56],"MAX_VALUE":[87,94]},"DAYS_SUPPLY_DISTRIBUTION":{"CATEGORY":"Days supply","MIN_VALUE":0,"P10_VALUE":0,"P25_VALUE":14,"MEDIAN_VALUE":30,"P75_VALUE":30,"P90_VALUE":30,"MAX_VALUE":90},"DRUGS_BY_TYPE":{"CONCEPT_NAME":["Inpatient administration","Prescription written"],"COUNT_VALUE":[489,1012]},"PREVALENCE_BY_GENDER_AGE_YEAR":{"TRELLIS_NAME":["10-19","0-9","10-19","10-19","0-9","10-19","10-19","0-9","10-19","10-19","10-19","0-9","10-19","10-19","10-19","0-9","10-19","0-9","10-19","0-9","10-19","0-9","0-9","10-19","10-19","10-19","0-9"],"SERIES_NAME":["MALE","MALE","FEMALE","MALE","MALE","MALE","FEMALE","MALE","MALE","FEMALE","FEMALE","MALE","MALE","FEMALE","MALE","MALE","MALE","MALE","FEMALE","FEMALE","FEMALE","FEMALE","MALE","MALE","FEMALE","MALE","MALE"],"X_CALENDAR_YEAR":[2005,2008,2008,2008,2009,2009,2009,2010,2010,2010,2011,2011,2011,2012,2012,2012,2013,2013,2013,2013,2014,2014,2014,2014,2015,2015,2015],"Y_PREVALENCE_1000PP":[0.45701,0.20668,0.37178,0.45583,0.37424,0.66934,0.36736,0.58142,1.67823,0.4167,0.47168,0.76658,1.29702,0.52165,2.03022,0.78375,2.43581,0.93475,0.88549,0.46326,1.29492,0.46455,1.19825,2.81922,0.8578,3.4632,1.24151]},"PREVALENCE_BY_MONTH":{"X_CALENDAR_MONTH":["200808","200809","200811","200812","200902","200905","200910","200911","200912","201001","201002","201003","201005","201006","201007","201008","201009","201010","201011","201012","201101","201102","201103","201104","201105","201108","201109","201110","201111","201112","201201","201202","201203","201204","201205","201206","201207","201208","201209","201210","201211","201212","201301","201302","201303","201304","201305","201306","201307","201308","201309","201310","201311","201312","201401","201402","201403","201404","201405","201406","201407","201408","201409","201410","201411","201412","201501","201502","201503","201504","201505"],"Y_PREVALENCE_1000PP":[0.01921,0.0223,0.01899,0.02837,0.01882,0.02178,0.01863,0.02174,0.01863,0.02174,0.02797,0.02166,0.03101,0.0248,0.02174,0.04044,0.02494,0.0343,0.02188,0.04705,0.02516,0.03153,0.0472,0.02533,0.03175,0.01932,0.03237,0.03893,0.02604,0.03597,0.04264,0.03951,0.05606,0.03322,0.0367,0.0505,0.02713,0.03067,0.04465,0.03104,0.04861,0.04194,0.07374,0.0497,0.0715,0.06846,0.05455,0.06264,0.04838,0.08297,0.06494,0.06561,0.09042,0.05591,0.05278,0.08287,0.09224,0.12438,0.11443,0.08166,0.08908,0.12663,0.12115,0.12135,0.11314,0.14381,0.16315,0.21628,0.21692,0.3144,0.12565]},"QUANTITY_DISTRIBUTION":{"CATEGORY":"Quantity","MIN_VALUE":0,"P10_VALUE":0,"P25_VALUE":30,"MEDIAN_VALUE":30,"P75_VALUE":30,"P90_VALUE":30,"MAX_VALUE":270},"REFILLS_DISTRIBUTION":{"CATEGORY":"Refills","MIN_VALUE":0,"P10_VALUE":0,"P25_VALUE":0,"MEDIAN_VALUE":0,"P75_VALUE":0,"P90_VALUE":0,"MAX_VALUE":6}}
