{"AGE_AT_FIRST_EXPOSURE":{"CATEGORY":["FEMALE","MALE"],"MIN_VALUE":[19,22],"P10_VALUE":[32,36],"P25_VALUE":[44,42],"MEDIAN_VALUE":[52,50],"P75_VALUE":[60,55],"P90_VALUE":[66,68],"MAX_VALUE":[79,94]},"DAYS_SUPPLY_DISTRIBUTION":{"CATEGORY":"Days supply","MIN_VALUE":0,"P10_VALUE":0,"P25_VALUE":30,"MEDIAN_VALUE":30,"P75_VALUE":30,"P90_VALUE":30,"MAX_VALUE":90},"DRUGS_BY_TYPE":{"CONCEPT_NAME":"Prescription written","COUNT_VALUE":424},"PREVALENCE_BY_GENDER_AGE_YEAR":{"TRELLIS_NAME":["60-69","50-59","50-59","60-69","40-49","50-59","50-59","60-69"],"SERIES_NAME":["FEMALE","MALE","FEMALE","FEMALE","MALE","MALE","FEMALE","FEMALE"],"X_CALENDAR_YEAR":[2011,2012,2012,2012,2013,2014,2015,2015],"Y_PREVALENCE_1000PP":[0.37343,0.35683,0.29175,0.2948,0.51716,0.40893,0.5149,0.5229]},"PREVALENCE_BY_MONTH":{"X_CALENDAR_MONTH":["201109","201112","201202","201204","201205","201207","201208","201211","201301","201302","201303","201305","201307","201308","201309","201310","201312","201403","201404","201405","201407","201410","201412","201501","201502","201503","201504"],"Y_PREVALENCE_1000PP":[0.0259,0.02616,0.02305,0.01993,0.02002,0.02035,0.02386,0.0382,0.02107,0.0213,0.0286,0.02546,0.02233,0.02263,0.02674,0.02702,0.03195,0.02935,0.04718,0.02641,0.03282,0.03166,0.04194,0.06526,0.05047,0.05624,0.09825]},"QUANTITY_DISTRIBUTION":{"CATEGORY":"Quantity","MIN_VALUE":0,"P10_VALUE":0,"P25_VALUE":15,"MEDIAN_VALUE":30,"P75_VALUE":30,"P90_VALUE":30,"MAX_VALUE":90},"REFILLS_DISTRIBUTION":{"CATEGORY":"Refills","MIN_VALUE":0,"P10_VALUE":0,"P25_VALUE":0,"MEDIAN_VALUE":0,"P75_VALUE":2,"P90_VALUE":5,"MAX_VALUE":6}}
