{"AGE_AT_FIRST_EXPOSURE":{"CATEGORY":["MALE","FEMALE"],"MIN_VALUE":[0,1],"P10_VALUE":[6,10],"P25_VALUE":[11,15],"MEDIAN_VALUE":[20,35],"P75_VALUE":[65,61],"P90_VALUE":[75,81],"MAX_VALUE":[95,96]},"DAYS_SUPPLY_DISTRIBUTION":{"CATEGORY":"Days supply","MIN_VALUE":0,"P10_VALUE":0,"P25_VALUE":0,"MEDIAN_VALUE":14,"P75_VALUE":30,"P90_VALUE":30,"MAX_VALUE":90},"DRUGS_BY_TYPE":{"CONCEPT_NAME":"Prescription written","COUNT_VALUE":872},"PREVALENCE_BY_GENDER_AGE_YEAR":{"TRELLIS_NAME":["70-79","40-49","50-59","70-79","10-19","10-19","30-39","60-69","20-29","80-89","0-9","0-9","10-19","10-19","40-49","10-19","10-19","0-9","10-19","0-9","10-19","60-69","90-99","40-49","50-59","60-69","0-9","10-19","10-19","70-79","0-9","60-69","10-19","0-9","10-19","30-39","60-69","10-19","10-19","60-69"],"SERIES_NAME":["FEMALE","FEMALE","FEMALE","MALE","FEMALE","MALE","FEMALE","MALE","FEMALE","FEMALE","FEMALE","MALE","MALE","FEMALE","MALE","FEMALE","MALE","MALE","FEMALE","MALE","MALE","FEMALE","FEMALE","FEMALE","FEMALE","FEMALE","MALE","FEMALE","MALE","MALE","FEMALE","MALE","MALE","MALE","FEMALE","FEMALE","FEMALE","FEMALE","MALE","FEMALE"],"X_CALENDAR_YEAR":[2008,2008,2008,2008,2008,2008,2009,2009,2009,2009,2009,2009,2009,2009,2009,2010,2010,2010,2011,2011,2011,2011,2011,2012,2012,2012,2012,2012,2012,2012,2012,2012,2013,2013,2013,2013,2013,2014,2014,2014],"Y_PREVALENCE_1000PP":[0.38848,0.22671,0.38334,0.55157,0.57832,0.59258,0.1565,0.49245,0.17272,0.64781,0.2665,0.40826,0.9817,1.1429,0.32149,0.54171,0.36286,0.37621,0.38592,0.27876,0.37058,0.29044,2.73473,0.28664,0.32822,0.37903,0.39188,0.65206,0.47214,0.44981,0.24084,0.318,0.76119,0.26173,1.02531,0.18614,0.25871,0.32373,0.41114,0.36271]},"PREVALENCE_BY_MONTH":{"X_CALENDAR_MONTH":["200803","200804","200807","200808","200809","200810","200811","200812","200901","200902","200903","200904","200906","200907","200908","200909","200910","200911","200912","201001","201003","201004","201005","201006","201007","201008","201010","201011","201103","201105","201107","201108","201110","201111","201112","201201","201203","201204","201205","201206","201207","201208","201209","201210","201211","201212","201301","201302","201303","201304","201305","201306","201307","201308","201309","201310","201311","201401","201404","201407","201409","201410","201411"],"Y_PREVALENCE_1000PP":[0.01949,0.01942,0.02884,0.02241,0.0223,0.06019,0.06332,0.02837,0.03456,0.04706,0.03121,0.04369,0.04666,0.02492,0.02182,0.04667,0.05589,0.04658,0.05278,0.04968,0.02166,0.03407,0.02481,0.0248,0.01864,0.02178,0.01871,0.01875,0.02517,0.05397,0.02888,0.02576,0.03893,0.02604,0.02616,0.0328,0.03627,0.02658,0.0367,0.0303,0.05765,0.02726,0.04465,0.04828,0.02431,0.02446,0.05618,0.0284,0.0286,0.02522,0.0691,0.03685,0.02605,0.0264,0.03056,0.04245,0.02752,0.02842,0.03002,0.02813,0.03534,0.05276,0.03394]},"QUANTITY_DISTRIBUTION":{"CATEGORY":"Quantity","MIN_VALUE":0,"P10_VALUE":0,"P25_VALUE":0,"MEDIAN_VALUE":30,"P75_VALUE":30,"P90_VALUE":60,"MAX_VALUE":1800},"REFILLS_DISTRIBUTION":{"CATEGORY":"Refills","MIN_VALUE":0,"P10_VALUE":0,"P25_VALUE":0,"MEDIAN_VALUE":0,"P75_VALUE":3,"P90_VALUE":5,"MAX_VALUE":6}}
