{"AGE_AT_FIRST_EXPOSURE":{"CATEGORY":["FEMALE","MALE"],"MIN_VALUE":[0,0],"P10_VALUE":[0,0],"P25_VALUE":[1,1],"MEDIAN_VALUE":[2,3],"P75_VALUE":[34,18],"P90_VALUE":[76,69],"MAX_VALUE":[109,98]},"DAYS_SUPPLY_DISTRIBUTION":{"CATEGORY":"Days supply","MIN_VALUE":0,"P10_VALUE":0,"P25_VALUE":0,"MEDIAN_VALUE":0,"P75_VALUE":0,"P90_VALUE":30,"MAX_VALUE":30},"DRUGS_BY_TYPE":{"CONCEPT_NAME":["Prescription written","Inpatient administration"],"COUNT_VALUE":[58,542]},"PREVALENCE_BY_GENDER_AGE_YEAR":{"TRELLIS_NAME":["0-9","0-9","0-9","0-9","0-9","0-9","0-9","0-9","0-9","0-9","0-9","0-9","0-9","0-9","0-9","0-9","0-9","0-9"],"SERIES_NAME":["MALE","FEMALE","FEMALE","MALE","MALE","FEMALE","FEMALE","MALE","MALE","FEMALE","MALE","FEMALE","MALE","FEMALE","MALE","FEMALE","FEMALE","MALE"],"X_CALENDAR_YEAR":[2004,2004,2005,2007,2008,2008,2009,2009,2010,2010,2011,2011,2012,2012,2013,2013,2014,2014],"Y_PREVALENCE_1000PP":[0.67237,0.3867,0.42042,0.28477,0.79226,0.81056,0.64722,0.7825,0.82082,0.97076,0.66204,0.78672,0.78375,0.76265,0.48607,0.67383,0.27873,0.70242]},"PREVALENCE_BY_MONTH":{"X_CALENDAR_MONTH":["200706","200806","200807","200808","200809","200811","200812","200901","200903","200905","200907","201001","201003","201005","201006","201009","201010","201101","201102","201103","201106","201107","201203","201208","201302","201402","201410"],"Y_PREVALENCE_1000PP":[0.02038,0.02253,0.02884,0.01921,0.0223,0.01899,0.04412,0.02513,0.02497,0.02178,0.01869,0.02174,0.02784,0.02481,0.0186,0.02806,0.02495,0.01887,0.02837,0.01888,0.02552,0.01925,0.02308,0.02045,0.02485,0.02486,0.03166]},"QUANTITY_DISTRIBUTION":{"CATEGORY":"Quantity","MIN_VALUE":0,"P10_VALUE":1,"P25_VALUE":1,"MEDIAN_VALUE":1,"P75_VALUE":1,"P90_VALUE":30,"MAX_VALUE":180},"REFILLS_DISTRIBUTION":{"CATEGORY":"Refills","MIN_VALUE":0,"P10_VALUE":0,"P25_VALUE":0,"MEDIAN_VALUE":0,"P75_VALUE":2,"P90_VALUE":5,"MAX_VALUE":5}}
