{"AGE_AT_FIRST_EXPOSURE":{"CATEGORY":["FEMALE","MALE"],"MIN_VALUE":[28,18],"P10_VALUE":[49,47],"P25_VALUE":[58,57],"MEDIAN_VALUE":[67,65],"P75_VALUE":[78,75],"P90_VALUE":[86,82],"MAX_VALUE":[100,98]},"DAYS_SUPPLY_DISTRIBUTION":{"CATEGORY":"Days supply","MIN_VALUE":0,"P10_VALUE":0,"P25_VALUE":0,"MEDIAN_VALUE":30,"P75_VALUE":30,"P90_VALUE":30,"MAX_VALUE":180},"DRUGS_BY_TYPE":{"CONCEPT_NAME":["Inpatient administration","Prescription written"],"COUNT_VALUE":[219,1273]},"PREVALENCE_BY_GENDER_AGE_YEAR":{"TRELLIS_NAME":["70-79","80-89","60-69","60-69","70-79","70-79","70-79","80-89","60-69","60-69","40-49","50-59","70-79","60-69","90-99","80-89","80-89","60-69","70-79","40-49","40-49","50-59","70-79","50-59","80-89","60-69","80-89","50-59","40-49","50-59","70-79","40-49","70-79","90-99","60-69","60-69","60-69","50-59","70-79","40-49","50-59","50-59","60-69","60-69"],"SERIES_NAME":["FEMALE","FEMALE","MALE","FEMALE","MALE","FEMALE","MALE","FEMALE","FEMALE","MALE","MALE","FEMALE","FEMALE","MALE","MALE","FEMALE","MALE","FEMALE","MALE","MALE","FEMALE","FEMALE","FEMALE","MALE","MALE","MALE","FEMALE","FEMALE","MALE","MALE","FEMALE","FEMALE","MALE","FEMALE","FEMALE","MALE","FEMALE","FEMALE","FEMALE","FEMALE","MALE","MALE","FEMALE","MALE"],"X_CALENDAR_YEAR":[2004,2005,2005,2005,2005,2006,2006,2006,2007,2007,2007,2007,2007,2008,2008,2008,2008,2008,2008,2008,2008,2008,2008,2008,2009,2009,2009,2009,2009,2009,2009,2009,2009,2009,2009,2010,2010,2010,2010,2010,2010,2011,2011,2011],"Y_PREVALENCE_1000PP":[0.546,0.83519,0.45921,0.39209,0.67069,0.41394,0.69547,0.75882,0.61318,0.36726,0.38405,0.3233,0.53558,2.74348,8.58896,3.2566,3.34392,2.43221,2.99425,0.86613,0.42104,1.21972,2.26611,2.06883,2.88462,2.73583,3.45498,0.92292,0.96448,1.77629,2.08412,0.48224,2.81448,5,2.02098,0.84109,0.62883,0.44492,0.75226,0.19398,0.53403,0.3932,0.29044,0.46432]},"PREVALENCE_BY_MONTH":{"X_CALENDAR_MONTH":["200505","200509","200512","200603","200711","200712","200801","200802","200803","200804","200805","200806","200807","200808","200809","200810","200811","200812","200901","200902","200903","200904","200905","200906","200907","200908","200909","200910","200911","200912","201001","201002","201003","201004","201005","201006","201007","201008","201009","201010","201011","201012","201101","201102","201105","201108","201111","201201","201205","201208"],"Y_PREVALENCE_1000PP":[0.02637,0.02871,0.02369,0.02276,0.09585,0.09238,0.10476,0.05223,0.0747,0.07121,0.06778,0.09657,0.0801,0.08324,0.08283,0.19323,0.18995,0.20801,0.19163,0.1945,0.1748,0.14667,0.14937,0.15554,0.09344,0.02182,0.03734,0.02484,0.02174,0.02794,0.02174,0.0435,0.05878,0.03097,0.06822,0.04341,0.03106,0.02178,0.02806,0.03742,0.03438,0.02823,0.03774,0.02837,0.0381,0.0322,0.01953,0.01968,0.02002,0.02045]},"QUANTITY_DISTRIBUTION":{"CATEGORY":"Quantity","MIN_VALUE":0,"P10_VALUE":0,"P25_VALUE":0,"MEDIAN_VALUE":30,"P75_VALUE":30,"P90_VALUE":30,"MAX_VALUE":620},"REFILLS_DISTRIBUTION":{"CATEGORY":"Refills","MIN_VALUE":0,"P10_VALUE":0,"P25_VALUE":0,"MEDIAN_VALUE":1,"P75_VALUE":5,"P90_VALUE":5,"MAX_VALUE":11}}
