{"AGE_AT_FIRST_EXPOSURE":{"CATEGORY":["FEMALE","MALE"],"MIN_VALUE":[0,0],"P10_VALUE":[0,0],"P25_VALUE":[0,0],"MEDIAN_VALUE":[0,0],"P75_VALUE":[2,1],"P90_VALUE":[13,8],"MAX_VALUE":[91,90]},"DAYS_SUPPLY_DISTRIBUTION":{"CATEGORY":"Days supply","MIN_VALUE":0,"P10_VALUE":0,"P25_VALUE":0,"MEDIAN_VALUE":0,"P75_VALUE":1,"P90_VALUE":3,"MAX_VALUE":3},"DRUGS_BY_TYPE":{"CONCEPT_NAME":["Inpatient administration","Prescription written"],"COUNT_VALUE":[6134,9]},"PREVALENCE_BY_GENDER_AGE_YEAR":{"TRELLIS_NAME":["0-9","20-29","10-19","0-9","10-19","10-19","0-9","0-9","10-19","0-9","10-19","10-19","0-9","0-9","10-19","0-9","0-9","10-19","0-9","0-9","0-9","0-9","0-9","0-9","10-19","0-9","10-19","0-9","0-9","0-9","0-9","0-9"],"SERIES_NAME":["MALE","MALE","FEMALE","FEMALE","MALE","MALE","MALE","FEMALE","FEMALE","FEMALE","FEMALE","MALE","MALE","MALE","FEMALE","FEMALE","FEMALE","FEMALE","MALE","FEMALE","MALE","FEMALE","MALE","MALE","MALE","FEMALE","FEMALE","MALE","FEMALE","FEMALE","MALE","MALE"],"X_CALENDAR_YEAR":[2004,2004,2004,2004,2004,2005,2005,2005,2005,2006,2006,2006,2006,2007,2007,2007,2008,2008,2008,2009,2009,2010,2010,2011,2011,2011,2011,2012,2012,2013,2013,2014],"Y_PREVALENCE_1000PP":[13.87955,0.55981,1.5793,12.2086,1.54364,0.57127,9.76659,9.57631,0.50564,4.09377,0.2711,0.45715,4.06581,1.49503,0.25478,1.2108,1.92991,0.33047,3.13458,2.32239,3.06195,3.33942,5.02753,4.59946,0.27793,4.13028,0.25728,5.05878,3.73299,2.82165,3.77641,0.28923]},"PREVALENCE_BY_MONTH":{"X_CALENDAR_MONTH":["200401","200402","200403","200404","200405","200406","200407","200408","200409","200410","200411","200412","200501","200502","200503","200504","200505","200506","200507","200508","200509","200510","200511","200512","200601","200602","200603","200604","200605","200606","200706","200707","200708","200709","200710","200711","200712","200801","200802","200803","200804","200805","200806","200807","200808","200809","200810","200811","200812","200901","200902","200903","200904","200905","200906","200907","200908","200909","200910","200911","200912","201001","201002","201003","201004","201005","201006","201007","201008","201009","201010","201011","201012","201101","201102","201103","201104","201105","201106","201107","201108","201109","201110","201111","201112","201201","201202","201203","201204","201205","201206","201207","201208","201209","201210","201211","201212","201301","201302","201303","201304","201305","201306","201307","201308","201309"],"Y_PREVALENCE_1000PP":[1.36981,0.80993,0.58201,0.52547,0.30928,0.32855,0.26282,0.24781,0.33174,0.24428,0.24446,0.27616,0.24338,0.24702,0.25792,0.14397,0.15824,0.16793,0.20368,0.17904,0.15177,0.12929,0.16748,0.12635,0.18666,0.18894,0.14417,0.14693,0.09298,0.08487,0.03056,0.05072,0.02354,0.02678,0.04972,0.04627,0.03299,0.02946,0.03917,0.03897,0.04855,0.02582,0.03863,0.05126,0.05443,0.05097,0.02851,0.05382,0.05673,0.04712,0.05333,0.05931,0.04993,0.03423,0.01867,0.02492,0.05299,0.04978,0.05278,0.0559,0.0652,0.07142,0.06836,0.08353,0.05884,0.04961,0.06511,0.06523,0.05288,0.06235,0.06236,0.07189,0.09411,0.05347,0.06305,0.05035,0.04749,0.04127,0.08293,0.06738,0.09337,0.08741,0.07461,0.06186,0.10792,0.06559,0.03951,0.06924,0.06644,0.04671,0.08079,0.06104,0.08861,0.07556,0.06898,0.11111,0.09086,0.0948,0.03905,0.06435,0.05765,0.0691,0.06633,0.1042,0.09428,0.04966]},"QUANTITY_DISTRIBUTION":{"CATEGORY":"Quantity","MIN_VALUE":0,"P10_VALUE":0,"P25_VALUE":0,"MEDIAN_VALUE":0,"P75_VALUE":70,"P90_VALUE":3000,"MAX_VALUE":3000},"REFILLS_DISTRIBUTION":{"CATEGORY":"Refills","MIN_VALUE":0,"P10_VALUE":0,"P25_VALUE":0,"MEDIAN_VALUE":0,"P75_VALUE":0,"P90_VALUE":0,"MAX_VALUE":0}}
