{"AGE_AT_FIRST_EXPOSURE":{"CATEGORY":["MALE","FEMALE"],"MIN_VALUE":[2,1],"P10_VALUE":[9,11],"P25_VALUE":[14,18],"MEDIAN_VALUE":[43,55],"P75_VALUE":[65,74],"P90_VALUE":[82,85],"MAX_VALUE":[98,101]},"DAYS_SUPPLY_DISTRIBUTION":{"CATEGORY":"Days supply","MIN_VALUE":0,"P10_VALUE":0,"P25_VALUE":0,"MEDIAN_VALUE":0,"P75_VALUE":30,"P90_VALUE":30,"MAX_VALUE":90},"DRUGS_BY_TYPE":{"CONCEPT_NAME":"Prescription written","COUNT_VALUE":946},"PREVALENCE_BY_GENDER_AGE_YEAR":{"TRELLIS_NAME":["10-19","10-19","10-19","10-19","10-19","10-19","0-9","70-79","50-59","10-19","0-9","10-19","60-69","60-69","80-89","90-99","20-29","40-49","50-59","10-19","0-9","0-9","10-19","50-59","70-79","60-69","80-89","20-29","80-89","60-69","20-29","0-9","10-19","60-69","80-89","90-99","50-59","40-49","10-19","70-79","50-59","70-79","50-59","70-79","10-19","60-69","10-19","80-89"],"SERIES_NAME":["MALE","FEMALE","MALE","FEMALE","FEMALE","MALE","FEMALE","FEMALE","FEMALE","FEMALE","FEMALE","MALE","FEMALE","MALE","FEMALE","FEMALE","MALE","MALE","MALE","FEMALE","FEMALE","MALE","MALE","FEMALE","FEMALE","FEMALE","FEMALE","MALE","MALE","MALE","FEMALE","MALE","MALE","FEMALE","FEMALE","FEMALE","FEMALE","MALE","FEMALE","MALE","MALE","FEMALE","FEMALE","FEMALE","FEMALE","FEMALE","MALE","FEMALE"],"X_CALENDAR_YEAR":[2009,2009,2010,2010,2011,2011,2011,2012,2012,2012,2012,2012,2012,2012,2012,2012,2012,2013,2013,2013,2013,2013,2013,2013,2013,2013,2013,2014,2014,2014,2014,2014,2014,2014,2014,2014,2014,2014,2014,2014,2014,2014,2015,2015,2015,2015,2015,2015],"Y_PREVALENCE_1000PP":[0.35698,0.24491,0.54429,0.29169,0.47168,0.60219,0.31469,0.61218,0.25528,0.739,0.24084,0.70822,0.2948,0.583,0.85342,3.14042,0.30888,0.38787,0.32007,0.74568,0.2948,0.22434,0.60895,0.3438,0.91163,0.68989,0.88721,0.49656,1.11252,0.90457,0.33124,0.24791,1.52708,0.86144,2.09913,4.3592,0.83675,0.59299,0.80932,0.70373,0.70102,1.35213,0.5149,1.03702,1.23904,0.74699,0.8658,1.10865]},"PREVALENCE_BY_MONTH":{"X_CALENDAR_MONTH":["200812","201001","201004","201005","201006","201010","201012","201101","201103","201104","201105","201107","201108","201109","201110","201111","201201","201202","201203","201204","201205","201206","201207","201208","201209","201210","201211","201212","201301","201302","201303","201304","201305","201306","201307","201308","201309","201310","201311","201312","201401","201402","201403","201404","201405","201406","201407","201408","201409","201410","201411","201412","201501","201502","201503","201504","201505"],"Y_PREVALENCE_1000PP":[0.02206,0.01863,0.02168,0.0186,0.02791,0.02183,0.03137,0.02831,0.02203,0.019,0.02222,0.02567,0.02576,0.02266,0.02271,0.03581,0.03608,0.03622,0.03627,0.03322,0.04671,0.06396,0.04409,0.03067,0.03091,0.03449,0.05556,0.03495,0.0632,0.0426,0.03575,0.07567,0.02909,0.02579,0.0521,0.03394,0.04202,0.05403,0.06683,0.0639,0.06902,0.0663,0.09643,0.09436,0.12324,0.09073,0.09846,0.09741,0.09591,0.14245,0.09051,0.11984,0.14358,0.1514,0.12855,0.28493,0.09773]},"QUANTITY_DISTRIBUTION":{"CATEGORY":"Quantity","MIN_VALUE":0,"P10_VALUE":0,"P25_VALUE":0,"MEDIAN_VALUE":30,"P75_VALUE":30,"P90_VALUE":30,"MAX_VALUE":270},"REFILLS_DISTRIBUTION":{"CATEGORY":"Refills","MIN_VALUE":0,"P10_VALUE":0,"P25_VALUE":0,"MEDIAN_VALUE":0,"P75_VALUE":3,"P90_VALUE":5,"MAX_VALUE":11}}
