{"AGE_AT_FIRST_EXPOSURE":{"CATEGORY":["FEMALE","MALE"],"MIN_VALUE":[16,18],"P10_VALUE":[27,18],"P25_VALUE":[33,20],"MEDIAN_VALUE":[38,25],"P75_VALUE":[44,44],"P90_VALUE":[56,48],"MAX_VALUE":[87,53]},"DAYS_SUPPLY_DISTRIBUTION":{"CATEGORY":"Days supply","MIN_VALUE":0,"P10_VALUE":0,"P25_VALUE":21,"MEDIAN_VALUE":30,"P75_VALUE":30,"P90_VALUE":30,"MAX_VALUE":60},"DRUGS_BY_TYPE":{"CONCEPT_NAME":["Inpatient administration","Prescription written"],"COUNT_VALUE":[84,333]},"PREVALENCE_BY_GENDER_AGE_YEAR":{"TRELLIS_NAME":["30-39","40-49","40-49","30-39","20-29","40-49","20-29","30-39","20-29","20-29","30-39","40-49","30-39","40-49"],"SERIES_NAME":["FEMALE","FEMALE","FEMALE","FEMALE","FEMALE","FEMALE","FEMALE","FEMALE","MALE","FEMALE","FEMALE","FEMALE","FEMALE","FEMALE"],"X_CALENDAR_YEAR":[2011,2011,2012,2012,2012,2013,2013,2013,2014,2014,2014,2014,2015,2015],"Y_PREVALENCE_1000PP":[0.24541,0.26991,0.68076,0.52874,0.16648,0.62167,0.17669,0.83762,0.37242,0.33124,0.63076,0.53102,0.3817,0.81633]},"PREVALENCE_BY_MONTH":{"X_CALENDAR_MONTH":["201207","201208","201211","201301","201302","201303","201304","201305","201306","201308","201312","201401","201402","201403","201404","201405","201406","201407","201408","201409","201410","201411","201501","201502","201504"],"Y_PREVALENCE_1000PP":[0.02374,0.03749,0.02431,0.02107,0.0284,0.02145,0.02162,0.02546,0.03316,0.03394,0.02796,0.02842,0.02901,0.02516,0.03002,0.04401,0.02722,0.05157,0.03896,0.03029,0.03166,0.04525,0.05874,0.07209,0.08843]},"QUANTITY_DISTRIBUTION":{"CATEGORY":"Quantity","MIN_VALUE":0,"P10_VALUE":10,"P25_VALUE":30,"MEDIAN_VALUE":42,"P75_VALUE":60,"P90_VALUE":100,"MAX_VALUE":240},"REFILLS_DISTRIBUTION":{"CATEGORY":"Refills","MIN_VALUE":0,"P10_VALUE":0,"P25_VALUE":0,"MEDIAN_VALUE":0,"P75_VALUE":0,"P90_VALUE":5,"MAX_VALUE":11}}
