{"AGE_AT_FIRST_EXPOSURE":{"CATEGORY":["MALE","FEMALE"],"MIN_VALUE":[17,18],"P10_VALUE":[30,27],"P25_VALUE":[42,39],"MEDIAN_VALUE":[54,53],"P75_VALUE":[64,63],"P90_VALUE":[72,71],"MAX_VALUE":[90,92]},"DAYS_SUPPLY_DISTRIBUTION":{"CATEGORY":[],"MIN_VALUE":[],"P10_VALUE":[],"P25_VALUE":[],"MEDIAN_VALUE":[],"P75_VALUE":[],"P90_VALUE":[],"MAX_VALUE":[]},"DRUGS_BY_TYPE":{"CONCEPT_NAME":"Inpatient administration","COUNT_VALUE":1529},"PREVALENCE_BY_GENDER_AGE_YEAR":{"TRELLIS_NAME":["60-69","20-29","60-69","30-39","50-59","40-49","40-49","50-59","70-79","70-79","20-29","30-39","60-69","60-69","20-29","40-49","50-59","40-49","70-79","70-79","50-59","30-39","50-59","40-49","40-49","50-59","30-39","60-69","20-29","60-69","30-39","70-79","50-59","40-49","50-59","60-69","60-69","60-69","80-89","20-29","40-49","60-69","50-59","40-49","70-79","50-59","60-69","50-59","40-49","40-49","70-79","50-59","60-69"],"SERIES_NAME":["MALE","FEMALE","FEMALE","FEMALE","FEMALE","FEMALE","MALE","MALE","FEMALE","MALE","MALE","FEMALE","FEMALE","MALE","FEMALE","MALE","MALE","FEMALE","FEMALE","MALE","FEMALE","MALE","MALE","MALE","FEMALE","FEMALE","MALE","MALE","FEMALE","FEMALE","FEMALE","MALE","MALE","FEMALE","FEMALE","MALE","FEMALE","MALE","FEMALE","FEMALE","MALE","FEMALE","FEMALE","FEMALE","FEMALE","MALE","MALE","MALE","MALE","FEMALE","FEMALE","FEMALE","FEMALE"],"X_CALENDAR_YEAR":[2004,2004,2004,2004,2004,2004,2004,2004,2004,2004,2005,2005,2005,2005,2005,2005,2005,2005,2005,2005,2005,2005,2006,2006,2006,2006,2006,2006,2006,2006,2007,2007,2007,2007,2007,2007,2007,2008,2008,2008,2008,2008,2008,2008,2008,2008,2009,2009,2009,2009,2009,2009,2009],"Y_PREVALENCE_1000PP":[0.66275,0.463,1.25165,0.4753,0.55693,0.92374,0.84724,1.33045,0.728,0.80128,1.00438,0.29164,1.2883,1.14802,0.31538,0.73613,1.16936,0.77928,0.5303,0.95813,1.01866,1.20882,0.69124,0.65166,0.34196,0.70433,0.54411,0.86788,0.1729,0.4025,0.17123,0.73427,0.53365,0.26734,0.50291,0.42848,0.61318,0.57156,0.78608,0.17984,0.6496,0.58553,0.38334,0.29149,0.58271,0.60551,0.43773,0.64144,0.42866,0.22504,0.50524,0.41019,0.516]},"PREVALENCE_BY_MONTH":{"X_CALENDAR_MONTH":["200401","200402","200404","200405","200406","200407","200408","200409","200410","200411","200412","200501","200502","200503","200504","200505","200506","200507","200508","200509","200510","200511","200512","200601","200602","200603","200606","200607","200608","200609","200610","200611","200612","200701","200702","200703","200704","200705","200707","200708","200709","200710","200711","200712","200801","200802","200803","200804","200805","200806","200807","200808","200809","200810","200811","200812","200901","200902","200903","200904","200905","200906","200907","200908","200909","200910","200911","200912","201001"],"Y_PREVALENCE_1000PP":[0.31764,0.10451,0.12713,0.08298,0.07529,0.07692,0.10275,0.05148,0.08686,0.10403,0.11046,0.10709,0.07601,0.12896,0.08998,0.08791,0.06459,0.05092,0.0916,0.05743,0.05253,0.05981,0.08292,0.05833,0.03085,0.04932,0.05166,0.05504,0.04,0.02529,0.06078,0.03908,0.02832,0.03155,0.02095,0.03454,0.02752,0.03069,0.04395,0.04035,0.04687,0.06298,0.04297,0.06269,0.05893,0.05223,0.03572,0.05179,0.02905,0.05151,0.06408,0.03522,0.03186,0.06969,0.02216,0.02837,0.04712,0.03764,0.04994,0.04057,0.03734,0.03111,0.03426,0.03741,0.02489,0.04036,0.04968,0.05278,0.01863]},"QUANTITY_DISTRIBUTION":{"CATEGORY":[],"MIN_VALUE":[],"P10_VALUE":[],"P25_VALUE":[],"MEDIAN_VALUE":[],"P75_VALUE":[],"P90_VALUE":[],"MAX_VALUE":[]},"REFILLS_DISTRIBUTION":{"CATEGORY":[],"MIN_VALUE":[],"P10_VALUE":[],"P25_VALUE":[],"MEDIAN_VALUE":[],"P75_VALUE":[],"P90_VALUE":[],"MAX_VALUE":[]}}
