{"AGE_AT_FIRST_EXPOSURE":{"CATEGORY":["FEMALE","MALE"],"MIN_VALUE":[0,0],"P10_VALUE":[8,2],"P25_VALUE":[13,7],"MEDIAN_VALUE":[17,12],"P75_VALUE":[30,15],"P90_VALUE":[48,19],"MAX_VALUE":[86,76]},"DAYS_SUPPLY_DISTRIBUTION":{"CATEGORY":"Days supply","MIN_VALUE":0,"P10_VALUE":0,"P25_VALUE":30,"MEDIAN_VALUE":30,"P75_VALUE":30,"P90_VALUE":30,"MAX_VALUE":230},"DRUGS_BY_TYPE":{"CONCEPT_NAME":["Inpatient administration","Prescription written"],"COUNT_VALUE":[429,873]},"PREVALENCE_BY_GENDER_AGE_YEAR":{"TRELLIS_NAME":["0-9","0-9","0-9","10-19","0-9","10-19","0-9","10-19","10-19","20-29","10-19","10-19","50-59","30-39","10-19","0-9","10-19","0-9","20-29","10-19","0-9","0-9","10-19","50-59","20-29","30-39","20-29","30-39","0-9","10-19","0-9","10-19","40-49","50-59","10-19","20-29","10-19","0-9"],"SERIES_NAME":["MALE","MALE","MALE","FEMALE","MALE","FEMALE","MALE","MALE","FEMALE","FEMALE","FEMALE","MALE","FEMALE","FEMALE","FEMALE","FEMALE","MALE","MALE","FEMALE","MALE","MALE","FEMALE","FEMALE","FEMALE","FEMALE","FEMALE","FEMALE","FEMALE","MALE","MALE","FEMALE","FEMALE","FEMALE","FEMALE","FEMALE","FEMALE","MALE","FEMALE"],"X_CALENDAR_YEAR":[2004,2005,2007,2008,2008,2009,2009,2009,2010,2011,2011,2011,2012,2012,2012,2012,2012,2012,2012,2013,2013,2013,2013,2013,2013,2013,2014,2014,2014,2014,2014,2014,2014,2014,2015,2015,2015,2015],"Y_PREVALENCE_1000PP":[0.28816,0.28969,0.21358,0.41309,0.20668,0.449,0.27217,0.26774,0.50004,0.18306,0.38592,0.27793,0.25528,0.46999,2.8256,0.64223,1.27479,0.32063,0.16648,2.38506,0.82258,0.5896,3.44876,0.3056,0.50062,0.43432,0.52998,0.45555,0.41319,1.64454,0.4181,2.48193,0.35401,0.29286,2.85932,0.75676,1.94805,0.66418]},"PREVALENCE_BY_MONTH":{"X_CALENDAR_MONTH":["200811","200812","200901","200907","200910","201001","201002","201004","201103","201112","201202","201203","201204","201205","201206","201207","201208","201209","201210","201211","201212","201301","201302","201303","201304","201305","201306","201307","201308","201309","201310","201311","201312","201401","201402","201403","201404","201405","201406","201407","201408","201409","201410","201411","201412","201501","201502","201503","201504","201505"],"Y_PREVALENCE_1000PP":[0.02216,0.03467,0.01885,0.0218,0.01863,0.01863,0.02175,0.02168,0.01888,0.02943,0.02963,0.04287,0.05647,0.08008,0.03703,0.10174,0.06475,0.07213,0.07243,0.04167,0.0664,0.09832,0.10296,0.1001,0.08648,0.0691,0.06633,0.07815,0.04148,0.06112,0.08105,0.09042,0.08387,0.07714,0.07873,0.07966,0.04718,0.06602,0.05444,0.06564,0.02922,0.05048,0.08969,0.11879,0.08389,0.16968,0.15861,0.20085,0.20633,0.12565]},"QUANTITY_DISTRIBUTION":{"CATEGORY":"Quantity","MIN_VALUE":0,"P10_VALUE":0,"P25_VALUE":60,"MEDIAN_VALUE":120,"P75_VALUE":120,"P90_VALUE":120,"MAX_VALUE":24000},"REFILLS_DISTRIBUTION":{"CATEGORY":"Refills","MIN_VALUE":0,"P10_VALUE":0,"P25_VALUE":1,"MEDIAN_VALUE":4,"P75_VALUE":5,"P90_VALUE":5,"MAX_VALUE":11}}
