{"AGE_AT_FIRST_EXPOSURE":{"CATEGORY":["MALE","FEMALE"],"MIN_VALUE":[21,30],"P10_VALUE":[41,48],"P25_VALUE":[50,56],"MEDIAN_VALUE":[62,65],"P75_VALUE":[70,75],"P90_VALUE":[76,82],"MAX_VALUE":[89,97]},"DAYS_SUPPLY_DISTRIBUTION":{"CATEGORY":"Days supply","MIN_VALUE":0,"P10_VALUE":0,"P25_VALUE":0,"MEDIAN_VALUE":30,"P75_VALUE":30,"P90_VALUE":30,"MAX_VALUE":90},"DRUGS_BY_TYPE":{"CONCEPT_NAME":["Inpatient administration","Prescription written"],"COUNT_VALUE":[1208,147]},"PREVALENCE_BY_GENDER_AGE_YEAR":{"TRELLIS_NAME":["70-79","50-59","60-69","80-89","50-59","40-49","60-69","80-89","60-69","80-89","50-59","60-69","60-69","80-89","50-59","70-79","80-89","60-69","70-79","50-59","70-79","50-59","60-69","50-59","50-59"],"SERIES_NAME":["FEMALE","FEMALE","FEMALE","FEMALE","FEMALE","FEMALE","FEMALE","FEMALE","FEMALE","FEMALE","FEMALE","MALE","FEMALE","FEMALE","FEMALE","FEMALE","FEMALE","FEMALE","FEMALE","FEMALE","FEMALE","FEMALE","FEMALE","FEMALE","FEMALE"],"X_CALENDAR_YEAR":[2004,2004,2004,2004,2005,2005,2005,2005,2006,2006,2006,2007,2007,2007,2007,2007,2008,2008,2008,2008,2009,2009,2009,2010,2011],"Y_PREVALENCE_1000PP":[1.456,0.65819,1.32119,2.35492,0.5297,0.22265,0.56013,0.97439,0.4025,1.13823,0.29656,0.36726,0.66035,1.30224,0.28738,0.60253,0.89837,0.81074,0.7122,0.48789,0.69471,0.47855,0.602,0.23957,0.24435]},"PREVALENCE_BY_MONTH":{"X_CALENDAR_MONTH":["200401","200402","200403","200404","200406","200411","200412","200501","200504","200505","200506","200507","200510","200602","200603","200701","200708","200709","200710","200711","200712","200801","200802","200803","200804","200805","200806","200807","200808","200809","200810","200811","200812","200901","200902","200903","200904","200905","200906","200907","200908","200909","200910","200911","200912","201001","201011"],"Y_PREVALENCE_1000PP":[0.15882,0.19595,0.09865,0.07628,0.0616,0.04681,0.05021,0.03407,0.04049,0.03077,0.03445,0.03819,0.02424,0.02313,0.02656,0.02454,0.02018,0.02678,0.04309,0.02975,0.0198,0.05893,0.03264,0.03572,0.02589,0.04196,0.03219,0.03204,0.04162,0.02867,0.02217,0.03799,0.04728,0.01885,0.03137,0.02497,0.03121,0.02178,0.03733,0.02803,0.02182,0.03111,0.02794,0.02484,0.01863,0.04037,0.01875]},"QUANTITY_DISTRIBUTION":{"CATEGORY":"Quantity","MIN_VALUE":0,"P10_VALUE":0,"P25_VALUE":30,"MEDIAN_VALUE":30,"P75_VALUE":30,"P90_VALUE":90,"MAX_VALUE":90},"REFILLS_DISTRIBUTION":{"CATEGORY":"Refills","MIN_VALUE":0,"P10_VALUE":0,"P25_VALUE":1,"MEDIAN_VALUE":5,"P75_VALUE":5,"P90_VALUE":5,"MAX_VALUE":8}}
