{"AGE_AT_FIRST_EXPOSURE":{"CATEGORY":["FEMALE","MALE"],"MIN_VALUE":[2,12],"P10_VALUE":[31,32],"P25_VALUE":[49,49],"MEDIAN_VALUE":[62,61],"P75_VALUE":[71,70],"P90_VALUE":[82,78],"MAX_VALUE":[105,95]},"DAYS_SUPPLY_DISTRIBUTION":{"CATEGORY":"Days supply","MIN_VALUE":0,"P10_VALUE":0,"P25_VALUE":0,"MEDIAN_VALUE":0,"P75_VALUE":30,"P90_VALUE":30,"MAX_VALUE":31},"DRUGS_BY_TYPE":{"CONCEPT_NAME":["Inpatient administration","Prescription written"],"COUNT_VALUE":[1962,307]},"PREVALENCE_BY_GENDER_AGE_YEAR":{"TRELLIS_NAME":["50-59","50-59","60-69","60-69","60-69","80-89","60-69","60-69","60-69","70-79","70-79","60-69","70-79","70-79","40-49","50-59","60-69","60-69","60-69","70-79","50-59","70-79","60-69","60-69","50-59","70-79","60-69","70-79","40-49","80-89","60-69","50-59","70-79","50-59","70-79","60-69","60-69","80-89","60-69","60-69","40-49","50-59","70-79","70-79","50-59","60-69","70-79","60-69"],"SERIES_NAME":["FEMALE","MALE","FEMALE","MALE","FEMALE","FEMALE","MALE","MALE","FEMALE","FEMALE","MALE","FEMALE","MALE","FEMALE","FEMALE","MALE","MALE","FEMALE","MALE","MALE","MALE","MALE","FEMALE","MALE","MALE","FEMALE","FEMALE","MALE","MALE","FEMALE","MALE","MALE","MALE","FEMALE","FEMALE","MALE","FEMALE","FEMALE","MALE","FEMALE","MALE","MALE","MALE","FEMALE","FEMALE","FEMALE","MALE","MALE"],"X_CALENDAR_YEAR":[2004,2004,2004,2004,2005,2005,2005,2006,2006,2006,2006,2008,2008,2008,2008,2008,2009,2009,2010,2010,2011,2011,2011,2011,2012,2012,2012,2012,2012,2012,2012,2013,2013,2013,2013,2013,2013,2013,2014,2014,2014,2014,2014,2014,2015,2015,2015,2015],"Y_PREVALENCE_1000PP":[0.30378,0.66523,0.41722,0.66275,0.50412,0.83519,0.76535,0.40056,0.45281,0.41394,0.5216,0.27025,0.47278,0.38848,0.22671,0.35321,0.71132,0.516,0.42054,0.45444,0.4915,0.52118,0.37343,0.36114,0.45879,0.55096,0.46326,1.19949,0.4795,0.74675,0.636,0.42676,0.8912,0.2674,0.91163,0.85846,0.4743,0.77631,1.18725,0.49873,0.44474,0.6426,0.78192,0.64387,0.44134,0.67229,1.29702,0.66591]},"PREVALENCE_BY_MONTH":{"X_CALENDAR_MONTH":["200403","200404","200405","200412","200501","200503","200505","200506","200509","200511","200512","200601","200602","200606","200705","200706","200801","200802","200803","200805","200809","200810","200901","200902","200903","200904","200906","200910","200911","200912","201001","201003","201007","201008","201011","201102","201103","201104","201105","201106","201107","201108","201111","201112","201201","201202","201203","201204","201205","201206","201207","201209","201210","201211","201212","201301","201302","201303","201304","201305","201306","201307","201308","201309","201310","201311","201312","201401","201402","201403","201404","201405","201406","201407","201408","201409","201410","201411","201412","201501","201502","201503","201504","201505"],"Y_PREVALENCE_1000PP":[0.05919,0.0678,0.0528,0.11549,0.05354,0.02763,0.03077,0.03014,0.02461,0.02393,0.02369,0.02333,0.02313,0.02214,0.02387,0.02038,0.01964,0.02285,0.01949,0.02259,0.01911,0.02217,0.02513,0.02823,0.02185,0.02496,0.028,0.02484,0.03105,0.02484,0.01863,0.02784,0.01864,0.01866,0.01875,0.01892,0.01888,0.02216,0.02222,0.02552,0.02246,0.01932,0.0293,0.02616,0.0328,0.04939,0.02968,0.0299,0.0367,0.03703,0.03391,0.02061,0.03449,0.0382,0.03145,0.04565,0.0213,0.0572,0.05044,0.02182,0.04053,0.02977,0.03394,0.02674,0.05017,0.02359,0.03594,0.04466,0.02486,0.03774,0.0386,0.03961,0.0499,0.05626,0.05845,0.04543,0.04748,0.05657,0.05992,0.08484,0.08651,0.10444,0.14738,0.11169]},"QUANTITY_DISTRIBUTION":{"CATEGORY":"Quantity","MIN_VALUE":0,"P10_VALUE":0,"P25_VALUE":0,"MEDIAN_VALUE":0,"P75_VALUE":60,"P90_VALUE":60,"MAX_VALUE":120},"REFILLS_DISTRIBUTION":{"CATEGORY":"Refills","MIN_VALUE":0,"P10_VALUE":0,"P25_VALUE":0,"MEDIAN_VALUE":0,"P75_VALUE":0,"P90_VALUE":4,"MAX_VALUE":11}}
