{"AGE_AT_FIRST_EXPOSURE":{"CATEGORY":["FEMALE","MALE"],"MIN_VALUE":[14,8],"P10_VALUE":[49,49],"P25_VALUE":[55,57],"MEDIAN_VALUE":[63,65],"P75_VALUE":[73,73],"P90_VALUE":[82,82],"MAX_VALUE":[98,91]},"DAYS_SUPPLY_DISTRIBUTION":{"CATEGORY":[],"MIN_VALUE":[],"P10_VALUE":[],"P25_VALUE":[],"MEDIAN_VALUE":[],"P75_VALUE":[],"P90_VALUE":[],"MAX_VALUE":[]},"DRUGS_BY_TYPE":{"CONCEPT_NAME":"Inpatient administration","COUNT_VALUE":3671},"PREVALENCE_BY_GENDER_AGE_YEAR":{"TRELLIS_NAME":["50-59","50-59","60-69","50-59","50-59","60-69","60-69","60-69","50-59","50-59","70-79","60-69","60-69","50-59","70-79","70-79","60-69","50-59","70-79","60-69","60-69","70-79","60-69","70-79","60-69","60-69","70-79","60-69"],"SERIES_NAME":["MALE","FEMALE","MALE","FEMALE","MALE","MALE","FEMALE","MALE","FEMALE","MALE","MALE","MALE","FEMALE","MALE","FEMALE","MALE","MALE","FEMALE","MALE","FEMALE","MALE","MALE","MALE","MALE","MALE","MALE","MALE","MALE"],"X_CALENDAR_YEAR":[2004,2004,2004,2005,2005,2005,2005,2006,2006,2006,2006,2007,2007,2007,2007,2007,2008,2008,2008,2008,2009,2009,2010,2010,2011,2012,2013,2013],"Y_PREVALENCE_1000PP":[0.49892,0.40504,0.56807,0.48896,0.84454,0.45921,0.4481,0.86788,0.33363,0.46083,0.7824,0.5509,0.37734,0.37355,0.46863,1.06062,0.45725,0.2091,0.70916,0.31529,0.43773,0.46908,0.42054,0.45444,0.46432,0.477,0.51987,0.42923]},"PREVALENCE_BY_MONTH":{"X_CALENDAR_MONTH":["200404","200405","200406","200407","200408","200409","200410","200411","200412","200501","200502","200503","200504","200505","200506","200507","200508","200509","200510","200511","200512","200601","200602","200603","200604","200605","200606","200607","200608","200609","200610","200611","200612","200701","200702","200703","200704","200705","200706","200707","200708","200709","200710","200711","200712","200801","200802","200803","200804","200805","200806","200807","200808","200809","200810","200811","200812","200901","200902","200903","200904","200905","200906","200907","200908","200909","200910","200911","200912","201001","201002","201003","201004","201005","201006","201007","201008","201009","201010","201011","201012","201101","201102","201103","201104","201105","201106","201107","201108","201109","201110","201111","201112","201201","201202","201203","201204","201205","201206","201207","201208","201209","201210","201211","201212","201301","201302","201303","201304","201305","201306","201307","201308","201309","201310","201311","201312"],"Y_PREVALENCE_1000PP":[0.05085,0.04526,0.06845,0.08333,0.0544,0.03432,0.03257,0.07802,0.0703,0.05354,0.05225,0.09211,0.09448,0.08791,0.0732,0.05092,0.05413,0.05332,0.0404,0.04785,0.03948,0.05055,0.04241,0.04553,0.07911,0.06694,0.06273,0.04403,0.05455,0.05419,0.06793,0.05685,0.06017,0.0631,0.05937,0.06563,0.06192,0.05796,0.05434,0.04733,0.06053,0.05022,0.05966,0.05949,0.05279,0.0622,0.0457,0.04547,0.05503,0.0355,0.05151,0.04806,0.03522,0.02867,0.02534,0.02849,0.02837,0.0377,0.02823,0.03121,0.02496,0.03112,0.02489,0.02803,0.02494,0.03423,0.03415,0.03416,0.02794,0.02795,0.02175,0.02475,0.03097,0.03411,0.03101,0.02174,0.03422,0.02806,0.03742,0.03438,0.02823,0.02831,0.03153,0.02203,0.02533,0.02857,0.03509,0.03529,0.0322,0.02266,0.02595,0.02604,0.04252,0.0492,0.03622,0.02968,0.04651,0.04671,0.04713,0.0373,0.03408,0.04809,0.05173,0.05208,0.04543,0.04916,0.0355,0.03933,0.04684,0.03637,0.02579,0.02605,0.03394,0.03056,0.04245,0.03538,0.02796]},"QUANTITY_DISTRIBUTION":{"CATEGORY":[],"MIN_VALUE":[],"P10_VALUE":[],"P25_VALUE":[],"MEDIAN_VALUE":[],"P75_VALUE":[],"P90_VALUE":[],"MAX_VALUE":[]},"REFILLS_DISTRIBUTION":{"CATEGORY":[],"MIN_VALUE":[],"P10_VALUE":[],"P25_VALUE":[],"MEDIAN_VALUE":[],"P75_VALUE":[],"P90_VALUE":[],"MAX_VALUE":[]}}
