{"AGE_AT_FIRST_EXPOSURE":{"CATEGORY":["MALE","FEMALE"],"MIN_VALUE":[35,17],"P10_VALUE":[40,42],"P25_VALUE":[55,50],"MEDIAN_VALUE":[65,61],"P75_VALUE":[75,74],"P90_VALUE":[83,79],"MAX_VALUE":[96,99]},"DAYS_SUPPLY_DISTRIBUTION":{"CATEGORY":[],"MIN_VALUE":[],"P10_VALUE":[],"P25_VALUE":[],"MEDIAN_VALUE":[],"P75_VALUE":[],"P90_VALUE":[],"MAX_VALUE":[]},"DRUGS_BY_TYPE":{"CONCEPT_NAME":"Inpatient administration","COUNT_VALUE":549},"PREVALENCE_BY_GENDER_AGE_YEAR":{"TRELLIS_NAME":["50-59","70-79","60-69","50-59","60-69","60-69","50-59","70-79","60-69","50-59","70-79","60-69","70-79","50-59","60-69","70-79","50-59"],"SERIES_NAME":["FEMALE","FEMALE","FEMALE","FEMALE","FEMALE","FEMALE","FEMALE","FEMALE","FEMALE","FEMALE","FEMALE","FEMALE","FEMALE","FEMALE","FEMALE","FEMALE","FEMALE"],"X_CALENDAR_YEAR":[2004,2004,2004,2005,2005,2006,2006,2006,2007,2007,2007,2008,2008,2008,2009,2009,2009],"Y_PREVALENCE_1000PP":[0.35441,0.546,0.41722,0.48896,0.39209,0.30187,0.22242,0.55191,0.51884,0.3233,0.80337,0.45041,0.38848,0.38334,0.68799,0.5684,0.376]},"PREVALENCE_BY_MONTH":{"X_CALENDAR_MONTH":["200509","200603","200609","200611","200708","200709","200710","200711","200712","200801","200802","200803","200804","200805","200806","200807","200808","200812","200901","200902","200903","200904","200906","200907","200908","200909","200910","200912"],"Y_PREVALENCE_1000PP":[0.02461,0.02276,0.0289,0.02132,0.03027,0.02009,0.03315,0.02644,0.0198,0.02946,0.01959,0.02923,0.01942,0.02905,0.02253,0.01922,0.01921,0.02521,0.01885,0.0251,0.01873,0.02184,0.02178,0.03426,0.0187,0.02178,0.02794,0.02484]},"QUANTITY_DISTRIBUTION":{"CATEGORY":[],"MIN_VALUE":[],"P10_VALUE":[],"P25_VALUE":[],"MEDIAN_VALUE":[],"P75_VALUE":[],"P90_VALUE":[],"MAX_VALUE":[]},"REFILLS_DISTRIBUTION":{"CATEGORY":[],"MIN_VALUE":[],"P10_VALUE":[],"P25_VALUE":[],"MEDIAN_VALUE":[],"P75_VALUE":[],"P90_VALUE":[],"MAX_VALUE":[]}}
