{"AGE_AT_FIRST_EXPOSURE":{"CATEGORY":["MALE","FEMALE"],"MIN_VALUE":[18,19],"P10_VALUE":[48,50],"P25_VALUE":[59,61],"MEDIAN_VALUE":[69,74],"P75_VALUE":[79,84],"P90_VALUE":[86,89],"MAX_VALUE":[102,99]},"DAYS_SUPPLY_DISTRIBUTION":{"CATEGORY":"Days supply","MIN_VALUE":0,"P10_VALUE":0,"P25_VALUE":0,"MEDIAN_VALUE":30,"P75_VALUE":30,"P90_VALUE":30,"MAX_VALUE":90},"DRUGS_BY_TYPE":{"CONCEPT_NAME":["Inpatient administration","Prescription written"],"COUNT_VALUE":[1167,871]},"PREVALENCE_BY_GENDER_AGE_YEAR":{"TRELLIS_NAME":["70-79","60-69","80-89","80-89","70-79","60-69","80-89","80-89","70-79","70-79","60-69","80-89","50-59","70-79","60-69","80-89","60-69","80-89","70-79","70-79","70-79","70-79","60-69","80-89","80-89","60-69","70-79","50-59","70-79","60-69","80-89","60-69","90-99","80-89","70-79","50-59","40-49","50-59","70-79","60-69","60-69","80-89","90-99","80-89","60-69","80-89","60-69","80-89","90-99","40-49","70-79","50-59","70-79","40-49","50-59","50-59","50-59","70-79","60-69","90-99","70-79","80-89","80-89","60-69"],"SERIES_NAME":["MALE","MALE","MALE","FEMALE","MALE","MALE","FEMALE","MALE","MALE","FEMALE","MALE","FEMALE","FEMALE","MALE","FEMALE","MALE","MALE","FEMALE","MALE","FEMALE","FEMALE","MALE","MALE","MALE","FEMALE","FEMALE","FEMALE","FEMALE","MALE","FEMALE","FEMALE","MALE","FEMALE","MALE","MALE","MALE","MALE","FEMALE","FEMALE","MALE","FEMALE","FEMALE","FEMALE","MALE","MALE","MALE","FEMALE","FEMALE","FEMALE","MALE","MALE","MALE","FEMALE","FEMALE","FEMALE","FEMALE","MALE","FEMALE","FEMALE","FEMALE","MALE","FEMALE","MALE","MALE"],"X_CALENDAR_YEAR":[2004,2005,2007,2007,2007,2008,2008,2008,2008,2008,2009,2009,2009,2009,2010,2010,2010,2010,2010,2010,2011,2011,2011,2011,2011,2011,2012,2012,2012,2012,2012,2012,2012,2012,2013,2013,2013,2013,2013,2013,2013,2013,2013,2013,2014,2014,2014,2014,2014,2014,2014,2014,2014,2014,2014,2015,2015,2015,2015,2015,2015,2015,2015,2015],"Y_PREVALENCE_1000PP":[1.03022,0.45921,1.06572,0.94708,0.81586,0.40009,1.01067,1.00318,0.70916,0.58271,0.76603,1.51155,0.27346,0.46908,0.54498,1.54059,0.52568,0.84962,0.53018,0.68957,0.49514,0.74455,0.41273,1.19421,1.04341,0.24895,1.10193,0.21881,1.49936,0.50537,2.02688,0.742,3.58905,2.68456,1.5596,0.37341,0.64645,0.3438,1.58016,1.28769,0.68989,2.99434,2.96108,1.80805,1.30032,3.65544,0.58941,3.26531,5.23104,0.88948,1.79842,0.81785,1.86723,0.35401,0.46021,0.44134,0.86263,1.55553,0.5229,4.04585,2.46433,3.14117,2.84385,1.14155]},"PREVALENCE_BY_MONTH":{"X_CALENDAR_MONTH":["200411","200611","200701","200703","200704","200705","200706","200709","200805","200807","200810","200812","200901","200902","200903","200904","200906","200907","200911","200912","201001","201002","201003","201004","201005","201006","201007","201008","201010","201011","201012","201101","201104","201105","201106","201107","201108","201110","201111","201112","201201","201202","201203","201204","201205","201206","201207","201208","201209","201210","201211","201212","201301","201302","201303","201304","201305","201306","201307","201308","201309","201310","201311","201312","201401","201402","201403","201404","201405","201406","201407","201408","201409","201410","201411","201412","201501","201502","201503","201504","201505"],"Y_PREVALENCE_1000PP":[0.04681,0.02132,0.02103,0.02073,0.02408,0.02387,0.02038,0.02344,0.04519,0.01922,0.02534,0.02206,0.02827,0.02196,0.02185,0.03433,0.03733,0.0218,0.02795,0.01863,0.04037,0.03418,0.02166,0.01858,0.02791,0.03101,0.02485,0.02489,0.03742,0.02501,0.0251,0.01887,0.02216,0.02857,0.03828,0.02246,0.02898,0.02271,0.02604,0.0327,0.05247,0.02963,0.05606,0.03986,0.03003,0.03366,0.0373,0.06475,0.07556,0.04828,0.0625,0.08038,0.08778,0.08166,0.08938,0.07567,0.07274,0.06264,0.07071,0.07165,0.06876,0.08877,0.05111,0.0639,0.0609,0.05801,0.06709,0.08149,0.15405,0.06805,0.08908,0.11689,0.16153,0.18466,0.11314,0.16778,0.13705,0.13698,0.31333,0.32423,0.20942]},"QUANTITY_DISTRIBUTION":{"CATEGORY":"Quantity","MIN_VALUE":0,"P10_VALUE":0,"P25_VALUE":0,"MEDIAN_VALUE":30,"P75_VALUE":30,"P90_VALUE":90,"MAX_VALUE":900},"REFILLS_DISTRIBUTION":{"CATEGORY":"Refills","MIN_VALUE":0,"P10_VALUE":0,"P25_VALUE":0,"MEDIAN_VALUE":0,"P75_VALUE":4,"P90_VALUE":5,"MAX_VALUE":11}}
