{"AGE_AT_FIRST_EXPOSURE":{"CATEGORY":["MALE","FEMALE"],"MIN_VALUE":[0,0],"P10_VALUE":[1,2],"P25_VALUE":[5,6],"MEDIAN_VALUE":[12,14],"P75_VALUE":[22,22],"P90_VALUE":[59,57],"MAX_VALUE":[71,73]},"DAYS_SUPPLY_DISTRIBUTION":{"CATEGORY":"Days supply","MIN_VALUE":0,"P10_VALUE":0,"P25_VALUE":0,"MEDIAN_VALUE":0,"P75_VALUE":30,"P90_VALUE":30,"MAX_VALUE":30},"DRUGS_BY_TYPE":{"CONCEPT_NAME":["Inpatient administration","Prescription written"],"COUNT_VALUE":[2133,24]},"PREVALENCE_BY_GENDER_AGE_YEAR":{"TRELLIS_NAME":["10-19","10-19","0-9","10-19","0-9","10-19","0-9","10-19","0-9","0-9","10-19","0-9","0-9","10-19","0-9","0-9","10-19","0-9"],"SERIES_NAME":["MALE","FEMALE","MALE","MALE","MALE","FEMALE","FEMALE","MALE","MALE","FEMALE","MALE","MALE","MALE","MALE","MALE","MALE","FEMALE","FEMALE"],"X_CALENDAR_YEAR":[2005,2006,2006,2007,2007,2008,2008,2008,2008,2009,2009,2009,2010,2010,2011,2012,2012,2012],"Y_PREVALENCE_1000PP":[0.34276,0.2711,0.26599,0.28259,0.35596,0.37178,0.27019,0.31908,0.37891,0.2665,0.44623,0.44228,0.37621,0.45358,0.3136,0.285,0.26082,0.24084]},"PREVALENCE_BY_MONTH":{"X_CALENDAR_MONTH":["200505","200508","200611","200701","200703","200706","200803","200804","200805","200807","200808","200809","200812","200901","200902","200903","200904","200909","200910","201001","201002","201003","201004","201005","201010","201102","201105","201112","201201","201203","201204","201209"],"Y_PREVALENCE_1000PP":[0.03077,0.02498,0.02132,0.02454,0.02763,0.02038,0.02923,0.03237,0.02259,0.02243,0.03202,0.0223,0.02206,0.02513,0.02823,0.02497,0.02184,0.01867,0.02794,0.01863,0.03107,0.02166,0.02478,0.0186,0.01871,0.01892,0.02222,0.01962,0.01968,0.02308,0.01993,0.02061]},"QUANTITY_DISTRIBUTION":{"CATEGORY":"Quantity","MIN_VALUE":0,"P10_VALUE":0,"P25_VALUE":0,"MEDIAN_VALUE":0,"P75_VALUE":60,"P90_VALUE":120,"MAX_VALUE":180},"REFILLS_DISTRIBUTION":{"CATEGORY":"Refills","MIN_VALUE":0,"P10_VALUE":0,"P25_VALUE":0,"MEDIAN_VALUE":0,"P75_VALUE":0,"P90_VALUE":4,"MAX_VALUE":6}}
