{"AGE_AT_FIRST_EXPOSURE":{"CATEGORY":["MALE","FEMALE"],"MIN_VALUE":[1,4],"P10_VALUE":[39,39],"P25_VALUE":[52,52],"MEDIAN_VALUE":[59,61],"P75_VALUE":[67,70],"P90_VALUE":[76,79],"MAX_VALUE":[94,91]},"DAYS_SUPPLY_DISTRIBUTION":{"CATEGORY":[],"MIN_VALUE":[],"P10_VALUE":[],"P25_VALUE":[],"MEDIAN_VALUE":[],"P75_VALUE":[],"P90_VALUE":[],"MAX_VALUE":[]},"DRUGS_BY_TYPE":{"CONCEPT_NAME":"Inpatient administration","COUNT_VALUE":1052},"PREVALENCE_BY_GENDER_AGE_YEAR":{"TRELLIS_NAME":["60-69","60-69","60-69","50-59","70-79","50-59","60-69","60-69","50-59","50-59","70-79","60-69","80-89","60-69","70-79","50-59","40-49","70-79","50-59","60-69","30-39","50-59","70-79","50-59","70-79","60-69"],"SERIES_NAME":["MALE","MALE","FEMALE","MALE","FEMALE","FEMALE","MALE","FEMALE","MALE","FEMALE","FEMALE","MALE","FEMALE","FEMALE","MALE","FEMALE","FEMALE","FEMALE","MALE","MALE","FEMALE","MALE","FEMALE","FEMALE","MALE","FEMALE"],"X_CALENDAR_YEAR":[2005,2006,2006,2006,2006,2006,2007,2007,2007,2007,2007,2008,2008,2008,2008,2008,2008,2008,2008,2009,2009,2009,2009,2009,2009,2009],"Y_PREVALENCE_1000PP":[0.53574,1.06816,0.35218,0.46083,0.48293,0.25949,0.91816,1.36786,1.76103,0.68252,1.13811,0.62872,0.78608,1.12602,0.78796,1.11518,0.2591,1.23017,1.3624,0.87547,0.1565,0.78946,1.07364,0.82037,0.70362,0.90299]},"PREVALENCE_BY_MONTH":{"X_CALENDAR_MONTH":["200507","200508","200509","200512","200603","200605","200610","200611","200612","200701","200702","200703","200704","200705","200707","200708","200709","200710","200711","200712","200801","200802","200803","200804","200805","200806","200807","200808","200809","200810","200811","200812","200901","200902","200903","200904","200905","200906","200907","200908","200909","200910","200911"],"Y_PREVALENCE_1000PP":[0.02546,0.02915,0.02461,0.03554,0.02276,0.02603,0.03218,0.02843,0.0354,0.04908,0.0454,0.03109,0.03096,0.0341,0.05072,0.07398,0.02344,0.03978,0.09254,0.06269,0.06548,0.05549,0.05521,0.06797,0.05164,0.04829,0.03524,0.05443,0.0446,0.05068,0.03166,0.03152,0.07854,0.05333,0.07492,0.03121,0.03423,0.03422,0.04361,0.04987,0.02178,0.03726,0.03726]},"QUANTITY_DISTRIBUTION":{"CATEGORY":[],"MIN_VALUE":[],"P10_VALUE":[],"P25_VALUE":[],"MEDIAN_VALUE":[],"P75_VALUE":[],"P90_VALUE":[],"MAX_VALUE":[]},"REFILLS_DISTRIBUTION":{"CATEGORY":[],"MIN_VALUE":[],"P10_VALUE":[],"P25_VALUE":[],"MEDIAN_VALUE":[],"P75_VALUE":[],"P90_VALUE":[],"MAX_VALUE":[]}}
