{"AGE_AT_FIRST_EXPOSURE":{"CATEGORY":["FEMALE","MALE"],"MIN_VALUE":[7,10],"P10_VALUE":[20,19],"P25_VALUE":[30,29],"MEDIAN_VALUE":[46,48],"P75_VALUE":[59,65],"P90_VALUE":[78,78],"MAX_VALUE":[90,91]},"DAYS_SUPPLY_DISTRIBUTION":{"CATEGORY":"Days supply","MIN_VALUE":0,"P10_VALUE":0,"P25_VALUE":0,"MEDIAN_VALUE":30,"P75_VALUE":30,"P90_VALUE":30,"MAX_VALUE":45},"DRUGS_BY_TYPE":{"CONCEPT_NAME":["Inpatient administration","Prescription written"],"COUNT_VALUE":[302,326]},"PREVALENCE_BY_GENDER_AGE_YEAR":{"TRELLIS_NAME":["60-69","20-29","50-59","30-39","50-59","50-59","20-29"],"SERIES_NAME":["MALE","MALE","FEMALE","FEMALE","FEMALE","FEMALE","FEMALE"],"X_CALENDAR_YEAR":[2007,2011,2012,2012,2013,2014,2014],"Y_PREVALENCE_1000PP":[0.36726,0.30193,0.21881,0.20562,0.3438,0.3347,0.19874]},"PREVALENCE_BY_MONTH":{"X_CALENDAR_MONTH":["201001","201006","201104","201108","201109","201111","201112","201201","201204","201207","201208","201209","201210","201211","201304","201309","201312","201402","201404","201405","201406","201409"],"Y_PREVALENCE_1000PP":[0.01863,0.0186,0.02533,0.01932,0.02266,0.01953,0.02616,0.02624,0.01993,0.02374,0.02045,0.02404,0.03794,0.03125,0.02883,0.02292,0.02796,0.02486,0.02573,0.03081,0.02722,0.03029]},"QUANTITY_DISTRIBUTION":{"CATEGORY":"Quantity","MIN_VALUE":0,"P10_VALUE":0,"P25_VALUE":13,"MEDIAN_VALUE":30,"P75_VALUE":30,"P90_VALUE":60,"MAX_VALUE":120},"REFILLS_DISTRIBUTION":{"CATEGORY":"Refills","MIN_VALUE":0,"P10_VALUE":0,"P25_VALUE":0,"MEDIAN_VALUE":1,"P75_VALUE":5,"P90_VALUE":5,"MAX_VALUE":11}}
