{"AGE_AT_FIRST_EXPOSURE":{"CATEGORY":["FEMALE","MALE"],"MIN_VALUE":[7,13],"P10_VALUE":[25,26],"P25_VALUE":[35,37],"MEDIAN_VALUE":[47,50],"P75_VALUE":[61,62],"P90_VALUE":[73,72],"MAX_VALUE":[87,88]},"DAYS_SUPPLY_DISTRIBUTION":{"CATEGORY":"Days supply","MIN_VALUE":0,"P10_VALUE":0,"P25_VALUE":0,"MEDIAN_VALUE":0,"P75_VALUE":5,"P90_VALUE":5,"MAX_VALUE":30},"DRUGS_BY_TYPE":{"CONCEPT_NAME":["Inpatient administration","Prescription written"],"COUNT_VALUE":[855,111]},"PREVALENCE_BY_GENDER_AGE_YEAR":{"TRELLIS_NAME":["70-79","40-49","50-59","70-79","60-69","60-69","50-59","30-39","70-79","10-19","40-49","50-59","40-49","70-79","30-39","20-29","20-29","60-69","60-69","20-29","60-69","60-69","30-39","30-39","50-59","40-49","40-49","50-59","60-69","40-49","50-59","50-59","20-29","30-39","40-49","60-69","70-79","60-69","70-79","40-49"],"SERIES_NAME":["MALE","FEMALE","MALE","FEMALE","MALE","FEMALE","FEMALE","MALE","MALE","MALE","FEMALE","MALE","MALE","FEMALE","FEMALE","MALE","FEMALE","MALE","FEMALE","MALE","MALE","FEMALE","FEMALE","MALE","MALE","MALE","FEMALE","FEMALE","FEMALE","MALE","MALE","FEMALE","FEMALE","MALE","FEMALE","MALE","MALE","FEMALE","FEMALE","FEMALE"],"X_CALENDAR_YEAR":[2004,2004,2004,2004,2004,2004,2005,2005,2005,2005,2005,2005,2005,2005,2005,2005,2005,2005,2005,2006,2006,2006,2006,2006,2006,2006,2006,2006,2007,2007,2007,2007,2007,2007,2008,2009,2009,2009,2009,2009],"Y_PREVALENCE_1000PP":[0.80128,0.3695,0.83153,0.546,0.94679,0.69536,1.10015,1.43548,1.14976,0.34276,0.92771,1.81901,1.47226,0.75758,1.10175,0.71741,0.63076,1.14802,0.56013,0.4949,1.06816,0.4025,0.44938,0.88417,1.03687,1.12559,0.51294,0.59312,0.37734,0.38405,0.32019,0.3233,0.16303,0.50235,0.19433,0.3283,0.62544,0.301,0.44209,0.28934]},"PREVALENCE_BY_MONTH":{"X_CALENDAR_MONTH":["200402","200406","200410","200411","200412","200501","200502","200503","200504","200505","200506","200507","200508","200509","200510","200511","200512","200601","200602","200603","200604","200605","200606","200608","200609","200610","200611","200612","200701","200702","200703","200704","200901","200902","200905","200906","200910","201009","201010","201107","201503","201504"],"Y_PREVALENCE_1000PP":[0.09144,0.05476,0.05971,0.09362,0.03515,0.12169,0.11876,0.09672,0.04049,0.04835,0.12056,0.11881,0.08327,0.08204,0.07273,0.06779,0.09476,0.07,0.06555,0.11382,0.03767,0.03719,0.03321,0.03273,0.02529,0.02503,0.0604,0.03894,0.04908,0.02095,0.03454,0.0344,0.0534,0.0251,0.02801,0.01867,0.02173,0.0187,0.02183,0.01925,0.14461,0.08843]},"QUANTITY_DISTRIBUTION":{"CATEGORY":"Quantity","MIN_VALUE":0,"P10_VALUE":0,"P25_VALUE":12,"MEDIAN_VALUE":15,"P75_VALUE":15,"P90_VALUE":16,"MAX_VALUE":45},"REFILLS_DISTRIBUTION":{"CATEGORY":"Refills","MIN_VALUE":0,"P10_VALUE":0,"P25_VALUE":0,"MEDIAN_VALUE":0,"P75_VALUE":0,"P90_VALUE":0,"MAX_VALUE":5}}
