{"AGE_AT_FIRST_EXPOSURE":{"CATEGORY":["MALE","FEMALE"],"MIN_VALUE":[2,1],"P10_VALUE":[13,26],"P25_VALUE":[49,50],"MEDIAN_VALUE":[67,65],"P75_VALUE":[76,78],"P90_VALUE":[83,89],"MAX_VALUE":[93,105]},"DAYS_SUPPLY_DISTRIBUTION":{"CATEGORY":"Days supply","MIN_VALUE":0,"P10_VALUE":0,"P25_VALUE":0,"MEDIAN_VALUE":5,"P75_VALUE":14,"P90_VALUE":30,"MAX_VALUE":30},"DRUGS_BY_TYPE":{"CONCEPT_NAME":"Prescription written","COUNT_VALUE":338},"PREVALENCE_BY_GENDER_AGE_YEAR":{"TRELLIS_NAME":["50-59","50-59","60-69","60-69","90-99","50-59","70-79","70-79","50-59","70-79","70-79","80-89"],"SERIES_NAME":["FEMALE","FEMALE","MALE","FEMALE","FEMALE","MALE","MALE","FEMALE","FEMALE","FEMALE","MALE","FEMALE"],"X_CALENDAR_YEAR":[2011,2012,2014,2014,2014,2014,2014,2014,2014,2015,2015,2015],"Y_PREVALENCE_1000PP":[0.20945,0.21881,0.45228,0.72543,2.61552,0.46734,0.78192,0.64387,0.25103,0.72592,1.03761,1.66297]},"PREVALENCE_BY_MONTH":{"X_CALENDAR_MONTH":["201302","201405","201406","201407","201408","201409","201410","201411","201412","201501","201502","201503","201504"],"Y_PREVALENCE_1000PP":[0.02485,0.06162,0.04083,0.02813,0.05845,0.04038,0.04748,0.0792,0.0779,0.06526,0.10093,0.20085,0.13755]},"QUANTITY_DISTRIBUTION":{"CATEGORY":"Quantity","MIN_VALUE":0,"P10_VALUE":0,"P25_VALUE":0,"MEDIAN_VALUE":28,"P75_VALUE":200,"P90_VALUE":450,"MAX_VALUE":16800},"REFILLS_DISTRIBUTION":{"CATEGORY":"Refills","MIN_VALUE":0,"P10_VALUE":0,"P25_VALUE":0,"MEDIAN_VALUE":0,"P75_VALUE":0,"P90_VALUE":0,"MAX_VALUE":12}}
