{"AGE_AT_FIRST_EXPOSURE":{"CATEGORY":["MALE","FEMALE"],"MIN_VALUE":[15,4],"P10_VALUE":[38,31],"P25_VALUE":[54,47],"MEDIAN_VALUE":[68,60],"P75_VALUE":[76,74],"P90_VALUE":[81,85],"MAX_VALUE":[96,98]},"DAYS_SUPPLY_DISTRIBUTION":{"CATEGORY":"Days supply","MIN_VALUE":0,"P10_VALUE":0,"P25_VALUE":0,"MEDIAN_VALUE":30,"P75_VALUE":30,"P90_VALUE":30,"MAX_VALUE":90},"DRUGS_BY_TYPE":{"CONCEPT_NAME":"Prescription written","COUNT_VALUE":887},"PREVALENCE_BY_GENDER_AGE_YEAR":{"TRELLIS_NAME":["60-69","50-59","50-59","70-79","60-69","30-39","80-89","60-69","50-59","70-79","40-49","50-59","70-79","50-59","40-49","70-79","60-69","60-69","80-89","20-29","70-79","40-49","50-59","70-79","60-69","80-89","70-79","50-59","50-59","40-49","70-79","30-39","80-89","60-69","60-69","60-69","80-89","70-79","70-79","50-59","70-79","60-69"],"SERIES_NAME":["FEMALE","FEMALE","FEMALE","FEMALE","FEMALE","FEMALE","FEMALE","FEMALE","FEMALE","FEMALE","FEMALE","FEMALE","MALE","MALE","FEMALE","FEMALE","FEMALE","MALE","FEMALE","FEMALE","FEMALE","FEMALE","FEMALE","MALE","FEMALE","FEMALE","MALE","MALE","FEMALE","FEMALE","FEMALE","FEMALE","FEMALE","FEMALE","MALE","FEMALE","FEMALE","MALE","FEMALE","FEMALE","FEMALE","FEMALE"],"X_CALENDAR_YEAR":[2008,2008,2009,2009,2009,2010,2010,2010,2010,2010,2010,2011,2011,2011,2011,2011,2011,2011,2011,2011,2012,2012,2012,2012,2012,2012,2013,2013,2013,2013,2013,2013,2013,2013,2014,2014,2014,2014,2014,2014,2015,2015],"Y_PREVALENCE_1000PP":[0.36033,0.2091,0.30764,0.5684,0.344,0.21003,1.38063,0.50306,0.47914,0.75226,0.48495,0.76797,0.89346,0.2949,0.64103,0.49514,0.82984,0.30955,1.14775,0.26152,0.79584,0.53744,0.87524,0.59975,0.5896,1.60017,0.8912,0.32007,0.6494,0.38855,0.60775,0.18614,1.55262,0.99172,0.45228,0.68009,1.04956,0.54735,0.64387,0.29286,0.62221,0.5229]},"PREVALENCE_BY_MONTH":{"X_CALENDAR_MONTH":["200810","200811","200812","200907","200908","200910","200911","201001","201002","201003","201004","201006","201007","201009","201010","201011","201101","201102","201103","201104","201105","201106","201107","201108","201109","201110","201111","201112","201201","201202","201203","201204","201205","201206","201207","201208","201209","201210","201211","201212","201301","201302","201303","201304","201305","201306","201307","201308","201309","201310","201311","201312","201401","201403","201404","201405","201406","201407","201408","201409","201411","201501","201502","201503","201504"],"Y_PREVALENCE_1000PP":[0.02217,0.02533,0.02206,0.01869,0.02182,0.02173,0.02795,0.03416,0.03729,0.04022,0.02168,0.03721,0.02485,0.03117,0.04365,0.02813,0.03774,0.02207,0.0472,0.04433,0.02857,0.03828,0.05134,0.05152,0.04208,0.04217,0.04558,0.04906,0.03936,0.03622,0.04946,0.06312,0.04004,0.04376,0.03052,0.0443,0.04122,0.04484,0.04167,0.04194,0.06671,0.0426,0.07865,0.05405,0.03273,0.02948,0.04838,0.03771,0.02292,0.02316,0.03145,0.03195,0.03654,0.02935,0.04289,0.04841,0.03176,0.05157,0.0487,0.05048,0.05091,0.06526,0.07209,0.06427,0.1179]},"QUANTITY_DISTRIBUTION":{"CATEGORY":"Quantity","MIN_VALUE":0,"P10_VALUE":0,"P25_VALUE":0,"MEDIAN_VALUE":30,"P75_VALUE":60,"P90_VALUE":60,"MAX_VALUE":1440},"REFILLS_DISTRIBUTION":{"CATEGORY":"Refills","MIN_VALUE":0,"P10_VALUE":0,"P25_VALUE":0,"MEDIAN_VALUE":0,"P75_VALUE":4,"P90_VALUE":5,"MAX_VALUE":7}}
