{"AGE_AT_FIRST_EXPOSURE":{"CATEGORY":["FEMALE","MALE"],"MIN_VALUE":[10,20],"P10_VALUE":[42,41],"P25_VALUE":[52,52],"MEDIAN_VALUE":[63,61],"P75_VALUE":[73,68],"P90_VALUE":[81,76],"MAX_VALUE":[95,96]},"DAYS_SUPPLY_DISTRIBUTION":{"CATEGORY":[],"MIN_VALUE":[],"P10_VALUE":[],"P25_VALUE":[],"MEDIAN_VALUE":[],"P75_VALUE":[],"P90_VALUE":[],"MAX_VALUE":[]},"DRUGS_BY_TYPE":{"CONCEPT_NAME":"Inpatient administration","COUNT_VALUE":2016},"PREVALENCE_BY_GENDER_AGE_YEAR":{"TRELLIS_NAME":["30-39","60-69","80-89","60-69","80-89","30-39","40-49","50-59","40-49","70-79","50-59","70-79","30-39","60-69","80-89","60-69","30-39","50-59","40-49","50-59","40-49","70-79","70-79","40-49","50-59","70-79","50-59","40-49","70-79","60-69","80-89","60-69","80-89","80-89","60-69","60-69","80-89","40-49","70-79","50-59","40-49","50-59","70-79","80-89","60-69","60-69","70-79","40-49","70-79","50-59","40-49","50-59","60-69","50-59","70-79","50-59","70-79","60-69"],"SERIES_NAME":["FEMALE","FEMALE","FEMALE","MALE","MALE","MALE","FEMALE","MALE","MALE","FEMALE","FEMALE","MALE","FEMALE","MALE","FEMALE","FEMALE","MALE","FEMALE","MALE","MALE","FEMALE","FEMALE","MALE","FEMALE","FEMALE","MALE","MALE","MALE","FEMALE","MALE","MALE","FEMALE","FEMALE","MALE","MALE","FEMALE","FEMALE","MALE","MALE","MALE","FEMALE","FEMALE","FEMALE","FEMALE","MALE","FEMALE","MALE","MALE","FEMALE","FEMALE","FEMALE","MALE","MALE","MALE","FEMALE","FEMALE","MALE","FEMALE"],"X_CALENDAR_YEAR":[2004,2004,2004,2004,2004,2004,2004,2004,2004,2004,2004,2004,2005,2005,2005,2005,2005,2005,2005,2005,2005,2005,2005,2006,2006,2006,2006,2006,2006,2006,2006,2006,2006,2007,2007,2007,2007,2007,2007,2007,2007,2007,2007,2008,2008,2008,2008,2008,2008,2008,2008,2008,2009,2009,2009,2009,2009,2009],"Y_PREVALENCE_1000PP":[0.23765,1.94701,1.85029,3.69248,2.17332,0.64875,0.87756,2.4946,1.18614,1.547,1.11387,1.4881,0.22683,2.67871,1.39198,1.68039,0.75552,0.89642,0.86997,2.14383,0.59374,2.27273,1.43719,0.51294,0.63019,1.39094,1.09447,0.59242,1.17282,2.13632,1.34151,1.30811,0.75882,1.06572,1.28543,1.4622,1.30224,0.43891,1.46855,0.9072,0.53469,0.50291,1.27201,1.12296,1.14312,1.21611,1.10314,0.43306,0.8417,0.66214,0.32388,0.85781,1.03961,0.34539,0.44209,0.34182,0.62544,0.73099]},"PREVALENCE_BY_MONTH":{"X_CALENDAR_MONTH":["200401","200402","200403","200404","200405","200406","200407","200408","200409","200410","200411","200412","200501","200502","200503","200504","200505","200506","200507","200508","200509","200510","200511","200512","200601","200602","200603","200604","200605","200606","200607","200608","200609","200610","200611","200612","200701","200702","200703","200704","200705","200706","200707","200708","200709","200710","200711","200712","200801","200802","200803","200804","200805","200806","200807","200808","200809","200810","200811","200812","200901","200902","200903","200904","200905","200906","200907","200908","200909","200910","200911","200912"],"Y_PREVALENCE_1000PP":[0.37719,0.2482,0.17756,0.16103,0.12824,0.13689,0.14103,0.12088,0.09723,0.114,0.15084,0.10042,0.12169,0.08076,0.11514,0.11248,0.10989,0.09473,0.0976,0.08327,0.08204,0.08081,0.06779,0.07107,0.05833,0.05013,0.05691,0.06781,0.0781,0.05535,0.05137,0.09091,0.05057,0.06793,0.07462,0.07079,0.05959,0.03841,0.04836,0.05504,0.05455,0.06792,0.07438,0.07735,0.03683,0.10938,0.08263,0.08578,0.08512,0.08161,0.0747,0.05826,0.03228,0.05794,0.07689,0.06403,0.08283,0.06652,0.06015,0.03467,0.0377,0.05019,0.05307,0.04681,0.03734,0.03422,0.03738,0.03741,0.03734,0.05589,0.05279,0.05278]},"QUANTITY_DISTRIBUTION":{"CATEGORY":[],"MIN_VALUE":[],"P10_VALUE":[],"P25_VALUE":[],"MEDIAN_VALUE":[],"P75_VALUE":[],"P90_VALUE":[],"MAX_VALUE":[]},"REFILLS_DISTRIBUTION":{"CATEGORY":[],"MIN_VALUE":[],"P10_VALUE":[],"P25_VALUE":[],"MEDIAN_VALUE":[],"P75_VALUE":[],"P90_VALUE":[],"MAX_VALUE":[]}}
