{"AGE_AT_FIRST_EXPOSURE":{"CATEGORY":["FEMALE","MALE"],"MIN_VALUE":[10,7],"P10_VALUE":[34,32],"P25_VALUE":[46,46],"MEDIAN_VALUE":[57,57],"P75_VALUE":[69,69],"P90_VALUE":[82,79],"MAX_VALUE":[102,98]},"DAYS_SUPPLY_DISTRIBUTION":{"CATEGORY":"Days supply","MIN_VALUE":0,"P10_VALUE":0,"P25_VALUE":0,"MEDIAN_VALUE":0,"P75_VALUE":0,"P90_VALUE":30,"MAX_VALUE":60},"DRUGS_BY_TYPE":{"CONCEPT_NAME":"Prescription written","COUNT_VALUE":2358},"PREVALENCE_BY_GENDER_AGE_YEAR":{"TRELLIS_NAME":["50-59","80-89","40-49","50-59","70-79","50-59","60-69","70-79","30-39","60-69","20-29","80-89","50-59","40-49","40-49","70-79","50-59","70-79","60-69","90-99","30-39","60-69","90-99","60-69","80-89","50-59","40-49","70-79","50-59","40-49","70-79","30-39","50-59","20-29","30-39","40-49","50-59","70-79","40-49","70-79","90-99","60-69","60-69","20-29","80-89","80-89","30-39","30-39","50-59","70-79","40-49","50-59","80-89","20-29","60-69","90-99","20-29","80-89","70-79","40-49","60-69","50-59","40-49","70-79","40-49","50-59","70-79","30-39","30-39","60-69","80-89","90-99","60-69","80-89","20-29","30-39","30-39","20-29","60-69","40-49","50-59","70-79","70-79","40-49","50-59","80-89","60-69","50-59","70-79","50-59","60-69"],"SERIES_NAME":["FEMALE","FEMALE","FEMALE","FEMALE","FEMALE","MALE","FEMALE","MALE","FEMALE","MALE","FEMALE","FEMALE","MALE","MALE","FEMALE","FEMALE","FEMALE","MALE","FEMALE","FEMALE","FEMALE","FEMALE","FEMALE","MALE","FEMALE","FEMALE","MALE","FEMALE","MALE","FEMALE","MALE","MALE","FEMALE","MALE","FEMALE","MALE","MALE","FEMALE","FEMALE","MALE","FEMALE","FEMALE","MALE","FEMALE","MALE","FEMALE","FEMALE","MALE","MALE","FEMALE","FEMALE","FEMALE","FEMALE","FEMALE","MALE","FEMALE","MALE","MALE","MALE","MALE","FEMALE","FEMALE","FEMALE","FEMALE","MALE","MALE","MALE","FEMALE","MALE","MALE","FEMALE","FEMALE","FEMALE","MALE","FEMALE","MALE","FEMALE","FEMALE","MALE","MALE","MALE","MALE","FEMALE","FEMALE","FEMALE","FEMALE","FEMALE","FEMALE","FEMALE","MALE","MALE"],"X_CALENDAR_YEAR":[2007,2008,2008,2008,2008,2008,2008,2008,2009,2009,2009,2009,2009,2009,2009,2009,2009,2009,2009,2009,2010,2010,2010,2010,2010,2010,2010,2010,2010,2010,2010,2011,2011,2011,2011,2011,2011,2011,2011,2011,2011,2011,2011,2011,2011,2011,2012,2012,2012,2012,2012,2012,2012,2012,2012,2012,2012,2012,2012,2012,2012,2013,2013,2013,2013,2013,2013,2013,2013,2013,2013,2013,2013,2013,2013,2014,2014,2014,2014,2014,2014,2014,2014,2014,2014,2014,2014,2015,2015,2015,2015],"Y_PREVALENCE_1000PP":[0.21553,1.23526,0.7773,1.49852,1.29492,0.55505,0.9909,0.63037,0.41734,0.9849,0.1974,1.51155,0.98683,0.80373,0.80373,1.45257,1.33311,0.7818,1.54799,4,0.28879,1.08996,3.33969,0.52568,1.16822,1.4032,0.37912,0.87763,0.92242,0.77592,1.06037,0.91014,3.10678,0.75483,0.76348,1.41243,1.67109,2.22814,1.65317,2.30809,3.19052,2.36505,1.8573,0.49689,2.08986,2.71285,0.88124,1.12367,1.32538,1.71411,1.50484,2.58926,3.09366,0.36071,1.32499,5.83221,0.41184,1.34228,1.12452,1.67825,1.97936,2.0628,0.81595,1.39784,1.4222,1.97375,1.3368,0.49637,0.58445,0.80481,1.99623,3.80711,2.15592,1.5067,0.47117,0.43466,0.45555,0.19874,1.30032,0.88948,1.22678,0.54735,1.09459,0.97354,1.50615,1.51603,1.31483,0.66201,0.72592,0.64697,0.66591]},"PREVALENCE_BY_MONTH":{"X_CALENDAR_MONTH":["200712","200801","200802","200804","200805","200806","200807","200808","200809","200810","200811","200812","200901","200902","200903","200904","200905","200906","200907","200908","200909","200910","200911","200912","201001","201002","201003","201004","201005","201006","201007","201008","201009","201010","201011","201012","201101","201102","201103","201104","201105","201106","201107","201108","201109","201110","201111","201112","201201","201202","201203","201204","201205","201206","201207","201208","201209","201210","201211","201212","201301","201302","201303","201304","201305","201306","201307","201308","201309","201310","201311","201312","201401","201402","201403","201404","201405","201406","201407","201408","201409","201410","201411","201412","201501","201502","201503","201504"],"Y_PREVALENCE_1000PP":[0.0231,0.01964,0.02285,0.02266,0.03228,0.0676,0.03524,0.04482,0.0446,0.07919,0.09814,0.07564,0.06597,0.0596,0.05931,0.07489,0.0778,0.05288,0.05918,0.04052,0.06534,0.09315,0.07763,0.07762,0.0621,0.04661,0.05878,0.05265,0.02791,0.05581,0.03106,0.02489,0.08105,0.08731,0.06564,0.07842,0.1258,0.09142,0.11329,0.11715,0.17778,0.15949,0.16364,0.12235,0.12302,0.14273,0.12371,0.16025,0.13119,0.10866,0.09892,0.14285,0.11011,0.11109,0.13226,0.13973,0.0893,0.1414,0.13542,0.09435,0.13694,0.05681,0.12155,0.12251,0.11274,0.1216,0.10792,0.11691,0.06494,0.11192,0.0747,0.13179,0.11368,0.11188,0.14675,0.10294,0.06602,0.05444,0.07971,0.05845,0.04543,0.05276,0.10748,0.11385,0.11095,0.11535,0.14461,0.12773]},"QUANTITY_DISTRIBUTION":{"CATEGORY":"Quantity","MIN_VALUE":0,"P10_VALUE":0,"P25_VALUE":0,"MEDIAN_VALUE":0,"P75_VALUE":0,"P90_VALUE":30,"MAX_VALUE":525},"REFILLS_DISTRIBUTION":{"CATEGORY":"Refills","MIN_VALUE":0,"P10_VALUE":0,"P25_VALUE":0,"MEDIAN_VALUE":0,"P75_VALUE":0,"P90_VALUE":0,"MAX_VALUE":7}}
