{"AGE_AT_FIRST_EXPOSURE":{"CATEGORY":["MALE","FEMALE"],"MIN_VALUE":[1,4],"P10_VALUE":[25,26],"P25_VALUE":[37,42],"MEDIAN_VALUE":[55,57],"P75_VALUE":[66,67],"P90_VALUE":[73,78],"MAX_VALUE":[91,97]},"DAYS_SUPPLY_DISTRIBUTION":{"CATEGORY":"Days supply","MIN_VALUE":0,"P10_VALUE":0,"P25_VALUE":14,"MEDIAN_VALUE":30,"P75_VALUE":30,"P90_VALUE":30,"MAX_VALUE":120},"DRUGS_BY_TYPE":{"CONCEPT_NAME":["Inpatient administration","Prescription written"],"COUNT_VALUE":[705,1349]},"PREVALENCE_BY_GENDER_AGE_YEAR":{"TRELLIS_NAME":["60-69","50-59","60-69","60-69","60-69","40-49","50-59","60-69","60-69","20-29","70-79","40-49","50-59","50-59","70-79","50-59","70-79","40-49","50-59","60-69","60-69","50-59","40-49","70-79","50-59","40-49","70-79","30-39","60-69","60-69","80-89","20-29","20-29","30-39","30-39","20-29","60-69","20-29","10-19","60-69","80-89","40-49","50-59","70-79","10-19","70-79","40-49","50-59","30-39","30-39","50-59","40-49","70-79","50-59","60-69","70-79","10-19","20-29","60-69","20-29"],"SERIES_NAME":["FEMALE","FEMALE","FEMALE","FEMALE","MALE","FEMALE","FEMALE","FEMALE","FEMALE","FEMALE","FEMALE","FEMALE","FEMALE","FEMALE","MALE","MALE","FEMALE","FEMALE","FEMALE","FEMALE","MALE","MALE","MALE","MALE","FEMALE","FEMALE","FEMALE","FEMALE","MALE","FEMALE","FEMALE","FEMALE","MALE","MALE","FEMALE","MALE","MALE","FEMALE","MALE","FEMALE","FEMALE","MALE","MALE","MALE","FEMALE","FEMALE","FEMALE","FEMALE","MALE","FEMALE","FEMALE","FEMALE","FEMALE","MALE","FEMALE","MALE","MALE","MALE","MALE","FEMALE"],"X_CALENDAR_YEAR":[2004,2005,2005,2008,2008,2009,2009,2009,2010,2010,2010,2010,2010,2011,2011,2012,2012,2012,2012,2012,2012,2013,2013,2013,2013,2013,2013,2013,2013,2013,2013,2013,2013,2014,2014,2014,2014,2014,2014,2014,2014,2014,2014,2014,2014,2014,2014,2014,2015,2015,2015,2015,2015,2015,2015,2015,2015,2015,2015,2015],"Y_PREVALENCE_1000PP":[0.41722,0.24448,0.33608,0.31529,0.34294,0.28934,0.51273,0.602,0.54498,0.17504,0.37613,0.22631,0.54759,0.31417,0.44673,0.35683,0.36731,0.21498,0.61996,0.33691,0.477,0.58679,0.7111,0.8912,1.4134,0.62167,0.79008,0.27921,1.34135,1.50914,0.66541,0.38283,0.32739,1.0142,0.6658,0.49656,1.92221,0.59622,0.3524,2.81103,2.5656,1.18598,1.86938,1.72023,0.75537,1.80285,1.68156,1.71534,1.02745,0.44532,1.10335,0.65306,1.03702,0.64697,1.64339,0.77821,0.64935,0.76668,1.04642,0.37838]},"PREVALENCE_BY_MONTH":{"X_CALENDAR_MONTH":["200405","200408","200412","200508","200605","200710","200711","200712","200801","200802","200806","200807","200810","200812","200903","200904","200905","200906","200907","200910","200911","200912","201001","201003","201004","201006","201007","201008","201011","201012","201104","201105","201106","201107","201108","201110","201112","201202","201203","201204","201205","201206","201207","201208","201209","201210","201211","201212","201301","201302","201303","201304","201305","201306","201307","201308","201309","201310","201311","201312","201401","201402","201403","201404","201405","201406","201407","201408","201409","201410","201411","201412","201501","201502","201503","201504","201505"],"Y_PREVALENCE_1000PP":[0.06035,0.03626,0.03013,0.02498,0.02231,0.01989,0.02644,0.02969,0.02619,0.02612,0.02253,0.01922,0.01901,0.01891,0.02185,0.01872,0.01867,0.04666,0.02492,0.03415,0.04658,0.03415,0.01863,0.03403,0.03716,0.0248,0.02174,0.02489,0.02501,0.01882,0.019,0.0254,0.02233,0.01925,0.02898,0.03568,0.01962,0.02634,0.02308,0.03986,0.03003,0.04713,0.03052,0.02386,0.02748,0.03104,0.03472,0.03145,0.02107,0.0426,0.03933,0.02162,0.04728,0.02579,0.10048,0.11691,0.12607,0.20841,0.19657,0.13179,0.16241,0.1989,0.16771,0.20588,0.21126,0.23137,0.21567,0.20456,0.24735,0.26908,0.26587,0.35952,0.21536,0.32443,0.15265,0.3537,0.15358]},"QUANTITY_DISTRIBUTION":{"CATEGORY":"Quantity","MIN_VALUE":0,"P10_VALUE":1,"P25_VALUE":1,"MEDIAN_VALUE":4,"P75_VALUE":60,"P90_VALUE":60,"MAX_VALUE":180},"REFILLS_DISTRIBUTION":{"CATEGORY":"Refills","MIN_VALUE":0,"P10_VALUE":0,"P25_VALUE":0,"MEDIAN_VALUE":0,"P75_VALUE":2,"P90_VALUE":4,"MAX_VALUE":11}}
