{"AGE_AT_FIRST_EXPOSURE":{"CATEGORY":["FEMALE","MALE"],"MIN_VALUE":[6,10],"P10_VALUE":[41,36],"P25_VALUE":[51,47],"MEDIAN_VALUE":[62,58],"P75_VALUE":[74,69],"P90_VALUE":[84,80],"MAX_VALUE":[95,103]},"DAYS_SUPPLY_DISTRIBUTION":{"CATEGORY":[],"MIN_VALUE":[],"P10_VALUE":[],"P25_VALUE":[],"MEDIAN_VALUE":[],"P75_VALUE":[],"P90_VALUE":[],"MAX_VALUE":[]},"DRUGS_BY_TYPE":{"CONCEPT_NAME":"Inpatient administration","COUNT_VALUE":1989},"PREVALENCE_BY_GENDER_AGE_YEAR":{"TRELLIS_NAME":["60-69","60-69","80-89","40-49","50-59","50-59","70-79","30-39","60-69","80-89","60-69","30-39","50-59","70-79","40-49","40-49","50-59","70-79","30-39","40-49","50-59","50-59","70-79","40-49","70-79","60-69","80-89","80-89","60-69","80-89","30-39","60-69","80-89","60-69","70-79","50-59","40-49","50-59","70-79","30-39","60-69","80-89","90-99","80-89","40-49","70-79","60-69","40-49","50-59","70-79","50-59","60-69","80-89","50-59","40-49","50-59","40-49","70-79","70-79","60-69"],"SERIES_NAME":["FEMALE","MALE","FEMALE","FEMALE","MALE","FEMALE","FEMALE","MALE","MALE","FEMALE","FEMALE","FEMALE","FEMALE","MALE","FEMALE","MALE","MALE","FEMALE","MALE","FEMALE","FEMALE","MALE","MALE","MALE","FEMALE","FEMALE","FEMALE","MALE","MALE","MALE","FEMALE","MALE","FEMALE","FEMALE","MALE","MALE","FEMALE","FEMALE","FEMALE","MALE","MALE","FEMALE","FEMALE","MALE","MALE","MALE","FEMALE","FEMALE","FEMALE","FEMALE","MALE","MALE","FEMALE","FEMALE","MALE","MALE","FEMALE","FEMALE","MALE","FEMALE"],"X_CALENDAR_YEAR":[2004,2004,2004,2004,2004,2004,2004,2004,2005,2005,2005,2005,2005,2005,2005,2005,2005,2005,2006,2006,2006,2006,2006,2006,2006,2006,2006,2006,2006,2007,2007,2007,2007,2007,2007,2007,2007,2007,2007,2008,2008,2008,2008,2008,2008,2008,2008,2008,2008,2008,2008,2009,2009,2009,2009,2009,2009,2009,2009,2009],"Y_PREVALENCE_1000PP":[1.59933,1.51486,1.51388,0.55425,0.91468,0.75946,1.729,0.55607,0.53574,2.08797,1.34431,0.19443,0.89642,0.57488,0.55663,0.53537,0.64965,1.59091,0.40808,0.34196,0.77847,0.57604,0.60854,0.47393,1.24181,0.90561,1.2647,1.34151,0.80112,1.59858,0.19977,0.97937,2.60447,1.08485,0.48952,0.7471,0.76861,1.07766,1.47285,0.36539,0.5144,2.47052,3.08483,1.33757,0.37893,0.78796,1.35123,0.61536,1.56822,1.23017,0.95872,0.43773,1.18765,0.82037,0.32149,0.64144,0.51439,1.01048,0.85998,0.94599]},"PREVALENCE_BY_MONTH":{"X_CALENDAR_MONTH":["200401","200402","200403","200404","200405","200406","200407","200408","200409","200410","200411","200412","200501","200502","200503","200504","200505","200506","200507","200508","200509","200510","200511","200512","200601","200602","200603","200604","200605","200606","200607","200608","200609","200610","200611","200612","200701","200702","200703","200704","200705","200706","200707","200708","200709","200710","200711","200712","200801","200802","200803","200804","200805","200806","200807","200808","200809","200810","200811","200812","200901","200902","200903","200904","200905","200906","200907","200908","200909","200910","200911","200912","201001"],"Y_PREVALENCE_1000PP":[0.19852,0.1437,0.11838,0.11018,0.09806,0.08214,0.08333,0.04231,0.08579,0.09771,0.07802,0.08536,0.04868,0.04275,0.05066,0.06299,0.05275,0.06028,0.05092,0.08327,0.07793,0.07273,0.05981,0.03948,0.07,0.03856,0.05312,0.03767,0.02975,0.05535,0.04036,0.05091,0.03974,0.07151,0.0533,0.0354,0.05258,0.05238,0.05527,0.07568,0.04432,0.03736,0.06762,0.08744,0.04018,0.08618,0.10577,0.09898,0.11786,0.09467,0.08444,0.09387,0.09037,0.08048,0.07049,0.08004,0.06053,0.05702,0.08548,0.04097,0.0377,0.05019,0.07492,0.07177,0.04357,0.03422,0.06541,0.04052,0.03734,0.0621,0.04658,0.07762,0.01863]},"QUANTITY_DISTRIBUTION":{"CATEGORY":[],"MIN_VALUE":[],"P10_VALUE":[],"P25_VALUE":[],"MEDIAN_VALUE":[],"P75_VALUE":[],"P90_VALUE":[],"MAX_VALUE":[]},"REFILLS_DISTRIBUTION":{"CATEGORY":[],"MIN_VALUE":[],"P10_VALUE":[],"P25_VALUE":[],"MEDIAN_VALUE":[],"P75_VALUE":[],"P90_VALUE":[],"MAX_VALUE":[]}}
