{"AGE_AT_FIRST_EXPOSURE":{"CATEGORY":["FEMALE","MALE"],"MIN_VALUE":[30,28],"P10_VALUE":[52,45],"P25_VALUE":[59,54],"MEDIAN_VALUE":[68,67],"P75_VALUE":[77,75],"P90_VALUE":[82,79],"MAX_VALUE":[98,89]},"DAYS_SUPPLY_DISTRIBUTION":{"CATEGORY":"Days supply","MIN_VALUE":0,"P10_VALUE":0,"P25_VALUE":0,"MEDIAN_VALUE":0,"P75_VALUE":0,"P90_VALUE":0,"MAX_VALUE":30},"DRUGS_BY_TYPE":{"CONCEPT_NAME":"Prescription written","COUNT_VALUE":535},"PREVALENCE_BY_GENDER_AGE_YEAR":{"TRELLIS_NAME":["60-69","70-79","50-59","70-79","80-89","60-69","60-69","70-79","50-59","70-79","50-59","50-59","70-79","50-59","40-49","40-49","70-79","60-69","80-89","80-89","60-69","50-59","70-79","70-79","60-69","80-89","80-89","60-69","50-59","70-79","50-59","70-79","60-69","60-69","70-79","70-79"],"SERIES_NAME":["FEMALE","MALE","MALE","FEMALE","FEMALE","MALE","FEMALE","FEMALE","MALE","MALE","FEMALE","FEMALE","MALE","MALE","MALE","FEMALE","FEMALE","MALE","MALE","FEMALE","FEMALE","FEMALE","FEMALE","MALE","FEMALE","MALE","FEMALE","MALE","MALE","MALE","FEMALE","FEMALE","FEMALE","MALE","MALE","FEMALE"],"X_CALENDAR_YEAR":[2009,2009,2009,2009,2010,2010,2010,2010,2010,2010,2010,2011,2011,2011,2011,2011,2011,2011,2011,2011,2011,2012,2012,2012,2012,2012,2012,2012,2013,2013,2013,2013,2013,2014,2014,2014],"Y_PREVALENCE_1000PP":[0.68799,0.54726,0.34539,0.63155,1.06202,0.68338,0.50306,0.81494,0.38839,1.36333,0.30802,0.69815,1.48909,0.5898,0.39548,0.26991,1.6711,0.87706,0.89566,0.93907,0.82984,0.32822,0.55096,0.59975,0.71594,0.89485,1.06678,0.318,0.32007,0.6684,0.2292,0.60775,0.43118,0.33921,0.78192,0.45071]},"PREVALENCE_BY_MONTH":{"X_CALENDAR_MONTH":["200905","200911","200912","201001","201003","201004","201005","201006","201008","201009","201010","201011","201012","201101","201102","201103","201104","201105","201106","201107","201108","201109","201110","201111","201112","201201","201202","201203","201205","201206","201208","201209","201304","201311","201312","201401","201402","201403","201404"],"Y_PREVALENCE_1000PP":[0.01867,0.03726,0.04036,0.01863,0.02475,0.02478,0.04031,0.0248,0.028,0.02494,0.03118,0.03126,0.02823,0.02516,0.03153,0.03776,0.06333,0.05714,0.04147,0.05455,0.0322,0.04856,0.03244,0.03907,0.02616,0.02952,0.03951,0.04287,0.02002,0.02356,0.03067,0.03435,0.03243,0.03145,0.03195,0.03654,0.02486,0.02935,0.04289]},"QUANTITY_DISTRIBUTION":{"CATEGORY":"Quantity","MIN_VALUE":0,"P10_VALUE":0,"P25_VALUE":0,"MEDIAN_VALUE":0,"P75_VALUE":0,"P90_VALUE":0,"MAX_VALUE":60},"REFILLS_DISTRIBUTION":{"CATEGORY":"Refills","MIN_VALUE":0,"P10_VALUE":0,"P25_VALUE":0,"MEDIAN_VALUE":0,"P75_VALUE":0,"P90_VALUE":0,"MAX_VALUE":6}}
