{"AGE_AT_FIRST_EXPOSURE":{"CATEGORY":["FEMALE","MALE"],"MIN_VALUE":[10,0],"P10_VALUE":[15,43],"P25_VALUE":[41,54],"MEDIAN_VALUE":[57,64],"P75_VALUE":[68,73],"P90_VALUE":[78,78],"MAX_VALUE":[88,89]},"DAYS_SUPPLY_DISTRIBUTION":{"CATEGORY":[],"MIN_VALUE":[],"P10_VALUE":[],"P25_VALUE":[],"MEDIAN_VALUE":[],"P75_VALUE":[],"P90_VALUE":[],"MAX_VALUE":[]},"DRUGS_BY_TYPE":{"CONCEPT_NAME":"Inpatient administration","COUNT_VALUE":913},"PREVALENCE_BY_GENDER_AGE_YEAR":{"TRELLIS_NAME":["60-69","60-69","60-69","70-79","60-69","50-59","60-69","70-79","70-79","50-59","60-69","60-69","70-79","50-59","60-69"],"SERIES_NAME":["MALE","MALE","MALE","MALE","MALE","MALE","MALE","MALE","MALE","MALE","MALE","MALE","MALE","MALE","MALE"],"X_CALENDAR_YEAR":[2008,2009,2010,2011,2011,2012,2012,2012,2013,2013,2013,2014,2014,2015,2015],"Y_PREVALENCE_1000PP":[0.40009,0.54717,0.47311,0.52118,0.30955,0.35683,0.53,0.97459,0.81693,0.32007,0.91212,0.45228,0.93831,0.64697,0.57078]},"PREVALENCE_BY_MONTH":{"X_CALENDAR_MONTH":["200612","200901","200902","200903","201106","201107","201202","201203","201204","201208","201301","201302","201306","201307","201308","201310","201312","201401","201406","201501","201502"],"Y_PREVALENCE_1000PP":[0.02124,0.02199,0.02196,0.01873,0.02233,0.01925,0.02305,0.01978,0.01993,0.03408,0.02458,0.0355,0.02948,0.02605,0.02263,0.02316,0.02396,0.02842,0.02722,0.03916,0.04326]},"QUANTITY_DISTRIBUTION":{"CATEGORY":[],"MIN_VALUE":[],"P10_VALUE":[],"P25_VALUE":[],"MEDIAN_VALUE":[],"P75_VALUE":[],"P90_VALUE":[],"MAX_VALUE":[]},"REFILLS_DISTRIBUTION":{"CATEGORY":[],"MIN_VALUE":[],"P10_VALUE":[],"P25_VALUE":[],"MEDIAN_VALUE":[],"P75_VALUE":[],"P90_VALUE":[],"MAX_VALUE":[]}}
