{"AGE_AT_FIRST_EXPOSURE":{"CATEGORY":["FEMALE","MALE"],"MIN_VALUE":[29,28],"P10_VALUE":[46,49],"P25_VALUE":[57,58],"MEDIAN_VALUE":[68,68],"P75_VALUE":[78,76],"P90_VALUE":[84,81],"MAX_VALUE":[96,93]},"DAYS_SUPPLY_DISTRIBUTION":{"CATEGORY":"Days supply","MIN_VALUE":0,"P10_VALUE":0,"P25_VALUE":0,"MEDIAN_VALUE":0,"P75_VALUE":0,"P90_VALUE":30,"MAX_VALUE":90},"DRUGS_BY_TYPE":{"CONCEPT_NAME":["Inpatient administration","Prescription written"],"COUNT_VALUE":[11,284]},"PREVALENCE_BY_GENDER_AGE_YEAR":{"TRELLIS_NAME":["60-69","80-89","50-59","70-79","70-79","40-49","50-59","80-89","60-69","70-79","60-69","70-79","80-89"],"SERIES_NAME":["MALE","MALE","MALE","MALE","FEMALE","FEMALE","FEMALE","FEMALE","FEMALE","FEMALE","FEMALE","MALE","MALE"],"X_CALENDAR_YEAR":[2014,2014,2014,2014,2014,2014,2014,2014,2014,2015,2015,2015,2015],"Y_PREVALENCE_1000PP":[0.9611,1.58932,0.70102,1.56384,0.96581,0.39827,0.62756,1.04956,0.68009,0.93332,0.5229,1.81582,2.06825]},"PREVALENCE_BY_MONTH":{"X_CALENDAR_MONTH":["201402","201403","201404","201405","201406","201407","201408","201409","201410","201411","201412","201501","201502","201503","201504","201505"],"Y_PREVALENCE_1000PP":[0.04972,0.06289,0.05147,0.09683,0.08166,0.05626,0.05358,0.07067,0.04221,0.05657,0.0719,0.07179,0.05047,0.12855,0.16703,0.11169]},"QUANTITY_DISTRIBUTION":{"CATEGORY":"Quantity","MIN_VALUE":0,"P10_VALUE":0,"P25_VALUE":0,"MEDIAN_VALUE":0,"P75_VALUE":0,"P90_VALUE":30,"MAX_VALUE":90},"REFILLS_DISTRIBUTION":{"CATEGORY":"Refills","MIN_VALUE":0,"P10_VALUE":0,"P25_VALUE":0,"MEDIAN_VALUE":0,"P75_VALUE":0,"P90_VALUE":3,"MAX_VALUE":6}}
