{"AGE_AT_FIRST_EXPOSURE":{"CATEGORY":["FEMALE","MALE"],"MIN_VALUE":[30,27],"P10_VALUE":[50,42],"P25_VALUE":[58,50],"MEDIAN_VALUE":[68,60],"P75_VALUE":[78,70],"P90_VALUE":[83,78],"MAX_VALUE":[92,88]},"DAYS_SUPPLY_DISTRIBUTION":{"CATEGORY":[],"MIN_VALUE":[],"P10_VALUE":[],"P25_VALUE":[],"MEDIAN_VALUE":[],"P75_VALUE":[],"P90_VALUE":[],"MAX_VALUE":[]},"DRUGS_BY_TYPE":{"CONCEPT_NAME":"Inpatient administration","COUNT_VALUE":474},"PREVALENCE_BY_GENDER_AGE_YEAR":{"TRELLIS_NAME":["70-79","40-49","50-59","60-69","60-69","60-69","60-69","50-59","80-89","60-69","50-59","50-59","50-59","60-69"],"SERIES_NAME":["MALE","MALE","MALE","MALE","FEMALE","FEMALE","MALE","MALE","FEMALE","MALE","FEMALE","MALE","FEMALE","FEMALE"],"X_CALENDAR_YEAR":[2004,2004,2004,2004,2004,2005,2006,2006,2007,2007,2007,2007,2008,2008],"Y_PREVALENCE_1000PP":[0.68681,0.59307,0.49892,0.75743,0.48675,0.56013,0.40056,0.46083,0.8287,0.48969,0.21553,0.32019,0.24394,0.27025]},"PREVALENCE_BY_MONTH":{"X_CALENDAR_MONTH":["200402","200403","200406","200407","200408","200410","200501","200503","200508","200509","200608","200708","200710","200711","200712","200801","200803","200805","200808"],"Y_PREVALENCE_1000PP":[0.09144,0.06905,0.04107,0.03846,0.06648,0.05429,0.02921,0.02763,0.02915,0.02461,0.03636,0.02018,0.01989,0.02314,0.02639,0.02946,0.02923,0.01937,0.01921]},"QUANTITY_DISTRIBUTION":{"CATEGORY":[],"MIN_VALUE":[],"P10_VALUE":[],"P25_VALUE":[],"MEDIAN_VALUE":[],"P75_VALUE":[],"P90_VALUE":[],"MAX_VALUE":[]},"REFILLS_DISTRIBUTION":{"CATEGORY":[],"MIN_VALUE":[],"P10_VALUE":[],"P25_VALUE":[],"MEDIAN_VALUE":[],"P75_VALUE":[],"P90_VALUE":[],"MAX_VALUE":[]}}
