{"AGE_AT_FIRST_EXPOSURE":{"CATEGORY":["MALE","FEMALE"],"MIN_VALUE":[1,0],"P10_VALUE":[6,5],"P25_VALUE":[12,15],"MEDIAN_VALUE":[25,29],"P75_VALUE":[40,49],"P90_VALUE":[59,60],"MAX_VALUE":[82,89]},"DAYS_SUPPLY_DISTRIBUTION":{"CATEGORY":[],"MIN_VALUE":[],"P10_VALUE":[],"P25_VALUE":[],"MEDIAN_VALUE":[],"P75_VALUE":[],"P90_VALUE":[],"MAX_VALUE":[]},"DRUGS_BY_TYPE":{"CONCEPT_NAME":"Inpatient administration","COUNT_VALUE":1023},"PREVALENCE_BY_GENDER_AGE_YEAR":{"TRELLIS_NAME":["20-29","30-39","0-9","10-19","20-29","20-29","10-19","50-59","10-19","40-49","50-59","10-19","20-29","20-29"],"SERIES_NAME":["MALE","MALE","FEMALE","MALE","MALE","MALE","FEMALE","MALE","MALE","FEMALE","FEMALE","MALE","MALE","FEMALE"],"X_CALENDAR_YEAR":[2008,2008,2008,2008,2009,2012,2012,2012,2013,2014,2014,2014,2014,2014],"Y_PREVALENCE_1000PP":[0.32029,0.54808,0.27019,0.31908,0.3062,0.30888,0.30429,0.30586,0.55821,0.26551,0.25103,0.46987,0.49656,0.33124]},"PREVALENCE_BY_MONTH":{"X_CALENDAR_MONTH":["200801","200804","200805","200806","200807","200808","200809","200810","200811","200812","200901","200909","200910","201005","201107","201108","201110","201208","201209","201210","201212","201303","201306","201307","201308","201310","201311","201403","201405","201406","201407","201408","201409","201410"],"Y_PREVALENCE_1000PP":[0.01964,0.01942,0.01937,0.02253,0.03845,0.01921,0.01911,0.02217,0.01899,0.02206,0.02199,0.01867,0.01863,0.02481,0.04171,0.02254,0.01946,0.03749,0.02061,0.02414,0.02796,0.02145,0.03316,0.02977,0.03017,0.02702,0.03145,0.03354,0.04401,0.03176,0.04689,0.02922,0.06058,0.05804]},"QUANTITY_DISTRIBUTION":{"CATEGORY":[],"MIN_VALUE":[],"P10_VALUE":[],"P25_VALUE":[],"MEDIAN_VALUE":[],"P75_VALUE":[],"P90_VALUE":[],"MAX_VALUE":[]},"REFILLS_DISTRIBUTION":{"CATEGORY":[],"MIN_VALUE":[],"P10_VALUE":[],"P25_VALUE":[],"MEDIAN_VALUE":[],"P75_VALUE":[],"P90_VALUE":[],"MAX_VALUE":[]}}
