{"AGE_AT_FIRST_EXPOSURE":{"CATEGORY":["MALE","FEMALE"],"MIN_VALUE":[1,1],"P10_VALUE":[6,7],"P25_VALUE":[11,19],"MEDIAN_VALUE":[33,48],"P75_VALUE":[62,71],"P90_VALUE":[83,82],"MAX_VALUE":[100,100]},"DAYS_SUPPLY_DISTRIBUTION":{"CATEGORY":"Days supply","MIN_VALUE":0,"P10_VALUE":0,"P25_VALUE":0,"MEDIAN_VALUE":0,"P75_VALUE":30,"P90_VALUE":30,"MAX_VALUE":90},"DRUGS_BY_TYPE":{"CONCEPT_NAME":"Prescription written","COUNT_VALUE":756},"PREVALENCE_BY_GENDER_AGE_YEAR":{"TRELLIS_NAME":["10-19","0-9","0-9","60-69","70-79","10-19","0-9","50-59","0-9","10-19","10-19","0-9","20-29","10-19","0-9","50-59","10-19","50-59","70-79","30-39","80-89","60-69","20-29","30-39","20-29","0-9","80-89","60-69","40-49","70-79","0-9","70-79","40-49","50-59","50-59","40-49","10-19","70-79","50-59","60-69","0-9","0-9","80-89"],"SERIES_NAME":["MALE","MALE","MALE","FEMALE","FEMALE","MALE","FEMALE","FEMALE","MALE","FEMALE","MALE","FEMALE","FEMALE","MALE","MALE","MALE","FEMALE","FEMALE","FEMALE","FEMALE","FEMALE","FEMALE","FEMALE","FEMALE","FEMALE","MALE","FEMALE","FEMALE","MALE","MALE","FEMALE","FEMALE","FEMALE","FEMALE","FEMALE","FEMALE","FEMALE","FEMALE","MALE","FEMALE","MALE","FEMALE","FEMALE"],"X_CALENDAR_YEAR":[2009,2009,2010,2011,2011,2011,2011,2012,2012,2012,2012,2012,2012,2013,2013,2013,2013,2013,2013,2013,2013,2013,2013,2014,2014,2014,2014,2014,2014,2014,2014,2014,2014,2014,2015,2015,2015,2015,2015,2015,2015,2015,2015],"Y_PREVALENCE_1000PP":[0.44623,0.23815,0.27361,0.29044,0.37136,0.50954,0.27535,0.21881,0.21375,0.43471,0.47214,0.24084,0.24972,0.30448,0.22434,0.37341,0.41944,0.2674,0.36465,0.24819,1.10902,0.4743,0.20614,0.35042,0.43061,0.49583,0.69971,0.54407,0.51886,0.70373,0.55747,1.09459,0.35401,0.50205,0.88268,0.73469,1.14373,1.24443,0.64697,0.59759,0.51121,0.58115,1.66297]},"PREVALENCE_BY_MONTH":{"X_CALENDAR_MONTH":["200812","200907","200909","201006","201104","201105","201106","201107","201109","201110","201111","201112","201201","201202","201203","201204","201205","201206","201208","201209","201211","201212","201301","201302","201303","201304","201305","201306","201307","201308","201309","201310","201311","201312","201401","201403","201404","201405","201406","201407","201408","201409","201410","201411","201412","201501","201502","201503","201504"],"Y_PREVALENCE_1000PP":[0.01891,0.0218,0.01867,0.0248,0.02533,0.03175,0.02233,0.02246,0.03237,0.02271,0.03256,0.02289,0.03608,0.02634,0.01978,0.02658,0.04671,0.03703,0.02726,0.04122,0.02778,0.03495,0.02458,0.0426,0.0286,0.02522,0.04,0.03316,0.02605,0.03017,0.0382,0.05017,0.04718,0.04393,0.03248,0.05031,0.09007,0.04841,0.03629,0.08439,0.05358,0.07572,0.07914,0.10182,0.10786,0.16315,0.19466,0.27316,0.24563]},"QUANTITY_DISTRIBUTION":{"CATEGORY":"Quantity","MIN_VALUE":0,"P10_VALUE":0,"P25_VALUE":0,"MEDIAN_VALUE":0,"P75_VALUE":30,"P90_VALUE":45,"MAX_VALUE":300},"REFILLS_DISTRIBUTION":{"CATEGORY":"Refills","MIN_VALUE":0,"P10_VALUE":0,"P25_VALUE":0,"MEDIAN_VALUE":0,"P75_VALUE":1,"P90_VALUE":4,"MAX_VALUE":11}}
