{"AGE_AT_FIRST_EXPOSURE":{"CATEGORY":["FEMALE","MALE"],"MIN_VALUE":[52,51],"P10_VALUE":[52,59],"P25_VALUE":[63,66],"MEDIAN_VALUE":[72,73],"P75_VALUE":[77,79],"P90_VALUE":[85,84],"MAX_VALUE":[86,95]},"DAYS_SUPPLY_DISTRIBUTION":{"CATEGORY":"Days supply","MIN_VALUE":0,"P10_VALUE":0,"P25_VALUE":0,"MEDIAN_VALUE":30,"P75_VALUE":30,"P90_VALUE":30,"MAX_VALUE":30},"DRUGS_BY_TYPE":{"CONCEPT_NAME":["Inpatient administration","Prescription written"],"COUNT_VALUE":[453,67]},"PREVALENCE_BY_GENDER_AGE_YEAR":{"TRELLIS_NAME":["80-89","60-69","70-79","60-69","70-79","70-79","60-69","80-89","70-79","60-69","70-79","80-89","60-69","70-79"],"SERIES_NAME":["MALE","MALE","MALE","MALE","MALE","MALE","MALE","MALE","MALE","MALE","MALE","MALE","MALE","MALE"],"X_CALENDAR_YEAR":[2004,2004,2004,2005,2005,2006,2006,2007,2007,2008,2008,2009,2009,2009],"Y_PREVALENCE_1000PP":[1.62999,0.66275,1.60256,0.76535,1.05394,0.60854,0.46732,1.59858,1.06062,0.40009,1.57592,1.76282,0.49245,1.25088]},"PREVALENCE_BY_MONTH":{"X_CALENDAR_MONTH":["200506","200705","200711","200712","200801","200802","200803","200805","200806","200808","200810","200812","200901","200902","200903","200904","200905","200908","200909","200912"],"Y_PREVALENCE_1000PP":[0.03445,0.02046,0.03305,0.0231,0.02292,0.02612,0.01949,0.01937,0.02575,0.01921,0.01901,0.02206,0.0377,0.02196,0.01873,0.01872,0.01867,0.0187,0.02178,0.02173]},"QUANTITY_DISTRIBUTION":{"CATEGORY":"Quantity","MIN_VALUE":0,"P10_VALUE":0,"P25_VALUE":0,"MEDIAN_VALUE":30,"P75_VALUE":30,"P90_VALUE":30,"MAX_VALUE":90},"REFILLS_DISTRIBUTION":{"CATEGORY":"Refills","MIN_VALUE":0,"P10_VALUE":0,"P25_VALUE":0,"MEDIAN_VALUE":0,"P75_VALUE":5,"P90_VALUE":6,"MAX_VALUE":6}}
