{"AGE_AT_FIRST_EXPOSURE":{"CATEGORY":["MALE","FEMALE"],"MIN_VALUE":[2,3],"P10_VALUE":[12,19],"P25_VALUE":[25,26],"MEDIAN_VALUE":[43,36],"P75_VALUE":[59,53],"P90_VALUE":[72,66],"MAX_VALUE":[88,90]},"DAYS_SUPPLY_DISTRIBUTION":{"CATEGORY":"Days supply","MIN_VALUE":0,"P10_VALUE":0,"P25_VALUE":0,"MEDIAN_VALUE":4,"P75_VALUE":5,"P90_VALUE":10,"MAX_VALUE":31},"DRUGS_BY_TYPE":{"CONCEPT_NAME":"Prescription written","COUNT_VALUE":864},"PREVALENCE_BY_GENDER_AGE_YEAR":{"TRELLIS_NAME":["50-59","40-49","20-29","30-39","50-59","40-49","60-69","30-39","20-29","60-69","70-79","10-19","40-49","50-59","30-39","50-59","10-19","40-49","60-69","20-29","30-39","50-59","70-79","40-49","70-79","60-69","20-29","10-19","50-59","40-49","30-39","20-29","60-69","60-69","30-39","20-29","60-69","50-59","40-49","50-59","50-59"],"SERIES_NAME":["FEMALE","FEMALE","FEMALE","FEMALE","FEMALE","FEMALE","FEMALE","FEMALE","FEMALE","FEMALE","FEMALE","FEMALE","FEMALE","FEMALE","FEMALE","FEMALE","FEMALE","FEMALE","FEMALE","FEMALE","FEMALE","FEMALE","FEMALE","FEMALE","MALE","FEMALE","FEMALE","FEMALE","FEMALE","FEMALE","FEMALE","FEMALE","MALE","FEMALE","FEMALE","FEMALE","FEMALE","MALE","FEMALE","FEMALE","FEMALE"],"X_CALENDAR_YEAR":[2008,2008,2009,2009,2009,2009,2009,2010,2010,2010,2010,2010,2010,2010,2011,2011,2011,2011,2011,2011,2012,2012,2012,2012,2012,2012,2012,2013,2013,2013,2013,2013,2013,2013,2014,2014,2014,2014,2014,2014,2015],"Y_PREVALENCE_1000PP":[0.24394,0.29149,0.41947,0.39126,0.23928,0.28934,0.258,0.44631,0.50011,0.41922,0.37613,0.29169,0.48495,0.61604,0.35447,0.52362,0.38592,0.37112,0.24895,0.44458,0.46999,0.58349,0.36731,0.35829,0.44981,0.42114,0.97114,0.32623,0.4966,0.54396,0.74456,0.7362,0.32192,0.25871,0.49059,0.46373,0.58941,0.35051,0.44252,0.6694,0.44134]},"PREVALENCE_BY_MONTH":{"X_CALENDAR_MONTH":["200712","200801","200805","200812","200905","200907","200908","200909","200910","200911","200912","201002","201003","201004","201005","201006","201007","201008","201009","201010","201011","201012","201101","201102","201103","201104","201105","201106","201108","201109","201110","201111","201112","201201","201202","201203","201204","201205","201207","201208","201210","201211","201212","201301","201302","201303","201304","201305","201306","201307","201309","201310","201311","201312","201401","201402","201403","201404","201405","201406","201407","201408","201409","201410","201411","201412","201501","201502","201503","201504"],"Y_PREVALENCE_1000PP":[0.02969,0.02292,0.01937,0.02837,0.03423,0.0218,0.0187,0.028,0.02794,0.01863,0.03415,0.0435,0.02166,0.03407,0.02791,0.0186,0.02796,0.01866,0.02494,0.04054,0.03126,0.05333,0.0346,0.02522,0.01888,0.04116,0.03175,0.03828,0.02254,0.03561,0.02919,0.03256,0.0556,0.0492,0.02963,0.04616,0.03986,0.04337,0.0407,0.03749,0.03794,0.04514,0.04543,0.04565,0.02485,0.05363,0.04324,0.04364,0.04053,0.04094,0.03438,0.06175,0.05504,0.04792,0.02842,0.04558,0.04193,0.05147,0.04841,0.04083,0.03751,0.04383,0.05553,0.04221,0.07354,0.04794,0.05221,0.04326,0.05624,0.08843]},"QUANTITY_DISTRIBUTION":{"CATEGORY":"Quantity","MIN_VALUE":0,"P10_VALUE":0,"P25_VALUE":1,"MEDIAN_VALUE":2,"P75_VALUE":20,"P90_VALUE":30,"MAX_VALUE":600},"REFILLS_DISTRIBUTION":{"CATEGORY":"Refills","MIN_VALUE":0,"P10_VALUE":0,"P25_VALUE":0,"MEDIAN_VALUE":1,"P75_VALUE":3,"P90_VALUE":5,"MAX_VALUE":12}}
