{"AGE_AT_FIRST_EXPOSURE":{"CATEGORY":["FEMALE","MALE"],"MIN_VALUE":[5,5],"P10_VALUE":[6,6],"P25_VALUE":[7,7],"MEDIAN_VALUE":[10,9],"P75_VALUE":[14,11],"P90_VALUE":[18,14],"MAX_VALUE":[53,22]},"DAYS_SUPPLY_DISTRIBUTION":{"CATEGORY":"Days supply","MIN_VALUE":0,"P10_VALUE":0,"P25_VALUE":7,"MEDIAN_VALUE":30,"P75_VALUE":30,"P90_VALUE":30,"MAX_VALUE":90},"DRUGS_BY_TYPE":{"CONCEPT_NAME":"Prescription written","COUNT_VALUE":484},"PREVALENCE_BY_GENDER_AGE_YEAR":{"TRELLIS_NAME":["0-9","0-9","10-19","0-9","10-19","0-9","0-9","10-19","10-19","10-19","0-9","10-19","10-19","0-9","10-19","0-9"],"SERIES_NAME":["MALE","MALE","MALE","MALE","MALE","MALE","FEMALE","FEMALE","MALE","MALE","MALE","FEMALE","MALE","MALE","MALE","MALE"],"X_CALENDAR_YEAR":[2009,2010,2010,2011,2011,2012,2012,2012,2012,2013,2013,2013,2014,2014,2015,2015],"Y_PREVALENCE_1000PP":[0.27217,0.58142,0.36286,1.14987,0.74115,0.81938,0.28098,0.26082,0.75543,0.81194,0.78519,0.37284,1.29214,0.78506,1.08225,0.87636]},"PREVALENCE_BY_MONTH":{"X_CALENDAR_MONTH":["201011","201101","201103","201104","201105","201107","201108","201112","201201","201203","201204","201206","201208","201209","201211","201212","201302","201304","201306","201309","201310","201311","201312","201401","201404","201405","201406","201407","201408","201409","201410","201411","201412","201502","201503","201504"],"Y_PREVALENCE_1000PP":[0.01875,0.01887,0.03147,0.04116,0.03175,0.02246,0.01932,0.02616,0.01968,0.02638,0.01993,0.03703,0.03408,0.02748,0.02431,0.02097,0.02485,0.02883,0.02211,0.03056,0.03859,0.03145,0.02396,0.03248,0.03002,0.03081,0.04537,0.02813,0.0487,0.05048,0.04221,0.06788,0.05393,0.06489,0.07231,0.10808]},"QUANTITY_DISTRIBUTION":{"CATEGORY":"Quantity","MIN_VALUE":0,"P10_VALUE":0,"P25_VALUE":15,"MEDIAN_VALUE":30,"P75_VALUE":30,"P90_VALUE":60,"MAX_VALUE":600},"REFILLS_DISTRIBUTION":{"CATEGORY":"Refills","MIN_VALUE":0,"P10_VALUE":0,"P25_VALUE":0,"MEDIAN_VALUE":0,"P75_VALUE":0,"P90_VALUE":0,"MAX_VALUE":5}}
