{"AGE_AT_FIRST_EXPOSURE":{"CATEGORY":["FEMALE","MALE"],"MIN_VALUE":[38,16],"P10_VALUE":[46,50],"P25_VALUE":[55,59],"MEDIAN_VALUE":[66,65],"P75_VALUE":[77,72],"P90_VALUE":[83,79],"MAX_VALUE":[92,86]},"DAYS_SUPPLY_DISTRIBUTION":{"CATEGORY":"Days supply","MIN_VALUE":0,"P10_VALUE":0,"P25_VALUE":0,"MEDIAN_VALUE":30,"P75_VALUE":30,"P90_VALUE":30,"MAX_VALUE":90},"DRUGS_BY_TYPE":{"CONCEPT_NAME":"Prescription written","COUNT_VALUE":278},"PREVALENCE_BY_GENDER_AGE_YEAR":{"TRELLIS_NAME":["60-69","60-69","60-69","80-89","60-69","70-79","60-69","60-69"],"SERIES_NAME":["FEMALE","MALE","MALE","FEMALE","MALE","FEMALE","FEMALE","MALE"],"X_CALENDAR_YEAR":[2012,2012,2013,2013,2014,2014,2014,2015],"Y_PREVALENCE_1000PP":[0.2948,0.371,0.32192,0.66541,0.62189,0.38632,0.45339,0.66591]},"PREVALENCE_BY_MONTH":{"X_CALENDAR_MONTH":["201201","201206","201211","201302","201308","201309","201310","201402","201404","201405","201407","201501","201502","201503"],"Y_PREVALENCE_1000PP":[0.02624,0.0202,0.02083,0.0213,0.0264,0.03056,0.02316,0.03315,0.02573,0.03081,0.03282,0.03916,0.04326,0.05624]},"QUANTITY_DISTRIBUTION":{"CATEGORY":"Quantity","MIN_VALUE":0,"P10_VALUE":0,"P25_VALUE":0,"MEDIAN_VALUE":30,"P75_VALUE":30,"P90_VALUE":30,"MAX_VALUE":90},"REFILLS_DISTRIBUTION":{"CATEGORY":"Refills","MIN_VALUE":0,"P10_VALUE":0,"P25_VALUE":0,"MEDIAN_VALUE":0,"P75_VALUE":3,"P90_VALUE":5,"MAX_VALUE":10}}
