{"AGE_AT_FIRST_EXPOSURE":{"CATEGORY":["FEMALE","MALE"],"MIN_VALUE":[5,3],"P10_VALUE":[25,40],"P25_VALUE":[51,53],"MEDIAN_VALUE":[64,64],"P75_VALUE":[76,75],"P90_VALUE":[84,80],"MAX_VALUE":[95,91]},"DAYS_SUPPLY_DISTRIBUTION":{"CATEGORY":"Days supply","MIN_VALUE":0,"P10_VALUE":0,"P25_VALUE":0,"MEDIAN_VALUE":1,"P75_VALUE":30,"P90_VALUE":30,"MAX_VALUE":30},"DRUGS_BY_TYPE":{"CONCEPT_NAME":["Inpatient administration","Prescription written"],"COUNT_VALUE":[1326,53]},"PREVALENCE_BY_GENDER_AGE_YEAR":{"TRELLIS_NAME":["60-69","80-89","70-79","40-49","50-59","50-59","70-79","60-69","80-89","60-69","80-89","50-59","70-79","40-49","50-59","70-79","50-59","50-59","70-79","60-69","60-69","80-89","60-69","50-59","70-79","60-69","70-79","50-59","70-79","60-69"],"SERIES_NAME":["MALE","MALE","MALE","MALE","MALE","FEMALE","FEMALE","FEMALE","MALE","MALE","FEMALE","FEMALE","MALE","MALE","MALE","FEMALE","FEMALE","MALE","MALE","MALE","FEMALE","FEMALE","MALE","MALE","MALE","MALE","MALE","MALE","FEMALE","MALE"],"X_CALENDAR_YEAR":[2004,2004,2004,2004,2004,2004,2004,2005,2005,2005,2005,2005,2005,2005,2005,2005,2006,2006,2006,2006,2006,2006,2007,2007,2007,2008,2008,2008,2014,2014],"Y_PREVALENCE_1000PP":[1.98826,3.25998,3.3196,0.59307,1.66306,0.35441,0.728,0.39209,1.94426,1.83683,1.94878,0.44821,1.72463,0.60229,1.81901,0.5303,0.25949,0.57604,1.56481,1.0014,0.35218,0.75882,0.36726,0.48028,0.5711,0.40009,0.47278,0.40367,0.38632,0.45228]},"PREVALENCE_BY_MONTH":{"X_CALENDAR_MONTH":["200401","200402","200403","200404","200405","200406","200407","200408","200409","200410","200411","200412","200501","200502","200503","200504","200505","200506","200508","200509","200510","200511","200512","200601","200602","200603","200604","200605","200606","200607","200608","200609","200610","200701","200703","200707","200709","200711","200803","200809","200810","200906","201406","201409","201412"],"Y_PREVALENCE_1000PP":[0.25808,0.11757,0.1677,0.16103,0.06035,0.07529,0.08333,0.10275,0.07435,0.05429,0.08322,0.07532,0.07788,0.05225,0.10133,0.06749,0.07912,0.06028,0.07078,0.05743,0.04848,0.03988,0.04738,0.03889,0.04627,0.04932,0.02637,0.02603,0.04428,0.02569,0.02909,0.02167,0.03575,0.03506,0.02073,0.02029,0.02009,0.02314,0.01949,0.0223,0.01901,0.028,0.03176,0.03029,0.03595]},"QUANTITY_DISTRIBUTION":{"CATEGORY":"Quantity","MIN_VALUE":0,"P10_VALUE":0,"P25_VALUE":0,"MEDIAN_VALUE":6,"P75_VALUE":60,"P90_VALUE":120,"MAX_VALUE":240},"REFILLS_DISTRIBUTION":{"CATEGORY":"Refills","MIN_VALUE":0,"P10_VALUE":0,"P25_VALUE":0,"MEDIAN_VALUE":0,"P75_VALUE":0,"P90_VALUE":2,"MAX_VALUE":5}}
