{"AGE_AT_FIRST_EXPOSURE":{"CATEGORY":["FEMALE","MALE"],"MIN_VALUE":[1,2],"P10_VALUE":[34,34],"P25_VALUE":[46,46],"MEDIAN_VALUE":[57,58],"P75_VALUE":[73,68],"P90_VALUE":[82,79],"MAX_VALUE":[97,97]},"DAYS_SUPPLY_DISTRIBUTION":{"CATEGORY":"Days supply","MIN_VALUE":0,"P10_VALUE":0,"P25_VALUE":0,"MEDIAN_VALUE":0,"P75_VALUE":14,"P90_VALUE":28,"MAX_VALUE":30},"DRUGS_BY_TYPE":{"CONCEPT_NAME":["Inpatient administration","Prescription written"],"COUNT_VALUE":[1329,157]},"PREVALENCE_BY_GENDER_AGE_YEAR":{"TRELLIS_NAME":["30-39","70-79","40-49","50-59","50-59","40-49","70-79","80-89","60-69","80-89","60-69","30-39","40-49","50-59","40-49","70-79","70-79","50-59","60-69","60-69","80-89","60-69","60-69","80-89","50-59","40-49","70-79","50-59","70-79","30-39","30-39","40-49","70-79","50-59","50-59","70-79","60-69","60-69","80-89","30-39","50-59","50-59","60-69","40-49","70-79","60-69","80-89","50-59","60-69","50-59"],"SERIES_NAME":["MALE","MALE","FEMALE","FEMALE","MALE","MALE","FEMALE","FEMALE","MALE","MALE","FEMALE","FEMALE","MALE","MALE","FEMALE","FEMALE","MALE","FEMALE","MALE","FEMALE","MALE","MALE","FEMALE","FEMALE","FEMALE","MALE","MALE","MALE","FEMALE","FEMALE","MALE","MALE","MALE","MALE","FEMALE","FEMALE","MALE","FEMALE","FEMALE","MALE","FEMALE","MALE","FEMALE","MALE","MALE","MALE","FEMALE","FEMALE","MALE","FEMALE"],"X_CALENDAR_YEAR":[2004,2004,2004,2004,2004,2004,2004,2004,2004,2004,2004,2004,2005,2005,2005,2005,2005,2005,2005,2005,2006,2006,2006,2006,2006,2006,2006,2006,2006,2006,2006,2007,2007,2007,2007,2007,2007,2007,2007,2007,2008,2008,2008,2008,2008,2008,2008,2009,2009,2012],"Y_PREVALENCE_1000PP":[1.01946,1.14469,0.55425,1.21513,2.32829,1.44031,1.82,2.35492,2.46165,2.17332,0.83443,0.67335,0.53537,0.84454,0.33398,0.90909,0.95813,0.48896,0.84188,0.39209,1.34151,1.13492,0.55343,0.75882,0.29656,0.7109,0.5216,0.46083,0.48293,0.23967,0.47609,0.43891,1.06062,0.80047,0.46699,0.73643,0.85695,0.47168,1.18385,0.43956,0.34849,0.80735,0.36033,0.37893,1.10314,0.97165,0.78608,0.20509,0.3283,0.25528]},"PREVALENCE_BY_MONTH":{"X_CALENDAR_MONTH":["200403","200404","200405","200406","200407","200408","200409","200410","200411","200412","200501","200502","200503","200504","200505","200506","200507","200508","200509","200510","200511","200512","200601","200602","200603","200604","200605","200606","200607","200608","200609","200610","200611","200612","200701","200702","200703","200704","200705","200706","200707","200708","200709","200710","200711","200712","200801","200802","200803","200804","200805","200806","200807","200808","200809","200810","200811","200812","200901","200902","201210"],"Y_PREVALENCE_1000PP":[0.07892,0.17798,0.37716,0.24641,0.25641,0.2055,0.21735,0.06514,0.09883,0.03013,0.05841,0.0475,0.04145,0.08098,0.07033,0.06459,0.06789,0.04164,0.03281,0.03636,0.05583,0.03159,0.03111,0.03856,0.04173,0.04521,0.03347,0.06642,0.04036,0.02546,0.02529,0.05363,0.0604,0.04955,0.03856,0.05587,0.04836,0.04816,0.0341,0.05094,0.04395,0.05044,0.03348,0.05635,0.04958,0.04619,0.03601,0.03917,0.06171,0.04531,0.04841,0.03863,0.03204,0.04802,0.02549,0.03801,0.03799,0.02521,0.0377,0.02196,0.02414]},"QUANTITY_DISTRIBUTION":{"CATEGORY":"Quantity","MIN_VALUE":0,"P10_VALUE":0,"P25_VALUE":0,"MEDIAN_VALUE":0,"P75_VALUE":20,"P90_VALUE":56,"MAX_VALUE":120},"REFILLS_DISTRIBUTION":{"CATEGORY":"Refills","MIN_VALUE":0,"P10_VALUE":0,"P25_VALUE":0,"MEDIAN_VALUE":0,"P75_VALUE":0,"P90_VALUE":0,"MAX_VALUE":5}}
