{"AGE_AT_FIRST_EXPOSURE":{"CATEGORY":["FEMALE","MALE"],"MIN_VALUE":[17,0],"P10_VALUE":[26,27],"P25_VALUE":[33,34],"MEDIAN_VALUE":[41,43],"P75_VALUE":[51,54],"P90_VALUE":[63,64],"MAX_VALUE":[96,89]},"DAYS_SUPPLY_DISTRIBUTION":{"CATEGORY":"Days supply","MIN_VALUE":0,"P10_VALUE":0,"P25_VALUE":0,"MEDIAN_VALUE":5,"P75_VALUE":10,"P90_VALUE":30,"MAX_VALUE":31},"DRUGS_BY_TYPE":{"CONCEPT_NAME":["Inpatient administration","Prescription written"],"COUNT_VALUE":[1388,563]},"PREVALENCE_BY_GENDER_AGE_YEAR":{"TRELLIS_NAME":["60-69","60-69","20-29","30-39","20-29","30-39","50-59","40-49","50-59","70-79","40-49","30-39","20-29","60-69","20-29","60-69","70-79","40-49","50-59","40-49","70-79","30-39","50-59","40-49","50-59","30-39","20-29","60-69","40-49","30-39","60-69","40-49","50-59","20-29","30-39","60-69","40-49","70-79","50-59","60-69","60-69","20-29","30-39","40-49","50-59","40-49","30-39","50-59","30-39","50-59","60-69","60-69","50-59","40-49","40-49","70-79","50-59","40-49","50-59","30-39","40-49","50-59"],"SERIES_NAME":["FEMALE","MALE","FEMALE","FEMALE","MALE","MALE","MALE","MALE","FEMALE","FEMALE","FEMALE","FEMALE","MALE","MALE","FEMALE","FEMALE","MALE","MALE","MALE","FEMALE","FEMALE","MALE","FEMALE","FEMALE","FEMALE","FEMALE","FEMALE","FEMALE","FEMALE","FEMALE","FEMALE","FEMALE","FEMALE","FEMALE","FEMALE","FEMALE","FEMALE","FEMALE","FEMALE","FEMALE","MALE","FEMALE","FEMALE","MALE","MALE","FEMALE","MALE","FEMALE","FEMALE","FEMALE","FEMALE","MALE","MALE","MALE","FEMALE","FEMALE","MALE","FEMALE","FEMALE","FEMALE","MALE","MALE"],"X_CALENDAR_YEAR":[2004,2004,2004,2004,2004,2004,2004,2004,2004,2004,2004,2005,2005,2005,2005,2005,2005,2005,2005,2005,2005,2005,2005,2006,2006,2006,2006,2006,2007,2008,2008,2008,2008,2009,2009,2009,2009,2009,2009,2010,2010,2010,2010,2010,2010,2010,2010,2010,2011,2011,2011,2011,2011,2011,2011,2011,2012,2012,2012,2012,2012,2013],"Y_PREVALENCE_1000PP":[1.11258,1.32551,2.46933,3.92126,2.05262,4.35589,1.49676,4.23621,1.77206,0.728,3.55642,2.2035,1.14786,1.07148,1.51381,1.17627,0.7665,2.07455,1.42922,2.07808,0.83333,2.4932,1.26314,0.71812,0.48191,0.92873,0.28817,0.30187,0.20051,0.48307,0.7657,1.0364,0.59244,0.24675,0.8086,0.344,1.22167,0.44209,0.54692,0.33537,0.31541,0.32507,0.68259,0.48744,0.29129,1.00223,0.5883,0.54759,0.40901,0.38398,0.41492,0.41273,0.34405,0.45198,0.67476,0.37136,0.45879,0.75242,0.40115,0.44062,0.4795,0.32007]},"PREVALENCE_BY_MONTH":{"X_CALENDAR_MONTH":["200401","200402","200403","200404","200405","200406","200407","200408","200409","200410","200411","200412","200501","200502","200503","200504","200505","200506","200507","200508","200509","200510","200511","200512","200601","200602","200603","200604","200605","200711","200712","200803","200804","200810","200811","200812","200903","200904","200905","200906","200907","200908","200909","200910","200911","200912","201001","201002","201003","201005","201006","201007","201008","201009","201010","201011","201012","201101","201102","201103","201107","201108","201109","201110","201111","201201","201202","201203","201204","201205","201208","201209","201210","201405","201502"],"Y_PREVALENCE_1000PP":[0.57572,0.65317,0.4735,0.33901,0.29419,0.26694,0.10898,0.23572,0.3203,0.27685,0.21326,0.14059,0.15576,0.11401,0.13817,0.20246,0.14945,0.21529,0.1867,0.14156,0.08614,0.06869,0.07975,0.07897,0.05833,0.11182,0.10623,0.09795,0.02975,0.01983,0.0198,0.02598,0.01942,0.03168,0.03482,0.11346,0.03746,0.03121,0.06846,0.04977,0.01869,0.02182,0.04667,0.02794,0.03105,0.04036,0.03105,0.03418,0.03713,0.04341,0.05271,0.03417,0.05288,0.03117,0.05924,0.03438,0.02823,0.04089,0.03783,0.02517,0.01925,0.02898,0.02266,0.02271,0.0879,0.03936,0.02963,0.02638,0.03322,0.0367,0.02386,0.02404,0.02414,0.03081,0.04326]},"QUANTITY_DISTRIBUTION":{"CATEGORY":"Quantity","MIN_VALUE":0,"P10_VALUE":0,"P25_VALUE":16,"MEDIAN_VALUE":30,"P75_VALUE":40,"P90_VALUE":80,"MAX_VALUE":230},"REFILLS_DISTRIBUTION":{"CATEGORY":"Refills","MIN_VALUE":0,"P10_VALUE":0,"P25_VALUE":0,"MEDIAN_VALUE":0,"P75_VALUE":0,"P90_VALUE":0,"MAX_VALUE":12}}
