{"AGE_AT_FIRST_EXPOSURE":{"CATEGORY":["FEMALE","MALE"],"MIN_VALUE":[0,0],"P10_VALUE":[1,1],"P25_VALUE":[2,3],"MEDIAN_VALUE":[9,7],"P75_VALUE":[26,18],"P90_VALUE":[66,61],"MAX_VALUE":[97,96]},"DAYS_SUPPLY_DISTRIBUTION":{"CATEGORY":"Days supply","MIN_VALUE":0,"P10_VALUE":0,"P25_VALUE":0,"MEDIAN_VALUE":0,"P75_VALUE":30,"P90_VALUE":31,"MAX_VALUE":31},"DRUGS_BY_TYPE":{"CONCEPT_NAME":["Inpatient administration","Prescription written"],"COUNT_VALUE":[3492,18]},"PREVALENCE_BY_GENDER_AGE_YEAR":{"TRELLIS_NAME":["0-9","0-9","0-9","0-9","10-19","10-19","0-9","0-9","0-9","10-19","0-9","0-9","10-19","0-9","0-9","0-9","10-19","10-19","0-9","0-9","10-19","0-9","10-19","0-9","10-19","50-59","0-9","10-19","0-9","70-79","10-19","50-59","70-79","40-49","70-79","10-19","0-9","10-19","0-9","60-69","20-29","20-29","60-69","50-59","40-49","10-19","0-9","50-59","70-79","0-9","10-19","60-69","10-19","60-69","0-9","0-9","10-19","80-89"],"SERIES_NAME":["FEMALE","MALE","FEMALE","MALE","MALE","FEMALE","FEMALE","MALE","MALE","MALE","FEMALE","FEMALE","FEMALE","MALE","FEMALE","MALE","MALE","FEMALE","FEMALE","MALE","MALE","MALE","MALE","FEMALE","FEMALE","MALE","MALE","FEMALE","FEMALE","MALE","MALE","FEMALE","FEMALE","MALE","MALE","FEMALE","FEMALE","MALE","MALE","MALE","MALE","FEMALE","MALE","FEMALE","MALE","FEMALE","FEMALE","MALE","FEMALE","MALE","MALE","FEMALE","FEMALE","FEMALE","FEMALE","MALE","MALE","FEMALE"],"X_CALENDAR_YEAR":[2004,2004,2005,2005,2005,2005,2006,2006,2007,2007,2007,2008,2008,2008,2009,2009,2009,2010,2010,2010,2010,2011,2011,2011,2011,2011,2012,2012,2012,2012,2012,2013,2013,2013,2013,2013,2013,2013,2013,2013,2014,2014,2014,2014,2014,2014,2014,2014,2014,2014,2014,2014,2015,2015,2015,2015,2015,2015],"Y_PREVALENCE_1000PP":[0.49718,0.86447,0.65399,0.66214,0.34276,0.40451,0.81875,0.75997,0.35596,0.28259,0.44396,0.81056,0.37178,1.06782,0.87566,0.91859,0.49085,0.45837,0.97076,0.85502,0.40822,1.18471,0.60219,0.9834,0.51456,0.2949,1.46063,0.56512,1.04363,0.52478,0.89707,0.2292,0.42543,0.51716,0.81693,0.60586,1.93725,1.57312,2.54253,0.32192,0.43449,0.36436,0.67843,0.29286,0.44474,1.45678,2.74087,0.6426,0.57949,3.42947,1.82074,0.40805,1.04842,0.4482,1.16231,1.82575,0.75758,1.4782]},"PREVALENCE_BY_MONTH":{"X_CALENDAR_MONTH":["200404","200506","200511","200601","200604","200605","200802","200803","200804","200805","200806","200807","200808","200809","200810","200811","200812","200901","200903","200906","200907","200908","200909","200910","200911","200912","201002","201003","201005","201006","201007","201008","201009","201010","201011","201012","201101","201102","201103","201104","201105","201106","201107","201108","201109","201110","201111","201112","201202","201203","201204","201205","201206","201207","201208","201209","201210","201211","201212","201301","201302","201303","201304","201305","201306","201307","201308","201309","201310","201311","201312","201401","201402","201403","201404","201405","201406","201407","201408","201409","201410","201411","201412","201501","201502","201503","201504","201505"],"Y_PREVALENCE_1000PP":[0.05933,0.03445,0.04386,0.02333,0.03391,0.02231,0.02285,0.02598,0.01942,0.02582,0.01931,0.02563,0.02241,0.02549,0.03168,0.02849,0.02837,0.02199,0.02185,0.03111,0.01869,0.0187,0.03734,0.01863,0.02484,0.03726,0.02797,0.02475,0.04031,0.0217,0.02174,0.028,0.0187,0.04989,0.01875,0.02823,0.03774,0.02207,0.03776,0.03483,0.03492,0.02552,0.0385,0.03864,0.03885,0.04217,0.02604,0.02289,0.02634,0.04287,0.03654,0.0367,0.03366,0.05426,0.0443,0.06183,0.04139,0.04861,0.09086,0.05267,0.04615,0.06793,0.03963,0.06182,0.09949,0.08559,0.0792,0.10697,0.05403,0.0747,0.12381,0.09338,0.08287,0.13417,0.12867,0.13204,0.06805,0.1219,0.18995,0.16153,0.11607,0.12445,0.09587,0.10442,0.11535,0.16068,0.25545,0.29319]},"QUANTITY_DISTRIBUTION":{"CATEGORY":"Quantity","MIN_VALUE":0,"P10_VALUE":0,"P25_VALUE":0,"MEDIAN_VALUE":0,"P75_VALUE":16,"P90_VALUE":56,"MAX_VALUE":93},"REFILLS_DISTRIBUTION":{"CATEGORY":"Refills","MIN_VALUE":0,"P10_VALUE":0,"P25_VALUE":0,"MEDIAN_VALUE":0,"P75_VALUE":0,"P90_VALUE":5,"MAX_VALUE":5}}
