{"AGE_AT_FIRST_EXPOSURE":{"CATEGORY":["MALE","FEMALE"],"MIN_VALUE":[24,22],"P10_VALUE":[46,52],"P25_VALUE":[55,63],"MEDIAN_VALUE":[65,73],"P75_VALUE":[74,81],"P90_VALUE":[81,88],"MAX_VALUE":[92,104]},"DAYS_SUPPLY_DISTRIBUTION":{"CATEGORY":"Days supply","MIN_VALUE":0,"P10_VALUE":0,"P25_VALUE":0,"MEDIAN_VALUE":30,"P75_VALUE":30,"P90_VALUE":30,"MAX_VALUE":360},"DRUGS_BY_TYPE":{"CONCEPT_NAME":["Inpatient administration","Prescription written"],"COUNT_VALUE":[22,1098]},"PREVALENCE_BY_GENDER_AGE_YEAR":{"TRELLIS_NAME":["60-69","60-69","70-79","60-69","80-89","50-59","70-79","50-59","60-69","70-79","60-69","60-69","80-89","50-59","70-79","50-59","70-79","50-59","50-59","70-79","70-79","60-69","80-89","60-69","50-59","50-59","70-79","70-79","40-49","60-69","80-89","60-69","80-89","50-59","70-79","50-59","70-79","60-69","80-89","60-69","80-89","60-69","90-99","80-89","60-69","50-59","70-79","50-59","70-79"],"SERIES_NAME":["MALE","FEMALE","FEMALE","MALE","FEMALE","MALE","FEMALE","FEMALE","FEMALE","MALE","FEMALE","MALE","FEMALE","FEMALE","FEMALE","MALE","MALE","FEMALE","MALE","FEMALE","MALE","MALE","FEMALE","FEMALE","MALE","FEMALE","FEMALE","MALE","MALE","FEMALE","MALE","MALE","FEMALE","MALE","MALE","FEMALE","FEMALE","MALE","FEMALE","FEMALE","MALE","MALE","FEMALE","FEMALE","FEMALE","MALE","FEMALE","FEMALE","FEMALE"],"X_CALENDAR_YEAR":[2008,2008,2008,2009,2009,2009,2009,2009,2009,2009,2010,2010,2010,2010,2010,2010,2010,2011,2011,2011,2011,2011,2011,2011,2012,2012,2012,2012,2012,2012,2012,2012,2012,2013,2013,2013,2013,2013,2013,2013,2014,2014,2014,2014,2014,2014,2014,2014,2015],"Y_PREVALENCE_1000PP":[0.34294,0.27025,0.7122,0.43773,1.61952,0.34539,1.38942,0.30764,0.516,1.1727,0.67075,0.36798,1.59303,0.23957,1.25376,0.38839,0.60592,0.20945,0.44235,1.6711,0.67009,0.46432,1.46077,0.41492,0.66269,0.25528,1.22436,0.59975,0.41956,0.63171,0.89485,0.742,1.49349,0.74683,0.8912,0.382,1.09396,0.91212,1.55262,0.68989,0.95359,0.67843,3.48736,1.2828,0.68009,0.35051,1.35213,0.37654,0.93332]},"PREVALENCE_BY_MONTH":{"X_CALENDAR_MONTH":["200804","200805","200808","200810","200811","200901","200902","200903","200904","200905","200906","200907","200908","200909","200910","200911","200912","201001","201002","201003","201004","201005","201006","201007","201008","201009","201010","201011","201012","201102","201103","201104","201105","201106","201107","201108","201109","201110","201111","201112","201201","201202","201203","201204","201205","201206","201207","201208","201209","201210","201211","201212","201301","201302","201303","201304","201305","201306","201307","201308","201309","201310","201311","201312","201401","201402","201403","201404","201405","201406","201407","201408","201409","201410","201411","201412","201501","201502","201503","201504"],"Y_PREVALENCE_1000PP":[0.01942,0.02259,0.02241,0.03801,0.01899,0.01885,0.03137,0.03121,0.03745,0.04045,0.02489,0.03115,0.04052,0.03111,0.03415,0.02484,0.02794,0.0621,0.01864,0.04331,0.02168,0.02171,0.03101,0.03106,0.028,0.03741,0.02495,0.03438,0.0251,0.03468,0.03776,0.02533,0.04762,0.0319,0.05776,0.03864,0.0259,0.03244,0.05209,0.03925,0.0328,0.03951,0.02968,0.04319,0.07007,0.03703,0.05426,0.05453,0.04465,0.02759,0.04167,0.05941,0.05267,0.06746,0.05005,0.05044,0.05091,0.03685,0.0521,0.09051,0.03056,0.03859,0.05897,0.05192,0.0609,0.04144,0.05031,0.06005,0.05282,0.05444,0.06095,0.07306,0.04038,0.06859,0.06788,0.08988,0.08484,0.06489,0.05624,0.08843]},"QUANTITY_DISTRIBUTION":{"CATEGORY":"Quantity","MIN_VALUE":0,"P10_VALUE":0,"P25_VALUE":7,"MEDIAN_VALUE":30,"P75_VALUE":30,"P90_VALUE":30,"MAX_VALUE":360},"REFILLS_DISTRIBUTION":{"CATEGORY":"Refills","MIN_VALUE":0,"P10_VALUE":0,"P25_VALUE":0,"MEDIAN_VALUE":0,"P75_VALUE":4,"P90_VALUE":5,"MAX_VALUE":11}}
