{"AGE_AT_FIRST_EXPOSURE":{"CATEGORY":["FEMALE","MALE"],"MIN_VALUE":[0,0],"P10_VALUE":[4,4],"P25_VALUE":[13,10],"MEDIAN_VALUE":[30,30],"P75_VALUE":[58,52],"P90_VALUE":[73,69],"MAX_VALUE":[95,102]},"DAYS_SUPPLY_DISTRIBUTION":{"CATEGORY":"Days supply","MIN_VALUE":0,"P10_VALUE":0,"P25_VALUE":5,"MEDIAN_VALUE":5,"P75_VALUE":7,"P90_VALUE":7,"MAX_VALUE":90},"DRUGS_BY_TYPE":{"CONCEPT_NAME":["Inpatient administration","Prescription written"],"COUNT_VALUE":[268,507]},"PREVALENCE_BY_GENDER_AGE_YEAR":{"TRELLIS_NAME":["70-79","10-19","10-19","0-9","0-9","20-29","0-9","0-9","10-19","30-39","10-19","0-9","0-9","60-69","10-19","0-9","20-29","20-29","60-69","30-39","30-39","20-29","20-29","60-69","30-39","30-39","20-29","20-29","50-59","0-9"],"SERIES_NAME":["FEMALE","FEMALE","MALE","FEMALE","MALE","FEMALE","FEMALE","MALE","FEMALE","MALE","FEMALE","MALE","FEMALE","FEMALE","FEMALE","FEMALE","MALE","FEMALE","MALE","MALE","FEMALE","MALE","FEMALE","FEMALE","MALE","FEMALE","MALE","FEMALE","FEMALE","MALE"],"X_CALENDAR_YEAR":[2005,2008,2008,2009,2009,2010,2010,2010,2010,2011,2011,2011,2011,2012,2012,2012,2012,2012,2012,2013,2013,2013,2013,2013,2014,2014,2014,2014,2014,2014],"Y_PREVALENCE_1000PP":[0.45455,0.28916,0.31908,0.2665,0.3062,0.15003,0.58246,0.41041,0.29169,0.48541,0.25728,0.59236,0.74738,0.2948,0.26082,0.32112,0.46332,0.22198,0.371,0.77927,0.4033,0.70934,0.70676,0.43118,0.72443,0.2453,0.68276,0.29811,0.25103,0.28923]},"PREVALENCE_BY_MONTH":{"X_CALENDAR_MONTH":["200503","200809","200812","200910","200911","200912","201005","201006","201007","201011","201101","201103","201104","201105","201108","201109","201110","201111","201112","201201","201202","201203","201204","201207","201208","201301","201302","201303","201304","201305","201306","201308","201309","201311","201401","201402","201403","201404","201408","201409","201410","201501","201503"],"Y_PREVALENCE_1000PP":[0.03685,0.02549,0.01891,0.02484,0.01863,0.01863,0.0186,0.02791,0.01864,0.01875,0.01887,0.01888,0.019,0.03175,0.02898,0.01942,0.03893,0.01953,0.02616,0.03608,0.03951,0.01978,0.02325,0.02713,0.03067,0.02809,0.03905,0.03933,0.03963,0.03637,0.04422,0.04903,0.05348,0.04324,0.03248,0.04144,0.03354,0.04289,0.02922,0.07067,0.03166,0.04568,0.05624]},"QUANTITY_DISTRIBUTION":{"CATEGORY":"Quantity","MIN_VALUE":0,"P10_VALUE":0,"P25_VALUE":1,"MEDIAN_VALUE":20,"P75_VALUE":60,"P90_VALUE":84,"MAX_VALUE":360},"REFILLS_DISTRIBUTION":{"CATEGORY":"Refills","MIN_VALUE":0,"P10_VALUE":0,"P25_VALUE":0,"MEDIAN_VALUE":0,"P75_VALUE":0,"P90_VALUE":0,"MAX_VALUE":11}}
