{"AGE_AT_FIRST_EXPOSURE":{"CATEGORY":["MALE","FEMALE"],"MIN_VALUE":[12,17],"P10_VALUE":[26,28],"P25_VALUE":[44,40],"MEDIAN_VALUE":[55,51],"P75_VALUE":[63,60],"P90_VALUE":[72,71],"MAX_VALUE":[85,95]},"DAYS_SUPPLY_DISTRIBUTION":{"CATEGORY":"Days supply","MIN_VALUE":0,"P10_VALUE":0,"P25_VALUE":0,"MEDIAN_VALUE":0,"P75_VALUE":0,"P90_VALUE":0,"MAX_VALUE":90},"DRUGS_BY_TYPE":{"CONCEPT_NAME":["Inpatient administration","Prescription written"],"COUNT_VALUE":[183,260]},"PREVALENCE_BY_GENDER_AGE_YEAR":{"TRELLIS_NAME":["30-39","50-59","50-59","50-59","60-69","20-29","50-59","50-59","40-49","40-49","60-69","60-69","60-69"],"SERIES_NAME":["FEMALE","FEMALE","FEMALE","FEMALE","MALE","FEMALE","FEMALE","FEMALE","MALE","FEMALE","MALE","FEMALE","FEMALE"],"X_CALENDAR_YEAR":[2004,2006,2007,2009,2010,2010,2010,2011,2011,2011,2011,2011,2012],"Y_PREVALENCE_1000PP":[0.27726,0.40777,0.28738,0.34182,0.31541,0.17504,0.23957,0.31417,0.45198,0.23617,0.41273,0.24895,0.25268]},"PREVALENCE_BY_MONTH":{"X_CALENDAR_MONTH":["200403","200810","200903","200912","201007","201010","201011","201103","201104","201105","201106","201109","201110","201205","201207","201312"],"Y_PREVALENCE_1000PP":[0.06905,0.02534,0.02497,0.02173,0.02485,0.02183,0.01875,0.02832,0.0285,0.01905,0.01914,0.02914,0.01946,0.02002,0.02374,0.02796]},"QUANTITY_DISTRIBUTION":{"CATEGORY":"Quantity","MIN_VALUE":0,"P10_VALUE":0,"P25_VALUE":0,"MEDIAN_VALUE":0,"P75_VALUE":0,"P90_VALUE":0,"MAX_VALUE":90},"REFILLS_DISTRIBUTION":{"CATEGORY":"Refills","MIN_VALUE":0,"P10_VALUE":0,"P25_VALUE":0,"MEDIAN_VALUE":0,"P75_VALUE":0,"P90_VALUE":0,"MAX_VALUE":11}}
