{"AGE_AT_FIRST_EXPOSURE":{"CATEGORY":["MALE","FEMALE"],"MIN_VALUE":[1,0],"P10_VALUE":[21,17],"P25_VALUE":[50,44],"MEDIAN_VALUE":[59,67],"P75_VALUE":[67,78],"P90_VALUE":[75,84],"MAX_VALUE":[93,95]},"DAYS_SUPPLY_DISTRIBUTION":{"CATEGORY":"Days supply","MIN_VALUE":0,"P10_VALUE":0,"P25_VALUE":0,"MEDIAN_VALUE":30,"P75_VALUE":30,"P90_VALUE":30,"MAX_VALUE":31},"DRUGS_BY_TYPE":{"CONCEPT_NAME":["Inpatient administration","Prescription written"],"COUNT_VALUE":[551,248]},"PREVALENCE_BY_GENDER_AGE_YEAR":{"TRELLIS_NAME":["60-69","50-59","60-69","60-69","60-69","60-69","60-69","60-69"],"SERIES_NAME":["MALE","MALE","MALE","MALE","MALE","MALE","MALE","MALE"],"X_CALENDAR_YEAR":[2004,2005,2007,2009,2012,2013,2014,2015],"Y_PREVALENCE_1000PP":[0.66275,0.45475,0.36726,0.3283,0.477,0.37558,0.50882,0.57078]},"PREVALENCE_BY_MONTH":{"X_CALENDAR_MONTH":["200411","200509","200511","200701","200901","200907","201002","201205","201212","201301","201304","201408","201410","201412"],"Y_PREVALENCE_1000PP":[0.03121,0.02871,0.02393,0.02103,0.02199,0.02803,0.02175,0.02002,0.03145,0.02107,0.02162,0.02922,0.03693,0.04194]},"QUANTITY_DISTRIBUTION":{"CATEGORY":"Quantity","MIN_VALUE":0,"P10_VALUE":0,"P25_VALUE":0,"MEDIAN_VALUE":30,"P75_VALUE":30,"P90_VALUE":60,"MAX_VALUE":600},"REFILLS_DISTRIBUTION":{"CATEGORY":"Refills","MIN_VALUE":0,"P10_VALUE":0,"P25_VALUE":0,"MEDIAN_VALUE":0,"P75_VALUE":0,"P90_VALUE":5,"MAX_VALUE":11}}
