{"AGE_AT_FIRST_EXPOSURE":{"CATEGORY":"MALE","MIN_VALUE":16,"P10_VALUE":43,"P25_VALUE":51,"MEDIAN_VALUE":59,"P75_VALUE":66,"P90_VALUE":74,"MAX_VALUE":87},"DAYS_SUPPLY_DISTRIBUTION":{"CATEGORY":"Days supply","MIN_VALUE":0,"P10_VALUE":0,"P25_VALUE":0,"MEDIAN_VALUE":6,"P75_VALUE":30,"P90_VALUE":30,"MAX_VALUE":30},"DRUGS_BY_TYPE":{"CONCEPT_NAME":"Prescription written","COUNT_VALUE":442},"PREVALENCE_BY_GENDER_AGE_YEAR":{"TRELLIS_NAME":["60-69","50-59","60-69","50-59","40-49","60-69","50-59","40-49","70-79","60-69","70-79","50-59","60-69","60-69","40-49","50-59","70-79","50-59","60-69"],"SERIES_NAME":["MALE","MALE","MALE","MALE","MALE","MALE","MALE","MALE","MALE","MALE","MALE","MALE","MALE","MALE","MALE","MALE","MALE","MALE","MALE"],"X_CALENDAR_YEAR":[2009,2010,2010,2011,2011,2011,2012,2012,2012,2012,2013,2013,2013,2014,2014,2014,2014,2015,2015],"Y_PREVALENCE_1000PP":[0.3283,0.58258,0.68338,1.03214,0.50847,1.03183,0.96855,0.65931,0.67471,0.848,0.4456,0.80017,0.85846,1.7526,0.51886,0.99311,0.62554,0.64697,0.85616]},"PREVALENCE_BY_MONTH":{"X_CALENDAR_MONTH":["201001","201002","201010","201101","201103","201104","201106","201109","201201","201203","201204","201205","201207","201211","201212","201301","201303","201305","201307","201310","201401","201402","201403","201405","201406","201407","201408","201409","201411","201501"],"Y_PREVALENCE_1000PP":[0.01863,0.01864,0.01871,0.01887,0.02517,0.0285,0.01914,0.01942,0.02952,0.02638,0.03322,0.0367,0.03052,0.02083,0.02097,0.02107,0.03218,0.02909,0.02233,0.02316,0.0406,0.03315,0.03774,0.03521,0.03629,0.02813,0.05358,0.03534,0.0396,0.06526]},"QUANTITY_DISTRIBUTION":{"CATEGORY":"Quantity","MIN_VALUE":0,"P10_VALUE":0,"P25_VALUE":3,"MEDIAN_VALUE":7,"P75_VALUE":15,"P90_VALUE":30,"MAX_VALUE":30},"REFILLS_DISTRIBUTION":{"CATEGORY":"Refills","MIN_VALUE":0,"P10_VALUE":0,"P25_VALUE":0,"MEDIAN_VALUE":1,"P75_VALUE":4,"P90_VALUE":5,"MAX_VALUE":12}}
