{"AGE_AT_FIRST_EXPOSURE":{"CATEGORY":["MALE","FEMALE"],"MIN_VALUE":[3,1],"P10_VALUE":[45,42],"P25_VALUE":[57,56],"MEDIAN_VALUE":[70,72],"P75_VALUE":[79,82],"P90_VALUE":[86,88],"MAX_VALUE":[111,104]},"DAYS_SUPPLY_DISTRIBUTION":{"CATEGORY":"Days supply","MIN_VALUE":0,"P10_VALUE":0,"P25_VALUE":0,"MEDIAN_VALUE":0,"P75_VALUE":0,"P90_VALUE":30,"MAX_VALUE":150},"DRUGS_BY_TYPE":{"CONCEPT_NAME":["Inpatient administration","Prescription written"],"COUNT_VALUE":[80,1987]},"PREVALENCE_BY_GENDER_AGE_YEAR":{"TRELLIS_NAME":["80-89","70-79","50-59","50-59","60-69","70-79","80-89","60-69","80-89","40-49","50-59","40-49","70-79","50-59","60-69","70-79","30-39","80-89","60-69","80-89","50-59","40-49","70-79","50-59","40-49","70-79","30-39","90-99","60-69","60-69","80-89","80-89","40-49","50-59","70-79","40-49","70-79","90-99","60-69","60-69","90-99","80-89","80-89","30-39","50-59","30-39","80-89","60-69","90-99","80-89","70-79","60-69","50-59","50-59","70-79","80-89","60-69","80-89","60-69","70-79","40-49","70-79","60-69","80-89","60-69"],"SERIES_NAME":["FEMALE","FEMALE","FEMALE","MALE","FEMALE","MALE","MALE","MALE","FEMALE","MALE","MALE","FEMALE","FEMALE","FEMALE","FEMALE","MALE","FEMALE","MALE","MALE","FEMALE","FEMALE","MALE","FEMALE","MALE","FEMALE","MALE","FEMALE","FEMALE","FEMALE","MALE","MALE","FEMALE","MALE","MALE","FEMALE","FEMALE","MALE","FEMALE","FEMALE","MALE","MALE","MALE","FEMALE","MALE","FEMALE","FEMALE","FEMALE","MALE","FEMALE","MALE","MALE","FEMALE","MALE","FEMALE","FEMALE","MALE","MALE","FEMALE","FEMALE","FEMALE","MALE","MALE","FEMALE","MALE","MALE"],"X_CALENDAR_YEAR":[2005,2008,2008,2008,2008,2008,2008,2008,2008,2009,2009,2009,2009,2009,2009,2009,2009,2009,2009,2009,2010,2010,2010,2010,2010,2010,2010,2010,2010,2010,2010,2010,2011,2011,2011,2011,2011,2011,2011,2011,2011,2011,2011,2011,2011,2011,2012,2012,2012,2012,2012,2012,2012,2012,2012,2013,2013,2013,2013,2013,2013,2013,2014,2014,2014],"Y_PREVALENCE_1000PP":[0.83519,0.8417,0.2091,0.40367,0.58553,1.65472,1.83916,0.62872,1.79674,0.69657,0.8388,0.45009,1.38942,0.51273,0.98899,3.04902,0.20867,3.52564,2.07923,3.34701,0.85561,0.43328,2.44483,1.01952,0.38796,3.10535,0.28879,8.58779,1.17381,1.83988,3.54337,4.35429,0.73446,1.67109,3.46599,0.50607,3.94609,8.20419,1.20327,1.8573,11.0331,6.56814,4.59098,0.42473,0.87269,0.29994,3.4137,1.007,2.69179,2.98285,0.89962,0.80017,1.01952,0.54703,2.0202,2.10939,0.48288,1.10902,0.25871,0.72931,0.45252,1.18827,0.45339,1.74825,0.45228]},"PREVALENCE_BY_MONTH":{"X_CALENDAR_MONTH":["200804","200806","200807","200808","200809","200810","200811","200812","200901","200902","200903","200904","200905","200906","200907","200908","200909","200910","200911","200912","201001","201002","201003","201004","201005","201006","201007","201008","201009","201010","201011","201012","201101","201102","201103","201104","201105","201106","201107","201108","201109","201110","201111","201112","201201","201202","201203","201204","201205","201206","201207","201208","201209","201210","201211","201212","201301","201302","201303","201304","201305","201306","201307","201308","201309","201310","201311","201312","201401","201402","201405","201406"],"Y_PREVALENCE_1000PP":[0.04531,0.01931,0.01922,0.01921,0.0223,0.07602,0.08231,0.05988,0.03456,0.08784,0.07179,0.05305,0.03734,0.07777,0.04361,0.06234,0.03734,0.09315,0.13663,0.1304,0.13042,0.05904,0.09282,0.08981,0.08372,0.08682,0.08387,0.10266,0.07793,0.11537,0.09065,0.0847,0.09121,0.11664,0.17307,0.15831,0.15556,0.13397,0.09947,0.11913,0.12625,0.14597,0.11394,0.09484,0.06231,0.10207,0.10222,0.08305,0.06339,0.05723,0.0407,0.0443,0.05496,0.03449,0.05208,0.04543,0.05267,0.03195,0.05005,0.04684,0.04364,0.02579,0.04838,0.03017,0.03438,0.03859,0.02752,0.04393,0.05684,0.04558,0.03081,0.02722]},"QUANTITY_DISTRIBUTION":{"CATEGORY":"Quantity","MIN_VALUE":0,"P10_VALUE":0,"P25_VALUE":0,"MEDIAN_VALUE":0,"P75_VALUE":0,"P90_VALUE":30,"MAX_VALUE":375},"REFILLS_DISTRIBUTION":{"CATEGORY":"Refills","MIN_VALUE":0,"P10_VALUE":0,"P25_VALUE":0,"MEDIAN_VALUE":0,"P75_VALUE":0,"P90_VALUE":1,"MAX_VALUE":11}}
