{"AGE_AT_FIRST_EXPOSURE":{"CATEGORY":["MALE","FEMALE"],"MIN_VALUE":[17,20],"P10_VALUE":[65,66],"P25_VALUE":[74,76],"MEDIAN_VALUE":[81,82],"P75_VALUE":[86,88],"P90_VALUE":[90,91],"MAX_VALUE":[98,105]},"DAYS_SUPPLY_DISTRIBUTION":{"CATEGORY":"Days supply","MIN_VALUE":0,"P10_VALUE":0,"P25_VALUE":0,"MEDIAN_VALUE":30,"P75_VALUE":30,"P90_VALUE":30,"MAX_VALUE":90},"DRUGS_BY_TYPE":{"CONCEPT_NAME":["Inpatient administration","Prescription written"],"COUNT_VALUE":[2844,2834]},"PREVALENCE_BY_GENDER_AGE_YEAR":{"TRELLIS_NAME":["80-89","80-89","70-79","90-99","80-89","80-89","60-69","80-89","60-69","80-89","90-99","70-79","70-79","90-99","90-99","80-89","70-79","70-79","80-89","60-69","70-79","70-79","60-69","90-99","80-89","90-99","80-89","50-59","70-79","70-79","90-99","60-69","90-99","60-69","80-89","80-89","50-59","70-79","70-79","80-89","90-99","60-69","80-89","60-69","90-99","70-79","70-79","60-69","90-99","60-69","90-99","80-89","80-89","50-59","70-79","60-69","80-89","90-99","60-69","80-89","90-99","70-79","50-59","90-99","80-89","60-69","60-69","90-99","80-89","70-79","70-79","60-69","80-89","90-99","70-79","70-79","90-99","60-69","80-89","60-69","90-99","70-79","90-99","80-89","80-89","70-79"],"SERIES_NAME":["FEMALE","MALE","MALE","FEMALE","FEMALE","MALE","MALE","MALE","FEMALE","FEMALE","FEMALE","FEMALE","MALE","FEMALE","MALE","FEMALE","MALE","FEMALE","MALE","FEMALE","MALE","FEMALE","MALE","MALE","FEMALE","FEMALE","MALE","FEMALE","FEMALE","MALE","FEMALE","FEMALE","MALE","MALE","MALE","FEMALE","FEMALE","MALE","FEMALE","FEMALE","MALE","MALE","MALE","FEMALE","FEMALE","MALE","FEMALE","FEMALE","FEMALE","MALE","MALE","MALE","FEMALE","FEMALE","MALE","FEMALE","MALE","MALE","MALE","FEMALE","FEMALE","FEMALE","FEMALE","MALE","MALE","MALE","FEMALE","FEMALE","FEMALE","MALE","FEMALE","FEMALE","FEMALE","FEMALE","MALE","FEMALE","MALE","MALE","MALE","FEMALE","FEMALE","MALE","MALE","MALE","FEMALE","FEMALE"],"X_CALENDAR_YEAR":[2004,2004,2005,2005,2005,2005,2006,2006,2006,2006,2006,2006,2006,2007,2007,2007,2007,2007,2007,2008,2008,2008,2008,2008,2008,2008,2008,2009,2009,2009,2009,2009,2009,2009,2009,2009,2010,2010,2010,2010,2010,2010,2010,2010,2010,2011,2011,2011,2011,2011,2011,2011,2011,2011,2012,2012,2012,2012,2012,2012,2012,2012,2012,2013,2013,2013,2013,2013,2013,2013,2013,2014,2014,2014,2014,2014,2014,2014,2014,2015,2015,2015,2015,2015,2015,2015],"Y_PREVALENCE_1000PP":[1.34567,2.17332,0.57488,5.46448,2.50557,2.37632,0.60084,3.64124,0.30187,4.93234,6.60066,0.96585,1.30401,4.77454,7.7821,4.85379,1.38696,1.6737,3.73002,0.49545,2.44268,2.20136,0.40009,18.40491,9.20831,12.33933,5.18308,0.23928,2.21043,2.7363,16.5,0.43,20.50663,0.6566,6.08974,11.01274,0.27379,2.19647,2.50752,11.46984,24.08257,0.57825,6.93268,0.67075,17.17557,2.08473,2.97085,0.4979,17.77575,0.41273,12.03611,7.76235,12.93823,0.31417,2.09911,0.5896,8.65026,21.43523,0.371,11.52123,17.49664,3.06091,0.21881,20.57245,7.23218,0.48288,0.99172,18.61252,10.31385,2.0052,3.82886,0.77077,10.02915,17.00087,2.34577,3.73447,9.13242,0.7915,8.58233,0.74699,11.46325,2.98314,11.14206,5.94623,7.57576,2.38515]},"PREVALENCE_BY_MONTH":{"X_CALENDAR_MONTH":["200409","200410","200412","200501","200502","200503","200506","200508","200511","200512","200601","200602","200603","200604","200605","200606","200607","200608","200609","200610","200611","200612","200701","200702","200703","200704","200705","200706","200707","200708","200709","200710","200711","200712","200801","200802","200803","200804","200805","200806","200807","200808","200809","200810","200811","200812","200901","200902","200903","200904","200905","200906","200907","200908","200909","200910","200911","200912","201001","201002","201003","201004","201005","201006","201007","201008","201009","201010","201011","201012","201101","201102","201103","201104","201105","201106","201107","201108","201109","201110","201111","201112","201201","201202","201203","201204","201205","201206","201207","201208","201209","201210","201211","201212","201301","201302","201303","201304","201305","201306","201307","201308","201309","201310","201311","201312","201401","201402","201403","201404","201405","201406","201407","201408","201409","201410","201411","201412","201501","201502","201503","201504","201505","201506"],"Y_PREVALENCE_1000PP":[0.03432,0.04886,0.03515,0.03894,0.0285,0.04606,0.03014,0.02915,0.02791,0.04343,0.05833,0.07712,0.03035,0.04898,0.02603,0.02583,0.05504,0.04727,0.05057,0.06435,0.04619,0.0354,0.04908,0.02445,0.0449,0.02752,0.02728,0.05094,0.05748,0.06053,0.05357,0.06298,0.05619,0.05939,0.04583,0.06202,0.08119,0.07768,0.12911,0.08692,0.10573,0.08324,0.07009,0.14888,0.11713,0.06934,0.0911,0.09725,0.11862,0.09674,0.08091,0.1151,0.13705,0.09975,0.09957,0.1304,0.13353,0.11488,0.11799,0.12429,0.11447,0.11149,0.08372,0.10232,0.11494,0.12132,0.09352,0.13096,0.11878,0.12234,0.11322,0.10088,0.11014,0.15198,0.17143,0.18182,0.12834,0.13845,0.11007,0.12975,0.15627,0.13409,0.1771,0.16463,0.13519,0.12956,0.09342,0.12456,0.15261,0.14314,0.15113,0.17589,0.14931,0.11882,0.22472,0.16687,0.1573,0.19097,0.17093,0.11792,0.13769,0.12822,0.13753,0.21227,0.12187,0.15975,0.14211,0.14503,0.1761,0.17585,0.22007,0.19054,0.1641,0.1315,0.17163,0.22687,0.14142,0.25166,0.24147,0.25954,0.3053,0.4323,0.32111,0.42905]},"QUANTITY_DISTRIBUTION":{"CATEGORY":"Quantity","MIN_VALUE":0,"P10_VALUE":0,"P25_VALUE":0,"MEDIAN_VALUE":30,"P75_VALUE":60,"P90_VALUE":60,"MAX_VALUE":360},"REFILLS_DISTRIBUTION":{"CATEGORY":"Refills","MIN_VALUE":0,"P10_VALUE":0,"P25_VALUE":0,"MEDIAN_VALUE":0,"P75_VALUE":5,"P90_VALUE":5,"MAX_VALUE":12}}
