{"AGE_AT_FIRST_EXPOSURE":{"CATEGORY":["MALE","FEMALE"],"MIN_VALUE":[2,2],"P10_VALUE":[47,35],"P25_VALUE":[57,54],"MEDIAN_VALUE":[67,66],"P75_VALUE":[75,75],"P90_VALUE":[83,84],"MAX_VALUE":[98,100]},"DAYS_SUPPLY_DISTRIBUTION":{"CATEGORY":"Days supply","MIN_VALUE":0,"P10_VALUE":0,"P25_VALUE":0,"MEDIAN_VALUE":30,"P75_VALUE":30,"P90_VALUE":30,"MAX_VALUE":90},"DRUGS_BY_TYPE":{"CONCEPT_NAME":"Prescription written","COUNT_VALUE":1400},"PREVALENCE_BY_GENDER_AGE_YEAR":{"TRELLIS_NAME":["50-59","70-79","70-79","60-69","60-69","80-89","50-59","70-79","50-59","70-79","80-89","60-69","60-69","70-79","50-59","70-79","60-69","60-69","50-59","70-79","60-69","80-89","80-89","60-69","50-59","40-49","50-59","70-79","80-89","20-29","60-69","80-89","60-69","90-99","70-79","50-59","40-49","50-59","70-79","90-99","60-69","80-89","40-49","70-79","50-59","70-79","40-49","50-59","30-39","80-89","60-69","90-99","20-29","60-69","70-79","80-89","60-69","80-89","30-39","50-59","70-79","50-59"],"SERIES_NAME":["MALE","FEMALE","MALE","FEMALE","MALE","MALE","FEMALE","FEMALE","MALE","MALE","FEMALE","MALE","FEMALE","MALE","MALE","FEMALE","FEMALE","MALE","FEMALE","MALE","FEMALE","MALE","FEMALE","MALE","MALE","FEMALE","FEMALE","FEMALE","MALE","FEMALE","MALE","FEMALE","FEMALE","FEMALE","MALE","MALE","FEMALE","FEMALE","FEMALE","FEMALE","FEMALE","FEMALE","MALE","MALE","MALE","FEMALE","FEMALE","FEMALE","FEMALE","MALE","MALE","MALE","FEMALE","FEMALE","MALE","MALE","MALE","FEMALE","FEMALE","FEMALE","FEMALE","MALE"],"X_CALENDAR_YEAR":[2009,2009,2009,2009,2009,2009,2010,2010,2010,2010,2010,2010,2010,2011,2011,2011,2011,2011,2011,2012,2012,2012,2012,2012,2012,2012,2012,2012,2013,2013,2013,2013,2013,2013,2013,2013,2013,2013,2013,2014,2014,2014,2014,2014,2014,2014,2014,2014,2014,2014,2014,2014,2014,2015,2015,2015,2015,2015,2015,2015,2015,2015],"Y_PREVALENCE_1000PP":[0.64144,1.32626,1.48542,0.516,1.20376,1.12179,0.30802,0.94032,0.53403,0.98462,0.63721,0.78852,0.67075,1.19127,0.44235,0.8046,0.62238,0.77387,0.31417,1.57433,0.92651,1.34228,1.49349,0.954,0.66269,0.25081,0.98465,1.40802,1.80805,0.23559,0.96577,1.55262,1.25043,3.38409,1.5596,0.64014,0.27198,0.7258,2.24869,3.48736,1.22416,0.93294,0.59299,2.033,0.87627,1.80285,0.26551,0.58573,0.2453,1.74825,1.30032,5.47945,0.19874,1.56869,1.81582,2.84385,1.33181,1.10865,0.3817,0.73556,0.82962,0.86263]},"PREVALENCE_BY_MONTH":{"X_CALENDAR_MONTH":["200811","200812","200902","200903","200905","200906","200907","200908","200909","200910","200911","200912","201001","201003","201004","201006","201007","201008","201009","201010","201011","201012","201101","201102","201103","201104","201105","201106","201108","201109","201110","201111","201112","201201","201202","201203","201204","201205","201206","201207","201208","201209","201210","201211","201212","201301","201302","201303","201304","201305","201306","201307","201308","201309","201310","201311","201312","201401","201402","201403","201404","201405","201406","201407","201408","201409","201410","201411","201412","201501","201502","201503","201504","201505"],"Y_PREVALENCE_1000PP":[0.01899,0.02521,0.0251,0.0437,0.04045,0.028,0.02803,0.0187,0.04356,0.04347,0.059,0.02173,0.02795,0.0526,0.03407,0.03411,0.01864,0.02178,0.02182,0.0343,0.04064,0.03137,0.04089,0.02522,0.04091,0.03483,0.01905,0.02233,0.03864,0.0259,0.02919,0.04232,0.05233,0.04592,0.03293,0.06265,0.04319,0.06673,0.07743,0.04748,0.07498,0.05839,0.07588,0.04167,0.05591,0.07725,0.0497,0.06435,0.07927,0.11274,0.10686,0.06699,0.08674,0.0764,0.08491,0.07076,0.08387,0.09338,0.06216,0.12159,0.08149,0.08803,0.12703,0.11721,0.10228,0.12115,0.12663,0.11314,0.11385,0.17621,0.1514,0.28119,0.36353,0.1815]},"QUANTITY_DISTRIBUTION":{"CATEGORY":"Quantity","MIN_VALUE":0,"P10_VALUE":0,"P25_VALUE":0,"MEDIAN_VALUE":30,"P75_VALUE":30,"P90_VALUE":30,"MAX_VALUE":560},"REFILLS_DISTRIBUTION":{"CATEGORY":"Refills","MIN_VALUE":0,"P10_VALUE":0,"P25_VALUE":0,"MEDIAN_VALUE":0,"P75_VALUE":3,"P90_VALUE":5,"MAX_VALUE":11}}
