{"AGE_AT_FIRST_EXPOSURE":{"CATEGORY":["FEMALE","MALE"],"MIN_VALUE":[0,0],"P10_VALUE":[1,0],"P25_VALUE":[2,2],"MEDIAN_VALUE":[5,4],"P75_VALUE":[8,7],"P90_VALUE":[17,11],"MAX_VALUE":[102,98]},"DAYS_SUPPLY_DISTRIBUTION":{"CATEGORY":"Days supply","MIN_VALUE":0,"P10_VALUE":5,"P25_VALUE":7,"MEDIAN_VALUE":7,"P75_VALUE":10,"P90_VALUE":10,"MAX_VALUE":30},"DRUGS_BY_TYPE":{"CONCEPT_NAME":["Inpatient administration","Prescription written"],"COUNT_VALUE":[3681,5806]},"PREVALENCE_BY_GENDER_AGE_YEAR":{"TRELLIS_NAME":["0-9","10-19","0-9","0-9","10-19","0-9","10-19","0-9","10-19","80-89","10-19","0-9","10-19","0-9","10-19","0-9","80-89","0-9","10-19","10-19","60-69","0-9","10-19","0-9","0-9","10-19","20-29","10-19","10-19","0-9","0-9","10-19","0-9","10-19","0-9","70-79","0-9","10-19","10-19","0-9","20-29","80-89","90-99","0-9","10-19","10-19","0-9","70-79","20-29","80-89","20-29","0-9","10-19","0-9","10-19","10-19","0-9","10-19","0-9"],"SERIES_NAME":["MALE","FEMALE","FEMALE","FEMALE","MALE","MALE","FEMALE","FEMALE","FEMALE","FEMALE","MALE","MALE","MALE","MALE","FEMALE","FEMALE","FEMALE","FEMALE","FEMALE","MALE","FEMALE","MALE","FEMALE","FEMALE","MALE","MALE","FEMALE","FEMALE","MALE","MALE","FEMALE","FEMALE","MALE","MALE","FEMALE","FEMALE","MALE","FEMALE","MALE","FEMALE","FEMALE","FEMALE","FEMALE","MALE","MALE","FEMALE","FEMALE","FEMALE","FEMALE","FEMALE","FEMALE","MALE","MALE","FEMALE","FEMALE","FEMALE","MALE","MALE","FEMALE"],"X_CALENDAR_YEAR":[2004,2004,2004,2005,2005,2005,2005,2006,2006,2006,2006,2006,2007,2007,2007,2007,2008,2008,2008,2008,2008,2008,2009,2009,2009,2009,2010,2010,2010,2010,2010,2011,2011,2011,2011,2012,2012,2012,2012,2012,2012,2012,2012,2013,2013,2013,2013,2013,2013,2013,2014,2014,2014,2014,2014,2015,2015,2015,2015],"Y_PREVALENCE_1000PP":[3.98617,0.54668,3.81173,3.45681,0.79977,3.97285,0.50564,2.97337,0.36147,0.88529,0.30477,3.83782,0.37679,3.87997,0.46709,3.10772,0.78608,4.97916,0.4544,0.86608,0.27025,5.85581,0.97963,7.30983,8.26727,0.66934,0.22505,1.58347,1.81431,13.30415,13.04702,3.08735,13.48479,3.01093,13.7676,0.36731,15.28322,3.43419,3.02172,16.17629,0.36071,1.28014,3.14042,14.8439,1.97909,3.12252,17.39314,0.42543,0.26503,1.55262,0.23186,17.97372,2.99542,18.16408,3.23729,1.90621,10.00511,2.38095,8.80033]},"PREVALENCE_BY_MONTH":{"X_CALENDAR_MONTH":["200401","200402","200403","200404","200405","200406","200407","200408","200409","200410","200411","200412","200501","200502","200503","200504","200505","200506","200507","200508","200509","200510","200511","200512","200601","200602","200603","200604","200605","200606","200607","200608","200609","200610","200611","200612","200701","200702","200703","200704","200705","200706","200707","200708","200709","200710","200711","200712","200801","200802","200803","200804","200805","200806","200807","200808","200809","200810","200811","200812","200901","200902","200903","200904","200905","200906","200907","200908","200909","200910","200911","200912","201001","201002","201003","201004","201005","201006","201007","201008","201009","201010","201011","201012","201101","201102","201103","201104","201105","201106","201107","201108","201109","201110","201111","201112","201201","201202","201203","201204","201205","201206","201207","201208","201209","201210","201211","201212","201301","201302","201303","201304","201305","201306","201307","201308","201309","201310","201311","201312","201401","201402","201403","201404","201405","201406","201407","201408","201409","201410","201411","201412","201501","201502","201503","201504","201505"],"Y_PREVALENCE_1000PP":[0.27793,0.10451,0.08878,0.13561,0.10561,0.10267,0.15385,0.09671,0.09151,0.10314,0.14044,0.08034,0.06815,0.057,0.0829,0.10348,0.13186,0.08181,0.10184,0.0916,0.04922,0.07273,0.04386,0.04343,0.06222,0.0964,0.05691,0.05651,0.0781,0.08856,0.0844,0.05818,0.07225,0.06078,0.05685,0.07079,0.0631,0.06984,0.07254,0.05848,0.04773,0.05434,0.07776,0.08071,0.05022,0.07292,0.08263,0.10228,0.06875,0.07508,0.06495,0.07121,0.10006,0.09979,0.13777,0.11525,0.12425,0.14255,0.10764,0.13237,0.08796,0.10666,0.10613,0.11234,0.11203,0.12755,0.17132,0.16209,0.14935,0.16766,0.18632,0.17697,0.17699,0.1709,0.22585,0.18892,0.22326,0.22635,0.33238,0.22087,0.23379,0.28687,0.21256,0.22586,0.22959,0.15447,0.23286,0.24064,0.2127,0.23924,0.30161,0.29944,0.34639,0.24653,0.31579,0.2322,0.25909,0.22719,0.27368,0.29566,0.34033,0.31981,0.3527,0.37829,0.38125,0.29316,0.35071,0.20618,0.27037,0.25208,0.32533,0.30987,0.29094,0.37217,0.36842,0.37336,0.3973,0.30489,0.2634,0.30752,0.26391,0.29006,0.31446,0.30024,0.37411,0.45367,0.52512,0.42373,0.56032,0.48012,0.31112,0.50333,0.3981,0.35327,0.57846,0.79583,0.51657]},"QUANTITY_DISTRIBUTION":{"CATEGORY":"Quantity","MIN_VALUE":0,"P10_VALUE":1,"P25_VALUE":75,"MEDIAN_VALUE":140,"P75_VALUE":200,"P90_VALUE":300,"MAX_VALUE":36000},"REFILLS_DISTRIBUTION":{"CATEGORY":"Refills","MIN_VALUE":0,"P10_VALUE":0,"P25_VALUE":0,"MEDIAN_VALUE":0,"P75_VALUE":0,"P90_VALUE":0,"MAX_VALUE":10}}
