{"AGE_AT_FIRST_EXPOSURE":{"CATEGORY":["FEMALE","MALE"],"MIN_VALUE":[36,24],"P10_VALUE":[56,49],"P25_VALUE":[61,58],"MEDIAN_VALUE":[68,68],"P75_VALUE":[79,76],"P90_VALUE":[86,82],"MAX_VALUE":[102,91]},"DAYS_SUPPLY_DISTRIBUTION":{"CATEGORY":"Days supply","MIN_VALUE":0,"P10_VALUE":0,"P25_VALUE":0,"MEDIAN_VALUE":30,"P75_VALUE":30,"P90_VALUE":30,"MAX_VALUE":90},"DRUGS_BY_TYPE":{"CONCEPT_NAME":["Inpatient administration","Prescription written"],"COUNT_VALUE":[54,321]},"PREVALENCE_BY_GENDER_AGE_YEAR":{"TRELLIS_NAME":["60-69","80-89","60-69","70-79","50-59","60-69","60-69","50-59","60-69","80-89","50-59"],"SERIES_NAME":["FEMALE","FEMALE","FEMALE","FEMALE","FEMALE","FEMALE","MALE","FEMALE","FEMALE","FEMALE","FEMALE"],"X_CALENDAR_YEAR":[2010,2010,2011,2012,2012,2012,2012,2013,2013,2013,2014],"Y_PREVALENCE_1000PP":[0.29345,0.95582,0.33194,0.36731,0.43762,0.46326,0.583,0.2292,0.38806,0.77631,0.25103]},"PREVALENCE_BY_MONTH":{"X_CALENDAR_MONTH":["201205","201206","201207","201208","201209","201212","201301","201304","201307","201308","201311","201407"],"Y_PREVALENCE_1000PP":[0.02002,0.02356,0.02035,0.0409,0.02748,0.02446,0.02809,0.02522,0.02233,0.04148,0.02359,0.02813]},"QUANTITY_DISTRIBUTION":{"CATEGORY":"Quantity","MIN_VALUE":0,"P10_VALUE":0,"P25_VALUE":0,"MEDIAN_VALUE":60,"P75_VALUE":90,"P90_VALUE":90,"MAX_VALUE":270},"REFILLS_DISTRIBUTION":{"CATEGORY":"Refills","MIN_VALUE":0,"P10_VALUE":0,"P25_VALUE":0,"MEDIAN_VALUE":0,"P75_VALUE":5,"P90_VALUE":5,"MAX_VALUE":11}}
