{"AGE_AT_FIRST_EXPOSURE":{"CATEGORY":["FEMALE","MALE"],"MIN_VALUE":[15,21],"P10_VALUE":[22,30],"P25_VALUE":[30,40],"MEDIAN_VALUE":[40,56],"P75_VALUE":[47,65],"P90_VALUE":[54,73],"MAX_VALUE":[86,86]},"DAYS_SUPPLY_DISTRIBUTION":{"CATEGORY":"Days supply","MIN_VALUE":0,"P10_VALUE":0,"P25_VALUE":0,"MEDIAN_VALUE":30,"P75_VALUE":30,"P90_VALUE":30,"MAX_VALUE":180},"DRUGS_BY_TYPE":{"CONCEPT_NAME":"Prescription written","COUNT_VALUE":449},"PREVALENCE_BY_GENDER_AGE_YEAR":{"TRELLIS_NAME":["40-49","40-49","40-49","20-29","40-49","20-29","50-59","40-49","30-39","20-29","30-39","40-49","50-59"],"SERIES_NAME":["FEMALE","FEMALE","FEMALE","FEMALE","FEMALE","FEMALE","FEMALE","FEMALE","FEMALE","FEMALE","FEMALE","FEMALE","FEMALE"],"X_CALENDAR_YEAR":[2009,2010,2011,2011,2012,2012,2013,2013,2013,2014,2014,2014,2014],"Y_PREVALENCE_1000PP":[0.25719,0.22631,0.40486,0.20922,0.39412,0.22198,0.2292,0.50511,0.43432,0.33124,0.45555,0.48677,0.3347]},"PREVALENCE_BY_MONTH":{"X_CALENDAR_MONTH":["200912","201003","201008","201103","201105","201204","201205","201206","201207","201208","201210","201211","201301","201303","201304","201305","201308","201312","201403","201405","201406","201407","201408","201412","201503","201504"],"Y_PREVALENCE_1000PP":[0.01863,0.01856,0.01866,0.02517,0.03175,0.02325,0.03003,0.02356,0.02035,0.02386,0.02414,0.03125,0.03511,0.02503,0.03603,0.02546,0.0264,0.04393,0.04193,0.04841,0.04083,0.04689,0.0487,0.0719,0.0482,0.0786]},"QUANTITY_DISTRIBUTION":{"CATEGORY":"Quantity","MIN_VALUE":0,"P10_VALUE":0,"P25_VALUE":0,"MEDIAN_VALUE":5,"P75_VALUE":9,"P90_VALUE":16,"MAX_VALUE":60},"REFILLS_DISTRIBUTION":{"CATEGORY":"Refills","MIN_VALUE":0,"P10_VALUE":0,"P25_VALUE":0,"MEDIAN_VALUE":3,"P75_VALUE":5,"P90_VALUE":5,"MAX_VALUE":11}}
