{"AGE_AT_FIRST_EXPOSURE":{"CATEGORY":["MALE","FEMALE"],"MIN_VALUE":[1,2],"P10_VALUE":[38,43],"P25_VALUE":[54,55],"MEDIAN_VALUE":[65,66],"P75_VALUE":[74,79],"P90_VALUE":[83,85],"MAX_VALUE":[93,96]},"DAYS_SUPPLY_DISTRIBUTION":{"CATEGORY":[],"MIN_VALUE":[],"P10_VALUE":[],"P25_VALUE":[],"MEDIAN_VALUE":[],"P75_VALUE":[],"P90_VALUE":[],"MAX_VALUE":[]},"DRUGS_BY_TYPE":{"CONCEPT_NAME":"Inpatient administration","COUNT_VALUE":514},"PREVALENCE_BY_GENDER_AGE_YEAR":{"TRELLIS_NAME":["50-59","70-79","70-79","60-69","80-89","80-89","60-69","50-59","70-79","50-59","40-49","70-79","60-69","80-89","60-69","80-89"],"SERIES_NAME":["MALE","FEMALE","MALE","FEMALE","FEMALE","MALE","MALE","FEMALE","MALE","MALE","MALE","FEMALE","FEMALE","FEMALE","MALE","MALE"],"X_CALENDAR_YEAR":[2004,2004,2004,2004,2004,2004,2004,2005,2005,2005,2005,2005,2005,2005,2005,2005],"Y_PREVALENCE_1000PP":[1.2473,0.819,2.06044,0.90397,1.85029,1.90166,1.23083,0.28523,1.91626,0.51972,0.53537,0.83333,0.50412,1.39198,1.30109,1.94426]},"PREVALENCE_BY_MONTH":{"X_CALENDAR_MONTH":["200403","200404","200405","200406","200407","200408","200409","200410","200411","200412","200501","200502","200503","200504","200506"],"Y_PREVALENCE_1000PP":[0.07892,0.08475,0.08298,0.08898,0.05769,0.07253,0.10867,0.09228,0.06762,0.06527,0.11195,0.09976,0.16581,0.07199,0.03014]},"QUANTITY_DISTRIBUTION":{"CATEGORY":[],"MIN_VALUE":[],"P10_VALUE":[],"P25_VALUE":[],"MEDIAN_VALUE":[],"P75_VALUE":[],"P90_VALUE":[],"MAX_VALUE":[]},"REFILLS_DISTRIBUTION":{"CATEGORY":[],"MIN_VALUE":[],"P10_VALUE":[],"P25_VALUE":[],"MEDIAN_VALUE":[],"P75_VALUE":[],"P90_VALUE":[],"MAX_VALUE":[]}}
