{"AGE_AT_FIRST_EXPOSURE":{"CATEGORY":"FEMALE","MIN_VALUE":10,"P10_VALUE":18,"P25_VALUE":21,"MEDIAN_VALUE":28,"P75_VALUE":40,"P90_VALUE":55,"MAX_VALUE":94},"DAYS_SUPPLY_DISTRIBUTION":{"CATEGORY":"Days supply","MIN_VALUE":0,"P10_VALUE":3,"P25_VALUE":3,"MEDIAN_VALUE":3,"P75_VALUE":3,"P90_VALUE":3,"MAX_VALUE":30},"DRUGS_BY_TYPE":{"CONCEPT_NAME":"Prescription written","COUNT_VALUE":626},"PREVALENCE_BY_GENDER_AGE_YEAR":{"TRELLIS_NAME":["30-39","20-29","10-19","40-49","20-29","30-39","10-19","40-49","50-59","20-29","30-39","10-19","40-49","50-59","30-39","50-59","20-29","10-19","40-49","40-49","30-39","10-19","20-29","10-19","40-49","20-29","30-39","20-29","30-39","10-19","20-29"],"SERIES_NAME":["FEMALE","FEMALE","FEMALE","FEMALE","FEMALE","FEMALE","FEMALE","FEMALE","FEMALE","FEMALE","FEMALE","FEMALE","FEMALE","FEMALE","FEMALE","FEMALE","FEMALE","FEMALE","FEMALE","FEMALE","FEMALE","FEMALE","FEMALE","FEMALE","FEMALE","FEMALE","FEMALE","FEMALE","FEMALE","FEMALE","FEMALE"],"X_CALENDAR_YEAR":[2008,2008,2008,2008,2009,2009,2009,2009,2009,2010,2010,2010,2010,2010,2011,2011,2011,2011,2011,2012,2012,2012,2012,2013,2013,2013,2013,2014,2014,2014,2015],"Y_PREVALENCE_1000PP":[0.2147,0.46244,0.4544,0.2591,1.40647,0.73035,0.61227,0.45009,0.27346,0.75017,0.68259,0.8334,0.6466,0.30802,0.40901,0.24435,0.52304,1.072,0.30364,0.25081,0.32312,0.65206,0.4717,0.37284,0.31084,0.58896,0.55842,0.46373,0.31538,0.86328,0.44145]},"PREVALENCE_BY_MONTH":{"X_CALENDAR_MONTH":["200808","200812","200901","200902","200903","200904","200905","200906","200907","200908","200909","200910","200911","200912","201001","201002","201003","201004","201005","201006","201007","201008","201009","201010","201011","201012","201101","201102","201103","201104","201105","201107","201108","201112","201202","201205","201207","201211","201212","201303","201305","201307","201308","201310","201311","201404","201406","201408","201501","201503"],"Y_PREVALENCE_1000PP":[0.02241,0.03467,0.04084,0.01882,0.02185,0.04681,0.04357,0.028,0.02803,0.02182,0.04045,0.03415,0.03416,0.04968,0.01863,0.02175,0.03094,0.02478,0.04341,0.03101,0.04038,0.03733,0.03117,0.03742,0.01875,0.03451,0.0346,0.04098,0.02517,0.03483,0.01905,0.02567,0.02254,0.01962,0.02634,0.02002,0.02713,0.02083,0.02796,0.02503,0.02909,0.03349,0.03394,0.02702,0.04324,0.03002,0.03176,0.03896,0.05221,0.0482]},"QUANTITY_DISTRIBUTION":{"CATEGORY":"Quantity","MIN_VALUE":0,"P10_VALUE":1,"P25_VALUE":1,"MEDIAN_VALUE":3,"P75_VALUE":3,"P90_VALUE":3,"MAX_VALUE":60},"REFILLS_DISTRIBUTION":{"CATEGORY":"Refills","MIN_VALUE":0,"P10_VALUE":0,"P25_VALUE":0,"MEDIAN_VALUE":0,"P75_VALUE":1,"P90_VALUE":3,"MAX_VALUE":5}}
