{"AGE_AT_FIRST_EXPOSURE":{"CATEGORY":["FEMALE","MALE"],"MIN_VALUE":[19,20],"P10_VALUE":[24,27],"P25_VALUE":[34,40],"MEDIAN_VALUE":[49,52],"P75_VALUE":[58,62],"P90_VALUE":[66,68],"MAX_VALUE":[87,78]},"DAYS_SUPPLY_DISTRIBUTION":{"CATEGORY":"Days supply","MIN_VALUE":0,"P10_VALUE":0,"P25_VALUE":0,"MEDIAN_VALUE":14,"P75_VALUE":30,"P90_VALUE":30,"MAX_VALUE":60},"DRUGS_BY_TYPE":{"CONCEPT_NAME":"Prescription written","COUNT_VALUE":336},"PREVALENCE_BY_GENDER_AGE_YEAR":{"TRELLIS_NAME":["60-69","20-29","60-69","20-29","30-39","20-29","50-59"],"SERIES_NAME":["MALE","FEMALE","MALE","FEMALE","FEMALE","FEMALE","FEMALE"],"X_CALENDAR_YEAR":[2010,2012,2012,2013,2014,2014,2014],"Y_PREVALENCE_1000PP":[0.42054,0.19423,0.371,0.20614,0.21025,0.23186,0.37654]},"PREVALENCE_BY_MONTH":{"X_CALENDAR_MONTH":["201110","201203","201204","201208","201209","201212","201301","201307","201403","201406","201407","201409","201410"],"Y_PREVALENCE_1000PP":[0.02271,0.01978,0.02658,0.02045,0.02404,0.02796,0.02809,0.02977,0.02516,0.04537,0.0422,0.03029,0.03166]},"QUANTITY_DISTRIBUTION":{"CATEGORY":"Quantity","MIN_VALUE":0,"P10_VALUE":0,"P25_VALUE":0,"MEDIAN_VALUE":42,"P75_VALUE":60,"P90_VALUE":90,"MAX_VALUE":360},"REFILLS_DISTRIBUTION":{"CATEGORY":"Refills","MIN_VALUE":0,"P10_VALUE":0,"P25_VALUE":0,"MEDIAN_VALUE":0,"P75_VALUE":0,"P90_VALUE":0,"MAX_VALUE":5}}
