{"AGE_AT_FIRST_EXPOSURE":{"CATEGORY":["FEMALE","MALE"],"MIN_VALUE":[11,6],"P10_VALUE":[15,16],"P25_VALUE":[17,19],"MEDIAN_VALUE":[23,22],"P75_VALUE":[35,31],"P90_VALUE":[46,38],"MAX_VALUE":[75,76]},"DAYS_SUPPLY_DISTRIBUTION":{"CATEGORY":"Days supply","MIN_VALUE":0,"P10_VALUE":0,"P25_VALUE":0,"MEDIAN_VALUE":30,"P75_VALUE":30,"P90_VALUE":30,"MAX_VALUE":90},"DRUGS_BY_TYPE":{"CONCEPT_NAME":"Prescription written","COUNT_VALUE":311},"PREVALENCE_BY_GENDER_AGE_YEAR":{"TRELLIS_NAME":["10-19","20-29","10-19","20-29","10-19","40-49","10-19","20-29","30-39","20-29","20-29","10-19","20-29"],"SERIES_NAME":["FEMALE","FEMALE","FEMALE","FEMALE","MALE","FEMALE","FEMALE","FEMALE","FEMALE","MALE","FEMALE","FEMALE","FEMALE"],"X_CALENDAR_YEAR":[2008,2009,2009,2010,2012,2013,2013,2013,2014,2014,2014,2014,2015],"Y_PREVALENCE_1000PP":[0.57832,0.17272,0.53063,0.15003,0.28329,0.23313,0.41944,0.17669,0.21025,0.49656,0.43061,0.53955,0.37838]},"PREVALENCE_BY_MONTH":{"X_CALENDAR_MONTH":["200805","200902","201103","201304","201305","201403","201404","201407","201408","201410","201412","201502"],"Y_PREVALENCE_1000PP":[0.01937,0.02196,0.01888,0.02522,0.03273,0.03354,0.02573,0.02813,0.03896,0.03166,0.04194,0.05047]},"QUANTITY_DISTRIBUTION":{"CATEGORY":"Quantity","MIN_VALUE":0,"P10_VALUE":0,"P25_VALUE":1,"MEDIAN_VALUE":1,"P75_VALUE":30,"P90_VALUE":30,"MAX_VALUE":1050},"REFILLS_DISTRIBUTION":{"CATEGORY":"Refills","MIN_VALUE":0,"P10_VALUE":0,"P25_VALUE":0,"MEDIAN_VALUE":3,"P75_VALUE":5,"P90_VALUE":5,"MAX_VALUE":11}}
