{"AGE_AT_FIRST_EXPOSURE":{"CATEGORY":["MALE","FEMALE"],"MIN_VALUE":[0,0],"P10_VALUE":[0,0],"P25_VALUE":[1,1],"MEDIAN_VALUE":[2,3],"P75_VALUE":[7,15],"P90_VALUE":[48,47],"MAX_VALUE":[87,90]},"DAYS_SUPPLY_DISTRIBUTION":{"CATEGORY":"Days supply","MIN_VALUE":0,"P10_VALUE":0,"P25_VALUE":0,"MEDIAN_VALUE":4,"P75_VALUE":15,"P90_VALUE":30,"MAX_VALUE":90},"DRUGS_BY_TYPE":{"CONCEPT_NAME":["Inpatient administration","Prescription written"],"COUNT_VALUE":[26,355]},"PREVALENCE_BY_GENDER_AGE_YEAR":{"TRELLIS_NAME":["0-9","0-9","0-9","0-9","0-9","0-9","0-9","0-9","0-9","0-9","0-9","0-9","0-9","0-9"],"SERIES_NAME":["MALE","FEMALE","FEMALE","MALE","FEMALE","MALE","MALE","FEMALE","MALE","FEMALE","FEMALE","MALE","FEMALE","MALE"],"X_CALENDAR_YEAR":[2008,2008,2009,2009,2010,2010,2011,2011,2012,2012,2013,2013,2014,2014],"Y_PREVALENCE_1000PP":[0.4478,0.65617,0.83758,0.57837,0.85427,0.41041,0.48782,0.59004,0.46313,0.44154,0.2948,0.44868,0.27873,0.49583]},"PREVALENCE_BY_MONTH":{"X_CALENDAR_MONTH":["200810","200903","200906","200908","200911","201001","201002","201008","201107","201108","201204","201206","201301"],"Y_PREVALENCE_1000PP":[0.02217,0.02497,0.02178,0.0187,0.02484,0.01863,0.01864,0.02178,0.02246,0.01932,0.02325,0.0202,0.02107]},"QUANTITY_DISTRIBUTION":{"CATEGORY":"Quantity","MIN_VALUE":0,"P10_VALUE":0,"P25_VALUE":0,"MEDIAN_VALUE":10,"P75_VALUE":135,"P90_VALUE":700,"MAX_VALUE":6000},"REFILLS_DISTRIBUTION":{"CATEGORY":"Refills","MIN_VALUE":0,"P10_VALUE":0,"P25_VALUE":0,"MEDIAN_VALUE":0,"P75_VALUE":0,"P90_VALUE":3,"MAX_VALUE":7}}
