{"AGE_AT_FIRST_EXPOSURE":{"CATEGORY":"MALE","MIN_VALUE":10,"P10_VALUE":45,"P25_VALUE":53,"MEDIAN_VALUE":62,"P75_VALUE":68,"P90_VALUE":74,"MAX_VALUE":88},"DAYS_SUPPLY_DISTRIBUTION":{"CATEGORY":"Days supply","MIN_VALUE":0,"P10_VALUE":0,"P25_VALUE":0,"MEDIAN_VALUE":0,"P75_VALUE":30,"P90_VALUE":30,"MAX_VALUE":90},"DRUGS_BY_TYPE":{"CONCEPT_NAME":["Inpatient administration","Prescription written"],"COUNT_VALUE":[20,569]},"PREVALENCE_BY_GENDER_AGE_YEAR":{"TRELLIS_NAME":["60-69","50-59","40-49","50-59","60-69","50-59","40-49","70-79","60-69","70-79","50-59","40-49","60-69","60-69","40-49","70-79","50-59","50-59","40-49","70-79","60-69"],"SERIES_NAME":["MALE","MALE","MALE","MALE","MALE","MALE","MALE","MALE","MALE","MALE","MALE","MALE","MALE","MALE","MALE","MALE","MALE","MALE","MALE","MALE","MALE"],"X_CALENDAR_YEAR":[2010,2010,2011,2011,2011,2012,2012,2012,2012,2013,2013,2013,2013,2014,2014,2014,2014,2015,2015,2015,2015],"Y_PREVALENCE_1000PP":[0.73595,0.58258,0.45198,0.4915,0.46432,0.91757,0.71925,0.89962,1.32499,1.26253,1.28027,0.77575,1.82423,2.60063,1.40835,2.58034,1.40203,1.94091,0.86894,2.07523,2.18798]},"PREVALENCE_BY_MONTH":{"X_CALENDAR_MONTH":["201007","201111","201203","201205","201206","201207","201208","201209","201210","201211","201212","201301","201302","201303","201304","201305","201307","201308","201309","201310","201311","201312","201401","201403","201404","201406","201407","201408","201409","201410","201411","201412","201501","201502","201503","201504"],"Y_PREVALENCE_1000PP":[0.01864,0.02604,0.02638,0.02669,0.03366,0.0373,0.03067,0.03435,0.03449,0.02083,0.03495,0.02809,0.03905,0.0286,0.05765,0.03273,0.02605,0.04148,0.03438,0.02702,0.04324,0.03994,0.04872,0.04612,0.04718,0.06805,0.07502,0.06819,0.07067,0.08969,0.05091,0.08389,0.124,0.13698,0.11248,0.16703]},"QUANTITY_DISTRIBUTION":{"CATEGORY":"Quantity","MIN_VALUE":0,"P10_VALUE":0,"P25_VALUE":0,"MEDIAN_VALUE":6,"P75_VALUE":30,"P90_VALUE":30,"MAX_VALUE":120},"REFILLS_DISTRIBUTION":{"CATEGORY":"Refills","MIN_VALUE":0,"P10_VALUE":0,"P25_VALUE":0,"MEDIAN_VALUE":0,"P75_VALUE":2,"P90_VALUE":5,"MAX_VALUE":11}}
