{"AGE_AT_FIRST_EXPOSURE":{"CATEGORY":["MALE","FEMALE"],"MIN_VALUE":[0,2],"P10_VALUE":[4,7],"P25_VALUE":[7,17],"MEDIAN_VALUE":[14,45],"P75_VALUE":[47,64],"P90_VALUE":[68,77],"MAX_VALUE":[93,95]},"DAYS_SUPPLY_DISTRIBUTION":{"CATEGORY":"Days supply","MIN_VALUE":0,"P10_VALUE":0,"P25_VALUE":0,"MEDIAN_VALUE":1,"P75_VALUE":30,"P90_VALUE":30,"MAX_VALUE":304},"DRUGS_BY_TYPE":{"CONCEPT_NAME":"Prescription written","COUNT_VALUE":1829},"PREVALENCE_BY_GENDER_AGE_YEAR":{"TRELLIS_NAME":["0-9","10-19","0-9","10-19","0-9","10-19","60-69","10-19","20-29","60-69","0-9","0-9","70-79","10-19","70-79","40-49","10-19","50-59","20-29","30-39","50-59","30-39","0-9","10-19","0-9","40-49","50-59","10-19","40-49","70-79","60-69","60-69","20-29","80-89","30-39","50-59","70-79","40-49","0-9","60-69","10-19","0-9","10-19","40-49","70-79","60-69","20-29","80-89","20-29","50-59","0-9","10-19","10-19","0-9","40-49","50-59","70-79","30-39","20-29","20-29","60-69","80-89","60-69","30-39","60-69","80-89","0-9","10-19","90-99","80-89","60-69","40-49","50-59","10-19","70-79","0-9","50-59","70-79","50-59","70-79","40-49","60-69","0-9","10-19","60-69"],"SERIES_NAME":["MALE","FEMALE","FEMALE","MALE","MALE","MALE","FEMALE","FEMALE","FEMALE","FEMALE","FEMALE","MALE","MALE","MALE","FEMALE","FEMALE","FEMALE","FEMALE","MALE","FEMALE","FEMALE","MALE","MALE","MALE","FEMALE","MALE","MALE","FEMALE","FEMALE","FEMALE","FEMALE","MALE","FEMALE","FEMALE","FEMALE","FEMALE","FEMALE","FEMALE","MALE","FEMALE","FEMALE","FEMALE","MALE","MALE","MALE","MALE","FEMALE","FEMALE","MALE","MALE","FEMALE","FEMALE","MALE","MALE","FEMALE","FEMALE","FEMALE","FEMALE","MALE","FEMALE","MALE","FEMALE","FEMALE","FEMALE","MALE","MALE","MALE","MALE","FEMALE","FEMALE","FEMALE","FEMALE","FEMALE","FEMALE","MALE","FEMALE","MALE","FEMALE","FEMALE","FEMALE","FEMALE","FEMALE","MALE","MALE","MALE"],"X_CALENDAR_YEAR":[2008,2008,2008,2008,2009,2009,2009,2009,2010,2010,2010,2010,2010,2010,2010,2010,2010,2010,2011,2011,2011,2011,2011,2011,2011,2011,2011,2011,2011,2011,2011,2011,2011,2011,2012,2012,2012,2012,2012,2012,2012,2012,2012,2012,2012,2012,2012,2012,2012,2013,2013,2013,2013,2013,2013,2013,2013,2013,2013,2013,2013,2013,2013,2014,2014,2014,2014,2014,2014,2014,2014,2014,2014,2014,2014,2014,2014,2014,2015,2015,2015,2015,2015,2015,2015],"Y_PREVALENCE_1000PP":[0.27557,0.24785,0.38598,0.45583,0.27217,0.31236,0.301,0.32654,0.17504,0.54498,0.93193,0.95763,0.45444,1.13394,0.81494,0.38796,0.91674,0.51336,0.70451,0.84529,1.22177,0.48541,2.8224,2.50139,2.12414,0.45198,0.44235,2.35839,0.77598,0.8665,1.16178,0.30955,0.57534,0.93907,0.235,0.83877,1.04071,0.85991,1.10438,1.51611,0.65206,0.44154,0.70822,0.41956,0.59975,0.53,0.19423,0.85342,0.36036,0.37341,0.42114,0.65247,0.81194,1.1591,0.66053,0.764,0.97241,0.18614,0.32739,0.20614,0.37558,1.10902,1.29355,0.38546,0.7915,1.27146,0.57846,0.88101,2.61552,1.98251,1.22416,0.57527,0.62756,0.75537,0.78192,0.60392,0.35051,1.60968,0.66201,1.03702,0.4898,1.04579,0.7303,0.64935,0.57078]},"PREVALENCE_BY_MONTH":{"X_CALENDAR_MONTH":["200805","200806","200904","200905","200910","201001","201003","201004","201005","201006","201007","201008","201009","201010","201011","201012","201101","201102","201103","201104","201105","201106","201107","201108","201109","201110","201111","201112","201201","201202","201203","201204","201205","201206","201207","201208","201209","201210","201211","201212","201301","201302","201303","201304","201305","201306","201307","201308","201309","201310","201311","201312","201401","201402","201403","201404","201405","201406","201407","201408","201409","201410","201411","201412","201501","201502","201503","201504","201505"],"Y_PREVALENCE_1000PP":[0.05164,0.03219,0.01872,0.04357,0.02484,0.02174,0.03094,0.19511,0.07442,0.03411,0.03417,0.06222,0.04364,0.05613,0.05314,0.03137,0.03774,0.02522,0.09126,0.16781,0.5746,0.17544,0.08342,0.11913,0.1133,0.07785,0.06511,0.05233,0.05903,0.0461,0.09233,0.17274,0.1001,0.07406,0.04748,0.05794,0.06183,0.07588,0.0625,0.05242,0.03511,0.03905,0.0429,0.10809,0.21821,0.09949,0.07815,0.07543,0.08022,0.05789,0.0629,0.04792,0.05278,0.05801,0.07128,0.09007,0.27288,0.09527,0.08908,0.06332,0.09591,0.05804,0.10182,0.17377,0.10442,0.10814,0.19282,0.24563,0.30715]},"QUANTITY_DISTRIBUTION":{"CATEGORY":"Quantity","MIN_VALUE":0,"P10_VALUE":0,"P25_VALUE":0,"MEDIAN_VALUE":1,"P75_VALUE":30,"P90_VALUE":56,"MAX_VALUE":500},"REFILLS_DISTRIBUTION":{"CATEGORY":"Refills","MIN_VALUE":0,"P10_VALUE":0,"P25_VALUE":0,"MEDIAN_VALUE":3,"P75_VALUE":5,"P90_VALUE":6,"MAX_VALUE":11}}
