{"AGE_AT_FIRST_EXPOSURE":{"CATEGORY":["MALE","FEMALE"],"MIN_VALUE":[34,43],"P10_VALUE":[52,53],"P25_VALUE":[58,61],"MEDIAN_VALUE":[66,70],"P75_VALUE":[73,80],"P90_VALUE":[78,85],"MAX_VALUE":[87,97]},"DAYS_SUPPLY_DISTRIBUTION":{"CATEGORY":"Days supply","MIN_VALUE":0,"P10_VALUE":0,"P25_VALUE":0,"MEDIAN_VALUE":0,"P75_VALUE":30,"P90_VALUE":30,"MAX_VALUE":90},"DRUGS_BY_TYPE":{"CONCEPT_NAME":["Inpatient administration","Prescription written"],"COUNT_VALUE":[75,255]},"PREVALENCE_BY_GENDER_AGE_YEAR":{"TRELLIS_NAME":["70-79","60-69","80-89","50-59","70-79","70-79","50-59","60-69","60-69","70-79","70-79","60-69","60-69","70-79","60-69","60-69"],"SERIES_NAME":["FEMALE","MALE","FEMALE","FEMALE","MALE","FEMALE","MALE","MALE","FEMALE","MALE","FEMALE","FEMALE","MALE","FEMALE","FEMALE","MALE"],"X_CALENDAR_YEAR":[2009,2009,2009,2010,2010,2010,2010,2010,2010,2011,2011,2011,2011,2012,2012,2014],"Y_PREVALENCE_1000PP":[0.37893,0.3283,0.75578,0.23957,0.68166,0.56419,0.33984,0.47311,0.25153,0.74455,0.49514,0.70536,0.56751,0.36731,0.25268,0.33921]},"PREVALENCE_BY_MONTH":{"X_CALENDAR_MONTH":["200909","200911","200912","201001","201006","201007","201008","201011","201103","201105","201108","201109","201110","201111","201112","201201","201205","201206"],"Y_PREVALENCE_1000PP":[0.01867,0.02174,0.01863,0.02484,0.03101,0.01864,0.02489,0.02501,0.02517,0.0254,0.02254,0.01942,0.02271,0.02604,0.0327,0.01968,0.02002,0.02356]},"QUANTITY_DISTRIBUTION":{"CATEGORY":"Quantity","MIN_VALUE":0,"P10_VALUE":0,"P25_VALUE":0,"MEDIAN_VALUE":0,"P75_VALUE":30,"P90_VALUE":30,"MAX_VALUE":120},"REFILLS_DISTRIBUTION":{"CATEGORY":"Refills","MIN_VALUE":0,"P10_VALUE":0,"P25_VALUE":0,"MEDIAN_VALUE":0,"P75_VALUE":0,"P90_VALUE":5,"MAX_VALUE":11}}
