{"AGE_AT_FIRST_EXPOSURE":{"CATEGORY":["FEMALE","MALE"],"MIN_VALUE":[22,22],"P10_VALUE":[33,39],"P25_VALUE":[42,41],"MEDIAN_VALUE":[54,55],"P75_VALUE":[64,71],"P90_VALUE":[72,74],"MAX_VALUE":[87,77]},"DAYS_SUPPLY_DISTRIBUTION":{"CATEGORY":[],"MIN_VALUE":[],"P10_VALUE":[],"P25_VALUE":[],"MEDIAN_VALUE":[],"P75_VALUE":[],"P90_VALUE":[],"MAX_VALUE":[]},"DRUGS_BY_TYPE":{"CONCEPT_NAME":"Inpatient administration","COUNT_VALUE":371},"PREVALENCE_BY_GENDER_AGE_YEAR":{"TRELLIS_NAME":["40-49","50-59","60-69","30-39","50-59","40-49","60-69","60-69","70-79","50-59"],"SERIES_NAME":["FEMALE","FEMALE","FEMALE","FEMALE","FEMALE","FEMALE","FEMALE","FEMALE","FEMALE","FEMALE"],"X_CALENDAR_YEAR":[2007,2007,2007,2008,2008,2008,2008,2009,2009,2009],"Y_PREVALENCE_1000PP":[0.26734,0.35922,0.33017,0.18786,0.34849,0.48581,0.54049,0.73099,0.44209,0.27346]},"PREVALENCE_BY_MONTH":{"X_CALENDAR_MONTH":["200709","200711","200712","200801","200802","200803","200804","200812","200901","200902","200903","200904","200905"],"Y_PREVALENCE_1000PP":[0.02009,0.03966,0.03299,0.03929,0.06202,0.04222,0.02589,0.03152,0.02199,0.01882,0.02497,0.02184,0.04357]},"QUANTITY_DISTRIBUTION":{"CATEGORY":[],"MIN_VALUE":[],"P10_VALUE":[],"P25_VALUE":[],"MEDIAN_VALUE":[],"P75_VALUE":[],"P90_VALUE":[],"MAX_VALUE":[]},"REFILLS_DISTRIBUTION":{"CATEGORY":[],"MIN_VALUE":[],"P10_VALUE":[],"P25_VALUE":[],"MEDIAN_VALUE":[],"P75_VALUE":[],"P90_VALUE":[],"MAX_VALUE":[]}}
