{"AGE_AT_FIRST_EXPOSURE":{"CATEGORY":["FEMALE","MALE"],"MIN_VALUE":[3,5],"P10_VALUE":[29,33],"P25_VALUE":[45,50],"MEDIAN_VALUE":[61,61],"P75_VALUE":[74,73],"P90_VALUE":[82,81],"MAX_VALUE":[98,103]},"DAYS_SUPPLY_DISTRIBUTION":{"CATEGORY":"Days supply","MIN_VALUE":0,"P10_VALUE":0,"P25_VALUE":0,"MEDIAN_VALUE":7,"P75_VALUE":25,"P90_VALUE":30,"MAX_VALUE":90},"DRUGS_BY_TYPE":{"CONCEPT_NAME":["Inpatient administration","Prescription written"],"COUNT_VALUE":[4138,230]},"PREVALENCE_BY_GENDER_AGE_YEAR":{"TRELLIS_NAME":["40-49","50-59","60-69","60-69","60-69","50-59","50-59","70-79","70-79","60-69","80-89","40-49","50-59","70-79","50-59","60-69","70-79","40-49","30-39","60-69","80-89","80-89","20-29","50-59","50-59","40-49","70-79","60-69","70-79","80-89","60-69","20-29","80-89","60-69","50-59","40-49","70-79","50-59","40-49","70-79","50-59","50-59","70-79","40-49","60-69","80-89","60-69","50-59","70-79","50-59","70-79","40-49","60-69","80-89","60-69","80-89","70-79","50-59","40-49","70-79","30-39","60-69","60-69","80-89"],"SERIES_NAME":["MALE","MALE","MALE","FEMALE","MALE","FEMALE","MALE","FEMALE","MALE","MALE","MALE","FEMALE","FEMALE","FEMALE","MALE","FEMALE","MALE","MALE","FEMALE","MALE","MALE","FEMALE","MALE","FEMALE","MALE","MALE","FEMALE","FEMALE","MALE","MALE","MALE","FEMALE","FEMALE","FEMALE","FEMALE","MALE","FEMALE","MALE","FEMALE","MALE","FEMALE","MALE","FEMALE","FEMALE","MALE","MALE","FEMALE","MALE","FEMALE","FEMALE","MALE","MALE","FEMALE","MALE","MALE","FEMALE","MALE","MALE","MALE","FEMALE","MALE","MALE","FEMALE","MALE"],"X_CALENDAR_YEAR":[2006,2006,2006,2007,2007,2007,2007,2007,2007,2008,2008,2008,2008,2008,2008,2008,2008,2008,2009,2009,2009,2009,2009,2009,2009,2009,2009,2009,2009,2010,2010,2010,2010,2010,2010,2010,2010,2010,2010,2010,2011,2011,2011,2011,2011,2011,2011,2012,2012,2012,2012,2012,2012,2012,2012,2012,2013,2013,2013,2013,2013,2013,2013,2013],"Y_PREVALENCE_1000PP":[0.59242,0.46083,0.80112,0.42451,1.04058,0.39514,0.69374,0.46863,0.73427,0.68587,1.33757,0.19433,0.31364,0.64746,0.80735,0.58553,1.26074,0.37893,0.18259,1.36791,1.12179,0.97171,0.35723,0.27346,1.08551,0.53582,0.88417,0.73099,1.09452,1.23248,0.84109,0.17504,0.95582,0.5869,0.34224,0.37912,0.37613,0.67968,0.29097,0.53018,0.27926,0.63895,0.43325,0.26991,0.67069,0.89566,0.37343,0.96855,0.42853,0.32822,0.82465,0.53944,0.37903,1.19314,0.636,0.74675,0.8912,0.58679,0.58181,0.60775,0.45457,0.6975,0.25871,1.35603]},"PREVALENCE_BY_MONTH":{"X_CALENDAR_MONTH":["200604","200606","200607","200608","200609","200610","200611","200612","200701","200702","200703","200704","200705","200706","200707","200708","200709","200710","200711","200712","200801","200802","200803","200804","200805","200806","200807","200808","200809","200810","200811","200812","200901","200902","200903","200904","200905","200906","200907","200908","200909","200910","200911","200912","201001","201002","201003","201004","201005","201006","201007","201008","201009","201010","201012","201101","201102","201103","201105","201106","201107","201108","201109","201110","201111","201112","201201","201202","201203","201204","201205","201206","201207","201208","201209","201210","201211","201212","201301","201302","201303","201304","201305","201306","201307","201308","201309"],"Y_PREVALENCE_1000PP":[0.0226,0.0369,0.04403,0.02182,0.03251,0.0572,0.04619,0.04247,0.04557,0.03841,0.04836,0.05848,0.03751,0.03736,0.05072,0.03363,0.04687,0.03315,0.03636,0.05609,0.05566,0.06202,0.04547,0.0356,0.06455,0.06438,0.07049,0.06723,0.04779,0.02534,0.05382,0.03467,0.04084,0.05019,0.0437,0.03745,0.07157,0.10577,0.0841,0.08416,0.05289,0.04036,0.03416,0.04347,0.059,0.04661,0.0526,0.04955,0.04651,0.05581,0.03728,0.04355,0.03741,0.03742,0.0251,0.02831,0.03468,0.03776,0.02857,0.03509,0.02888,0.0322,0.03561,0.04217,0.06511,0.04252,0.03936,0.03293,0.06265,0.03986,0.05338,0.0505,0.05765,0.0409,0.04465,0.04484,0.04167,0.03495,0.04565,0.0426,0.03575,0.05765,0.07637,0.07001,0.04838,0.04148,0.03438]},"QUANTITY_DISTRIBUTION":{"CATEGORY":"Quantity","MIN_VALUE":0,"P10_VALUE":0,"P25_VALUE":0,"MEDIAN_VALUE":10,"P75_VALUE":800,"P90_VALUE":3000,"MAX_VALUE":16500},"REFILLS_DISTRIBUTION":{"CATEGORY":"Refills","MIN_VALUE":0,"P10_VALUE":0,"P25_VALUE":0,"MEDIAN_VALUE":0,"P75_VALUE":0,"P90_VALUE":0,"MAX_VALUE":11}}
