{"AGE_AT_FIRST_EXPOSURE":{"CATEGORY":["MALE","FEMALE"],"MIN_VALUE":[0,0],"P10_VALUE":[15,21],"P25_VALUE":[42,48],"MEDIAN_VALUE":[58,63],"P75_VALUE":[71,78],"P90_VALUE":[81,86],"MAX_VALUE":[92,97]},"DAYS_SUPPLY_DISTRIBUTION":{"CATEGORY":"Days supply","MIN_VALUE":0,"P10_VALUE":0,"P25_VALUE":0,"MEDIAN_VALUE":0,"P75_VALUE":6,"P90_VALUE":28,"MAX_VALUE":46},"DRUGS_BY_TYPE":{"CONCEPT_NAME":"Prescription written","COUNT_VALUE":958},"PREVALENCE_BY_GENDER_AGE_YEAR":{"TRELLIS_NAME":["50-59","40-49","70-79","70-79","60-69","60-69","80-89","80-89","30-39","50-59","70-79","50-59","70-79","80-89","80-89","60-69","60-69","10-19","0-9","70-79","40-49","50-59","70-79","60-69","60-69","80-89","80-89","50-59","30-39","80-89","20-29","50-59","60-69","60-69","50-59","50-59","70-79","50-59","60-69"],"SERIES_NAME":["MALE","MALE","FEMALE","MALE","FEMALE","MALE","MALE","FEMALE","MALE","FEMALE","FEMALE","MALE","MALE","FEMALE","MALE","MALE","FEMALE","MALE","MALE","MALE","MALE","MALE","FEMALE","FEMALE","MALE","MALE","FEMALE","FEMALE","FEMALE","FEMALE","MALE","MALE","MALE","FEMALE","MALE","FEMALE","FEMALE","MALE","MALE"],"X_CALENDAR_YEAR":[2009,2009,2009,2009,2009,2009,2009,2009,2010,2010,2010,2010,2010,2010,2010,2010,2010,2011,2011,2011,2011,2011,2011,2011,2011,2011,2011,2011,2011,2012,2012,2012,2013,2013,2013,2013,2013,2014,2014],"Y_PREVALENCE_1000PP":[0.69078,0.37507,0.5684,0.46908,0.344,0.71132,0.96154,0.64781,0.35298,0.41069,1.00301,0.58258,0.90888,0.63721,1.54059,0.94622,0.75459,0.37058,0.20907,1.11682,0.45198,0.63895,0.8046,0.58089,0.72228,1.19421,0.93907,0.41889,0.21814,0.9601,0.30888,0.61171,0.48288,0.30183,0.4801,0.3056,0.36465,0.35051,0.45228]},"PREVALENCE_BY_MONTH":{"X_CALENDAR_MONTH":["200811","200903","200904","200905","200906","200907","200909","200910","200911","200912","201001","201002","201003","201004","201005","201006","201007","201008","201009","201010","201011","201012","201101","201102","201103","201104","201105","201106","201107","201108","201109","201110","201111","201112","201202","201203","201204","201205","201206","201207","201208","201209","201210","201302","201303","201305","201306","201308","201310","201312","201402","201403","201404","201407","201408","201410","201504"],"Y_PREVALENCE_1000PP":[0.02216,0.03434,0.02184,0.02801,0.04977,0.01869,0.01867,0.02794,0.02174,0.03105,0.03726,0.01864,0.04331,0.06814,0.04961,0.04031,0.04349,0.03733,0.04052,0.02806,0.04689,0.04392,0.07234,0.02522,0.04091,0.0285,0.04762,0.04147,0.02888,0.06118,0.03561,0.0519,0.04558,0.03597,0.02305,0.01978,0.01993,0.02669,0.0303,0.02713,0.05112,0.02748,0.02069,0.0284,0.0286,0.02546,0.02211,0.0264,0.03088,0.03195,0.02486,0.02516,0.0386,0.03751,0.04383,0.03166,0.05895]},"QUANTITY_DISTRIBUTION":{"CATEGORY":"Quantity","MIN_VALUE":0,"P10_VALUE":0,"P25_VALUE":0,"MEDIAN_VALUE":0,"P75_VALUE":4,"P90_VALUE":60,"MAX_VALUE":44400},"REFILLS_DISTRIBUTION":{"CATEGORY":"Refills","MIN_VALUE":0,"P10_VALUE":0,"P25_VALUE":0,"MEDIAN_VALUE":0,"P75_VALUE":0,"P90_VALUE":0,"MAX_VALUE":11}}
