{"AGE_AT_FIRST_EXPOSURE":{"CATEGORY":["MALE","FEMALE"],"MIN_VALUE":[11,29],"P10_VALUE":[40,44],"P25_VALUE":[53,53],"MEDIAN_VALUE":[64,62],"P75_VALUE":[72,70],"P90_VALUE":[78,80],"MAX_VALUE":[88,92]},"DAYS_SUPPLY_DISTRIBUTION":{"CATEGORY":"Days supply","MIN_VALUE":0,"P10_VALUE":0,"P25_VALUE":0,"MEDIAN_VALUE":0,"P75_VALUE":0,"P90_VALUE":30,"MAX_VALUE":60},"DRUGS_BY_TYPE":{"CONCEPT_NAME":["Inpatient administration","Prescription written"],"COUNT_VALUE":[847,44]},"PREVALENCE_BY_GENDER_AGE_YEAR":{"TRELLIS_NAME":"60-69","SERIES_NAME":"MALE","X_CALENDAR_YEAR":2011,"Y_PREVALENCE_1000PP":0.30955},"PREVALENCE_BY_MONTH":{"X_CALENDAR_MONTH":["200505","200506","200509","200511","200512","200601","200602","200603","200604","200605","200606","200608","200609","200610","200611","200612","200704","200706","200708","200709","200710","200807","200808","200809","200810","200811","200812","200902","200903","200905","200906","200907","200908","200909","200910","200911","200912","201001","201002","201003","201004","201005","201006","201007","201008","201009","201010","201012","201101","201102","201105","201106","201107","201108","201109","201110","201111","201201","201203","201204","201205","201207","201212","201301","201302","201309","201311"],"Y_PREVALENCE_1000PP":[0.03077,0.03014,0.02871,0.03589,0.03554,0.03889,0.03856,0.03415,0.03391,0.02975,0.02583,0.03273,0.03251,0.03218,0.03198,0.02832,0.02064,0.02038,0.02018,0.02009,0.01989,0.01922,0.02561,0.02549,0.02851,0.02216,0.02206,0.01882,0.02185,0.02801,0.02178,0.02803,0.02182,0.02489,0.02794,0.02795,0.02484,0.01863,0.01864,0.01856,0.02168,0.02481,0.03101,0.03417,0.03422,0.03117,0.02806,0.0251,0.03145,0.02207,0.01905,0.02871,0.02567,0.02254,0.0259,0.02595,0.02604,0.01968,0.01978,0.01993,0.02336,0.02035,0.02097,0.02458,0.02485,0.02292,0.02359]},"QUANTITY_DISTRIBUTION":{"CATEGORY":"Quantity","MIN_VALUE":0,"P10_VALUE":0,"P25_VALUE":0,"MEDIAN_VALUE":1,"P75_VALUE":1,"P90_VALUE":2,"MAX_VALUE":3},"REFILLS_DISTRIBUTION":{"CATEGORY":"Refills","MIN_VALUE":0,"P10_VALUE":0,"P25_VALUE":0,"MEDIAN_VALUE":0,"P75_VALUE":0,"P90_VALUE":5,"MAX_VALUE":11}}
