{"AGE_AT_FIRST_EXPOSURE":{"CATEGORY":["FEMALE","MALE"],"MIN_VALUE":[15,10],"P10_VALUE":[36,36],"P25_VALUE":[48,49],"MEDIAN_VALUE":[58,60],"P75_VALUE":[70,71],"P90_VALUE":[80,80],"MAX_VALUE":[102,93]},"DAYS_SUPPLY_DISTRIBUTION":{"CATEGORY":[],"MIN_VALUE":[],"P10_VALUE":[],"P25_VALUE":[],"MEDIAN_VALUE":[],"P75_VALUE":[],"P90_VALUE":[],"MAX_VALUE":[]},"DRUGS_BY_TYPE":{"CONCEPT_NAME":"Inpatient administration","COUNT_VALUE":5083},"PREVALENCE_BY_GENDER_AGE_YEAR":{"TRELLIS_NAME":["70-79","50-59","40-49","50-59","40-49","70-79","30-39","30-39","60-69","80-89","80-89","20-29","60-69","30-39","50-59","40-49","40-49","50-59","70-79","70-79","60-69","80-89","20-29","80-89","60-69","90-99","30-39","60-69","80-89","20-29","80-89","60-69","30-39","30-39","40-49","50-59","40-49","50-59","70-79","70-79","90-99","60-69","60-69","80-89","40-49","70-79","50-59","40-49","50-59","70-79","80-89","20-29","30-39","70-79","40-49","60-69","40-49","50-59","70-79","50-59","30-39","60-69","80-89","90-99","80-89","50-59","50-59","40-49","70-79","90-99","60-69","70-79","20-29","60-69","80-89","80-89","30-39","30-39","70-79","40-49","50-59","80-89"],"SERIES_NAME":["MALE","FEMALE","FEMALE","MALE","MALE","FEMALE","MALE","FEMALE","FEMALE","FEMALE","MALE","FEMALE","MALE","MALE","FEMALE","MALE","FEMALE","MALE","FEMALE","MALE","MALE","MALE","FEMALE","FEMALE","FEMALE","FEMALE","FEMALE","FEMALE","FEMALE","FEMALE","MALE","MALE","FEMALE","MALE","FEMALE","FEMALE","MALE","MALE","MALE","FEMALE","FEMALE","MALE","FEMALE","FEMALE","MALE","MALE","MALE","FEMALE","FEMALE","FEMALE","MALE","FEMALE","FEMALE","MALE","MALE","FEMALE","FEMALE","FEMALE","FEMALE","MALE","FEMALE","MALE","FEMALE","FEMALE","MALE","FEMALE","MALE","FEMALE","FEMALE","FEMALE","FEMALE","MALE","FEMALE","MALE","MALE","FEMALE","FEMALE","MALE","FEMALE","FEMALE","FEMALE","FEMALE"],"X_CALENDAR_YEAR":[2004,2004,2004,2004,2004,2004,2004,2004,2004,2004,2004,2004,2004,2005,2005,2005,2005,2005,2005,2005,2005,2005,2005,2005,2005,2005,2005,2006,2006,2006,2006,2006,2006,2006,2006,2006,2006,2006,2006,2006,2007,2007,2007,2007,2007,2007,2007,2007,2007,2007,2007,2007,2007,2008,2008,2008,2008,2008,2008,2008,2008,2008,2008,2008,2008,2009,2009,2009,2009,2009,2009,2009,2009,2009,2009,2009,2009,2009,2010,2010,2010,2010],"Y_PREVALENCE_1000PP":[1.37363,2.73404,1.4318,1.2473,0.84724,3.185,0.55607,0.59413,4.58939,3.8688,1.90166,0.61733,1.32551,0.52886,2.48554,0.73613,1.44723,1.29929,2.65152,1.14976,1.07148,2.37632,0.47307,1.53118,3.64084,3.64299,0.7129,2.5156,2.02352,0.28817,1.7248,1.46872,0.62914,0.47609,1.67561,1.81643,0.65166,0.92166,1.47788,2.96654,5.30504,1.59148,3.96208,4.85379,0.38405,2.20282,1.17402,1.43697,3.05338,6.09225,2.30906,0.21737,0.45662,2.67906,0.70373,4.81939,1.45744,3.20613,6.2156,1.21102,0.61725,1.77183,5.39023,3.08483,2.17355,2.39275,1.23353,1.28597,4.61033,3.5,4.25697,2.3454,0.41947,1.86036,1.60256,4.42669,0.44342,0.41486,0.43882,0.19398,0.20535,0.63721]},"PREVALENCE_BY_MONTH":{"X_CALENDAR_MONTH":["200401","200402","200403","200404","200405","200406","200407","200408","200409","200410","200411","200412","200501","200502","200503","200504","200505","200506","200507","200508","200509","200510","200511","200512","200601","200602","200603","200604","200605","200606","200607","200608","200609","200610","200611","200612","200701","200702","200703","200704","200705","200706","200707","200708","200709","200710","200711","200712","200801","200802","200803","200804","200805","200806","200807","200808","200809","200810","200811","200812","200901","200902","200903","200904","200905","200906","200907","200908","200909","200910","200911","200912","201001","201004"],"Y_PREVALENCE_1000PP":[0.49631,0.37884,0.24662,0.24579,0.16595,0.15058,0.14744,0.10275,0.14299,0.20086,0.24966,0.16067,0.14603,0.17101,0.11975,0.09898,0.11428,0.18945,0.10184,0.13324,0.11075,0.07677,0.11165,0.15793,0.10111,0.14652,0.11003,0.09795,0.11529,0.11439,0.1321,0.09455,0.09754,0.10726,0.1137,0.10265,0.0666,0.09778,0.11399,0.08256,0.10229,0.09848,0.14877,0.1816,0.15736,0.26186,0.39992,0.29694,0.28155,0.24809,0.25981,0.2816,0.16784,0.2189,0.20505,0.24972,0.21982,0.24074,0.19628,0.22377,0.16649,0.23528,0.27781,0.2122,0.23028,0.21154,0.21492,0.18703,0.20224,0.26081,0.17079,0.21733,0.01863,0.03407]},"QUANTITY_DISTRIBUTION":{"CATEGORY":[],"MIN_VALUE":[],"P10_VALUE":[],"P25_VALUE":[],"MEDIAN_VALUE":[],"P75_VALUE":[],"P90_VALUE":[],"MAX_VALUE":[]},"REFILLS_DISTRIBUTION":{"CATEGORY":[],"MIN_VALUE":[],"P10_VALUE":[],"P25_VALUE":[],"MEDIAN_VALUE":[],"P75_VALUE":[],"P90_VALUE":[],"MAX_VALUE":[]}}
