{"AGE_AT_FIRST_EXPOSURE":{"CATEGORY":["FEMALE","MALE"],"MIN_VALUE":[5,1],"P10_VALUE":[39,39],"P25_VALUE":[53,53],"MEDIAN_VALUE":[65,63],"P75_VALUE":[77,73],"P90_VALUE":[85,80],"MAX_VALUE":[97,95]},"DAYS_SUPPLY_DISTRIBUTION":{"CATEGORY":[],"MIN_VALUE":[],"P10_VALUE":[],"P25_VALUE":[],"MEDIAN_VALUE":[],"P75_VALUE":[],"P90_VALUE":[],"MAX_VALUE":[]},"DRUGS_BY_TYPE":{"CONCEPT_NAME":"Inpatient administration","COUNT_VALUE":1015},"PREVALENCE_BY_GENDER_AGE_YEAR":{"TRELLIS_NAME":["50-59","60-69","50-59","70-79","70-79","30-39","80-89","60-69","60-69","60-69","80-89","40-49","50-59","70-79","50-59","90-99","60-69","80-89","60-69","50-59","40-49","50-59","70-79","70-79","30-39","60-69","80-89","60-69","70-79","50-59","70-79","50-59","80-89","70-79","50-59","60-69","30-39","60-69","20-29","60-69","80-89","50-59","70-79","50-59","40-49","50-59","60-69"],"SERIES_NAME":["FEMALE","FEMALE","FEMALE","MALE","FEMALE","FEMALE","FEMALE","FEMALE","MALE","FEMALE","FEMALE","FEMALE","FEMALE","FEMALE","MALE","FEMALE","MALE","FEMALE","FEMALE","MALE","FEMALE","FEMALE","FEMALE","MALE","FEMALE","MALE","FEMALE","FEMALE","MALE","FEMALE","FEMALE","MALE","FEMALE","FEMALE","FEMALE","FEMALE","FEMALE","FEMALE","FEMALE","MALE","FEMALE","FEMALE","FEMALE","MALE","FEMALE","FEMALE","MALE"],"X_CALENDAR_YEAR":[2004,2004,2005,2005,2005,2005,2005,2005,2006,2006,2006,2006,2006,2006,2006,2007,2007,2007,2007,2007,2007,2007,2007,2007,2008,2008,2008,2008,2008,2008,2008,2008,2009,2009,2009,2009,2010,2010,2010,2010,2010,2010,2010,2010,2010,2011,2011],"Y_PREVALENCE_1000PP":[0.40504,0.55629,0.5297,0.57488,0.5303,0.22683,0.83519,0.72817,0.73436,0.8553,0.88529,0.20518,0.77847,1.58675,0.34562,3.18302,0.48969,1.42062,0.84902,0.37355,0.23393,0.71844,1.00422,0.65269,0.16102,0.45725,1.90904,1.12602,0.78796,0.62729,1.23017,0.40367,0.97171,0.94733,0.61528,0.77399,0.15752,0.67075,0.15003,0.68338,1.48683,0.44492,1.19107,0.29129,0.3233,0.20945,0.30955]},"PREVALENCE_BY_MONTH":{"X_CALENDAR_MONTH":["200406","200412","200507","200508","200509","200510","200511","200512","200601","200602","200603","200604","200605","200606","200607","200608","200609","200610","200611","200612","200701","200704","200705","200707","200708","200709","200710","200711","200712","200801","200802","200803","200804","200805","200806","200807","200808","200809","200810","200811","200901","200902","200903","200904","200905","200906","200907","200908","200909","200910","200911","200912","201001","201002","201003","201005","201006","201007","201008","201009","201010","201011","201012","201101","201103","201105"],"Y_PREVALENCE_1000PP":[0.05476,0.03013,0.04668,0.0458,0.04922,0.02424,0.04386,0.03948,0.03889,0.02313,0.03794,0.05274,0.03347,0.03321,0.03669,0.03273,0.03251,0.03933,0.03908,0.05663,0.02804,0.02408,0.02387,0.04057,0.04035,0.03348,0.07955,0.07602,0.0231,0.05566,0.04244,0.04547,0.05179,0.04196,0.04185,0.04165,0.03522,0.05416,0.04118,0.03799,0.02513,0.02196,0.02185,0.03121,0.03734,0.02178,0.03115,0.02494,0.02489,0.01863,0.03105,0.03415,0.03105,0.03729,0.02166,0.02791,0.0217,0.0466,0.04977,0.05611,0.0343,0.03126,0.03137,0.03145,0.02832,0.01905]},"QUANTITY_DISTRIBUTION":{"CATEGORY":[],"MIN_VALUE":[],"P10_VALUE":[],"P25_VALUE":[],"MEDIAN_VALUE":[],"P75_VALUE":[],"P90_VALUE":[],"MAX_VALUE":[]},"REFILLS_DISTRIBUTION":{"CATEGORY":[],"MIN_VALUE":[],"P10_VALUE":[],"P25_VALUE":[],"MEDIAN_VALUE":[],"P75_VALUE":[],"P90_VALUE":[],"MAX_VALUE":[]}}
