{"AGE_AT_FIRST_EXPOSURE":{"CATEGORY":["MALE","FEMALE"],"MIN_VALUE":[0,0],"P10_VALUE":[4,20],"P25_VALUE":[37,45],"MEDIAN_VALUE":[61,64],"P75_VALUE":[73,77],"P90_VALUE":[82,85],"MAX_VALUE":[94,98]},"DAYS_SUPPLY_DISTRIBUTION":{"CATEGORY":"Days supply","MIN_VALUE":0,"P10_VALUE":0,"P25_VALUE":0,"MEDIAN_VALUE":0,"P75_VALUE":0,"P90_VALUE":30,"MAX_VALUE":60},"DRUGS_BY_TYPE":{"CONCEPT_NAME":"Prescription written","COUNT_VALUE":755},"PREVALENCE_BY_GENDER_AGE_YEAR":{"TRELLIS_NAME":["60-69","60-69","80-89","70-79","80-89","90-99","60-69","50-59","70-79","0-9","50-59","0-9","70-79","0-9","40-49","70-79","60-69","90-99","60-69","80-89","80-89","50-59","40-49","50-59","70-79","70-79","60-69","80-89","60-69","70-79","50-59","70-79","30-39","60-69","80-89","60-69","60-69","70-79","70-79","40-49","50-59"],"SERIES_NAME":["FEMALE","MALE","FEMALE","FEMALE","FEMALE","FEMALE","FEMALE","FEMALE","FEMALE","MALE","FEMALE","MALE","MALE","FEMALE","FEMALE","FEMALE","FEMALE","FEMALE","MALE","MALE","FEMALE","MALE","FEMALE","FEMALE","FEMALE","MALE","FEMALE","FEMALE","MALE","MALE","FEMALE","FEMALE","FEMALE","MALE","FEMALE","FEMALE","FEMALE","MALE","FEMALE","FEMALE","FEMALE"],"X_CALENDAR_YEAR":[2008,2009,2009,2009,2010,2010,2010,2010,2010,2010,2011,2011,2011,2011,2011,2011,2011,2011,2011,2011,2011,2012,2012,2012,2012,2012,2012,2012,2012,2013,2013,2013,2013,2013,2013,2013,2014,2014,2014,2014,2014],"Y_PREVALENCE_1000PP":[0.36033,0.38302,0.75578,0.50524,0.84962,2.8626,0.41922,0.23957,1.00301,0.30781,0.62834,0.45298,0.89346,0.23602,0.20243,1.85678,0.58089,2.73473,0.92865,1.19421,2.08681,0.50976,0.57327,0.21881,0.97949,0.44981,0.50537,0.85342,0.424,0.51987,0.382,0.54698,0.18614,0.37558,0.77631,0.30183,0.49873,0.78192,0.64387,0.30976,0.41838]},"PREVALENCE_BY_MONTH":{"X_CALENDAR_MONTH":["200902","200905","200910","200912","201001","201002","201003","201004","201005","201006","201007","201008","201010","201011","201012","201101","201102","201103","201104","201105","201106","201107","201108","201109","201110","201111","201112","201201","201202","201203","201204","201205","201206","201207","201208","201209","201210","201211","201212","201301","201303","201304","201305","201306","201307","201308","201312","201401","201402","201403","201404","201405","201410"],"Y_PREVALENCE_1000PP":[0.01882,0.02178,0.03726,0.02173,0.02174,0.02175,0.01856,0.03097,0.02791,0.03411,0.02174,0.02178,0.03118,0.03126,0.0251,0.05347,0.04414,0.05664,0.05383,0.04762,0.06061,0.07059,0.02576,0.05827,0.03568,0.05534,0.05233,0.04264,0.0428,0.03297,0.03322,0.0367,0.0404,0.03391,0.03067,0.02748,0.02414,0.04167,0.03495,0.02458,0.05005,0.03603,0.02909,0.04053,0.04466,0.04526,0.02396,0.07308,0.04558,0.0587,0.06863,0.05282,0.03693]},"QUANTITY_DISTRIBUTION":{"CATEGORY":"Quantity","MIN_VALUE":0,"P10_VALUE":0,"P25_VALUE":0,"MEDIAN_VALUE":0,"P75_VALUE":0,"P90_VALUE":30,"MAX_VALUE":2400},"REFILLS_DISTRIBUTION":{"CATEGORY":"Refills","MIN_VALUE":0,"P10_VALUE":0,"P25_VALUE":0,"MEDIAN_VALUE":0,"P75_VALUE":0,"P90_VALUE":4,"MAX_VALUE":6}}
