{"AGE_AT_FIRST_EXPOSURE":{"CATEGORY":["FEMALE","MALE"],"MIN_VALUE":[5,0],"P10_VALUE":[7,6],"P25_VALUE":[9,7],"MEDIAN_VALUE":[20,10],"P75_VALUE":[33,15],"P90_VALUE":[56,44],"MAX_VALUE":[73,82]},"DAYS_SUPPLY_DISTRIBUTION":{"CATEGORY":"Days supply","MIN_VALUE":0,"P10_VALUE":0,"P25_VALUE":20,"MEDIAN_VALUE":30,"P75_VALUE":30,"P90_VALUE":30,"MAX_VALUE":90},"DRUGS_BY_TYPE":{"CONCEPT_NAME":["Inpatient administration","Prescription written"],"COUNT_VALUE":[284,759]},"PREVALENCE_BY_GENDER_AGE_YEAR":{"TRELLIS_NAME":["0-9","10-19","0-9","20-29","0-9","10-19","10-19","0-9","0-9","10-19","0-9","10-19","0-9","10-19","0-9","10-19","30-39","0-9","10-19","0-9","10-19"],"SERIES_NAME":["MALE","MALE","MALE","FEMALE","MALE","FEMALE","MALE","FEMALE","FEMALE","FEMALE","MALE","MALE","FEMALE","FEMALE","MALE","MALE","FEMALE","MALE","MALE","FEMALE","FEMALE"],"X_CALENDAR_YEAR":[2010,2011,2011,2011,2012,2012,2012,2012,2013,2013,2013,2013,2014,2014,2014,2014,2014,2015,2015,2015,2015],"Y_PREVALENCE_1000PP":[0.44461,0.27793,0.34844,0.18306,0.81938,0.30429,0.56657,0.24084,0.54748,0.37284,1.64517,1.2179,0.55747,0.75537,1.90067,2.34935,0.2453,1.67969,2.81385,0.58115,0.66717]},"PREVALENCE_BY_MONTH":{"X_CALENDAR_MONTH":["200903","201012","201112","201202","201204","201206","201207","201208","201209","201210","201211","201212","201301","201302","201303","201304","201305","201306","201307","201308","201309","201310","201311","201312","201401","201402","201403","201404","201405","201406","201407","201408","201409","201410","201411","201412","201501","201502","201503","201504","201505"],"Y_PREVALENCE_1000PP":[0.01873,0.02823,0.02289,0.01976,0.04651,0.04376,0.02374,0.0409,0.02748,0.02414,0.02778,0.03145,0.04565,0.04615,0.06435,0.09368,0.05091,0.04422,0.04466,0.04148,0.06494,0.04631,0.06683,0.07588,0.07714,0.05801,0.05451,0.0772,0.07922,0.07259,0.06095,0.09254,0.12115,0.08969,0.17536,0.13782,0.18273,0.24512,0.24906,0.30458,0.11169]},"QUANTITY_DISTRIBUTION":{"CATEGORY":"Quantity","MIN_VALUE":0,"P10_VALUE":7,"P25_VALUE":30,"MEDIAN_VALUE":30,"P75_VALUE":30,"P90_VALUE":30,"MAX_VALUE":300},"REFILLS_DISTRIBUTION":{"CATEGORY":"Refills","MIN_VALUE":0,"P10_VALUE":0,"P25_VALUE":0,"MEDIAN_VALUE":0,"P75_VALUE":0,"P90_VALUE":0,"MAX_VALUE":0}}
