{"AGE_AT_FIRST_EXPOSURE":{"CATEGORY":["FEMALE","MALE"],"MIN_VALUE":[21,19],"P10_VALUE":[56,31],"P25_VALUE":[63,64],"MEDIAN_VALUE":[73,70],"P75_VALUE":[82,82],"P90_VALUE":[88,88],"MAX_VALUE":[102,92]},"DAYS_SUPPLY_DISTRIBUTION":{"CATEGORY":"Days supply","MIN_VALUE":0,"P10_VALUE":0,"P25_VALUE":0,"MEDIAN_VALUE":0,"P75_VALUE":0,"P90_VALUE":28,"MAX_VALUE":30},"DRUGS_BY_TYPE":{"CONCEPT_NAME":"Prescription written","COUNT_VALUE":294},"PREVALENCE_BY_GENDER_AGE_YEAR":{"TRELLIS_NAME":["50-59","70-79","60-69","80-89","70-79","80-89","60-69","70-79","60-69","80-89","60-69","80-89","50-59","70-79","70-79"],"SERIES_NAME":["FEMALE","FEMALE","FEMALE","FEMALE","FEMALE","FEMALE","FEMALE","FEMALE","FEMALE","FEMALE","FEMALE","FEMALE","FEMALE","FEMALE","FEMALE"],"X_CALENDAR_YEAR":[2009,2011,2011,2011,2012,2012,2012,2013,2013,2013,2014,2014,2014,2014,2015],"Y_PREVALENCE_1000PP":[0.20509,0.61893,0.58089,1.04341,0.48975,0.9601,0.5896,0.72931,0.30183,1.44172,0.45339,0.81633,0.37654,0.96581,1.14072]},"PREVALENCE_BY_MONTH":{"X_CALENDAR_MONTH":["201104","201107","201108","201110","201201","201205","201303","201304","201305","201308","201401","201403","201404","201406","201410","201502","201504"],"Y_PREVALENCE_1000PP":[0.02216,0.01925,0.02254,0.01946,0.02624,0.02002,0.02145,0.03243,0.02546,0.03394,0.02436,0.02516,0.02573,0.04083,0.03693,0.04326,0.1179]},"QUANTITY_DISTRIBUTION":{"CATEGORY":"Quantity","MIN_VALUE":0,"P10_VALUE":0,"P25_VALUE":0,"MEDIAN_VALUE":0,"P75_VALUE":0,"P90_VALUE":4,"MAX_VALUE":350},"REFILLS_DISTRIBUTION":{"CATEGORY":"Refills","MIN_VALUE":0,"P10_VALUE":0,"P25_VALUE":0,"MEDIAN_VALUE":0,"P75_VALUE":0,"P90_VALUE":5,"MAX_VALUE":11}}
