{"AGE_AT_FIRST_EXPOSURE":{"CATEGORY":["MALE","FEMALE"],"MIN_VALUE":[0,2],"P10_VALUE":[28,29],"P25_VALUE":[39,41],"MEDIAN_VALUE":[50,55],"P75_VALUE":[62,71],"P90_VALUE":[73,81],"MAX_VALUE":[97,98]},"DAYS_SUPPLY_DISTRIBUTION":{"CATEGORY":"Days supply","MIN_VALUE":0,"P10_VALUE":0,"P25_VALUE":0,"MEDIAN_VALUE":0,"P75_VALUE":0,"P90_VALUE":30,"MAX_VALUE":90},"DRUGS_BY_TYPE":{"CONCEPT_NAME":["Inpatient administration","Prescription written"],"COUNT_VALUE":[2268,307]},"PREVALENCE_BY_GENDER_AGE_YEAR":{"TRELLIS_NAME":["70-79","70-79","50-59","50-59","40-49","40-49","30-39","20-29","30-39","80-89","20-29","60-69","60-69","50-59","30-39","40-49","50-59","40-49","70-79","70-79","60-69","20-29","80-89","60-69","30-39","20-29","60-69","80-89","20-29","20-29","60-69","30-39","30-39","70-79","70-79","40-49","50-59","40-49","50-59","60-69","80-89","60-69","40-49","70-79","50-59","40-49","50-59","70-79","30-39","20-29","30-39","40-49","70-79","60-69","40-49","50-59","50-59","60-69","50-59","40-49","70-79","40-49","50-59","70-79","60-69","60-69","30-39","30-39","70-79","40-49","70-79","50-59","30-39","30-39","20-29","60-69","80-89","50-59","20-29","50-59","30-39","50-59"],"SERIES_NAME":["MALE","FEMALE","FEMALE","MALE","MALE","FEMALE","MALE","MALE","FEMALE","FEMALE","FEMALE","MALE","FEMALE","FEMALE","MALE","MALE","MALE","FEMALE","FEMALE","MALE","MALE","FEMALE","FEMALE","FEMALE","FEMALE","MALE","FEMALE","FEMALE","MALE","FEMALE","MALE","MALE","FEMALE","FEMALE","MALE","MALE","MALE","FEMALE","FEMALE","MALE","FEMALE","FEMALE","MALE","MALE","MALE","FEMALE","FEMALE","FEMALE","MALE","MALE","FEMALE","MALE","MALE","FEMALE","FEMALE","FEMALE","MALE","MALE","MALE","MALE","FEMALE","FEMALE","FEMALE","MALE","FEMALE","MALE","FEMALE","MALE","MALE","MALE","FEMALE","MALE","MALE","FEMALE","MALE","FEMALE","FEMALE","MALE","MALE","FEMALE","MALE","MALE"],"X_CALENDAR_YEAR":[2004,2004,2004,2004,2004,2004,2004,2004,2004,2004,2004,2004,2004,2005,2005,2005,2005,2005,2005,2005,2005,2005,2005,2005,2005,2005,2006,2006,2006,2006,2006,2006,2006,2006,2006,2006,2006,2006,2006,2007,2007,2007,2007,2007,2007,2007,2007,2007,2007,2007,2007,2008,2008,2008,2008,2008,2008,2008,2009,2009,2009,2009,2009,2009,2009,2009,2009,2009,2010,2010,2010,2010,2010,2010,2010,2010,2010,2011,2011,2011,2011,2012],"Y_PREVALENCE_1000PP":[1.71703,1.456,0.65819,2.57775,3.1348,0.78518,2.03892,0.93301,0.35648,1.51388,0.30867,2.08294,1.32119,0.89642,1.28438,2.14147,1.42922,0.70506,1.06061,1.34138,1.76029,0.34692,1.80958,0.84019,0.35645,0.71741,0.45281,1.01176,0.74234,0.1729,2.20308,1.08821,0.32955,0.75888,0.7824,1.89573,1.4977,0.68392,0.7414,1.34664,0.71031,0.84902,0.65836,0.89745,1.17402,0.33418,0.46699,0.80337,0.62794,0.33574,0.17123,0.812,0.86676,0.67561,0.32388,0.34849,1.1101,0.80018,0.5921,1.01806,0.63155,0.25719,0.5811,0.54726,0.387,1.09433,0.1565,0.47413,0.53018,0.37912,0.62688,0.58258,0.47064,0.21003,0.35146,0.29345,0.63721,0.44235,0.30193,0.20945,0.48541,0.30586]},"PREVALENCE_BY_MONTH":{"X_CALENDAR_MONTH":["200401","200402","200403","200404","200405","200406","200407","200408","200409","200410","200411","200412","200501","200502","200503","200504","200505","200506","200507","200508","200509","200510","200511","200512","200601","200602","200603","200604","200605","200606","200607","200608","200609","200610","200611","200612","200701","200702","200703","200704","200705","200706","200707","200708","200709","200710","200711","200712","200801","200802","200803","200804","200805","200806","200807","200808","200809","200810","200811","200812","200901","200902","200903","200904","200905","200906","200907","200908","200909","200910","200911","200912","201001","201002","201003","201004","201005","201006","201007","201008","201009","201011","201012","201103","201105","201107","201108","201204"],"Y_PREVALENCE_1000PP":[0.37719,0.23514,0.18743,0.18646,0.19613,0.15743,0.1218,0.13901,0.14871,0.16286,0.16124,0.12553,0.13143,0.12351,0.09672,0.09898,0.07912,0.09473,0.08911,0.07495,0.12305,0.09293,0.09969,0.10266,0.08555,0.08483,0.08726,0.10925,0.06323,0.06642,0.0844,0.10909,0.09754,0.07508,0.04974,0.04601,0.07712,0.05238,0.07599,0.03096,0.04091,0.04075,0.05748,0.0639,0.03013,0.08618,0.06941,0.08578,0.07857,0.05223,0.04547,0.04531,0.04519,0.03863,0.04165,0.04802,0.05416,0.05068,0.03482,0.04728,0.05026,0.05019,0.04994,0.03745,0.04357,0.05288,0.05295,0.03117,0.05601,0.04657,0.06521,0.04347,0.03726,0.01864,0.01856,0.02787,0.02481,0.03721,0.01864,0.04044,0.02182,0.02813,0.0251,0.03776,0.03175,0.02246,0.02576,0.02325]},"QUANTITY_DISTRIBUTION":{"CATEGORY":"Quantity","MIN_VALUE":0,"P10_VALUE":0,"P25_VALUE":0,"MEDIAN_VALUE":0,"P75_VALUE":12,"P90_VALUE":90,"MAX_VALUE":18000},"REFILLS_DISTRIBUTION":{"CATEGORY":"Refills","MIN_VALUE":0,"P10_VALUE":0,"P25_VALUE":0,"MEDIAN_VALUE":0,"P75_VALUE":0,"P90_VALUE":2,"MAX_VALUE":5}}
