{"AGE_AT_FIRST_EXPOSURE":{"CATEGORY":["FEMALE","MALE"],"MIN_VALUE":[30,30],"P10_VALUE":[49,48],"P25_VALUE":[56,55],"MEDIAN_VALUE":[65,64],"P75_VALUE":[75,73],"P90_VALUE":[84,81],"MAX_VALUE":[104,95]},"DAYS_SUPPLY_DISTRIBUTION":{"CATEGORY":"Days supply","MIN_VALUE":0,"P10_VALUE":0,"P25_VALUE":0,"MEDIAN_VALUE":0,"P75_VALUE":30,"P90_VALUE":30,"MAX_VALUE":90},"DRUGS_BY_TYPE":{"CONCEPT_NAME":"Prescription written","COUNT_VALUE":1787},"PREVALENCE_BY_GENDER_AGE_YEAR":{"TRELLIS_NAME":["60-69","70-79","70-79","50-59","50-59","60-69","50-59","70-79","40-49","50-59","60-69","70-79","60-69","80-89","50-59","70-79","70-79","40-49","60-69","80-89","60-69","50-59","40-49","40-49","70-79","70-79","60-69","80-89","60-69","50-59","40-49","70-79","60-69","80-89","60-69","80-89","90-99","50-59","70-79","50-59","40-49","60-69","60-69","80-89","80-89","40-49","50-59","70-79","50-59","40-49","70-79","80-89","60-69","40-49","50-59","70-79","70-79","40-49","50-59","80-89","60-69","60-69","70-79","80-89","60-69","50-59","70-79","50-59"],"SERIES_NAME":["FEMALE","MALE","FEMALE","FEMALE","MALE","MALE","MALE","FEMALE","FEMALE","FEMALE","FEMALE","MALE","MALE","FEMALE","FEMALE","MALE","FEMALE","FEMALE","FEMALE","FEMALE","MALE","MALE","MALE","FEMALE","FEMALE","MALE","MALE","FEMALE","FEMALE","FEMALE","MALE","MALE","FEMALE","MALE","MALE","FEMALE","FEMALE","MALE","FEMALE","FEMALE","FEMALE","MALE","FEMALE","FEMALE","MALE","MALE","MALE","MALE","FEMALE","FEMALE","FEMALE","FEMALE","FEMALE","MALE","MALE","MALE","FEMALE","FEMALE","FEMALE","MALE","MALE","FEMALE","MALE","FEMALE","MALE","FEMALE","FEMALE","MALE"],"X_CALENDAR_YEAR":[2008,2008,2008,2008,2008,2008,2009,2009,2009,2009,2009,2009,2009,2009,2010,2010,2010,2010,2010,2010,2010,2011,2011,2011,2011,2011,2011,2011,2011,2011,2012,2012,2012,2012,2012,2012,2012,2012,2012,2012,2012,2013,2013,2013,2013,2013,2013,2013,2013,2013,2013,2014,2014,2014,2014,2014,2014,2014,2014,2014,2014,2015,2015,2015,2015,2015,2015,2015],"Y_PREVALENCE_1000PP":[0.54049,0.47278,0.64746,0.41819,0.30276,0.45725,0.5921,0.75786,0.22504,0.30764,0.473,0.70362,0.43773,1.61952,0.65026,0.83314,0.68957,0.29097,0.9642,0.95582,0.31541,0.73725,0.45198,0.37112,1.29975,0.819,0.56751,1.77379,1.70117,1.01232,0.4795,1.27446,2.23205,1.49142,1.37799,2.4536,2.69179,1.17245,2.44873,1.42227,0.42995,1.395,1.94032,3.43795,1.05469,0.38787,1.33362,1.5596,1.719,0.50511,2.55257,1.98251,2.40297,0.88948,1.10994,1.64204,2.89743,0.53102,2.0082,2.06612,1.30032,1.26989,1.29702,1.29342,0.76104,1.39757,1.97034,1.18611]},"PREVALENCE_BY_MONTH":{"X_CALENDAR_MONTH":["200803","200805","200806","200807","200809","200810","200811","200812","200901","200902","200905","200906","200907","200908","200909","200910","200911","200912","201002","201003","201005","201006","201007","201008","201009","201010","201011","201012","201101","201102","201103","201104","201105","201106","201107","201108","201109","201110","201111","201112","201201","201202","201203","201204","201205","201206","201207","201208","201209","201210","201211","201212","201301","201302","201303","201304","201305","201306","201307","201308","201309","201310","201311","201312","201401","201402","201403","201404","201405","201406","201407","201408","201409","201410","201411","201412","201501","201502","201503","201504","201505"],"Y_PREVALENCE_1000PP":[0.01949,0.02905,0.02575,0.02243,0.02549,0.02217,0.02533,0.02206,0.02513,0.03137,0.02801,0.03111,0.02492,0.02805,0.03734,0.02173,0.02484,0.04036,0.02486,0.0526,0.04031,0.04341,0.02796,0.03733,0.03117,0.02806,0.05626,0.03764,0.03145,0.05359,0.04091,0.06016,0.06667,0.06699,0.05455,0.06118,0.05827,0.0519,0.0586,0.05887,0.08199,0.03951,0.05935,0.09302,0.09009,0.07406,0.09835,0.09202,0.12022,0.10347,0.125,0.08387,0.12992,0.09231,0.0858,0.09008,0.0691,0.11055,0.09304,0.09051,0.08022,0.1235,0.11401,0.11582,0.08932,0.07459,0.13836,0.13296,0.16285,0.16332,0.15003,0.10715,0.13629,0.17411,0.18667,0.17377,0.17621,0.19466,0.17675,0.26528,0.09773]},"QUANTITY_DISTRIBUTION":{"CATEGORY":"Quantity","MIN_VALUE":0,"P10_VALUE":0,"P25_VALUE":0,"MEDIAN_VALUE":0,"P75_VALUE":30,"P90_VALUE":30,"MAX_VALUE":90},"REFILLS_DISTRIBUTION":{"CATEGORY":"Refills","MIN_VALUE":0,"P10_VALUE":0,"P25_VALUE":0,"MEDIAN_VALUE":0,"P75_VALUE":3,"P90_VALUE":5,"MAX_VALUE":11}}
