{"AGE_AT_FIRST_EXPOSURE":{"CATEGORY":["FEMALE","MALE"],"MIN_VALUE":[0,0],"P10_VALUE":[2,2],"P25_VALUE":[21,19],"MEDIAN_VALUE":[52,54],"P75_VALUE":[69,68],"P90_VALUE":[82,77],"MAX_VALUE":[100,93]},"DAYS_SUPPLY_DISTRIBUTION":{"CATEGORY":[],"MIN_VALUE":[],"P10_VALUE":[],"P25_VALUE":[],"MEDIAN_VALUE":[],"P75_VALUE":[],"P90_VALUE":[],"MAX_VALUE":[]},"DRUGS_BY_TYPE":{"CONCEPT_NAME":"Inpatient administration","COUNT_VALUE":4013},"PREVALENCE_BY_GENDER_AGE_YEAR":{"TRELLIS_NAME":["30-39","70-79","0-9","40-49","50-59","40-49","50-59","70-79","30-39","60-69","0-9","80-89","60-69","50-59","40-49","50-59","70-79","0-9","70-79","0-9","60-69","20-29","60-69","60-69","0-9","60-69","30-39","50-59","10-19","0-9","70-79","70-79","40-49","50-59","0-9","60-69","60-69","70-79","40-49","0-9","50-59","70-79","30-39","0-9","40-49","70-79","0-9","70-79","50-59","50-59","60-69","40-49","10-19","70-79","50-59","0-9","70-79","0-9","10-19","60-69","60-69","80-89","30-39","0-9","0-9","70-79","50-59","60-69","60-69","20-29","80-89","10-19","0-9","60-69","60-69","20-29","80-89","60-69","10-19","40-49","10-19","60-69","80-89"],"SERIES_NAME":["MALE","MALE","FEMALE","FEMALE","FEMALE","MALE","MALE","FEMALE","FEMALE","FEMALE","MALE","FEMALE","MALE","FEMALE","MALE","MALE","FEMALE","FEMALE","MALE","MALE","MALE","FEMALE","FEMALE","MALE","MALE","FEMALE","FEMALE","FEMALE","FEMALE","FEMALE","MALE","FEMALE","MALE","MALE","MALE","MALE","FEMALE","MALE","MALE","FEMALE","MALE","FEMALE","FEMALE","FEMALE","MALE","MALE","MALE","FEMALE","FEMALE","MALE","MALE","FEMALE","FEMALE","FEMALE","FEMALE","FEMALE","MALE","MALE","MALE","FEMALE","MALE","FEMALE","FEMALE","FEMALE","MALE","MALE","FEMALE","FEMALE","MALE","FEMALE","MALE","FEMALE","MALE","MALE","MALE","FEMALE","FEMALE","FEMALE","MALE","MALE","FEMALE","MALE","FEMALE"],"X_CALENDAR_YEAR":[2004,2004,2004,2004,2004,2004,2004,2004,2004,2004,2004,2004,2004,2005,2005,2005,2005,2005,2005,2005,2005,2005,2005,2006,2006,2006,2006,2006,2006,2006,2006,2006,2006,2006,2007,2007,2007,2007,2007,2007,2007,2007,2007,2008,2008,2008,2008,2008,2008,2008,2008,2009,2009,2009,2009,2009,2009,2009,2009,2009,2009,2009,2009,2010,2010,2010,2010,2010,2010,2010,2010,2011,2011,2011,2012,2012,2012,2012,2013,2013,2013,2013,2013],"Y_PREVALENCE_1000PP":[0.55607,1.14469,0.44194,0.27712,0.75946,0.59307,1.49676,1.092,0.27726,0.90397,0.38421,2.0185,1.23083,0.5297,0.73613,0.58468,0.68182,0.37371,1.05394,0.37245,1.22455,0.37845,0.78418,0.93464,0.60797,0.4025,0.17975,0.29656,0.2711,0.43092,0.5216,0.55191,0.35545,0.51843,0.67633,0.73453,0.42451,0.65269,0.49377,0.8072,0.48028,0.53558,0.17123,0.57897,0.43306,0.70916,0.4478,0.51797,0.27879,0.30276,0.74303,0.1929,0.28573,0.37893,0.23928,0.45686,0.93816,0.61239,0.44623,0.387,0.43773,1.40358,0.20867,0.31064,0.41041,0.53018,0.20535,0.41922,0.42054,0.15003,1.07842,0.25728,0.20907,0.30955,0.371,0.16648,0.74675,0.25268,0.40597,0.38787,0.32623,0.32192,0.88721]},"PREVALENCE_BY_MONTH":{"X_CALENDAR_MONTH":["200401","200402","200403","200405","200406","200407","200408","200409","200410","200411","200412","200501","200502","200503","200504","200505","200506","200507","200508","200509","200510","200511","200512","200601","200602","200603","200604","200605","200606","200607","200608","200609","200610","200611","200612","200701","200702","200703","200704","200705","200706","200707","200708","200709","200711","200712","200801","200802","200803","200804","200805","200806","200807","200808","200809","200810","200811","200812","200901","200902","200903","200904","200905","200906","200907","200908","200909","200910","200911","200912","201001","201002","201003","201004","201005","201006","201007","201008","201009","201010","201101","201108","201109","201110","201111","201112","201201","201202","201203","201204","201206","201208","201209","201210","201211","201212","201301","201302","201304","201306","201307","201308"],"Y_PREVALENCE_1000PP":[0.23823,0.20901,0.13811,0.11315,0.11636,0.13462,0.08462,0.09723,0.08143,0.07282,0.10042,0.07788,0.04275,0.07369,0.07649,0.05275,0.06459,0.06789,0.06662,0.04922,0.06465,0.0638,0.03554,0.05444,0.05398,0.04173,0.03391,0.03719,0.05904,0.04036,0.04,0.05419,0.06078,0.05685,0.05663,0.04557,0.06286,0.06908,0.07224,0.06819,0.03736,0.05748,0.04708,0.05357,0.03305,0.04619,0.05238,0.04244,0.03572,0.04531,0.06133,0.04829,0.03845,0.04162,0.06372,0.04118,0.02849,0.02206,0.06911,0.03764,0.03746,0.03433,0.0529,0.06844,0.06853,0.05923,0.04667,0.0621,0.02484,0.04036,0.01863,0.03418,0.05569,0.05265,0.03101,0.06821,0.04349,0.03422,0.04052,0.04054,0.02831,0.02576,0.02266,0.04217,0.03907,0.02289,0.02624,0.02634,0.02968,0.03986,0.0202,0.0409,0.02404,0.02759,0.02431,0.03844,0.04214,0.03195,0.05044,0.03685,0.06326,0.03771]},"QUANTITY_DISTRIBUTION":{"CATEGORY":[],"MIN_VALUE":[],"P10_VALUE":[],"P25_VALUE":[],"MEDIAN_VALUE":[],"P75_VALUE":[],"P90_VALUE":[],"MAX_VALUE":[]},"REFILLS_DISTRIBUTION":{"CATEGORY":[],"MIN_VALUE":[],"P10_VALUE":[],"P25_VALUE":[],"MEDIAN_VALUE":[],"P75_VALUE":[],"P90_VALUE":[],"MAX_VALUE":[]}}
