{"AGE_AT_FIRST_EXPOSURE":{"CATEGORY":["FEMALE","MALE"],"MIN_VALUE":[20,35],"P10_VALUE":[49,45],"P25_VALUE":[56,51],"MEDIAN_VALUE":[65,57],"P75_VALUE":[74,69],"P90_VALUE":[82,79],"MAX_VALUE":[93,88]},"DAYS_SUPPLY_DISTRIBUTION":{"CATEGORY":[],"MIN_VALUE":[],"P10_VALUE":[],"P25_VALUE":[],"MEDIAN_VALUE":[],"P75_VALUE":[],"P90_VALUE":[],"MAX_VALUE":[]},"DRUGS_BY_TYPE":{"CONCEPT_NAME":"Inpatient administration","COUNT_VALUE":582},"PREVALENCE_BY_GENDER_AGE_YEAR":{"TRELLIS_NAME":["60-69","50-59","60-69","70-79","60-69","50-59","70-79","60-69","80-89","70-79","50-59"],"SERIES_NAME":["FEMALE","MALE","FEMALE","FEMALE","FEMALE","FEMALE","FEMALE","FEMALE","FEMALE","FEMALE","FEMALE"],"X_CALENDAR_YEAR":[2004,2004,2005,2005,2006,2007,2007,2007,2008,2008,2008],"Y_PREVALENCE_1000PP":[0.62583,0.49892,0.33608,0.45455,0.30187,0.35922,0.60253,0.28301,0.67378,0.64746,0.41819]},"PREVALENCE_BY_MONTH":{"X_CALENDAR_MONTH":["200501","200502","200608","200708","200710","200711","200801","200802","200804","200806","200807","200808","200809","200812","200910"],"Y_PREVALENCE_1000PP":[0.03894,0.0285,0.02182,0.03699,0.01989,0.03966,0.01964,0.01959,0.02266,0.02575,0.01922,0.02241,0.02549,0.02521,0.02173]},"QUANTITY_DISTRIBUTION":{"CATEGORY":[],"MIN_VALUE":[],"P10_VALUE":[],"P25_VALUE":[],"MEDIAN_VALUE":[],"P75_VALUE":[],"P90_VALUE":[],"MAX_VALUE":[]},"REFILLS_DISTRIBUTION":{"CATEGORY":[],"MIN_VALUE":[],"P10_VALUE":[],"P25_VALUE":[],"MEDIAN_VALUE":[],"P75_VALUE":[],"P90_VALUE":[],"MAX_VALUE":[]}}
