{"AGE_AT_FIRST_EXPOSURE":{"CATEGORY":["FEMALE","MALE"],"MIN_VALUE":[3,3],"P10_VALUE":[24,26],"P25_VALUE":[42,44],"MEDIAN_VALUE":[61,56],"P75_VALUE":[74,69],"P90_VALUE":[85,77],"MAX_VALUE":[102,100]},"DAYS_SUPPLY_DISTRIBUTION":{"CATEGORY":"Days supply","MIN_VALUE":0,"P10_VALUE":0,"P25_VALUE":1,"MEDIAN_VALUE":2,"P75_VALUE":2,"P90_VALUE":14,"MAX_VALUE":30},"DRUGS_BY_TYPE":{"CONCEPT_NAME":["Inpatient administration","Prescription written"],"COUNT_VALUE":[481,239]},"PREVALENCE_BY_GENDER_AGE_YEAR":{"TRELLIS_NAME":["70-79","60-69","30-39","50-59","50-59","40-49","70-79","70-79","60-69","20-29","70-79","50-59","30-39","60-69","60-69","60-69","20-29","50-59","70-79","60-69","50-59","70-79","60-69","60-69","80-89"],"SERIES_NAME":["MALE","MALE","MALE","MALE","FEMALE","FEMALE","FEMALE","MALE","MALE","MALE","MALE","MALE","MALE","MALE","FEMALE","MALE","MALE","MALE","MALE","FEMALE","MALE","MALE","FEMALE","MALE","FEMALE"],"X_CALENDAR_YEAR":[2011,2011,2012,2012,2012,2012,2012,2012,2012,2012,2013,2013,2013,2013,2013,2014,2014,2014,2014,2014,2015,2015,2015,2015,2015],"Y_PREVALENCE_1000PP":[0.44673,0.36114,0.43698,0.71367,0.21881,0.28664,0.42853,0.74968,0.424,0.30888,0.4456,0.42676,0.45457,0.48288,0.25871,0.62189,0.43449,0.58418,0.78192,0.31737,0.97046,1.55642,0.4482,0.57078,1.29342]},"PREVALENCE_BY_MONTH":{"X_CALENDAR_MONTH":["200812","200912","201106","201108","201110","201112","201201","201202","201203","201205","201208","201211","201212","201302","201303","201304","201305","201306","201307","201309","201310","201401","201405","201406","201407","201408","201409","201410","201411","201412","201502","201503","201504","201505"],"Y_PREVALENCE_1000PP":[0.01891,0.01863,0.01914,0.02576,0.01946,0.02943,0.02624,0.01976,0.01978,0.02669,0.02045,0.03125,0.16774,0.02485,0.02503,0.02522,0.02182,0.02948,0.03721,0.03438,0.03088,0.03248,0.03961,0.04537,0.02813,0.05358,0.04543,0.03693,0.03394,0.05992,0.06489,0.0482,0.05895,0.5445]},"QUANTITY_DISTRIBUTION":{"CATEGORY":"Quantity","MIN_VALUE":0,"P10_VALUE":0,"P25_VALUE":4,"MEDIAN_VALUE":9,"P75_VALUE":15,"P90_VALUE":35,"MAX_VALUE":450},"REFILLS_DISTRIBUTION":{"CATEGORY":"Refills","MIN_VALUE":0,"P10_VALUE":0,"P25_VALUE":0,"MEDIAN_VALUE":0,"P75_VALUE":0,"P90_VALUE":0,"MAX_VALUE":11}}
