{"AGE_AT_FIRST_EXPOSURE":{"CATEGORY":["MALE","FEMALE"],"MIN_VALUE":[24,19],"P10_VALUE":[26,36],"P25_VALUE":[43,45],"MEDIAN_VALUE":[52,52],"P75_VALUE":[62,60],"P90_VALUE":[72,66],"MAX_VALUE":[74,85]},"DAYS_SUPPLY_DISTRIBUTION":{"CATEGORY":"Days supply","MIN_VALUE":0,"P10_VALUE":0,"P25_VALUE":0,"MEDIAN_VALUE":0,"P75_VALUE":0,"P90_VALUE":0,"MAX_VALUE":30},"DRUGS_BY_TYPE":{"CONCEPT_NAME":"Prescription written","COUNT_VALUE":256},"PREVALENCE_BY_GENDER_AGE_YEAR":{"TRELLIS_NAME":["60-69","50-59","50-59","40-49","60-69","30-39","50-59","60-69","50-59","40-49","60-69","40-49","50-59"],"SERIES_NAME":["FEMALE","FEMALE","FEMALE","FEMALE","FEMALE","FEMALE","FEMALE","FEMALE","FEMALE","FEMALE","FEMALE","FEMALE","FEMALE"],"X_CALENDAR_YEAR":[2010,2010,2011,2011,2011,2012,2012,2012,2013,2013,2014,2014,2014],"Y_PREVALENCE_1000PP":[0.25153,0.20535,0.48871,0.33738,0.37343,0.17625,0.40115,0.25268,0.3056,0.31084,0.31737,0.48677,0.58573]},"PREVALENCE_BY_MONTH":{"X_CALENDAR_MONTH":["201011","201104","201106","201107","201108","201109","201407","201408","201412"],"Y_PREVALENCE_1000PP":[0.01875,0.02216,0.03509,0.01925,0.02254,0.02266,0.0422,0.03409,0.06591]},"QUANTITY_DISTRIBUTION":{"CATEGORY":"Quantity","MIN_VALUE":0,"P10_VALUE":0,"P25_VALUE":0,"MEDIAN_VALUE":0,"P75_VALUE":0,"P90_VALUE":1,"MAX_VALUE":60},"REFILLS_DISTRIBUTION":{"CATEGORY":"Refills","MIN_VALUE":0,"P10_VALUE":0,"P25_VALUE":0,"MEDIAN_VALUE":0,"P75_VALUE":0,"P90_VALUE":0,"MAX_VALUE":5}}
