{"AGE_AT_FIRST_EXPOSURE":{"CATEGORY":["MALE","FEMALE"],"MIN_VALUE":[7,7],"P10_VALUE":[22,23],"P25_VALUE":[27,29],"MEDIAN_VALUE":[40,45],"P75_VALUE":[60,57],"P90_VALUE":[76,72],"MAX_VALUE":[85,96]},"DAYS_SUPPLY_DISTRIBUTION":{"CATEGORY":"Days supply","MIN_VALUE":0,"P10_VALUE":0,"P25_VALUE":3,"MEDIAN_VALUE":5,"P75_VALUE":10,"P90_VALUE":15,"MAX_VALUE":30},"DRUGS_BY_TYPE":{"CONCEPT_NAME":"Prescription written","COUNT_VALUE":425},"PREVALENCE_BY_GENDER_AGE_YEAR":{"TRELLIS_NAME":["50-59","30-39","60-69","30-39","30-39","20-29","20-29","40-49","50-59","50-59","70-79","60-69","50-59","40-49","70-79","40-49","30-39","30-39","60-69","20-29","20-29","80-89"],"SERIES_NAME":["FEMALE","FEMALE","FEMALE","FEMALE","MALE","MALE","FEMALE","FEMALE","FEMALE","MALE","FEMALE","FEMALE","FEMALE","FEMALE","FEMALE","MALE","FEMALE","MALE","FEMALE","MALE","FEMALE","FEMALE"],"X_CALENDAR_YEAR":[2011,2011,2013,2014,2014,2014,2014,2014,2014,2014,2014,2014,2015,2015,2015,2015,2015,2015,2015,2015,2015,2015],"Y_PREVALENCE_1000PP":[0.31417,0.1636,0.25871,0.63076,0.57954,0.86897,0.96058,0.79653,0.96226,0.40893,0.70826,0.27203,1.1769,1.14286,0.72592,1.01376,1.20873,1.02745,0.67229,1.15001,1.57659,1.10865]},"PREVALENCE_BY_MONTH":{"X_CALENDAR_MONTH":["201003","201103","201106","201303","201304","201401","201403","201404","201405","201406","201407","201408","201409","201410","201411","201412","201501","201502","201503","201504"],"Y_PREVALENCE_1000PP":[0.01856,0.03147,0.01914,0.02503,0.02162,0.03248,0.04193,0.03431,0.03961,0.05898,0.03282,0.05845,0.09086,0.13718,0.07354,0.13782,0.22189,0.18745,0.27316,0.3144]},"QUANTITY_DISTRIBUTION":{"CATEGORY":"Quantity","MIN_VALUE":0,"P10_VALUE":1,"P25_VALUE":12,"MEDIAN_VALUE":30,"P75_VALUE":60,"P90_VALUE":120,"MAX_VALUE":360},"REFILLS_DISTRIBUTION":{"CATEGORY":"Refills","MIN_VALUE":0,"P10_VALUE":0,"P25_VALUE":0,"MEDIAN_VALUE":0,"P75_VALUE":0,"P90_VALUE":0,"MAX_VALUE":11}}
