{"AGE_AT_FIRST_EXPOSURE":{"CATEGORY":["MALE","FEMALE"],"MIN_VALUE":[0,0],"P10_VALUE":[2,1],"P25_VALUE":[46,36],"MEDIAN_VALUE":[61,58],"P75_VALUE":[71,71],"P90_VALUE":[79,81],"MAX_VALUE":[95,94]},"DAYS_SUPPLY_DISTRIBUTION":{"CATEGORY":"Days supply","MIN_VALUE":0,"P10_VALUE":0,"P25_VALUE":0,"MEDIAN_VALUE":30,"P75_VALUE":30,"P90_VALUE":30,"MAX_VALUE":90},"DRUGS_BY_TYPE":{"CONCEPT_NAME":["Prescription written","Inpatient administration"],"COUNT_VALUE":[97,8912]},"PREVALENCE_BY_GENDER_AGE_YEAR":{"TRELLIS_NAME":["40-49","0-9","0-9","0-9","40-49","50-59","50-59","60-69","80-89","50-59","40-49","70-79","0-9","70-79","60-69","60-69","80-89","20-29","80-89","50-59","70-79","0-9","40-49","60-69","0-9","80-89","80-89","60-69","30-39","30-39","50-59","50-59","70-79","40-49","30-39","30-39","60-69","80-89","60-69","20-29","80-89","20-29","0-9","50-59","40-49","70-79","0-9","50-59","40-49","70-79","0-9","10-19","80-89","60-69","40-49","70-79","50-59","0-9","70-79","40-49","50-59","30-39","30-39","20-29","80-89","60-69","20-29","0-9","0-9","70-79","60-69","80-89","60-69","20-29","80-89","30-39","50-59","70-79","40-49","40-49","50-59"],"SERIES_NAME":["FEMALE","MALE","FEMALE","FEMALE","MALE","MALE","FEMALE","MALE","MALE","MALE","MALE","FEMALE","FEMALE","MALE","FEMALE","MALE","FEMALE","FEMALE","MALE","FEMALE","MALE","FEMALE","MALE","FEMALE","MALE","MALE","FEMALE","MALE","FEMALE","MALE","MALE","FEMALE","FEMALE","FEMALE","FEMALE","MALE","MALE","FEMALE","FEMALE","MALE","MALE","FEMALE","MALE","MALE","MALE","MALE","FEMALE","FEMALE","FEMALE","FEMALE","MALE","MALE","FEMALE","FEMALE","MALE","MALE","MALE","FEMALE","FEMALE","FEMALE","FEMALE","MALE","FEMALE","FEMALE","MALE","MALE","MALE","MALE","FEMALE","MALE","FEMALE","MALE","MALE","FEMALE","FEMALE","FEMALE","FEMALE","FEMALE","FEMALE","MALE","MALE"],"X_CALENDAR_YEAR":[2006,2007,2007,2008,2010,2010,2010,2010,2010,2011,2011,2011,2011,2011,2011,2011,2011,2011,2011,2011,2012,2012,2012,2012,2012,2012,2012,2012,2012,2012,2012,2012,2012,2012,2013,2013,2013,2013,2013,2013,2013,2013,2013,2013,2013,2013,2013,2013,2013,2013,2014,2014,2014,2014,2014,2014,2014,2014,2014,2014,2014,2014,2014,2014,2014,2014,2014,2015,2015,2015,2015,2015,2015,2015,2015,2015,2015,2015,2015,2015,2015],"Y_PREVALENCE_1000PP":[0.20518,0.28477,0.52468,0.23159,0.43328,0.63113,0.20535,0.68338,1.07842,0.44235,0.39548,0.43325,0.23602,0.89346,0.5394,1.44456,0.62604,0.20922,0.89566,0.24435,1.72427,0.44154,1.01894,0.5896,0.57,2.38628,1.06678,1.80199,0.17625,0.43698,0.81562,0.58349,1.46924,0.39412,0.31023,0.71433,2.0925,1.77443,1.12108,0.32739,2.10939,0.29448,0.56085,1.44031,1.22826,2.37653,0.42114,0.573,0.73824,1.09396,0.95033,0.3524,2.09913,1.49619,1.48247,4.45696,2.10305,0.55747,1.60968,0.61952,1.50615,0.65198,0.2453,0.23186,2.86078,3.39213,0.55862,0.51121,0.66418,2.59403,1.79278,2.06825,4.18569,0.37838,1.10865,0.69979,0.95623,1.65923,0.4898,2.17234,2.15657]},"PREVALENCE_BY_MONTH":{"X_CALENDAR_MONTH":["200702","200705","200706","200707","200709","200711","200712","200802","200806","200807","200904","200905","200909","200910","200912","201001","201002","201004","201005","201006","201007","201008","201009","201010","201011","201012","201101","201102","201103","201104","201105","201106","201107","201108","201109","201110","201111","201112","201201","201202","201203","201204","201205","201206","201207","201208","201209","201210","201211","201212","201301","201302","201303","201304","201305","201306","201307","201308","201309","201310","201311","201312","201401","201402","201403","201404","201405","201406","201407","201408","201409","201410","201411","201412","201501","201502","201503","201504","201505","201506"],"Y_PREVALENCE_1000PP":[0.02445,0.02046,0.04075,0.03381,0.02009,0.01983,0.0198,0.02612,0.02253,0.02563,0.01872,0.02178,0.01867,0.01863,0.03105,0.02484,0.02797,0.03407,0.02791,0.03721,0.04349,0.02489,0.02494,0.04054,0.04064,0.04705,0.02831,0.03783,0.03147,0.05699,0.02222,0.03828,0.03529,0.06118,0.05503,0.04217,0.06186,0.07195,0.06231,0.05268,0.05276,0.09966,0.08675,0.10099,0.11191,0.13632,0.11335,0.07932,0.09375,0.0664,0.10885,0.09231,0.09653,0.1117,0.10547,0.08475,0.1563,0.13954,0.10315,0.13894,0.12187,0.17572,0.17865,0.12845,0.18448,0.18872,0.20686,0.19962,0.19223,0.1315,0.21706,0.23215,0.27153,0.35353,0.34589,0.33164,0.40974,0.5109,0.72599,0.91172]},"QUANTITY_DISTRIBUTION":{"CATEGORY":"Quantity","MIN_VALUE":0,"P10_VALUE":0,"P25_VALUE":0,"MEDIAN_VALUE":45,"P75_VALUE":150,"P90_VALUE":900,"MAX_VALUE":1200},"REFILLS_DISTRIBUTION":{"CATEGORY":"Refills","MIN_VALUE":0,"P10_VALUE":0,"P25_VALUE":0,"MEDIAN_VALUE":0,"P75_VALUE":0,"P90_VALUE":3,"MAX_VALUE":5}}
