{"AGE_AT_FIRST_EXPOSURE":{"CATEGORY":["MALE","FEMALE"],"MIN_VALUE":[0,1],"P10_VALUE":[42,43],"P25_VALUE":[52,52],"MEDIAN_VALUE":[63,62],"P75_VALUE":[70,71],"P90_VALUE":[76,79],"MAX_VALUE":[96,96]},"DAYS_SUPPLY_DISTRIBUTION":{"CATEGORY":"Days supply","MIN_VALUE":0,"P10_VALUE":0,"P25_VALUE":0,"MEDIAN_VALUE":0,"P75_VALUE":0,"P90_VALUE":1,"MAX_VALUE":2},"DRUGS_BY_TYPE":{"CONCEPT_NAME":["Prescription written","Inpatient administration"],"COUNT_VALUE":[24,19581]},"PREVALENCE_BY_GENDER_AGE_YEAR":{"TRELLIS_NAME":["60-69","80-89","80-89","60-69","70-79","50-59","40-49","40-49","50-59","70-79","60-69","80-89","60-69","50-59","70-79","40-49","50-59","40-49","70-79","40-49","50-59","50-59","40-49","70-79","70-79","60-69","60-69","80-89","60-69","60-69","80-89","50-59","50-59","40-49","70-79","40-49","70-79","30-39","60-69","60-69","70-79","40-49","70-79","40-49","50-59","50-59","60-69","80-89","40-49","50-59","70-79","40-49","50-59","70-79","60-69","60-69","60-69","80-89","50-59","70-79","40-49","70-79","40-49","50-59","50-59","40-49","50-59","40-49","70-79","70-79","60-69","60-69","80-89","50-59","70-79","50-59","70-79","40-49","60-69","80-89","60-69","50-59","70-79","50-59","70-79","60-69","60-69","50-59"],"SERIES_NAME":["MALE","MALE","FEMALE","FEMALE","FEMALE","FEMALE","MALE","FEMALE","MALE","MALE","FEMALE","FEMALE","MALE","FEMALE","MALE","FEMALE","MALE","MALE","FEMALE","FEMALE","FEMALE","MALE","MALE","FEMALE","MALE","MALE","FEMALE","FEMALE","MALE","FEMALE","FEMALE","MALE","FEMALE","FEMALE","FEMALE","MALE","MALE","MALE","MALE","FEMALE","MALE","MALE","FEMALE","FEMALE","FEMALE","MALE","MALE","FEMALE","MALE","MALE","FEMALE","FEMALE","FEMALE","MALE","FEMALE","FEMALE","MALE","FEMALE","FEMALE","MALE","MALE","FEMALE","FEMALE","MALE","FEMALE","MALE","MALE","FEMALE","FEMALE","MALE","FEMALE","MALE","FEMALE","MALE","FEMALE","FEMALE","MALE","MALE","FEMALE","MALE","MALE","MALE","MALE","FEMALE","FEMALE","MALE","FEMALE","MALE"],"X_CALENDAR_YEAR":[2004,2004,2004,2004,2004,2004,2004,2004,2004,2004,2005,2005,2005,2005,2005,2005,2005,2005,2005,2006,2006,2006,2006,2006,2006,2006,2006,2006,2007,2007,2007,2007,2007,2007,2007,2007,2007,2008,2008,2008,2008,2008,2008,2008,2008,2008,2009,2009,2009,2009,2009,2009,2009,2009,2009,2010,2010,2010,2010,2010,2010,2010,2010,2010,2011,2011,2011,2011,2011,2011,2011,2011,2011,2012,2012,2012,2012,2012,2012,2012,2012,2013,2013,2013,2013,2013,2013,2014],"Y_PREVALENCE_1000PP":[1.98826,1.90166,1.85029,2.36423,2.73,2.22774,1.10141,0.87756,2.57775,1.94597,1.56836,1.25278,2.2195,1.46687,1.82045,1.07615,2.2088,0.80305,1.51515,0.71812,1.29745,0.57604,0.88863,1.44878,2.26028,1.93604,1.15717,1.13823,1.53027,1.27352,1.42062,1.17402,0.82621,0.50127,1.33896,0.49377,1.87648,0.42628,1.31459,0.90082,1.26074,0.43306,2.07187,0.45343,0.52274,1.00918,1.42263,0.86374,0.42866,0.78946,1.45257,0.41794,0.51273,1.32906,0.73099,0.75459,1.20906,0.84962,0.85561,0.98462,0.54159,1.19107,0.35563,0.82532,0.41889,0.45198,0.44235,0.20243,1.29975,0.96791,0.95432,1.13502,0.73038,0.66269,0.79584,0.61996,0.59975,0.53944,0.80017,0.89485,1.166,0.69348,0.6684,0.4584,0.72931,0.59019,0.64677,0.35051]},"PREVALENCE_BY_MONTH":{"X_CALENDAR_MONTH":["200401","200402","200403","200404","200405","200406","200407","200408","200409","200410","200411","200412","200501","200502","200503","200504","200505","200506","200507","200508","200509","200510","200511","200512","200601","200602","200603","200604","200605","200606","200607","200608","200609","200610","200611","200612","200701","200702","200703","200704","200705","200706","200707","200708","200709","200710","200711","200712","200801","200802","200803","200804","200805","200806","200807","200808","200809","200810","200811","200812","200901","200902","200903","200904","200905","200906","200907","200908","200909","200910","200911","200912","201001","201002","201003","201004","201005","201006","201007","201008","201009","201010","201011","201012","201101","201102","201103","201104","201105","201106","201107","201108","201109","201110","201111","201112","201201","201202","201203","201204","201205","201206","201207","201208","201209","201210","201211","201212","201301","201302","201303","201304","201305","201306","201307","201308","201309","201310","201311","201312","201410","201412","201504"],"Y_PREVALENCE_1000PP":[1.46907,0.96669,0.72998,0.6865,0.5582,0.52704,0.48718,0.43517,0.44613,0.418,0.4005,0.39667,0.39428,0.34203,0.39609,0.35543,0.32527,0.32724,0.34371,0.33725,0.35686,0.3596,0.2871,0.25664,0.25277,0.24677,0.26558,0.23734,0.23431,0.20665,0.19448,0.18182,0.17701,0.23239,0.24517,0.25131,0.22085,0.22001,0.22452,0.21328,0.20798,0.19697,0.17243,0.17151,0.14062,0.17899,0.17517,0.17817,0.20298,0.19913,0.19161,0.17802,0.17429,0.18027,0.1666,0.16648,0.1784,0.18689,0.16145,0.15758,0.15707,0.12235,0.14359,0.11858,0.1058,0.1151,0.10279,0.10598,0.11512,0.12419,0.13353,0.1304,0.15836,0.14293,0.17635,0.17963,0.17985,0.18914,0.15843,0.14932,0.14651,0.13408,0.11878,0.11606,0.13838,0.13241,0.13217,0.11399,0.13968,0.10526,0.13476,0.14489,0.08093,0.05514,0.06837,0.09811,0.13119,0.11195,0.11541,0.11627,0.13012,0.12119,0.12887,0.1261,0.12022,0.13106,0.1007,0.08387,0.08427,0.08521,0.08223,0.10449,0.11274,0.11423,0.14514,0.12445,0.11079,0.04245,0.02359,0.03994,0.03166,0.03595,0.08843]},"QUANTITY_DISTRIBUTION":{"CATEGORY":"Quantity","MIN_VALUE":0,"P10_VALUE":0,"P25_VALUE":0,"MEDIAN_VALUE":0,"P75_VALUE":0,"P90_VALUE":4152,"MAX_VALUE":4152},"REFILLS_DISTRIBUTION":{"CATEGORY":"Refills","MIN_VALUE":0,"P10_VALUE":0,"P25_VALUE":0,"MEDIAN_VALUE":0,"P75_VALUE":3,"P90_VALUE":6,"MAX_VALUE":6}}
