{"AGE_AT_FIRST_EXPOSURE":{"CATEGORY":["MALE","FEMALE"],"MIN_VALUE":[6,10],"P10_VALUE":[38,37],"P25_VALUE":[49,50],"MEDIAN_VALUE":[61,61],"P75_VALUE":[75,74],"P90_VALUE":[81,86],"MAX_VALUE":[93,98]},"DAYS_SUPPLY_DISTRIBUTION":{"CATEGORY":"Days supply","MIN_VALUE":0,"P10_VALUE":0,"P25_VALUE":0,"MEDIAN_VALUE":0,"P75_VALUE":0,"P90_VALUE":0,"MAX_VALUE":30},"DRUGS_BY_TYPE":{"CONCEPT_NAME":"Prescription written","COUNT_VALUE":615},"PREVALENCE_BY_GENDER_AGE_YEAR":{"TRELLIS_NAME":["70-79","50-59","60-69","80-89","50-59","40-49","40-49","70-79","60-69","60-69","80-89","20-29","50-59","60-69","80-89","20-29","60-69","50-59","70-79","40-49","30-39","60-69","90-99","80-89","60-69","50-59","50-59","40-49","70-79","80-89","60-69","40-49","70-79","50-59","70-79","40-49","50-59","60-69","60-69"],"SERIES_NAME":["FEMALE","FEMALE","FEMALE","FEMALE","MALE","MALE","FEMALE","FEMALE","FEMALE","MALE","FEMALE","FEMALE","FEMALE","FEMALE","FEMALE","FEMALE","MALE","FEMALE","FEMALE","FEMALE","FEMALE","MALE","FEMALE","FEMALE","FEMALE","MALE","FEMALE","FEMALE","FEMALE","FEMALE","FEMALE","MALE","MALE","MALE","FEMALE","FEMALE","FEMALE","MALE","FEMALE"],"X_CALENDAR_YEAR":[2010,2010,2010,2010,2011,2011,2011,2011,2011,2011,2011,2011,2011,2012,2012,2012,2012,2012,2012,2012,2013,2013,2013,2013,2013,2013,2013,2013,2013,2014,2014,2014,2014,2014,2014,2014,2014,2014,2015],"Y_PREVALENCE_1000PP":[0.37613,0.20535,0.25153,0.63721,0.2949,0.33898,0.47233,0.61893,0.91283,0.36114,1.14775,0.15691,0.69815,0.54748,1.81353,0.16648,0.318,0.87524,0.79584,0.35829,0.18614,0.53654,4.23012,0.88721,0.73301,0.4801,0.573,0.34969,0.72931,1.04956,0.95212,0.66711,0.62554,0.40893,0.5151,0.26551,0.87859,0.39575,0.5229]},"PREVALENCE_BY_MONTH":{"X_CALENDAR_MONTH":["200904","201001","201008","201102","201103","201104","201105","201106","201107","201108","201109","201110","201111","201112","201202","201203","201204","201205","201206","201207","201208","201209","201210","201211","201212","201301","201302","201303","201305","201306","201307","201308","201309","201310","201311","201312","201401","201403","201404","201405","201406","201407","201409","201410","201411","201501","201503","201504"],"Y_PREVALENCE_1000PP":[0.01872,0.01863,0.01866,0.02207,0.01888,0.038,0.04444,0.03509,0.04492,0.02898,0.04856,0.03893,0.03581,0.03597,0.03951,0.04287,0.04319,0.02336,0.02693,0.02374,0.03067,0.04809,0.03794,0.03472,0.02097,0.05267,0.0284,0.03218,0.03637,0.03316,0.03721,0.02263,0.0382,0.02702,0.0629,0.03195,0.05278,0.06289,0.09007,0.05722,0.03629,0.03751,0.06058,0.04221,0.0396,0.05221,0.06427,0.10808]},"QUANTITY_DISTRIBUTION":{"CATEGORY":"Quantity","MIN_VALUE":0,"P10_VALUE":0,"P25_VALUE":0,"MEDIAN_VALUE":0,"P75_VALUE":0,"P90_VALUE":0,"MAX_VALUE":4800},"REFILLS_DISTRIBUTION":{"CATEGORY":"Refills","MIN_VALUE":0,"P10_VALUE":0,"P25_VALUE":0,"MEDIAN_VALUE":0,"P75_VALUE":0,"P90_VALUE":0,"MAX_VALUE":5}}
