{"AGE_AT_FIRST_EXPOSURE":{"CATEGORY":["FEMALE","MALE"],"MIN_VALUE":[34,30],"P10_VALUE":[50,55],"P25_VALUE":[61,62],"MEDIAN_VALUE":[66,67],"P75_VALUE":[75,75],"P90_VALUE":[80,80],"MAX_VALUE":[92,102]},"DAYS_SUPPLY_DISTRIBUTION":{"CATEGORY":[],"MIN_VALUE":[],"P10_VALUE":[],"P25_VALUE":[],"MEDIAN_VALUE":[],"P75_VALUE":[],"P90_VALUE":[],"MAX_VALUE":[]},"DRUGS_BY_TYPE":{"CONCEPT_NAME":"Inpatient administration","COUNT_VALUE":611},"PREVALENCE_BY_GENDER_AGE_YEAR":{"TRELLIS_NAME":["70-79","70-79","60-69","60-69","80-89","70-79","60-69","60-69","70-79","50-59","60-69","60-69","60-69","60-69","70-79","70-79","70-79"],"SERIES_NAME":["FEMALE","MALE","FEMALE","MALE","MALE","MALE","MALE","MALE","MALE","MALE","FEMALE","MALE","MALE","FEMALE","MALE","FEMALE","MALE"],"X_CALENDAR_YEAR":[2004,2004,2004,2004,2004,2005,2005,2006,2007,2007,2007,2007,2008,2008,2008,2009,2009],"Y_PREVALENCE_1000PP":[0.728,0.68681,0.55629,0.94679,1.90166,0.95813,0.68881,0.53408,1.1422,0.37355,0.28301,0.48969,0.5144,0.31529,1.02435,0.37893,0.70362]},"PREVALENCE_BY_MONTH":{"X_CALENDAR_MONTH":["200402","200408","200410","200503","200506","200507","200602","200603","200702","200706","200708","200709","200710","200711","200712","200801","200802","200803","200804","200805","200807","200809","200810","200811","200902","200903","200910"],"Y_PREVALENCE_1000PP":[0.09144,0.04231,0.04886,0.02763,0.02583,0.02546,0.02699,0.02656,0.02095,0.02377,0.03363,0.02344,0.02983,0.02975,0.02639,0.02946,0.03264,0.02273,0.02589,0.03228,0.02884,0.0223,0.02851,0.01899,0.03137,0.02809,0.02173]},"QUANTITY_DISTRIBUTION":{"CATEGORY":[],"MIN_VALUE":[],"P10_VALUE":[],"P25_VALUE":[],"MEDIAN_VALUE":[],"P75_VALUE":[],"P90_VALUE":[],"MAX_VALUE":[]},"REFILLS_DISTRIBUTION":{"CATEGORY":[],"MIN_VALUE":[],"P10_VALUE":[],"P25_VALUE":[],"MEDIAN_VALUE":[],"P75_VALUE":[],"P90_VALUE":[],"MAX_VALUE":[]}}
