{"AGE_AT_FIRST_EXPOSURE":{"CATEGORY":["FEMALE","MALE"],"MIN_VALUE":[5,4],"P10_VALUE":[16,15],"P25_VALUE":[34,23],"MEDIAN_VALUE":[53,53],"P75_VALUE":[65,67],"P90_VALUE":[73,75],"MAX_VALUE":[94,89]},"DAYS_SUPPLY_DISTRIBUTION":{"CATEGORY":"Days supply","MIN_VALUE":0,"P10_VALUE":0,"P25_VALUE":0,"MEDIAN_VALUE":2,"P75_VALUE":2,"P90_VALUE":8,"MAX_VALUE":30},"DRUGS_BY_TYPE":{"CONCEPT_NAME":["Inpatient administration","Prescription written"],"COUNT_VALUE":[2404,210]},"PREVALENCE_BY_GENDER_AGE_YEAR":{"TRELLIS_NAME":["10-19","10-19","50-59","10-19","10-19","60-69","60-69","10-19","70-79","40-49","50-59","70-79","30-39","70-79","40-49","50-59","50-59","10-19","40-49","70-79","10-19","60-69","30-39","60-69","80-89","50-59","40-49","10-19","50-59","40-49","70-79","70-79","10-19","60-69","30-39","30-39","60-69","20-29","50-59","70-79","10-19","70-79","40-49","10-19","50-59","20-29","60-69","60-69","10-19","70-79","40-49","10-19","50-59","40-49","70-79","60-69","60-69","50-59","30-39","10-19","10-19","60-69","50-59","40-49","60-69","60-69","20-29","50-59","70-79","10-19","70-79","50-59","40-49","10-19","10-19","50-59","70-79","50-59","10-19","60-69","20-29","60-69","60-69","10-19","60-69"],"SERIES_NAME":["FEMALE","MALE","MALE","FEMALE","MALE","MALE","FEMALE","FEMALE","MALE","FEMALE","FEMALE","FEMALE","MALE","FEMALE","FEMALE","FEMALE","MALE","FEMALE","MALE","MALE","MALE","FEMALE","MALE","MALE","MALE","FEMALE","MALE","FEMALE","MALE","FEMALE","FEMALE","MALE","MALE","FEMALE","FEMALE","MALE","MALE","MALE","FEMALE","MALE","MALE","FEMALE","FEMALE","FEMALE","MALE","MALE","MALE","FEMALE","MALE","MALE","MALE","FEMALE","MALE","FEMALE","FEMALE","MALE","FEMALE","FEMALE","FEMALE","FEMALE","MALE","FEMALE","FEMALE","FEMALE","MALE","FEMALE","MALE","FEMALE","FEMALE","MALE","MALE","MALE","MALE","FEMALE","FEMALE","MALE","MALE","FEMALE","MALE","FEMALE","MALE","MALE","FEMALE","MALE","MALE"],"X_CALENDAR_YEAR":[2004,2006,2006,2006,2007,2007,2007,2007,2007,2007,2007,2007,2007,2008,2008,2008,2008,2008,2008,2008,2008,2008,2008,2008,2008,2009,2009,2009,2009,2009,2009,2009,2009,2009,2009,2009,2009,2009,2010,2010,2010,2010,2010,2010,2010,2010,2010,2010,2011,2011,2011,2011,2011,2011,2011,2011,2011,2011,2011,2012,2012,2012,2012,2012,2013,2013,2013,2013,2013,2013,2013,2013,2013,2013,2014,2014,2014,2014,2014,2014,2014,2014,2015,2015,2015],"Y_PREVALENCE_1000PP":[0.4252,0.35556,0.34562,0.40665,0.37679,0.61211,0.47168,0.38217,0.73427,0.20051,0.25145,0.40169,0.37677,0.7122,0.19433,0.2091,0.45413,0.33047,0.3248,0.86676,0.41025,0.7657,0.42628,0.80018,1.00318,0.5811,0.42866,0.48982,0.34539,0.25719,0.63155,1.64178,0.44623,0.68799,0.1565,0.3556,0.6566,0.4593,0.58181,0.83314,0.58965,0.37613,0.54961,0.29169,0.53403,0.50208,0.68338,0.41922,0.46322,0.52118,0.33898,0.25728,0.2949,0.33738,0.49514,0.30955,0.70536,0.48871,0.1636,0.30429,0.3305,0.54748,0.29175,0.35829,0.91212,0.64677,0.49108,0.4966,0.60775,0.50746,0.51987,0.32007,0.45252,0.41944,0.37768,0.40893,0.54735,0.3347,0.7048,0.54407,0.43449,0.45228,0.5229,1.08225,0.76104]},"PREVALENCE_BY_MONTH":{"X_CALENDAR_MONTH":["200409","200510","200602","200604","200605","200606","200607","200608","200609","200610","200611","200612","200701","200702","200703","200704","200705","200706","200707","200708","200709","200710","200711","200712","200801","200802","200803","200804","200805","200806","200807","200808","200809","200810","200811","200812","200901","200902","200903","200904","200905","200906","200907","200908","200909","200910","200911","200912","201001","201002","201003","201004","201005","201006","201007","201008","201009","201010","201011","201012","201101","201102","201103","201104","201105","201106","201107","201108","201109","201110","201111","201112","201201","201202","201203","201204","201205","201206","201207","201208","201209","201211","201212","201301","201302","201303","201304","201305","201306","201307","201308","201309","201310","201311","201312","201401","201402","201403","201404","201405","201406","201407","201408","201409","201410","201411","201412","201501","201502","201503","201504","201505","201506"],"Y_PREVALENCE_1000PP":[0.04004,0.02424,0.02313,0.03014,0.04463,0.04797,0.0477,0.04364,0.05057,0.02503,0.03553,0.02478,0.04908,0.04191,0.0449,0.05848,0.05455,0.04415,0.04395,0.03027,0.02678,0.04641,0.03636,0.04949,0.06875,0.06529,0.04547,0.0615,0.08069,0.04507,0.03524,0.03522,0.05734,0.04118,0.03799,0.07249,0.06597,0.06588,0.07179,0.06241,0.07468,0.06222,0.07787,0.06858,0.05289,0.07141,0.06211,0.08693,0.08694,0.07768,0.04641,0.04955,0.06202,0.06511,0.0466,0.04044,0.05299,0.04677,0.02188,0.05019,0.04718,0.03783,0.04091,0.03166,0.06349,0.07656,0.04492,0.06762,0.04532,0.04541,0.02604,0.06541,0.05247,0.05597,0.03957,0.01993,0.02336,0.03366,0.0373,0.03067,0.02404,0.02083,0.03145,0.0632,0.0497,0.03575,0.04684,0.05091,0.05159,0.07815,0.07165,0.09169,0.09649,0.09042,0.06789,0.05278,0.05387,0.05031,0.04718,0.08363,0.05898,0.06095,0.07306,0.07067,0.09497,0.09617,0.09587,0.09789,0.12977,0.16068,0.26528,0.4328,0.32178]},"QUANTITY_DISTRIBUTION":{"CATEGORY":"Quantity","MIN_VALUE":0,"P10_VALUE":0,"P25_VALUE":0,"MEDIAN_VALUE":2,"P75_VALUE":2,"P90_VALUE":7,"MAX_VALUE":48},"REFILLS_DISTRIBUTION":{"CATEGORY":"Refills","MIN_VALUE":0,"P10_VALUE":0,"P25_VALUE":0,"MEDIAN_VALUE":0,"P75_VALUE":0,"P90_VALUE":2,"MAX_VALUE":8}}
