{"AGE_AT_FIRST_EXPOSURE":{"CATEGORY":["FEMALE","MALE"],"MIN_VALUE":[0,0],"P10_VALUE":[19,1],"P25_VALUE":[25,22],"MEDIAN_VALUE":[39,43],"P75_VALUE":[63,67],"P90_VALUE":[79,85],"MAX_VALUE":[94,90]},"DAYS_SUPPLY_DISTRIBUTION":{"CATEGORY":"Days supply","MIN_VALUE":0,"P10_VALUE":0,"P25_VALUE":0,"MEDIAN_VALUE":10,"P75_VALUE":14,"P90_VALUE":20,"MAX_VALUE":90},"DRUGS_BY_TYPE":{"CONCEPT_NAME":["Inpatient administration","Prescription written"],"COUNT_VALUE":[99,350]},"PREVALENCE_BY_GENDER_AGE_YEAR":{"TRELLIS_NAME":["20-29","30-39","20-29","60-69","60-69","30-39","20-29","70-79","20-29"],"SERIES_NAME":["FEMALE","FEMALE","FEMALE","FEMALE","FEMALE","FEMALE","FEMALE","FEMALE","FEMALE"],"X_CALENDAR_YEAR":[2009,2009,2010,2010,2011,2011,2012,2013,2013],"Y_PREVALENCE_1000PP":[0.66622,0.23475,0.20005,0.25153,0.29044,0.21814,0.16648,0.42543,0.32393]},"PREVALENCE_BY_MONTH":{"X_CALENDAR_MONTH":["200904","200906","200908","200909","200911","200912","201004","201011","201106","201107","201108","201109","201110","201111","201112","201201","201209","201303","201307","201410","201411","201412","201502","201504","201505"],"Y_PREVALENCE_1000PP":[0.01872,0.02489,0.02494,0.03423,0.03105,0.02484,0.02168,0.01875,0.02871,0.01925,0.01932,0.02266,0.02271,0.02279,0.01962,0.02296,0.02061,0.02145,0.02605,0.04221,0.05657,0.03595,0.06489,0.0786,0.08377]},"QUANTITY_DISTRIBUTION":{"CATEGORY":"Quantity","MIN_VALUE":0,"P10_VALUE":0,"P25_VALUE":1,"MEDIAN_VALUE":14,"P75_VALUE":28,"P90_VALUE":42,"MAX_VALUE":180},"REFILLS_DISTRIBUTION":{"CATEGORY":"Refills","MIN_VALUE":0,"P10_VALUE":0,"P25_VALUE":0,"MEDIAN_VALUE":0,"P75_VALUE":1,"P90_VALUE":4,"MAX_VALUE":6}}
