{"AGE_AT_FIRST_EXPOSURE":{"CATEGORY":["MALE","FEMALE"],"MIN_VALUE":[7,9],"P10_VALUE":[50,46],"P25_VALUE":[59,54],"MEDIAN_VALUE":[67,66],"P75_VALUE":[75,74],"P90_VALUE":[80,81],"MAX_VALUE":[91,92]},"DAYS_SUPPLY_DISTRIBUTION":{"CATEGORY":[],"MIN_VALUE":[],"P10_VALUE":[],"P25_VALUE":[],"MEDIAN_VALUE":[],"P75_VALUE":[],"P90_VALUE":[],"MAX_VALUE":[]},"DRUGS_BY_TYPE":{"CONCEPT_NAME":"Inpatient administration","COUNT_VALUE":4208},"PREVALENCE_BY_GENDER_AGE_YEAR":{"TRELLIS_NAME":["70-79","50-59","40-49","50-59","70-79","60-69","60-69","50-59","70-79","50-59","40-49","40-49","70-79","80-89","60-69","60-69","60-69","60-69","80-89","50-59","70-79","40-49","70-79","50-59","60-69","60-69","50-59","50-59","70-79","70-79","80-89","60-69","70-79","70-79","50-59","50-59","60-69","80-89","50-59","70-79","60-69","70-79","60-69","80-89","70-79","70-79","50-59","60-69","80-89","60-69","70-79","50-59","70-79","60-69","80-89","80-89","60-69","50-59","70-79","60-69","60-69","80-89","80-89","50-59","50-59","70-79","60-69","60-69","70-79","50-59","70-79"],"SERIES_NAME":["MALE","MALE","FEMALE","FEMALE","FEMALE","MALE","FEMALE","FEMALE","MALE","MALE","MALE","FEMALE","FEMALE","FEMALE","MALE","FEMALE","MALE","FEMALE","FEMALE","FEMALE","FEMALE","MALE","MALE","MALE","MALE","FEMALE","MALE","FEMALE","FEMALE","MALE","MALE","FEMALE","MALE","FEMALE","FEMALE","MALE","MALE","MALE","FEMALE","FEMALE","FEMALE","MALE","MALE","FEMALE","MALE","FEMALE","MALE","MALE","FEMALE","FEMALE","MALE","MALE","FEMALE","MALE","MALE","FEMALE","FEMALE","FEMALE","MALE","FEMALE","MALE","FEMALE","MALE","MALE","FEMALE","FEMALE","MALE","FEMALE","MALE","FEMALE","FEMALE"],"X_CALENDAR_YEAR":[2004,2004,2004,2004,2004,2004,2004,2005,2005,2005,2005,2005,2005,2005,2005,2005,2006,2006,2006,2006,2006,2006,2006,2006,2007,2007,2007,2007,2007,2007,2007,2008,2008,2008,2008,2008,2008,2008,2009,2009,2009,2009,2009,2009,2010,2010,2010,2010,2010,2010,2011,2011,2011,2011,2011,2011,2011,2011,2012,2012,2012,2012,2012,2012,2012,2012,2013,2013,2013,2013,2013],"Y_PREVALENCE_1000PP":[0.91575,0.58207,0.32331,0.35441,0.637,0.56807,0.7649,0.6112,1.72463,1.03943,0.46845,0.33398,0.90909,0.97439,1.83683,1.00823,1.3352,0.45281,1.13823,0.29656,0.89686,0.35545,1.30401,0.80645,0.67332,0.47168,0.48028,0.21553,0.87032,1.1422,1.24334,0.36033,0.94555,0.90644,0.2091,0.45413,0.80018,1.50477,0.30764,0.63155,0.473,1.48542,0.6566,0.86374,1.74203,0.81494,0.43694,0.89366,0.95582,0.75459,1.93582,0.44235,0.92839,0.72228,1.19421,1.25209,0.66387,0.52362,1.6493,0.92651,0.689,1.38681,1.044,0.50976,0.54703,1.04071,0.64385,0.73301,1.3368,0.4966,1.09396]},"PREVALENCE_BY_MONTH":{"X_CALENDAR_MONTH":["200403","200404","200405","200406","200407","200408","200409","200410","200411","200412","200501","200502","200503","200504","200505","200506","200507","200508","200509","200510","200511","200512","200601","200602","200603","200604","200605","200606","200607","200608","200609","200610","200611","200612","200701","200702","200703","200704","200705","200706","200707","200708","200709","200710","200711","200712","200801","200802","200803","200804","200805","200806","200807","200808","200809","200810","200811","200812","200901","200902","200903","200904","200905","200906","200907","200908","200909","200910","200911","200912","201001","201002","201003","201004","201005","201006","201007","201008","201009","201010","201011","201012","201101","201102","201103","201104","201105","201106","201107","201108","201109","201110","201111","201112","201201","201202","201203","201204","201205","201206","201207","201208","201209","201210","201211","201212","201301","201302","201303","201304","201305","201306","201307","201308","201309"],"Y_PREVALENCE_1000PP":[0.08878,0.14408,0.14332,0.15058,0.1218,0.10879,0.12011,0.11943,0.13523,0.11549,0.13143,0.11876,0.11054,0.11248,0.13186,0.18084,0.1867,0.1832,0.15997,0.12929,0.13558,0.14214,0.12833,0.11567,0.129,0.09418,0.0781,0.09594,0.09541,0.10182,0.07586,0.06793,0.08172,0.07079,0.0666,0.07334,0.08981,0.09976,0.08865,0.07471,0.06086,0.06053,0.06026,0.05966,0.0661,0.04289,0.05893,0.07182,0.04872,0.04855,0.04841,0.0676,0.05447,0.05122,0.06053,0.05068,0.06332,0.06934,0.06597,0.06902,0.06555,0.08113,0.07468,0.09022,0.1059,0.09663,0.09023,0.09936,0.08074,0.07451,0.08073,0.09943,0.09282,0.07743,0.07442,0.08062,0.08698,0.09021,0.08417,0.09978,0.1094,0.1192,0.11951,0.10719,0.11958,0.12349,0.10159,0.10845,0.09947,0.13523,0.11654,0.12002,0.13348,0.12755,0.13119,0.10536,0.10552,0.11295,0.13012,0.13129,0.14244,0.13632,0.13395,0.17589,0.17014,0.14328,0.13343,0.11716,0.11798,0.1189,0.13092,0.14003,0.14142,0.14331,0.08404]},"QUANTITY_DISTRIBUTION":{"CATEGORY":[],"MIN_VALUE":[],"P10_VALUE":[],"P25_VALUE":[],"MEDIAN_VALUE":[],"P75_VALUE":[],"P90_VALUE":[],"MAX_VALUE":[]},"REFILLS_DISTRIBUTION":{"CATEGORY":[],"MIN_VALUE":[],"P10_VALUE":[],"P25_VALUE":[],"MEDIAN_VALUE":[],"P75_VALUE":[],"P90_VALUE":[],"MAX_VALUE":[]}}
