{"AGE_AT_FIRST_EXPOSURE":{"CATEGORY":["FEMALE","MALE"],"MIN_VALUE":[0,0],"P10_VALUE":[25,10],"P25_VALUE":[55,36],"MEDIAN_VALUE":[66,59],"P75_VALUE":[79,75],"P90_VALUE":[87,86],"MAX_VALUE":[100,98]},"DAYS_SUPPLY_DISTRIBUTION":{"CATEGORY":"Days supply","MIN_VALUE":0,"P10_VALUE":0,"P25_VALUE":14,"MEDIAN_VALUE":14,"P75_VALUE":30,"P90_VALUE":30,"MAX_VALUE":30},"DRUGS_BY_TYPE":{"CONCEPT_NAME":["Inpatient administration","Prescription written"],"COUNT_VALUE":[544,272]},"PREVALENCE_BY_GENDER_AGE_YEAR":{"TRELLIS_NAME":["50-59","60-69","70-79","60-69","60-69","50-59","50-59","70-79","30-39","50-59","70-79","40-49","50-59","40-49","80-89","60-69","80-89","90-99","20-29","70-79","0-9","0-9","90-99","60-69"],"SERIES_NAME":["FEMALE","FEMALE","FEMALE","FEMALE","FEMALE","FEMALE","MALE","FEMALE","FEMALE","FEMALE","FEMALE","FEMALE","MALE","MALE","FEMALE","MALE","MALE","MALE","MALE","MALE","MALE","FEMALE","FEMALE","FEMALE"],"X_CALENDAR_YEAR":[2012,2012,2013,2013,2014,2014,2014,2014,2015,2015,2015,2015,2015,2015,2015,2015,2015,2015,2015,2015,2015,2015,2015,2015],"Y_PREVALENCE_1000PP":[0.21881,0.42114,0.36465,0.30183,0.31737,0.25103,0.46734,0.90142,0.44532,1.6918,4.5629,1.71429,1.83308,2.17234,9.4235,2.37823,7.75595,11.14206,1.27779,4.28016,1.31454,1.24533,14.16049,4.93016]},"PREVALENCE_BY_MONTH":{"X_CALENDAR_MONTH":["201011","201104","201108","201203","201209","201311","201312","201402","201403","201406","201412","201501","201502","201503","201504","201505","201506"],"Y_PREVALENCE_1000PP":[0.01875,0.02216,0.01932,0.01978,0.02061,0.02359,0.02396,0.02486,0.02516,0.03629,0.19774,0.39157,0.50466,0.81145,0.99233,1.5916,1.01899]},"QUANTITY_DISTRIBUTION":{"CATEGORY":"Quantity","MIN_VALUE":0,"P10_VALUE":1,"P25_VALUE":1,"MEDIAN_VALUE":28,"P75_VALUE":42,"P90_VALUE":60,"MAX_VALUE":270},"REFILLS_DISTRIBUTION":{"CATEGORY":"Refills","MIN_VALUE":0,"P10_VALUE":0,"P25_VALUE":0,"MEDIAN_VALUE":0,"P75_VALUE":3,"P90_VALUE":5,"MAX_VALUE":10}}
