{"AGE_AT_FIRST_EXPOSURE":{"CATEGORY":["FEMALE","MALE"],"MIN_VALUE":[49,22],"P10_VALUE":[-9999,60],"P25_VALUE":[56,66],"MEDIAN_VALUE":[71,72],"P75_VALUE":[82,79],"P90_VALUE":[91,84],"MAX_VALUE":[91,96]},"DAYS_SUPPLY_DISTRIBUTION":{"CATEGORY":"Days supply","MIN_VALUE":0,"P10_VALUE":0,"P25_VALUE":0,"MEDIAN_VALUE":0,"P75_VALUE":30,"P90_VALUE":30,"MAX_VALUE":30},"DRUGS_BY_TYPE":{"CONCEPT_NAME":"Prescription written","COUNT_VALUE":685},"PREVALENCE_BY_GENDER_AGE_YEAR":{"TRELLIS_NAME":["70-79","80-89","60-69","50-59","70-79","60-69","80-89","50-59","70-79","80-89","60-69","50-59","70-79","80-89","90-99","60-69","80-89","60-69","70-79","50-59","70-79","80-89","60-69"],"SERIES_NAME":["MALE","MALE","MALE","MALE","MALE","MALE","MALE","MALE","MALE","MALE","MALE","MALE","MALE","MALE","MALE","MALE","MALE","MALE","MALE","MALE","MALE","MALE","MALE"],"X_CALENDAR_YEAR":[2010,2010,2010,2011,2011,2011,2011,2012,2012,2012,2012,2013,2013,2013,2013,2013,2014,2014,2014,2014,2015,2015,2015],"Y_PREVALENCE_1000PP":[0.90888,0.92436,0.68338,0.34405,1.86137,1.18661,1.04493,0.35683,2.84879,3.28113,1.90799,0.42676,4.2332,2.86274,5.36673,1.98519,4.60903,2.7137,4.76972,0.52576,3.11284,4.39504,1.14155]},"PREVALENCE_BY_MONTH":{"X_CALENDAR_MONTH":["201003","201012","201103","201105","201106","201108","201110","201111","201112","201201","201202","201203","201204","201205","201206","201207","201208","201209","201210","201211","201212","201301","201302","201303","201304","201305","201306","201307","201308","201309","201310","201311","201312","201401","201402","201403","201404","201405","201406","201407","201408","201409","201410","201411","201412","201501","201502","201503","201504"],"Y_PREVALENCE_1000PP":[0.01856,0.02196,0.02203,0.03175,0.02552,0.02576,0.02271,0.02604,0.02943,0.04264,0.02963,0.03627,0.02325,0.0367,0.03703,0.02713,0.02726,0.05496,0.03104,0.04167,0.03145,0.0316,0.0284,0.02145,0.02522,0.03273,0.05896,0.06326,0.04148,0.02674,0.09649,0.05504,0.05991,0.04872,0.04972,0.05031,0.04718,0.08803,0.08166,0.07502,0.0828,0.05048,0.06331,0.05657,0.08389,0.09137,0.09372,0.14461,0.1179]},"QUANTITY_DISTRIBUTION":{"CATEGORY":"Quantity","MIN_VALUE":0,"P10_VALUE":0,"P25_VALUE":0,"MEDIAN_VALUE":0,"P75_VALUE":30,"P90_VALUE":30,"MAX_VALUE":90},"REFILLS_DISTRIBUTION":{"CATEGORY":"Refills","MIN_VALUE":-1,"P10_VALUE":0,"P25_VALUE":0,"MEDIAN_VALUE":0,"P75_VALUE":0,"P90_VALUE":3,"MAX_VALUE":11}}
