{"AGE_AT_FIRST_EXPOSURE":{"CATEGORY":["FEMALE","MALE"],"MIN_VALUE":[18,2],"P10_VALUE":[42,34],"P25_VALUE":[51,47],"MEDIAN_VALUE":[60,57],"P75_VALUE":[70,69],"P90_VALUE":[76,77],"MAX_VALUE":[91,98]},"DAYS_SUPPLY_DISTRIBUTION":{"CATEGORY":[],"MIN_VALUE":[],"P10_VALUE":[],"P25_VALUE":[],"MEDIAN_VALUE":[],"P75_VALUE":[],"P90_VALUE":[],"MAX_VALUE":[]},"DRUGS_BY_TYPE":{"CONCEPT_NAME":"Inpatient administration","COUNT_VALUE":1329},"PREVALENCE_BY_GENDER_AGE_YEAR":{"TRELLIS_NAME":["60-69","70-79","70-79","30-39","60-69","80-89","60-69","50-59","40-49","50-59","40-49","70-79","70-79","40-49","50-59","50-59","40-49","70-79","70-79","60-69","80-89","60-69","80-89","60-69","60-69","80-89","70-79","50-59","50-59","70-79","80-89","60-69","70-79","70-79","50-59","40-49","50-59","80-89","70-79","50-59","70-79","60-69"],"SERIES_NAME":["FEMALE","MALE","FEMALE","FEMALE","FEMALE","FEMALE","MALE","FEMALE","MALE","MALE","FEMALE","FEMALE","MALE","FEMALE","FEMALE","MALE","MALE","MALE","FEMALE","MALE","MALE","FEMALE","FEMALE","MALE","FEMALE","FEMALE","MALE","MALE","FEMALE","FEMALE","FEMALE","FEMALE","MALE","FEMALE","FEMALE","FEMALE","MALE","FEMALE","FEMALE","FEMALE","MALE","FEMALE"],"X_CALENDAR_YEAR":[2004,2004,2004,2005,2005,2005,2005,2005,2005,2005,2005,2005,2005,2006,2006,2006,2006,2006,2006,2006,2006,2006,2006,2007,2007,2007,2007,2007,2007,2007,2008,2008,2008,2008,2008,2008,2008,2009,2009,2009,2009,2009],"Y_PREVALENCE_1000PP":[0.55629,0.68681,0.819,0.22683,1.62438,0.83519,1.14802,0.93717,0.53537,0.64965,0.55663,1.28788,0.57488,0.71812,2.00178,1.15207,0.65166,0.5216,2.34564,1.0014,1.34151,1.66029,1.13823,0.42848,1.50936,0.94708,0.5711,0.32019,1.11359,1.07117,1.34756,1.39627,0.63037,1.10068,1.32427,0.42104,0.40367,0.86374,0.63155,0.61528,0.62544,1.07499]},"PREVALENCE_BY_MONTH":{"X_CALENDAR_MONTH":["200410","200412","200510","200511","200512","200601","200602","200603","200604","200605","200606","200607","200609","200610","200611","200704","200706","200707","200708","200709","200710","200711","200712","200801","200802","200803","200804","200805","200806","200807","200808","200809","200810","200811","200812","200901","200902","200903","200904","200905","200906","200907","200908","200909","200910","200911","200912"],"Y_PREVALENCE_1000PP":[0.03257,0.03515,0.13333,0.19938,0.18557,0.2061,0.10796,0.17453,0.08288,0.15992,0.06273,0.05504,0.02529,0.0286,0.03553,0.02064,0.02038,0.03381,0.05717,0.03013,0.07624,0.10577,0.09238,0.12768,0.07182,0.0747,0.04531,0.09037,0.07082,0.07369,0.08004,0.06372,0.07602,0.05698,0.05358,0.03141,0.06902,0.06243,0.04993,0.06224,0.04666,0.04361,0.04364,0.06223,0.04968,0.059,0.04347]},"QUANTITY_DISTRIBUTION":{"CATEGORY":[],"MIN_VALUE":[],"P10_VALUE":[],"P25_VALUE":[],"MEDIAN_VALUE":[],"P75_VALUE":[],"P90_VALUE":[],"MAX_VALUE":[]},"REFILLS_DISTRIBUTION":{"CATEGORY":[],"MIN_VALUE":[],"P10_VALUE":[],"P25_VALUE":[],"MEDIAN_VALUE":[],"P75_VALUE":[],"P90_VALUE":[],"MAX_VALUE":[]}}
