{"AGE_AT_FIRST_EXPOSURE":{"CATEGORY":["FEMALE","MALE"],"MIN_VALUE":[0,0],"P10_VALUE":[0,0],"P25_VALUE":[9,1],"MEDIAN_VALUE":[45,39],"P75_VALUE":[66,66],"P90_VALUE":[80,74],"MAX_VALUE":[93,94]},"DAYS_SUPPLY_DISTRIBUTION":{"CATEGORY":"Days supply","MIN_VALUE":0,"P10_VALUE":0,"P25_VALUE":0,"MEDIAN_VALUE":0,"P75_VALUE":5,"P90_VALUE":30,"MAX_VALUE":75},"DRUGS_BY_TYPE":{"CONCEPT_NAME":"Prescription written","COUNT_VALUE":398},"PREVALENCE_BY_GENDER_AGE_YEAR":{"TRELLIS_NAME":["60-69","0-9","0-9","50-59","60-69","40-49","0-9","0-9","0-9","0-9","80-89","0-9","0-9","60-69","0-9"],"SERIES_NAME":["FEMALE","MALE","FEMALE","FEMALE","MALE","FEMALE","MALE","FEMALE","FEMALE","MALE","FEMALE","MALE","FEMALE","FEMALE","FEMALE"],"X_CALENDAR_YEAR":[2009,2009,2010,2011,2011,2011,2011,2011,2012,2012,2012,2013,2013,2013,2014],"Y_PREVALENCE_1000PP":[0.258,0.37424,0.23298,0.20945,0.36114,0.20243,0.41813,0.23602,0.44154,0.35625,0.64007,0.26173,0.46326,0.25871,0.37164]},"PREVALENCE_BY_MONTH":{"X_CALENDAR_MONTH":["200712","200810","200901","200903","200906","201104","201105","201106","201108","201109","201110","201112","201201","201204","201212","201303","201307","201308","201310","201311","201407","201410"],"Y_PREVALENCE_1000PP":[0.02639,0.01901,0.02513,0.02185,0.02178,0.0285,0.01905,0.0319,0.02576,0.02266,0.01946,0.02616,0.02952,0.01993,0.02796,0.02145,0.02233,0.02263,0.02702,0.02752,0.02813,0.03166]},"QUANTITY_DISTRIBUTION":{"CATEGORY":"Quantity","MIN_VALUE":0,"P10_VALUE":0,"P25_VALUE":0,"MEDIAN_VALUE":0,"P75_VALUE":28,"P90_VALUE":120,"MAX_VALUE":14400},"REFILLS_DISTRIBUTION":{"CATEGORY":"Refills","MIN_VALUE":0,"P10_VALUE":0,"P25_VALUE":0,"MEDIAN_VALUE":0,"P75_VALUE":0,"P90_VALUE":4,"MAX_VALUE":5}}
