{"AGE_AT_FIRST_EXPOSURE":{"CATEGORY":["FEMALE","MALE"],"MIN_VALUE":[0,0],"P10_VALUE":[2,2],"P25_VALUE":[3,3],"MEDIAN_VALUE":[5,5],"P75_VALUE":[8,7],"P90_VALUE":[11,10],"MAX_VALUE":[88,75]},"DAYS_SUPPLY_DISTRIBUTION":{"CATEGORY":"Days supply","MIN_VALUE":0,"P10_VALUE":0,"P25_VALUE":0,"MEDIAN_VALUE":30,"P75_VALUE":30,"P90_VALUE":30,"MAX_VALUE":150},"DRUGS_BY_TYPE":{"CONCEPT_NAME":"Prescription written","COUNT_VALUE":2953},"PREVALENCE_BY_GENDER_AGE_YEAR":{"TRELLIS_NAME":["0-9","0-9","0-9","10-19","0-9","10-19","10-19","0-9","0-9","10-19","10-19","0-9","0-9","10-19","0-9","10-19","0-9","10-19","0-9","10-19","10-19","0-9","10-19","0-9","0-9","10-19","10-19","0-9","10-19","0-9"],"SERIES_NAME":["FEMALE","MALE","FEMALE","MALE","MALE","FEMALE","FEMALE","FEMALE","MALE","MALE","FEMALE","MALE","FEMALE","MALE","MALE","FEMALE","FEMALE","MALE","FEMALE","FEMALE","MALE","MALE","FEMALE","FEMALE","MALE","MALE","FEMALE","FEMALE","MALE","MALE"],"X_CALENDAR_YEAR":[2008,2008,2009,2009,2009,2009,2010,2010,2010,2010,2011,2011,2011,2011,2012,2012,2012,2012,2013,2013,2013,2013,2014,2014,2014,2014,2015,2015,2015,2015],"Y_PREVALENCE_1000PP":[0.65617,0.75781,1.9036,0.40161,2.85782,0.32654,0.33336,2.75696,3.18068,0.45358,0.68608,4.52977,3.81559,0.8338,6.27004,1.13024,5.09774,1.46364,6.94883,1.07191,1.3194,9.34754,2.80565,9.384,9.58598,2.46682,1.8109,6.97385,2.27273,10.58935]},"PREVALENCE_BY_MONTH":{"X_CALENDAR_MONTH":["200804","200805","200806","200809","200810","200901","200903","200904","200905","200906","200907","200908","200909","200910","200911","200912","201001","201003","201004","201005","201006","201007","201009","201010","201011","201012","201101","201102","201103","201104","201105","201106","201107","201108","201109","201110","201111","201112","201201","201202","201203","201204","201205","201206","201207","201208","201209","201210","201211","201212","201301","201302","201303","201304","201305","201306","201307","201308","201309","201310","201311","201312","201401","201402","201403","201404","201405","201406","201407","201408","201409","201410","201411","201412","201501","201502","201503","201504","201505"],"Y_PREVALENCE_1000PP":[0.02266,0.03873,0.02253,0.01911,0.02217,0.02513,0.04682,0.04369,0.08091,0.04044,0.04361,0.02805,0.05601,0.04036,0.06211,0.04968,0.03105,0.0526,0.2137,0.08992,0.05891,0.03417,0.03429,0.04365,0.03751,0.0596,0.02202,0.02837,0.07867,0.08549,0.34286,0.10845,0.06096,0.0322,0.03885,0.05839,0.05534,0.04579,0.07543,0.06256,0.09562,0.35546,0.22021,0.12119,0.08139,0.08861,0.09617,0.08277,0.09723,0.07688,0.08778,0.09586,0.08938,0.20178,0.61825,0.1953,0.14514,0.11314,0.16045,0.15824,0.12973,0.11582,0.07714,0.11602,0.18868,0.28308,0.70421,0.32664,0.20161,0.1315,0.33317,0.23742,0.20365,0.24567,0.3002,0.19466,0.44188,0.5895,1.38218]},"QUANTITY_DISTRIBUTION":{"CATEGORY":"Quantity","MIN_VALUE":0,"P10_VALUE":0,"P25_VALUE":1,"MEDIAN_VALUE":75,"P75_VALUE":150,"P90_VALUE":300,"MAX_VALUE":750},"REFILLS_DISTRIBUTION":{"CATEGORY":"Refills","MIN_VALUE":0,"P10_VALUE":0,"P25_VALUE":0,"MEDIAN_VALUE":2,"P75_VALUE":5,"P90_VALUE":5,"MAX_VALUE":6}}
