{"AGE_AT_FIRST_EXPOSURE":{"CATEGORY":["FEMALE","MALE"],"MIN_VALUE":[18,4],"P10_VALUE":[48,54],"P25_VALUE":[60,63],"MEDIAN_VALUE":[69,70],"P75_VALUE":[78,78],"P90_VALUE":[85,84],"MAX_VALUE":[95,97]},"DAYS_SUPPLY_DISTRIBUTION":{"CATEGORY":"Days supply","MIN_VALUE":0,"P10_VALUE":0,"P25_VALUE":0,"MEDIAN_VALUE":30,"P75_VALUE":30,"P90_VALUE":30,"MAX_VALUE":90},"DRUGS_BY_TYPE":{"CONCEPT_NAME":["Inpatient administration","Prescription written"],"COUNT_VALUE":[2298,1384]},"PREVALENCE_BY_GENDER_AGE_YEAR":{"TRELLIS_NAME":["60-69","60-69","80-89","80-89","70-79","70-79","50-59","80-89","60-69","70-79","50-59","70-79","70-79","50-59","70-79","60-69","80-89","80-89","60-69","60-69","50-59","70-79","90-99","60-69","80-89","70-79","70-79","50-59","60-69","80-89","80-89","50-59","40-49","50-59","70-79","60-69","70-79","80-89","60-69","80-89","60-69","50-59","70-79","70-79","50-59","70-79","40-49","50-59","70-79","60-69","80-89","80-89","60-69","50-59","70-79","50-59","40-49","70-79","60-69","80-89","60-69","80-89","70-79","50-59","40-49","50-59","70-79","60-69","60-69","80-89","80-89","80-89","60-69","80-89","60-69","70-79","50-59","70-79","50-59","70-79","80-89","60-69"],"SERIES_NAME":["FEMALE","MALE","MALE","FEMALE","MALE","FEMALE","MALE","MALE","MALE","MALE","MALE","FEMALE","FEMALE","MALE","MALE","MALE","MALE","MALE","MALE","FEMALE","MALE","MALE","MALE","MALE","MALE","MALE","FEMALE","MALE","MALE","MALE","FEMALE","FEMALE","MALE","MALE","FEMALE","FEMALE","MALE","MALE","MALE","FEMALE","FEMALE","FEMALE","MALE","FEMALE","MALE","MALE","MALE","MALE","FEMALE","MALE","FEMALE","MALE","FEMALE","MALE","FEMALE","FEMALE","MALE","MALE","FEMALE","MALE","MALE","FEMALE","MALE","MALE","MALE","FEMALE","FEMALE","MALE","FEMALE","FEMALE","MALE","MALE","MALE","FEMALE","FEMALE","MALE","MALE","FEMALE","MALE","MALE","MALE","MALE"],"X_CALENDAR_YEAR":[2004,2004,2004,2004,2004,2004,2004,2005,2005,2005,2005,2005,2006,2006,2006,2006,2006,2007,2007,2007,2007,2007,2008,2008,2008,2008,2008,2008,2009,2009,2009,2009,2009,2009,2009,2009,2009,2010,2010,2010,2010,2010,2010,2010,2010,2011,2011,2011,2011,2011,2011,2011,2011,2012,2012,2012,2012,2012,2012,2012,2012,2012,2013,2013,2013,2013,2013,2013,2013,2013,2013,2014,2014,2014,2014,2014,2014,2014,2015,2015,2015,2015],"Y_PREVALENCE_1000PP":[1.04304,2.17762,3.53165,1.00925,2.86172,1.001,0.83153,2.16029,1.53069,2.68276,0.84454,0.5303,0.48293,0.57604,2.60802,1.669,3.06631,1.95382,1.89753,0.42451,0.42692,2.52917,8.58896,2.00046,2.17355,3.07304,0.77695,0.55505,2.2981,4.00641,1.07968,0.20509,0.32149,0.98683,0.94733,0.387,3.28356,3.85149,2.83867,0.84962,0.41922,0.27379,3.33258,0.81494,0.87387,4.095,0.45198,0.93384,0.55703,2.4764,0.73038,5.37394,0.62238,0.8666,0.6734,0.25528,0.35963,3.97331,0.33691,4.77256,2.27899,0.85342,3.49053,1.22693,0.45252,0.2674,0.72931,2.03885,0.43118,0.66541,3.61609,4.13223,1.7526,0.93294,0.45339,4.22238,1.34361,0.38632,1.07828,3.11284,4.65357,1.33181]},"PREVALENCE_BY_MONTH":{"X_CALENDAR_MONTH":["200401","200403","200404","200405","200406","200408","200409","200410","200411","200412","200501","200502","200503","200504","200505","200506","200507","200508","200509","200512","200601","200602","200603","200604","200605","200606","200607","200608","200609","200610","200611","200612","200702","200703","200704","200705","200706","200707","200708","200709","200710","200711","200712","200801","200802","200803","200804","200805","200806","200807","200808","200809","200810","200811","200812","200901","200902","200903","200904","200905","200906","200907","200908","200909","200910","200911","200912","201001","201002","201003","201004","201005","201006","201007","201008","201009","201010","201011","201012","201101","201102","201103","201104","201105","201106","201107","201108","201109","201110","201111","201112","201201","201202","201203","201204","201205","201206","201207","201208","201209","201210","201211","201212","201301","201302","201303","201304","201305","201306","201307","201308","201309","201310","201311","201312","201401","201402","201403","201404","201405","201406","201407","201408","201409","201410","201411","201412","201501","201502","201503","201504","201505","201506"],"Y_PREVALENCE_1000PP":[0.25808,0.13811,0.07628,0.06035,0.07529,0.0544,0.08579,0.05971,0.05721,0.08034,0.05841,0.04275,0.05066,0.03149,0.05275,0.04306,0.06365,0.02498,0.02871,0.04738,0.03111,0.0347,0.03035,0.04521,0.03719,0.03321,0.04036,0.05455,0.04335,0.03933,0.03198,0.04601,0.0454,0.04836,0.0344,0.0341,0.04075,0.03719,0.0269,0.02678,0.02983,0.04297,0.04949,0.05566,0.01959,0.02598,0.02913,0.06455,0.04829,0.04806,0.04482,0.06053,0.07286,0.06648,0.05043,0.06911,0.06902,0.05931,0.06553,0.07157,0.06222,0.05607,0.04052,0.05289,0.0621,0.08074,0.05589,0.07142,0.05593,0.08353,0.08362,0.06512,0.07441,0.0466,0.04355,0.05611,0.06548,0.07189,0.08156,0.06605,0.04098,0.1007,0.09816,0.07302,0.08293,0.08022,0.0805,0.10036,0.08434,0.05209,0.08176,0.08855,0.10207,0.06924,0.05315,0.08008,0.06396,0.05765,0.08861,0.05496,0.04484,0.07292,0.07688,0.07023,0.07101,0.0715,0.06846,0.06546,0.09212,0.07071,0.08674,0.07258,0.06561,0.07863,0.09984,0.05278,0.07044,0.09224,0.10723,0.07922,0.07259,0.11721,0.13637,0.09086,0.11607,0.12445,0.12583,0.13052,0.14419,0.20889,0.22598,0.15358,0.32178]},"QUANTITY_DISTRIBUTION":{"CATEGORY":"Quantity","MIN_VALUE":0,"P10_VALUE":0,"P25_VALUE":0,"MEDIAN_VALUE":30,"P75_VALUE":30,"P90_VALUE":60,"MAX_VALUE":480},"REFILLS_DISTRIBUTION":{"CATEGORY":"Refills","MIN_VALUE":0,"P10_VALUE":0,"P25_VALUE":0,"MEDIAN_VALUE":0,"P75_VALUE":2,"P90_VALUE":5,"MAX_VALUE":12}}
