{"AGE_AT_FIRST_EXPOSURE":{"CATEGORY":["MALE","FEMALE"],"MIN_VALUE":[21,20],"P10_VALUE":[33,33],"P25_VALUE":[54,46],"MEDIAN_VALUE":[62,57],"P75_VALUE":[69,66],"P90_VALUE":[73,76],"MAX_VALUE":[90,92]},"DAYS_SUPPLY_DISTRIBUTION":{"CATEGORY":"Days supply","MIN_VALUE":0,"P10_VALUE":0,"P25_VALUE":0,"MEDIAN_VALUE":30,"P75_VALUE":30,"P90_VALUE":30,"MAX_VALUE":30},"DRUGS_BY_TYPE":{"CONCEPT_NAME":"Prescription written","COUNT_VALUE":256},"PREVALENCE_BY_GENDER_AGE_YEAR":{"TRELLIS_NAME":["60-69","50-59","60-69","40-49","50-59","60-69","50-59","30-39"],"SERIES_NAME":["MALE","FEMALE","MALE","FEMALE","FEMALE","FEMALE","FEMALE","FEMALE"],"X_CALENDAR_YEAR":[2012,2012,2013,2013,2013,2014,2014,2014],"Y_PREVALENCE_1000PP":[0.318,0.21881,0.37558,0.23313,0.4202,0.45339,0.29286,0.2453]},"PREVALENCE_BY_MONTH":{"X_CALENDAR_MONTH":["201009","201303","201307","201310","201311","201402","201403","201404","201406","201407","201409","201411","201501"],"Y_PREVALENCE_1000PP":[0.0187,0.03575,0.02233,0.03473,0.03538,0.02486,0.02516,0.0386,0.03176,0.03282,0.03029,0.0396,0.03916]},"QUANTITY_DISTRIBUTION":{"CATEGORY":"Quantity","MIN_VALUE":0,"P10_VALUE":0,"P25_VALUE":14,"MEDIAN_VALUE":30,"P75_VALUE":30,"P90_VALUE":60,"MAX_VALUE":1050},"REFILLS_DISTRIBUTION":{"CATEGORY":"Refills","MIN_VALUE":0,"P10_VALUE":0,"P25_VALUE":0,"MEDIAN_VALUE":0,"P75_VALUE":2,"P90_VALUE":5,"MAX_VALUE":6}}
