{"AGE_AT_FIRST_EXPOSURE":{"CATEGORY":["FEMALE","MALE"],"MIN_VALUE":[14,13],"P10_VALUE":[30,31],"P25_VALUE":[42,44],"MEDIAN_VALUE":[53,55],"P75_VALUE":[62,64],"P90_VALUE":[71,72],"MAX_VALUE":[100,95]},"DAYS_SUPPLY_DISTRIBUTION":{"CATEGORY":"Days supply","MIN_VALUE":0,"P10_VALUE":0,"P25_VALUE":0,"MEDIAN_VALUE":30,"P75_VALUE":30,"P90_VALUE":30,"MAX_VALUE":365},"DRUGS_BY_TYPE":{"CONCEPT_NAME":"Prescription written","COUNT_VALUE":2921},"PREVALENCE_BY_GENDER_AGE_YEAR":{"TRELLIS_NAME":["40-49","30-39","30-39","60-69","20-29","40-49","60-69","40-49","50-59","50-59","60-69","20-29","80-89","20-29","30-39","30-39","50-59","40-49","40-49","70-79","50-59","60-69","70-79","20-29","30-39","60-69","20-29","80-89","60-69","70-79","40-49","70-79","40-49","50-59","50-59","30-39","30-39","20-29","50-59","30-39","50-59","40-49","40-49","70-79","70-79","60-69","60-69","20-29","30-39","30-39","50-59","50-59","40-49","70-79","60-69","40-49","70-79","20-29","80-89","20-29","60-69","70-79","40-49","50-59","50-59","40-49","70-79","30-39","60-69","60-69","80-89","20-29","80-89","20-29","30-39","30-39","20-29","60-69","60-69","40-49","70-79","50-59","70-79","40-49","50-59","50-59","40-49","70-79","50-59","60-69","60-69"],"SERIES_NAME":["FEMALE","MALE","FEMALE","MALE","FEMALE","MALE","FEMALE","FEMALE","FEMALE","MALE","MALE","FEMALE","FEMALE","MALE","FEMALE","MALE","MALE","MALE","FEMALE","FEMALE","FEMALE","FEMALE","MALE","MALE","FEMALE","FEMALE","FEMALE","FEMALE","MALE","MALE","MALE","FEMALE","FEMALE","MALE","FEMALE","MALE","FEMALE","MALE","FEMALE","MALE","MALE","MALE","FEMALE","FEMALE","MALE","FEMALE","MALE","FEMALE","FEMALE","MALE","MALE","FEMALE","FEMALE","FEMALE","FEMALE","MALE","MALE","MALE","MALE","FEMALE","MALE","MALE","MALE","MALE","FEMALE","FEMALE","FEMALE","FEMALE","MALE","FEMALE","FEMALE","MALE","MALE","FEMALE","FEMALE","MALE","FEMALE","MALE","FEMALE","MALE","MALE","MALE","FEMALE","FEMALE","FEMALE","FEMALE","FEMALE","FEMALE","MALE","FEMALE","MALE"],"X_CALENDAR_YEAR":[2007,2008,2008,2008,2008,2008,2008,2008,2008,2008,2009,2009,2009,2009,2009,2009,2009,2009,2009,2009,2009,2009,2009,2010,2010,2010,2010,2010,2010,2010,2010,2010,2010,2010,2010,2010,2011,2011,2011,2011,2011,2011,2011,2011,2011,2011,2011,2011,2012,2012,2012,2012,2012,2012,2012,2012,2012,2012,2012,2012,2012,2013,2013,2013,2013,2013,2013,2013,2013,2013,2013,2013,2013,2013,2014,2014,2014,2014,2014,2014,2014,2014,2014,2014,2014,2015,2015,2015,2015,2015,2015],"Y_PREVALENCE_1000PP":[0.23393,0.48718,0.56358,0.91449,0.35968,0.6496,1.26115,1.10118,1.21972,1.00918,1.91508,0.44415,0.75578,0.51033,0.49559,0.77046,1.62826,0.85731,1.38241,1.01048,1.67493,2.27898,1.01634,0.50208,0.70885,1.46726,0.47511,0.63721,1.4719,0.98462,0.81239,1.00301,1.09922,1.69919,2.12191,0.64713,0.54535,0.30193,1.50103,0.60676,1.37619,1.01695,1.01215,0.37136,0.44673,1.36924,1.49616,0.28767,0.44062,0.49941,0.96855,2.22457,1.11071,1.28558,1.38977,1.19875,0.67471,0.30888,0.89485,0.30522,0.954,0.74267,0.96968,1.86706,1.9864,1.2822,0.79008,0.43432,1.50231,1.76785,0.66541,0.32739,1.05469,0.20614,0.45555,0.57954,0.26499,1.41339,1.94958,1.03773,0.54735,1.51887,0.96581,1.68156,1.92453,1.54469,1.14286,0.62221,1.5096,1.41929,0.76104]},"PREVALENCE_BY_MONTH":{"X_CALENDAR_MONTH":["200711","200712","200801","200802","200803","200804","200805","200806","200807","200808","200809","200810","200811","200812","200901","200902","200903","200904","200905","200906","200907","200908","200909","200910","200911","200912","201001","201002","201003","201004","201005","201006","201007","201008","201009","201010","201011","201012","201101","201102","201103","201104","201105","201106","201107","201108","201109","201110","201111","201112","201201","201202","201203","201204","201205","201206","201207","201208","201209","201210","201211","201212","201301","201302","201303","201304","201305","201306","201307","201308","201309","201310","201311","201312","201401","201402","201403","201404","201405","201406","201407","201408","201409","201410","201411","201412","201501","201502","201503","201504"],"Y_PREVALENCE_1000PP":[0.02644,0.04949,0.03601,0.02285,0.03572,0.04208,0.05487,0.05151,0.07369,0.05443,0.03186,0.08869,0.13296,0.11031,0.07854,0.0847,0.10925,0.0905,0.06224,0.09333,0.09656,0.08728,0.11201,0.09936,0.09005,0.17076,0.13663,0.1305,0.10829,0.1022,0.11163,0.08062,0.10251,0.0871,0.09352,0.08107,0.07189,0.0596,0.07548,0.04414,0.11014,0.06016,0.07619,0.05742,0.07059,0.0483,0.10359,0.10705,0.10092,0.10138,0.10167,0.11853,0.1253,0.09302,0.10677,0.08416,0.12209,0.11928,0.10648,0.12761,0.10417,0.0664,0.10534,0.08166,0.11083,0.13332,0.14911,0.10318,0.12281,0.09428,0.10315,0.13894,0.13367,0.15176,0.17459,0.1326,0.1174,0.11581,0.11884,0.19054,0.18285,0.14124,0.10601,0.22687,0.15273,0.19174,0.24799,0.19466,0.24906,0.32423]},"QUANTITY_DISTRIBUTION":{"CATEGORY":"Quantity","MIN_VALUE":0,"P10_VALUE":0,"P25_VALUE":0,"MEDIAN_VALUE":30,"P75_VALUE":60,"P90_VALUE":60,"MAX_VALUE":730},"REFILLS_DISTRIBUTION":{"CATEGORY":"Refills","MIN_VALUE":0,"P10_VALUE":0,"P25_VALUE":0,"MEDIAN_VALUE":0,"P75_VALUE":3,"P90_VALUE":5,"MAX_VALUE":11}}
