{"AGE_AT_FIRST_EXPOSURE":{"CATEGORY":["MALE","FEMALE"],"MIN_VALUE":[2,2],"P10_VALUE":[8,11],"P25_VALUE":[12,18],"MEDIAN_VALUE":[24,50],"P75_VALUE":[63,77],"P90_VALUE":[79,88],"MAX_VALUE":[94,102]},"DAYS_SUPPLY_DISTRIBUTION":{"CATEGORY":"Days supply","MIN_VALUE":0,"P10_VALUE":0,"P25_VALUE":0,"MEDIAN_VALUE":5,"P75_VALUE":30,"P90_VALUE":30,"MAX_VALUE":90},"DRUGS_BY_TYPE":{"CONCEPT_NAME":["Inpatient administration","Prescription written"],"COUNT_VALUE":[922,710]},"PREVALENCE_BY_GENDER_AGE_YEAR":{"TRELLIS_NAME":["80-89","10-19","10-19","80-89","0-9","10-19","10-19","70-79","20-29","10-19","50-59","70-79","10-19","80-89","10-19","0-9","10-19","10-19","70-79","10-19","20-29","90-99","50-59","70-79","10-19","10-19","80-89","10-19","10-19","50-59","0-9","10-19","60-69","80-89","10-19","50-59","20-29","10-19","10-19"],"SERIES_NAME":["FEMALE","MALE","FEMALE","FEMALE","MALE","FEMALE","MALE","FEMALE","FEMALE","FEMALE","MALE","FEMALE","MALE","FEMALE","MALE","FEMALE","FEMALE","FEMALE","FEMALE","MALE","FEMALE","FEMALE","FEMALE","FEMALE","FEMALE","MALE","FEMALE","MALE","FEMALE","FEMALE","MALE","MALE","FEMALE","FEMALE","FEMALE","FEMALE","FEMALE","MALE","FEMALE"],"X_CALENDAR_YEAR":[2007,2007,2007,2008,2008,2008,2008,2008,2009,2009,2009,2009,2009,2010,2010,2010,2010,2011,2011,2011,2011,2011,2012,2012,2012,2012,2012,2013,2013,2013,2014,2014,2014,2014,2014,2014,2014,2015,2015],"Y_PREVALENCE_1000PP":[0.71031,0.51809,0.25478,1.01067,0.20668,0.28916,0.41025,0.58271,0.17272,0.48982,0.34539,0.44209,0.40161,0.95582,0.72572,0.23298,0.58338,0.51456,0.55703,0.60219,0.15691,2.73473,0.32822,0.36731,0.43471,0.661,0.64007,0.35522,0.41944,0.382,0.33055,0.64607,0.31737,0.81633,0.37768,0.25103,0.19874,0.64935,0.66717]},"PREVALENCE_BY_MONTH":{"X_CALENDAR_MONTH":["200701","200702","200704","200705","200706","200708","200709","200710","200711","200712","200801","200803","200805","200806","200807","200808","200809","200810","200811","200812","200901","200902","200903","200904","200905","200906","200908","200909","200910","200911","200912","201001","201002","201003","201004","201005","201006","201007","201008","201009","201010","201011","201012","201101","201102","201103","201104","201105","201106","201107","201108","201109","201110","201111","201112","201201","201202","201203","201204","201205","201206","201207","201208","201209","201211","201212","201301","201302","201303","201304","201307","201308","201309","201310","201311","201312","201401","201402","201403","201404","201405","201406","201407","201408","201409","201410","201411","201412","201501","201502","201503","201504"],"Y_PREVALENCE_1000PP":[0.02103,0.02095,0.02064,0.03069,0.02038,0.02018,0.02678,0.01989,0.03636,0.0231,0.02619,0.02598,0.0355,0.03219,0.01922,0.02881,0.02549,0.03168,0.01899,0.02837,0.04398,0.02823,0.04682,0.03433,0.03734,0.03733,0.0187,0.02489,0.03105,0.04347,0.03415,0.03105,0.02175,0.04022,0.04646,0.02171,0.03721,0.03728,0.04044,0.02494,0.0343,0.02188,0.05646,0.03145,0.02837,0.03147,0.0285,0.03175,0.04785,0.03529,0.0322,0.0259,0.02919,0.03256,0.0327,0.02952,0.03293,0.04616,0.04651,0.03337,0.0303,0.0407,0.05794,0.03091,0.04167,0.02446,0.02809,0.02485,0.05005,0.02522,0.03349,0.04526,0.03438,0.04631,0.03931,0.05991,0.0406,0.02901,0.04612,0.04718,0.03081,0.05444,0.0422,0.03896,0.05048,0.03166,0.04525,0.04794,0.03916,0.05768,0.0482,0.08843]},"QUANTITY_DISTRIBUTION":{"CATEGORY":"Quantity","MIN_VALUE":0,"P10_VALUE":0,"P25_VALUE":0,"MEDIAN_VALUE":30,"P75_VALUE":60,"P90_VALUE":90,"MAX_VALUE":360},"REFILLS_DISTRIBUTION":{"CATEGORY":"Refills","MIN_VALUE":-1,"P10_VALUE":0,"P25_VALUE":0,"MEDIAN_VALUE":0,"P75_VALUE":3,"P90_VALUE":5,"MAX_VALUE":11}}
