{"AGE_AT_FIRST_EXPOSURE":{"CATEGORY":["MALE","FEMALE"],"MIN_VALUE":[1,5],"P10_VALUE":[18,28],"P25_VALUE":[32,43],"MEDIAN_VALUE":[54,67],"P75_VALUE":[76,82],"P90_VALUE":[86,90],"MAX_VALUE":[100,101]},"DAYS_SUPPLY_DISTRIBUTION":{"CATEGORY":"Days supply","MIN_VALUE":0,"P10_VALUE":0,"P25_VALUE":0,"MEDIAN_VALUE":0,"P75_VALUE":30,"P90_VALUE":30,"MAX_VALUE":31},"DRUGS_BY_TYPE":{"CONCEPT_NAME":["Inpatient administration","Prescription written"],"COUNT_VALUE":[914,66]},"PREVALENCE_BY_GENDER_AGE_YEAR":{"TRELLIS_NAME":["70-79","80-89","80-89","50-59"],"SERIES_NAME":["FEMALE","FEMALE","MALE","MALE"],"X_CALENDAR_YEAR":[2007,2008,2008,2008],"Y_PREVALENCE_1000PP":[0.40169,0.67378,1.17037,0.35321]},"PREVALENCE_BY_MONTH":{"X_CALENDAR_MONTH":["200510","200605","200607","200608","200610","200611","200612","200711","200802","200805","200806","200807","201401","201502","201504"],"Y_PREVALENCE_1000PP":[0.02424,0.02975,0.02202,0.02182,0.02503,0.02132,0.02124,0.02975,0.02612,0.01937,0.02253,0.01922,0.02842,0.05768,0.05895]},"QUANTITY_DISTRIBUTION":{"CATEGORY":"Quantity","MIN_VALUE":0,"P10_VALUE":0,"P25_VALUE":0,"MEDIAN_VALUE":1,"P75_VALUE":90,"P90_VALUE":150,"MAX_VALUE":600},"REFILLS_DISTRIBUTION":{"CATEGORY":"Refills","MIN_VALUE":0,"P10_VALUE":0,"P25_VALUE":0,"MEDIAN_VALUE":0,"P75_VALUE":0,"P90_VALUE":0,"MAX_VALUE":3}}
