{"AGE_AT_FIRST_EXPOSURE":{"CATEGORY":["MALE","FEMALE"],"MIN_VALUE":[13,19],"P10_VALUE":[33,40],"P25_VALUE":[48,52],"MEDIAN_VALUE":[62,63],"P75_VALUE":[74,74],"P90_VALUE":[81,84],"MAX_VALUE":[94,103]},"DAYS_SUPPLY_DISTRIBUTION":{"CATEGORY":"Days supply","MIN_VALUE":0,"P10_VALUE":0,"P25_VALUE":0,"MEDIAN_VALUE":13,"P75_VALUE":30,"P90_VALUE":30,"MAX_VALUE":302},"DRUGS_BY_TYPE":{"CONCEPT_NAME":"Prescription written","COUNT_VALUE":1917},"PREVALENCE_BY_GENDER_AGE_YEAR":{"TRELLIS_NAME":["70-79","40-49","50-59","60-69","70-79","30-39","60-69","80-89","40-49","50-59","70-79","40-49","50-59","60-69","70-79","30-39","80-89","60-69","80-89","50-59","40-49","70-79","40-49","50-59","70-79","30-39","60-69","90-99","80-89","60-69","40-49","50-59","40-49","70-79","70-79","60-69","60-69","80-89","50-59","30-39","80-89","20-29","60-69","90-99","20-29","80-89","70-79","40-49","60-69","30-39","50-59","40-49","70-79","50-59","30-39","30-39","20-29","80-89","20-29","60-69","60-69","80-89","90-99","40-49","50-59","70-79","70-79","40-49","50-59","70-79","70-79","50-59","60-69","80-89","60-69","80-89","50-59","70-79"],"SERIES_NAME":["FEMALE","FEMALE","FEMALE","FEMALE","MALE","FEMALE","MALE","FEMALE","MALE","MALE","FEMALE","FEMALE","FEMALE","FEMALE","MALE","FEMALE","MALE","MALE","FEMALE","FEMALE","MALE","FEMALE","FEMALE","MALE","MALE","FEMALE","FEMALE","FEMALE","FEMALE","MALE","MALE","MALE","FEMALE","FEMALE","MALE","FEMALE","MALE","FEMALE","FEMALE","FEMALE","FEMALE","FEMALE","MALE","FEMALE","MALE","MALE","MALE","MALE","FEMALE","FEMALE","MALE","FEMALE","FEMALE","FEMALE","FEMALE","MALE","MALE","MALE","FEMALE","MALE","FEMALE","FEMALE","FEMALE","FEMALE","FEMALE","FEMALE","MALE","MALE","MALE","MALE","FEMALE","FEMALE","FEMALE","FEMALE","MALE","FEMALE","FEMALE","FEMALE"],"X_CALENDAR_YEAR":[2008,2008,2008,2008,2008,2008,2008,2008,2009,2009,2009,2009,2009,2009,2009,2009,2009,2009,2009,2010,2010,2010,2010,2010,2010,2010,2010,2010,2010,2010,2011,2011,2011,2011,2011,2011,2011,2011,2011,2011,2012,2012,2012,2012,2012,2012,2012,2012,2012,2012,2012,2012,2012,2012,2013,2013,2013,2013,2013,2013,2013,2013,2013,2013,2013,2013,2013,2013,2013,2014,2014,2014,2014,2014,2014,2015,2015,2015],"Y_PREVALENCE_1000PP":[1.29492,0.68014,1.08033,1.44131,0.55157,0.18786,0.57156,1.23526,0.32149,0.34539,1.8315,0.73943,1.57238,1.67699,0.62544,0.18259,1.28205,0.54717,1.83546,1.4032,0.32496,2.57021,0.71126,0.72823,1.28759,0.26254,2.13801,2.8626,2.54885,0.73595,0.50847,0.44235,0.57355,2.16624,1.04236,1.95013,0.87706,3.13022,1.25668,0.19087,3.84041,0.16648,0.689,4.48632,0.30888,1.044,1.72427,0.77919,1.97936,0.26437,0.8666,0.50161,2.26507,1.16699,0.21716,0.51951,0.54564,1.20536,0.55951,0.48288,1.4229,2.21803,2.96108,0.46625,0.955,1.51939,0.8912,0.51716,0.69348,0.70373,1.48091,0.50205,0.90678,1.2828,0.33921,1.4782,0.5149,1.24443]},"PREVALENCE_BY_MONTH":{"X_CALENDAR_MONTH":["200712","200801","200802","200803","200804","200805","200806","200808","200809","200810","200811","200812","200901","200902","200903","200904","200905","200906","200907","200908","200909","200910","200911","200912","201001","201002","201003","201004","201005","201006","201007","201008","201009","201010","201011","201012","201101","201102","201103","201104","201105","201106","201107","201108","201109","201110","201111","201112","201201","201202","201203","201204","201205","201206","201207","201208","201209","201210","201211","201212","201301","201302","201303","201304","201305","201306","201307","201308","201309","201310","201311","201312","201402","201403","201404","201405","201406","201407","201409","201410","201411","201412","201501","201502","201503","201504"],"Y_PREVALENCE_1000PP":[0.03629,0.04256,0.02938,0.03897,0.03884,0.04519,0.05794,0.02561,0.03186,0.07919,0.07914,0.05673,0.01885,0.04078,0.07492,0.05929,0.05913,0.04977,0.05295,0.02805,0.06845,0.08694,0.09626,0.07451,0.09005,0.09632,0.09591,0.08672,0.05581,0.06201,0.06523,0.08088,0.0904,0.05613,0.10003,0.03764,0.08806,0.04414,0.06294,0.05699,0.09206,0.07018,0.0738,0.06762,0.08093,0.07461,0.08139,0.0883,0.09511,0.12841,0.06265,0.07973,0.12679,0.08079,0.09835,0.0852,0.10304,0.12416,0.06945,0.09785,0.11236,0.07456,0.09295,0.07927,0.07637,0.05896,0.08559,0.06788,0.08404,0.08491,0.0629,0.03994,0.04144,0.03774,0.03431,0.05282,0.07259,0.07971,0.08582,0.07387,0.05091,0.08389,0.07831,0.0793,0.10444,0.10808]},"QUANTITY_DISTRIBUTION":{"CATEGORY":"Quantity","MIN_VALUE":0,"P10_VALUE":0,"P25_VALUE":0,"MEDIAN_VALUE":40,"P75_VALUE":60,"P90_VALUE":120,"MAX_VALUE":604},"REFILLS_DISTRIBUTION":{"CATEGORY":"Refills","MIN_VALUE":0,"P10_VALUE":0,"P25_VALUE":0,"MEDIAN_VALUE":0,"P75_VALUE":2,"P90_VALUE":5,"MAX_VALUE":9}}
