{"AGE_AT_FIRST_EXPOSURE":{"CATEGORY":["FEMALE","MALE"],"MIN_VALUE":[0,1],"P10_VALUE":[19,2],"P25_VALUE":[29,23],"MEDIAN_VALUE":[45,51],"P75_VALUE":[58,58],"P90_VALUE":[69,67],"MAX_VALUE":[82,83]},"DAYS_SUPPLY_DISTRIBUTION":{"CATEGORY":[],"MIN_VALUE":[],"P10_VALUE":[],"P25_VALUE":[],"MEDIAN_VALUE":[],"P75_VALUE":[],"P90_VALUE":[],"MAX_VALUE":[]},"DRUGS_BY_TYPE":{"CONCEPT_NAME":"Inpatient administration","COUNT_VALUE":449},"PREVALENCE_BY_GENDER_AGE_YEAR":{"TRELLIS_NAME":["60-69","40-49","60-69","50-59","50-59","40-49"],"SERIES_NAME":["FEMALE","FEMALE","FEMALE","FEMALE","MALE","FEMALE"],"X_CALENDAR_YEAR":[2006,2007,2007,2008,2008,2009],"Y_PREVALENCE_1000PP":[0.35218,0.3676,0.33017,0.31364,0.40367,0.25719]},"PREVALENCE_BY_MONTH":{"X_CALENDAR_MONTH":["200501","200503","200511","200602","200606","200704","200707","200708","200710","200711","200712","200801","200802","200809","200903","200909","201103"],"Y_PREVALENCE_1000PP":[0.03894,0.03224,0.02393,0.02313,0.02214,0.02064,0.03043,0.02018,0.0232,0.02314,0.0231,0.03274,0.02612,0.01911,0.02185,0.02178,0.02203]},"QUANTITY_DISTRIBUTION":{"CATEGORY":[],"MIN_VALUE":[],"P10_VALUE":[],"P25_VALUE":[],"MEDIAN_VALUE":[],"P75_VALUE":[],"P90_VALUE":[],"MAX_VALUE":[]},"REFILLS_DISTRIBUTION":{"CATEGORY":[],"MIN_VALUE":[],"P10_VALUE":[],"P25_VALUE":[],"MEDIAN_VALUE":[],"P75_VALUE":[],"P90_VALUE":[],"MAX_VALUE":[]}}
