{"AGE_AT_FIRST_EXPOSURE":{"CATEGORY":["FEMALE","MALE"],"MIN_VALUE":[17,19],"P10_VALUE":[50,45],"P25_VALUE":[58,54],"MEDIAN_VALUE":[66,63],"P75_VALUE":[77,72],"P90_VALUE":[84,79],"MAX_VALUE":[100,97]},"DAYS_SUPPLY_DISTRIBUTION":{"CATEGORY":[],"MIN_VALUE":[],"P10_VALUE":[],"P25_VALUE":[],"MEDIAN_VALUE":[],"P75_VALUE":[],"P90_VALUE":[],"MAX_VALUE":[]},"DRUGS_BY_TYPE":{"CONCEPT_NAME":"Inpatient administration","COUNT_VALUE":3745},"PREVALENCE_BY_GENDER_AGE_YEAR":{"TRELLIS_NAME":["70-79","50-59","70-79","40-49","40-49","50-59","90-99","80-89","80-89","60-69","60-69","50-59","70-79","40-49","50-59","40-49","70-79","80-89","80-89","60-69","90-99","60-69","80-89","60-69","60-69","90-99","80-89","40-49","50-59","70-79","50-59","70-79","40-49","60-69","60-69","80-89","50-59","40-49","50-59","70-79","40-49","70-79","80-89","30-39","70-79","40-49","60-69","70-79","40-49","50-59","50-59","60-69","80-89","90-99","80-89","50-59","40-49","50-59","40-49","70-79","60-69","70-79","80-89","60-69","80-89","60-69"],"SERIES_NAME":["MALE","FEMALE","FEMALE","MALE","FEMALE","MALE","FEMALE","FEMALE","MALE","MALE","FEMALE","FEMALE","MALE","FEMALE","MALE","MALE","FEMALE","FEMALE","MALE","MALE","FEMALE","FEMALE","MALE","MALE","FEMALE","FEMALE","FEMALE","FEMALE","FEMALE","FEMALE","MALE","MALE","MALE","MALE","FEMALE","FEMALE","MALE","FEMALE","FEMALE","FEMALE","MALE","MALE","MALE","FEMALE","MALE","MALE","FEMALE","FEMALE","FEMALE","FEMALE","MALE","MALE","FEMALE","FEMALE","MALE","FEMALE","MALE","MALE","FEMALE","FEMALE","FEMALE","MALE","MALE","MALE","FEMALE","FEMALE"],"X_CALENDAR_YEAR":[2004,2004,2004,2004,2004,2004,2004,2004,2004,2004,2004,2005,2005,2005,2005,2005,2005,2005,2005,2005,2005,2005,2006,2006,2006,2006,2006,2006,2006,2006,2006,2006,2006,2007,2007,2007,2007,2007,2007,2007,2007,2007,2007,2007,2008,2008,2008,2008,2008,2008,2008,2008,2008,2008,2008,2009,2009,2009,2009,2009,2009,2009,2009,2009,2009,2010],"Y_PREVALENCE_1000PP":[3.20513,1.56954,4.55,0.50835,1.01612,1.99568,6.52647,4.87805,2.98832,2.93505,4.0331,1.50762,2.9702,0.55663,1.23433,0.73613,2.72727,4.17595,1.51221,2.29604,4.25015,2.80065,1.14987,2.13632,2.41497,4.9505,3.4147,0.34196,1.26038,3.44947,1.5553,2.17335,0.94787,1.95874,2.83006,4.0251,1.49421,0.43443,2.01164,4.08382,0.71323,2.12124,1.42096,0.17123,1.73351,0.59546,3.60328,3.9495,0.32388,1.60307,1.05964,1.9433,4.04267,4.62725,1.50477,1.29892,0.32149,0.74012,0.25719,2.33674,2.45098,1.01634,0.96154,0.93018,2.15936,0.25153]},"PREVALENCE_BY_MONTH":{"X_CALENDAR_MONTH":["200401","200402","200403","200404","200405","200406","200407","200408","200409","200410","200411","200412","200501","200502","200503","200504","200505","200506","200507","200508","200509","200510","200511","200512","200601","200602","200603","200604","200605","200606","200607","200608","200609","200610","200611","200612","200701","200702","200703","200704","200705","200706","200707","200708","200709","200710","200711","200712","200801","200802","200803","200804","200805","200806","200807","200808","200809","200810","200811","200812","200901","200902","200903","200904","200905","200906","200907","200908","200909","200910","200911","200912","201001"],"Y_PREVALENCE_1000PP":[0.51616,0.3919,0.23675,0.18646,0.21876,0.1985,0.17949,0.15715,0.17731,0.19543,0.18725,0.15063,0.12169,0.16626,0.16581,0.13497,0.12307,0.12487,0.11881,0.0916,0.11075,0.09293,0.11564,0.08292,0.09722,0.0694,0.09485,0.09418,0.09298,0.11439,0.09541,0.13819,0.09031,0.12871,0.10659,0.13804,0.08063,0.09778,0.1278,0.07568,0.09547,0.10188,0.16905,0.16815,0.08705,0.20882,0.18509,0.16827,0.19316,0.1926,0.22409,0.15537,0.14524,0.12877,0.14418,0.10565,0.12425,0.12987,0.09814,0.11346,0.08168,0.13176,0.11237,0.10298,0.09024,0.09955,0.10902,0.09351,0.09334,0.11178,0.08384,0.09625,0.02795]},"QUANTITY_DISTRIBUTION":{"CATEGORY":[],"MIN_VALUE":[],"P10_VALUE":[],"P25_VALUE":[],"MEDIAN_VALUE":[],"P75_VALUE":[],"P90_VALUE":[],"MAX_VALUE":[]},"REFILLS_DISTRIBUTION":{"CATEGORY":[],"MIN_VALUE":[],"P10_VALUE":[],"P25_VALUE":[],"MEDIAN_VALUE":[],"P75_VALUE":[],"P90_VALUE":[],"MAX_VALUE":[]}}
