{"AGE_AT_FIRST_EXPOSURE":{"CATEGORY":["FEMALE","MALE"],"MIN_VALUE":[0,0],"P10_VALUE":[4,2],"P25_VALUE":[18,5],"MEDIAN_VALUE":[36,10],"P75_VALUE":[52,40],"P90_VALUE":[62,58],"MAX_VALUE":[87,84]},"DAYS_SUPPLY_DISTRIBUTION":{"CATEGORY":"Days supply","MIN_VALUE":0,"P10_VALUE":0,"P25_VALUE":0,"MEDIAN_VALUE":30,"P75_VALUE":30,"P90_VALUE":30,"MAX_VALUE":90},"DRUGS_BY_TYPE":{"CONCEPT_NAME":["Inpatient administration","Prescription written"],"COUNT_VALUE":[101,468]},"PREVALENCE_BY_GENDER_AGE_YEAR":{"TRELLIS_NAME":["0-9","0-9","0-9","0-9","10-19","0-9","0-9","0-9","40-49","40-49","20-29","40-49","0-9","50-59","30-39","20-29"],"SERIES_NAME":["MALE","MALE","MALE","FEMALE","MALE","MALE","MALE","FEMALE","FEMALE","FEMALE","FEMALE","FEMALE","MALE","FEMALE","FEMALE","FEMALE"],"X_CALENDAR_YEAR":[2006,2007,2008,2009,2009,2009,2010,2011,2011,2012,2013,2013,2014,2014,2014,2014],"Y_PREVALENCE_1000PP":[0.26599,0.21358,0.34446,0.2665,0.26774,0.40826,0.34201,0.27535,0.26991,0.25081,0.26503,0.23313,0.24791,0.46021,0.2453,0.23186]},"PREVALENCE_BY_MONTH":{"X_CALENDAR_MONTH":["200811","200904","200911","201003","201006","201008","201102","201105","201106","201109","201202","201206","201210","201212","201301","201302","201303","201310","201311","201401","201404","201405","201406","201409","201411","201504"],"Y_PREVALENCE_1000PP":[0.01899,0.02184,0.03105,0.01856,0.0248,0.01866,0.02207,0.01905,0.01914,0.01942,0.02634,0.02356,0.02069,0.02097,0.02107,0.0355,0.03218,0.02702,0.03538,0.03654,0.02573,0.03081,0.03176,0.03029,0.0396,0.0786]},"QUANTITY_DISTRIBUTION":{"CATEGORY":"Quantity","MIN_VALUE":0,"P10_VALUE":0,"P25_VALUE":0,"MEDIAN_VALUE":30,"P75_VALUE":120,"P90_VALUE":240,"MAX_VALUE":9000},"REFILLS_DISTRIBUTION":{"CATEGORY":"Refills","MIN_VALUE":0,"P10_VALUE":0,"P25_VALUE":0,"MEDIAN_VALUE":1,"P75_VALUE":5,"P90_VALUE":5,"MAX_VALUE":7}}
