{"AGE_AT_FIRST_EXPOSURE":{"CATEGORY":["MALE","FEMALE"],"MIN_VALUE":[10,12],"P10_VALUE":[19,19],"P25_VALUE":[31,30],"MEDIAN_VALUE":[50,49],"P75_VALUE":[65,66],"P90_VALUE":[77,76],"MAX_VALUE":[89,87]},"DAYS_SUPPLY_DISTRIBUTION":{"CATEGORY":"Days supply","MIN_VALUE":0,"P10_VALUE":0,"P25_VALUE":0,"MEDIAN_VALUE":28,"P75_VALUE":30,"P90_VALUE":56,"MAX_VALUE":56},"DRUGS_BY_TYPE":{"CONCEPT_NAME":"Prescription written","COUNT_VALUE":380},"PREVALENCE_BY_GENDER_AGE_YEAR":{"TRELLIS_NAME":["50-59","30-39","60-69","60-69","70-79","70-79","60-69","50-59"],"SERIES_NAME":["FEMALE","FEMALE","MALE","MALE","MALE","FEMALE","FEMALE","MALE"],"X_CALENDAR_YEAR":[2011,2011,2013,2014,2014,2014,2014,2015],"Y_PREVALENCE_1000PP":[0.24435,0.1636,0.32192,0.33921,0.70373,0.38632,0.31737,0.64697]},"PREVALENCE_BY_MONTH":{"X_CALENDAR_MONTH":["201002","201010","201104","201105","201108","201203","201208","201209","201210","201211","201304","201307","201310","201403","201405","201408","201409","201411","201412","201501","201502","201503"],"Y_PREVALENCE_1000PP":[0.01864,0.02806,0.02533,0.01905,0.02254,0.02968,0.02386,0.02748,0.02069,0.02083,0.02162,0.02233,0.03473,0.03774,0.04401,0.03896,0.03534,0.05091,0.05393,0.05221,0.04326,0.08034]},"QUANTITY_DISTRIBUTION":{"CATEGORY":"Quantity","MIN_VALUE":0,"P10_VALUE":0,"P25_VALUE":0,"MEDIAN_VALUE":30,"P75_VALUE":112,"P90_VALUE":120,"MAX_VALUE":336},"REFILLS_DISTRIBUTION":{"CATEGORY":"Refills","MIN_VALUE":0,"P10_VALUE":0,"P25_VALUE":0,"MEDIAN_VALUE":0,"P75_VALUE":1,"P90_VALUE":5,"MAX_VALUE":11}}
