{"AGE_AT_FIRST_EXPOSURE":{"CATEGORY":["MALE","FEMALE"],"MIN_VALUE":[18,3],"P10_VALUE":[30,26],"P25_VALUE":[40,36],"MEDIAN_VALUE":[52,48],"P75_VALUE":[62,66],"P90_VALUE":[74,74],"MAX_VALUE":[89,95]},"DAYS_SUPPLY_DISTRIBUTION":{"CATEGORY":"Days supply","MIN_VALUE":0,"P10_VALUE":0,"P25_VALUE":0,"MEDIAN_VALUE":0,"P75_VALUE":5,"P90_VALUE":30,"MAX_VALUE":30},"DRUGS_BY_TYPE":{"CONCEPT_NAME":["Inpatient administration","Prescription written"],"COUNT_VALUE":[528,35]},"PREVALENCE_BY_GENDER_AGE_YEAR":{"TRELLIS_NAME":["30-39","20-29","50-59","40-49","30-39","20-29","60-69","40-49","50-59","40-49","50-59","50-59","40-49"],"SERIES_NAME":["FEMALE","FEMALE","MALE","FEMALE","MALE","FEMALE","FEMALE","MALE","MALE","FEMALE","MALE","FEMALE","FEMALE"],"X_CALENDAR_YEAR":[2004,2004,2004,2004,2004,2005,2005,2005,2005,2005,2006,2007,2007],"Y_PREVALENCE_1000PP":[0.27726,0.2315,0.49892,0.64662,0.64875,0.18923,0.61614,0.60229,0.64965,0.25976,0.46083,0.21553,0.23393]},"PREVALENCE_BY_MONTH":{"X_CALENDAR_MONTH":["200401","200402","200406","200408","200409","200410","200411","200412","200506","200507","200508","200509","200510","200511","200601","200604","200606","200703","200704","200705","200710"],"Y_PREVALENCE_1000PP":[0.13897,0.07838,0.0616,0.0544,0.0572,0.04886,0.03641,0.03515,0.03875,0.02546,0.03331,0.03281,0.04444,0.02791,0.02333,0.0226,0.03321,0.02073,0.02408,0.02046,0.02983]},"QUANTITY_DISTRIBUTION":{"CATEGORY":"Quantity","MIN_VALUE":0,"P10_VALUE":0,"P25_VALUE":0,"MEDIAN_VALUE":0,"P75_VALUE":60,"P90_VALUE":180,"MAX_VALUE":360},"REFILLS_DISTRIBUTION":{"CATEGORY":"Refills","MIN_VALUE":0,"P10_VALUE":0,"P25_VALUE":0,"MEDIAN_VALUE":0,"P75_VALUE":0,"P90_VALUE":0,"MAX_VALUE":0}}
