{"AGE_AT_FIRST_EXPOSURE":{"CATEGORY":["FEMALE","MALE"],"MIN_VALUE":[0,0],"P10_VALUE":[0,0],"P25_VALUE":[15,5],"MEDIAN_VALUE":[53,51],"P75_VALUE":[71,68],"P90_VALUE":[84,79],"MAX_VALUE":[102,100]},"DAYS_SUPPLY_DISTRIBUTION":{"CATEGORY":"Days supply","MIN_VALUE":0,"P10_VALUE":0,"P25_VALUE":0,"MEDIAN_VALUE":0,"P75_VALUE":0,"P90_VALUE":1,"MAX_VALUE":30},"DRUGS_BY_TYPE":{"CONCEPT_NAME":["Inpatient administration","Prescription written"],"COUNT_VALUE":[2526,25]},"PREVALENCE_BY_GENDER_AGE_YEAR":{"TRELLIS_NAME":["80-89","60-69","60-69","50-59","70-79","0-9","40-49","50-59","70-79","70-79","0-9","50-59","70-79","60-69","0-9","0-9","0-9","60-69","0-9","70-79","0-9","60-69","40-49","70-79","0-9","0-9","80-89","60-69","80-89","50-59","0-9","0-9","70-79","30-39","70-79","0-9","70-79","0-9","60-69","80-89","80-89","30-39","30-39","50-59","40-49","50-59","20-29","60-69","80-89","20-29","0-9","60-69","0-9","70-79","40-49","40-49","50-59","70-79","70-79","50-59","40-49","0-9","10-19","0-9","30-39","60-69","60-69","80-89","90-99","20-29","80-89","20-29","60-69","40-49","50-59","10-19","0-9","70-79","50-59","70-79","0-9","10-19","60-69","80-89","90-99","50-59","0-9","0-9","60-69"],"SERIES_NAME":["FEMALE","MALE","FEMALE","FEMALE","MALE","MALE","MALE","MALE","FEMALE","FEMALE","FEMALE","MALE","MALE","MALE","MALE","MALE","FEMALE","MALE","FEMALE","MALE","MALE","MALE","FEMALE","FEMALE","FEMALE","MALE","MALE","MALE","FEMALE","MALE","FEMALE","MALE","MALE","FEMALE","FEMALE","MALE","MALE","FEMALE","MALE","MALE","FEMALE","FEMALE","MALE","MALE","FEMALE","FEMALE","FEMALE","MALE","FEMALE","MALE","MALE","FEMALE","FEMALE","MALE","MALE","FEMALE","FEMALE","FEMALE","MALE","MALE","MALE","FEMALE","FEMALE","MALE","FEMALE","MALE","FEMALE","FEMALE","FEMALE","MALE","MALE","FEMALE","MALE","FEMALE","FEMALE","FEMALE","FEMALE","MALE","MALE","FEMALE","MALE","MALE","FEMALE","FEMALE","FEMALE","MALE","MALE","FEMALE","MALE"],"X_CALENDAR_YEAR":[2005,2005,2005,2005,2005,2005,2005,2005,2005,2006,2006,2006,2006,2006,2006,2007,2007,2008,2008,2008,2008,2009,2009,2009,2009,2009,2010,2010,2010,2010,2010,2010,2010,2011,2011,2011,2011,2011,2011,2011,2011,2012,2012,2012,2012,2012,2012,2012,2012,2012,2012,2012,2012,2012,2012,2013,2013,2013,2013,2013,2013,2013,2013,2013,2013,2013,2013,2013,2013,2013,2013,2014,2014,2014,2014,2014,2014,2014,2014,2014,2014,2014,2014,2014,2014,2015,2015,2015,2015],"Y_PREVALENCE_1000PP":[0.83519,0.61228,0.39209,0.40746,0.86232,0.41384,0.53537,0.45475,0.68182,0.41394,0.25855,0.34562,0.7824,0.40056,0.26599,0.46275,0.32288,0.40009,0.42458,0.47278,0.41335,0.54717,0.1929,0.44209,0.76144,0.91859,0.92436,0.42054,0.63721,0.29129,0.62129,0.75242,0.53018,0.1636,0.55703,0.69689,0.74455,0.62938,0.51592,1.49276,0.83472,0.17625,0.43698,1.0705,0.35829,0.29175,0.19423,0.848,1.17346,0.46332,0.74813,0.5896,0.56196,1.34943,0.4795,0.27198,0.382,0.91163,1.3368,0.64014,0.45252,0.75805,0.27963,0.78519,0.34125,0.6975,0.81925,0.77631,2.96108,0.49108,1.35603,0.23186,1.18725,0.30976,0.71124,0.32373,0.69683,0.62554,0.58418,0.57949,1.19825,0.64607,0.86144,1.04956,3.05144,0.64697,0.65727,0.7472,0.85616]},"PREVALENCE_BY_MONTH":{"X_CALENDAR_MONTH":["200401","200404","200406","200410","200504","200505","200507","200508","200509","200510","200511","200512","200601","200603","200605","200606","200610","200612","200703","200708","200801","200803","200804","200809","200810","200812","200901","200902","200903","200904","200905","200906","200907","200908","200909","200910","200911","201001","201002","201003","201005","201006","201007","201008","201009","201010","201011","201012","201101","201102","201103","201104","201105","201106","201107","201108","201109","201110","201111","201112","201201","201202","201203","201204","201205","201206","201207","201208","201209","201210","201211","201212","201301","201302","201303","201304","201305","201306","201307","201308","201309","201310","201311","201312","201401","201402","201403","201404","201405","201406","201407","201408","201409","201410","201411","201412","201501","201502","201503","201504","201505"],"Y_PREVALENCE_1000PP":[0.11911,0.05085,0.04791,0.038,0.04499,0.02637,0.04668,0.0458,0.05743,0.03232,0.03589,0.04343,0.03111,0.02276,0.03347,0.02583,0.03218,0.02832,0.02073,0.02354,0.01964,0.03248,0.01942,0.03504,0.02534,0.02206,0.02827,0.02823,0.03121,0.02496,0.04045,0.02489,0.02492,0.02805,0.03423,0.03415,0.02174,0.03105,0.03729,0.01856,0.02791,0.0186,0.02174,0.03422,0.02806,0.02183,0.02813,0.03137,0.04403,0.02522,0.02517,0.019,0.02857,0.01914,0.0385,0.04508,0.05503,0.0519,0.0293,0.02943,0.02952,0.03622,0.03627,0.04651,0.04337,0.06396,0.0407,0.06134,0.05839,0.05863,0.06945,0.10833,0.05267,0.06391,0.06078,0.04684,0.08001,0.07738,0.1042,0.0528,0.04966,0.05017,0.05504,0.05991,0.08526,0.06216,0.06709,0.0772,0.06602,0.07712,0.07502,0.06332,0.07067,0.14245,0.10182,0.05992,0.07831,0.0793,0.13658,0.12773,0.20942]},"QUANTITY_DISTRIBUTION":{"CATEGORY":"Quantity","MIN_VALUE":0,"P10_VALUE":0,"P25_VALUE":0,"MEDIAN_VALUE":0,"P75_VALUE":1,"P90_VALUE":2,"MAX_VALUE":26},"REFILLS_DISTRIBUTION":{"CATEGORY":"Refills","MIN_VALUE":0,"P10_VALUE":0,"P25_VALUE":0,"MEDIAN_VALUE":0,"P75_VALUE":1,"P90_VALUE":5,"MAX_VALUE":5}}
