{"AGE_AT_FIRST_EXPOSURE":{"CATEGORY":["FEMALE","MALE"],"MIN_VALUE":[22,22],"P10_VALUE":[47,41],"P25_VALUE":[55,51],"MEDIAN_VALUE":[64,61],"P75_VALUE":[74,69],"P90_VALUE":[82,76],"MAX_VALUE":[98,93]},"DAYS_SUPPLY_DISTRIBUTION":{"CATEGORY":"Days supply","MIN_VALUE":0,"P10_VALUE":0,"P25_VALUE":30,"MEDIAN_VALUE":30,"P75_VALUE":30,"P90_VALUE":30,"MAX_VALUE":90},"DRUGS_BY_TYPE":{"CONCEPT_NAME":["Inpatient administration","Prescription written"],"COUNT_VALUE":[755,1616]},"PREVALENCE_BY_GENDER_AGE_YEAR":{"TRELLIS_NAME":["50-59","50-59","60-69","60-69","60-69","50-59","40-49","40-49","70-79","70-79","60-69","60-69","80-89","50-59","40-49","70-79","40-49","50-59","70-79","60-69","80-89","60-69","70-79","40-49","50-59","40-49","70-79","60-69","60-69","80-89","50-59","40-49","70-79","60-69","80-89","60-69","50-59","40-49","50-59","70-79","30-39","60-69","60-69","80-89","70-79","50-59","40-49","50-59","40-49","70-79","60-69","80-89","50-59","70-79","70-79","40-49","50-59","60-69","60-69","70-79","80-89","60-69","50-59","70-79","50-59"],"SERIES_NAME":["FEMALE","MALE","FEMALE","MALE","MALE","MALE","MALE","FEMALE","FEMALE","MALE","FEMALE","MALE","FEMALE","FEMALE","MALE","FEMALE","FEMALE","MALE","MALE","MALE","FEMALE","FEMALE","MALE","MALE","MALE","FEMALE","FEMALE","FEMALE","MALE","FEMALE","FEMALE","MALE","MALE","FEMALE","FEMALE","MALE","MALE","FEMALE","FEMALE","FEMALE","MALE","MALE","FEMALE","FEMALE","MALE","MALE","MALE","FEMALE","FEMALE","FEMALE","FEMALE","FEMALE","MALE","MALE","FEMALE","FEMALE","FEMALE","MALE","FEMALE","MALE","FEMALE","MALE","FEMALE","FEMALE","MALE"],"X_CALENDAR_YEAR":[2005,2006,2007,2007,2008,2009,2009,2009,2009,2009,2009,2009,2009,2010,2010,2010,2010,2010,2010,2010,2010,2010,2011,2011,2011,2011,2011,2011,2011,2011,2011,2012,2012,2012,2012,2012,2012,2012,2012,2012,2013,2013,2013,2013,2013,2013,2013,2013,2013,2013,2014,2014,2014,2014,2014,2014,2014,2014,2015,2015,2015,2015,2015,2015,2015],"Y_PREVALENCE_1000PP":[0.28523,0.46083,0.28301,0.61211,0.40009,0.29605,0.42866,0.25719,0.75786,0.46908,0.516,0.54717,0.64781,0.68449,0.37912,0.75226,0.19398,0.58258,0.7574,0.94622,0.84962,1.04804,1.19127,0.73446,0.54065,0.20243,0.92839,0.95432,1.28979,1.04341,0.76797,0.65931,1.04955,1.09497,1.28014,0.954,1.01952,0.25081,0.72937,1.71411,0.38964,1.18038,1.4229,1.44172,1.5596,1.17358,0.38787,0.764,0.50511,2.06637,1.17882,0.93294,0.6426,1.17288,1.86723,0.35401,0.71124,1.01764,1.12049,1.16732,1.10865,0.66591,0.5149,2.17775,0.7548]},"PREVALENCE_BY_MONTH":{"X_CALENDAR_MONTH":["200410","200601","200608","200702","200705","200712","200811","200812","200902","200903","200904","200905","200906","200907","200909","200910","200911","200912","201001","201002","201003","201004","201005","201006","201007","201008","201009","201010","201011","201012","201101","201102","201103","201104","201105","201106","201107","201108","201109","201110","201111","201112","201201","201202","201203","201204","201205","201206","201207","201208","201209","201210","201211","201212","201301","201302","201303","201304","201305","201306","201307","201308","201309","201310","201311","201312","201401","201402","201403","201404","201405","201406","201407","201408","201409","201410","201411","201412","201501","201502","201503","201504","201505"],"Y_PREVALENCE_1000PP":[0.03257,0.03111,0.02546,0.02445,0.02728,0.0198,0.02849,0.02206,0.01882,0.02185,0.02184,0.03423,0.03733,0.02803,0.03111,0.04347,0.04037,0.02173,0.08073,0.05904,0.0495,0.04646,0.03411,0.04341,0.05281,0.06844,0.05923,0.05301,0.06564,0.05333,0.05347,0.08827,0.06923,0.06649,0.06984,0.04466,0.06738,0.0483,0.0518,0.09407,0.0586,0.07195,0.06887,0.0461,0.08243,0.07641,0.1001,0.10772,0.078,0.07157,0.08243,0.07588,0.07639,0.06989,0.12289,0.08876,0.12155,0.09728,0.11274,0.12529,0.09304,0.11691,0.08787,0.15824,0.12187,0.09186,0.09338,0.09116,0.10063,0.13725,0.12324,0.0862,0.07971,0.11202,0.12115,0.12135,0.09617,0.11984,0.09137,0.19466,0.20889,0.21615,0.11169]},"QUANTITY_DISTRIBUTION":{"CATEGORY":"Quantity","MIN_VALUE":0,"P10_VALUE":0,"P25_VALUE":30,"MEDIAN_VALUE":30,"P75_VALUE":30,"P90_VALUE":30,"MAX_VALUE":180},"REFILLS_DISTRIBUTION":{"CATEGORY":"Refills","MIN_VALUE":0,"P10_VALUE":0,"P25_VALUE":0,"MEDIAN_VALUE":3,"P75_VALUE":5,"P90_VALUE":5,"MAX_VALUE":11}}
