{"AGE_AT_FIRST_EXPOSURE":{"CATEGORY":["FEMALE","MALE"],"MIN_VALUE":[0,0],"P10_VALUE":[2,1],"P25_VALUE":[3,2],"MEDIAN_VALUE":[9,6],"P75_VALUE":[18,11],"P90_VALUE":[58,21],"MAX_VALUE":[92,81]},"DAYS_SUPPLY_DISTRIBUTION":{"CATEGORY":"Days supply","MIN_VALUE":0,"P10_VALUE":0,"P25_VALUE":0,"MEDIAN_VALUE":7,"P75_VALUE":14,"P90_VALUE":30,"MAX_VALUE":145},"DRUGS_BY_TYPE":{"CONCEPT_NAME":"Prescription written","COUNT_VALUE":1470},"PREVALENCE_BY_GENDER_AGE_YEAR":{"TRELLIS_NAME":["0-9","0-9","0-9","10-19","10-19","20-29","10-19","0-9","10-19","0-9","60-69","60-69","0-9","0-9","10-19","10-19","30-39","0-9","10-19","0-9","10-19","10-19","10-19","0-9","60-69","0-9","10-19","0-9","10-19","0-9","20-29","10-19","0-9","60-69","10-19","0-9","10-19","10-19","0-9","0-9"],"SERIES_NAME":["MALE","MALE","FEMALE","FEMALE","MALE","FEMALE","FEMALE","FEMALE","MALE","MALE","FEMALE","FEMALE","FEMALE","MALE","MALE","FEMALE","FEMALE","MALE","MALE","FEMALE","FEMALE","FEMALE","MALE","FEMALE","FEMALE","MALE","MALE","MALE","FEMALE","FEMALE","FEMALE","FEMALE","FEMALE","FEMALE","MALE","MALE","FEMALE","MALE","MALE","FEMALE"],"X_CALENDAR_YEAR":[2007,2008,2008,2008,2008,2009,2009,2009,2009,2009,2009,2010,2010,2010,2010,2010,2011,2011,2011,2011,2011,2012,2012,2012,2012,2012,2013,2013,2013,2013,2013,2014,2014,2014,2014,2014,2015,2015,2015,2015],"Y_PREVALENCE_1000PP":[0.28477,1.34339,1.27374,0.53701,0.41025,0.1974,0.85718,1.59903,0.49085,1.53098,0.301,0.25153,1.82503,1.33383,0.72572,0.95841,0.1636,1.32409,0.64851,1.45543,0.94336,0.95636,0.75543,2.16754,0.2948,1.92376,0.96417,2.2808,0.83889,2.31628,0.20614,1.40283,1.90467,0.45339,0.99847,2.35518,2.00152,0.75758,1.38757,1.57742]},"PREVALENCE_BY_MONTH":{"X_CALENDAR_MONTH":["200712","200802","200803","200804","200805","200806","200807","200808","200809","200810","200811","200812","200901","200902","200903","200904","200905","200906","200907","200908","200909","200910","200911","200912","201001","201002","201003","201004","201005","201006","201007","201008","201009","201010","201011","201012","201101","201102","201103","201104","201105","201106","201107","201108","201109","201110","201111","201112","201201","201202","201203","201204","201205","201206","201207","201208","201209","201210","201211","201212","201301","201302","201303","201304","201305","201306","201307","201308","201309","201310","201311","201312","201401","201402","201403","201404","201405","201406","201407","201408","201409","201410","201411","201412","201501","201502","201503","201504","201505"],"Y_PREVALENCE_1000PP":[0.04619,0.03264,0.01949,0.02589,0.02259,0.05151,0.04165,0.03202,0.0446,0.03801,0.03799,0.03152,0.05969,0.03451,0.02809,0.04681,0.04668,0.03422,0.03738,0.05611,0.04356,0.05899,0.04347,0.05589,0.03416,0.03729,0.04331,0.07123,0.03721,0.05581,0.05281,0.028,0.03741,0.05301,0.05939,0.03451,0.03145,0.03468,0.04406,0.03483,0.05714,0.02871,0.03209,0.05474,0.04532,0.06812,0.06837,0.0327,0.0492,0.05268,0.06265,0.04319,0.06339,0.0606,0.06104,0.06134,0.05839,0.04139,0.07986,0.06989,0.0948,0.07811,0.0429,0.06486,0.06182,0.07001,0.09676,0.06788,0.05348,0.07333,0.0747,0.05991,0.07308,0.04558,0.08386,0.08149,0.06602,0.0499,0.11253,0.05845,0.11106,0.1108,0.09051,0.10786,0.13052,0.12256,0.16872,0.1965,0.12565]},"QUANTITY_DISTRIBUTION":{"CATEGORY":"Quantity","MIN_VALUE":0,"P10_VALUE":0,"P25_VALUE":1,"MEDIAN_VALUE":1,"P75_VALUE":14,"P90_VALUE":28,"MAX_VALUE":120},"REFILLS_DISTRIBUTION":{"CATEGORY":"Refills","MIN_VALUE":0,"P10_VALUE":0,"P25_VALUE":0,"MEDIAN_VALUE":1,"P75_VALUE":5,"P90_VALUE":5,"MAX_VALUE":12}}
