{"AGE_AT_FIRST_EXPOSURE":{"CATEGORY":["FEMALE","MALE"],"MIN_VALUE":[6,2],"P10_VALUE":[21,17],"P25_VALUE":[36,35],"MEDIAN_VALUE":[55,56],"P75_VALUE":[69,70],"P90_VALUE":[80,77],"MAX_VALUE":[96,93]},"DAYS_SUPPLY_DISTRIBUTION":{"CATEGORY":"Days supply","MIN_VALUE":0,"P10_VALUE":0,"P25_VALUE":0,"MEDIAN_VALUE":30,"P75_VALUE":30,"P90_VALUE":30,"MAX_VALUE":90},"DRUGS_BY_TYPE":{"CONCEPT_NAME":["Inpatient administration","Prescription written"],"COUNT_VALUE":[787,1054]},"PREVALENCE_BY_GENDER_AGE_YEAR":{"TRELLIS_NAME":["60-69","80-89","70-79","50-59","40-49","50-59","70-79","30-39","60-69","50-59","70-79","40-49","50-59","70-79","10-19","40-49","40-49","30-39","40-49","70-79","50-59","60-69","20-29","30-39","60-69","70-79","50-59","40-49","70-79","60-69","80-89","60-69","30-39","70-79","50-59","40-49","70-79","10-19","50-59","30-39","50-59","60-69","20-29","80-89","10-19","70-79","10-19","50-59","40-49","70-79","40-49","50-59","70-79","30-39","60-69","20-29","80-89","50-59","10-19","40-49","50-59","70-79","60-69","80-89","60-69","30-39","20-29","20-29","60-69","30-39","30-39","10-19","60-69","50-59","70-79","70-79","40-49","50-59","50-59","20-29","60-69"],"SERIES_NAME":["FEMALE","FEMALE","MALE","MALE","FEMALE","FEMALE","FEMALE","FEMALE","FEMALE","FEMALE","MALE","FEMALE","MALE","FEMALE","FEMALE","MALE","FEMALE","FEMALE","FEMALE","FEMALE","FEMALE","MALE","FEMALE","FEMALE","FEMALE","MALE","FEMALE","FEMALE","FEMALE","MALE","FEMALE","FEMALE","FEMALE","FEMALE","MALE","FEMALE","MALE","MALE","FEMALE","FEMALE","FEMALE","FEMALE","FEMALE","FEMALE","MALE","MALE","FEMALE","MALE","FEMALE","FEMALE","FEMALE","FEMALE","FEMALE","FEMALE","FEMALE","FEMALE","FEMALE","MALE","FEMALE","FEMALE","FEMALE","FEMALE","MALE","FEMALE","FEMALE","FEMALE","MALE","FEMALE","MALE","FEMALE","MALE","MALE","FEMALE","MALE","MALE","FEMALE","FEMALE","FEMALE","FEMALE","FEMALE","FEMALE"],"X_CALENDAR_YEAR":[2004,2004,2004,2004,2004,2004,2004,2005,2005,2005,2005,2005,2005,2005,2006,2006,2007,2008,2008,2008,2008,2009,2009,2009,2009,2009,2009,2009,2009,2010,2010,2010,2010,2010,2010,2010,2010,2010,2010,2011,2011,2011,2011,2011,2011,2011,2011,2011,2011,2011,2012,2012,2012,2012,2012,2012,2012,2013,2013,2013,2013,2013,2013,2013,2013,2013,2014,2014,2014,2014,2014,2014,2014,2014,2014,2014,2014,2014,2015,2015,2015],"Y_PREVALENCE_1000PP":[0.83443,1.17746,1.14469,0.58207,0.32331,0.45567,0.637,0.35645,0.33608,0.36672,0.57488,0.29687,0.38979,0.5303,0.31628,0.35545,0.23393,0.26837,0.35626,0.58271,0.69699,0.71132,0.14805,0.23475,0.559,0.54726,0.27346,0.45009,1.07364,0.73595,1.16822,0.88036,0.26254,1.50451,0.58258,0.29097,0.60592,0.36286,0.51336,0.21814,0.41889,1.16178,0.28767,1.25209,0.4169,0.74455,0.25728,0.34405,0.60729,1.17596,0.32247,0.76584,0.85706,0.17625,0.8844,0.22198,1.17346,0.53345,0.51265,0.34969,0.7258,0.66853,0.53654,0.66541,0.77613,0.34125,0.68276,0.43061,0.45228,0.49059,0.65198,0.5286,0.68009,0.6426,0.62554,1.35213,0.79653,0.96226,0.58845,0.56757,0.82169]},"PREVALENCE_BY_MONTH":{"X_CALENDAR_MONTH":["200401","200403","200404","200405","200406","200407","200408","200409","200410","200411","200412","200501","200502","200503","200504","200505","200507","200508","200509","200510","200511","200512","200604","200605","200610","200710","200712","200801","200802","200803","200804","200805","200807","200811","200901","200902","200903","200905","200906","200907","200909","200910","200911","200912","201001","201002","201003","201004","201005","201006","201007","201008","201009","201010","201011","201012","201101","201102","201103","201104","201105","201106","201107","201108","201109","201110","201111","201112","201201","201202","201203","201204","201205","201206","201207","201208","201209","201210","201211","201212","201301","201302","201303","201304","201305","201306","201307","201308","201309","201310","201311","201312","201401","201402","201403","201404","201405","201406","201407","201408","201409","201410","201411","201412","201501","201502","201503","201504","201505"],"Y_PREVALENCE_1000PP":[0.15882,0.08878,0.09323,0.09052,0.0616,0.04487,0.08462,0.04004,0.06514,0.05721,0.03515,0.02921,0.038,0.03224,0.03149,0.03077,0.02546,0.04996,0.03692,0.03636,0.02393,0.02369,0.02637,0.02975,0.0286,0.0232,0.02969,0.02946,0.03591,0.01949,0.01942,0.07101,0.02563,0.03166,0.02199,0.0251,0.02185,0.04668,0.028,0.0218,0.02178,0.05278,0.06211,0.04036,0.04037,0.03107,0.06497,0.08672,0.05892,0.04961,0.0466,0.04666,0.03741,0.03742,0.04064,0.05333,0.04089,0.02837,0.0472,0.05383,0.07937,0.07656,0.03209,0.05796,0.04856,0.05839,0.03907,0.03597,0.02952,0.03293,0.04946,0.07641,0.0367,0.0505,0.0407,0.03408,0.03091,0.05518,0.03472,0.02097,0.02107,0.03195,0.06078,0.05405,0.09092,0.05527,0.04466,0.05657,0.05348,0.03859,0.05111,0.05591,0.04466,0.04558,0.0587,0.0772,0.14084,0.0862,0.07971,0.09741,0.11106,0.12663,0.07354,0.10186,0.07831,0.08651,0.14461,0.16703,0.20942]},"QUANTITY_DISTRIBUTION":{"CATEGORY":"Quantity","MIN_VALUE":0,"P10_VALUE":0,"P25_VALUE":0,"MEDIAN_VALUE":30,"P75_VALUE":60,"P90_VALUE":60,"MAX_VALUE":2400},"REFILLS_DISTRIBUTION":{"CATEGORY":"Refills","MIN_VALUE":0,"P10_VALUE":0,"P25_VALUE":0,"MEDIAN_VALUE":1,"P75_VALUE":5,"P90_VALUE":5,"MAX_VALUE":11}}
