{"AGE_AT_FIRST_EXPOSURE":{"CATEGORY":["FEMALE","MALE"],"MIN_VALUE":[4,13],"P10_VALUE":[29,34],"P25_VALUE":[46,49],"MEDIAN_VALUE":[57,58],"P75_VALUE":[68,68],"P90_VALUE":[78,77],"MAX_VALUE":[94,91]},"DAYS_SUPPLY_DISTRIBUTION":{"CATEGORY":"Days supply","MIN_VALUE":0,"P10_VALUE":0,"P25_VALUE":0,"MEDIAN_VALUE":0,"P75_VALUE":30,"P90_VALUE":30,"MAX_VALUE":90},"DRUGS_BY_TYPE":{"CONCEPT_NAME":["Inpatient administration","Prescription written"],"COUNT_VALUE":[10,1245]},"PREVALENCE_BY_GENDER_AGE_YEAR":{"TRELLIS_NAME":["40-49","50-59","50-59","60-69","60-69","60-69","20-29","30-39","70-79","40-49","50-59","50-59","60-69","70-79","40-49","30-39","30-39","60-69","80-89","20-29","80-89","70-79","10-19","60-69","40-49","50-59","40-49","70-79","50-59","60-69","80-89","60-69","80-89","50-59","70-79","40-49","50-59","70-79","50-59","30-39","40-49","50-59","40-49","70-79","70-79","60-69","60-69","80-89","50-59","70-79","50-59","60-69","80-89","40-49","60-69","50-59","40-49","70-79","50-59","70-79","20-29","60-69","60-69","60-69","70-79","50-59","60-69","50-59","60-69","70-79","60-69"],"SERIES_NAME":["FEMALE","FEMALE","MALE","FEMALE","MALE","MALE","FEMALE","MALE","FEMALE","FEMALE","FEMALE","MALE","FEMALE","MALE","MALE","MALE","FEMALE","MALE","MALE","FEMALE","FEMALE","MALE","MALE","FEMALE","MALE","MALE","FEMALE","FEMALE","FEMALE","FEMALE","MALE","MALE","FEMALE","FEMALE","FEMALE","FEMALE","MALE","MALE","FEMALE","FEMALE","MALE","MALE","FEMALE","FEMALE","MALE","FEMALE","MALE","FEMALE","MALE","FEMALE","FEMALE","MALE","MALE","MALE","FEMALE","FEMALE","FEMALE","FEMALE","MALE","MALE","MALE","MALE","FEMALE","MALE","FEMALE","FEMALE","FEMALE","FEMALE","FEMALE","MALE","MALE"],"X_CALENDAR_YEAR":[2007,2007,2007,2007,2007,2008,2008,2008,2008,2008,2008,2008,2008,2008,2008,2009,2009,2009,2009,2009,2009,2009,2009,2009,2009,2009,2009,2009,2009,2010,2010,2010,2010,2010,2010,2010,2010,2010,2011,2011,2011,2011,2011,2011,2011,2011,2011,2011,2012,2012,2012,2012,2012,2012,2012,2013,2013,2013,2013,2013,2013,2013,2013,2014,2014,2014,2014,2015,2015,2015,2015],"Y_PREVALENCE_1000PP":[0.30076,0.25145,0.42692,0.47168,0.48969,1.65752,0.17984,0.42628,0.77695,0.58298,1.11518,1.61469,1.03594,1.33953,0.812,0.3556,0.28692,1.3132,1.28205,0.2961,0.86374,1.71996,0.26774,1.03199,0.69657,1.28287,0.48224,1.38942,1.12801,0.71267,0.92436,1.05136,1.06202,0.54759,1.12839,0.25864,1.26226,1.13611,0.62834,0.1636,0.45198,0.5898,0.47233,0.68082,0.89346,0.95432,0.82547,0.83472,0.61171,0.42853,0.40115,0.53,0.89485,0.4795,0.2948,0.3056,0.31084,0.36465,0.42676,0.51987,0.32739,0.59019,0.43118,0.62189,0.5151,0.37654,0.49873,0.58845,0.4482,0.77821,0.57078]},"PREVALENCE_BY_MONTH":{"X_CALENDAR_MONTH":["200711","200712","200801","200802","200803","200804","200805","200806","200807","200808","200809","200810","200811","200901","200902","200903","200904","200905","200906","200907","200908","200909","200910","200911","200912","201001","201002","201003","201004","201005","201006","201007","201008","201009","201010","201011","201101","201102","201103","201104","201105","201106","201107","201108","201109","201110","201111","201112","201201","201202","201203","201204","201206","201207","201208","201209","201210","201211","201301","201302","201303","201305","201307","201308","201309","201311","201312","201401","201402","201405","201407","201408","201412","201502","201503","201504"],"Y_PREVALENCE_1000PP":[0.08924,0.09898,0.09822,0.06202,0.04547,0.04855,0.04196,0.06116,0.06728,0.07684,0.04779,0.07919,0.08231,0.07854,0.08156,0.03746,0.05617,0.06224,0.07155,0.09033,0.08105,0.05601,0.08383,0.07142,0.03105,0.08384,0.07147,0.0526,0.02478,0.04651,0.03411,0.02174,0.028,0.05923,0.04989,0.05939,0.05347,0.04729,0.05664,0.05383,0.03492,0.05742,0.04813,0.06118,0.04208,0.03244,0.02279,0.02289,0.02296,0.02963,0.03957,0.0299,0.0202,0.05426,0.0443,0.03091,0.03449,0.02431,0.02458,0.02485,0.0286,0.04,0.0521,0.03771,0.02292,0.03538,0.03594,0.04466,0.02486,0.03081,0.05157,0.04383,0.05992,0.08651,0.13658,0.13755]},"QUANTITY_DISTRIBUTION":{"CATEGORY":"Quantity","MIN_VALUE":0,"P10_VALUE":1,"P25_VALUE":1,"MEDIAN_VALUE":1,"P75_VALUE":30,"P90_VALUE":60,"MAX_VALUE":3600},"REFILLS_DISTRIBUTION":{"CATEGORY":"Refills","MIN_VALUE":0,"P10_VALUE":0,"P25_VALUE":0,"MEDIAN_VALUE":5,"P75_VALUE":5,"P90_VALUE":5,"MAX_VALUE":11}}
