{"AGE_AT_FIRST_EXPOSURE":{"CATEGORY":["MALE","FEMALE"],"MIN_VALUE":[19,16],"P10_VALUE":[35,35],"P25_VALUE":[46,47],"MEDIAN_VALUE":[59,58],"P75_VALUE":[72,72],"P90_VALUE":[80,83],"MAX_VALUE":[93,99]},"DAYS_SUPPLY_DISTRIBUTION":{"CATEGORY":"Days supply","MIN_VALUE":0,"P10_VALUE":0,"P25_VALUE":0,"MEDIAN_VALUE":0,"P75_VALUE":30,"P90_VALUE":30,"MAX_VALUE":30},"DRUGS_BY_TYPE":{"CONCEPT_NAME":["Prescription written","Inpatient administration"],"COUNT_VALUE":[277,146]},"PREVALENCE_BY_GENDER_AGE_YEAR":{"TRELLIS_NAME":["50-59","50-59","60-69","50-59","50-59","50-59","40-49","60-69","60-69","70-79","60-69"],"SERIES_NAME":["FEMALE","FEMALE","FEMALE","FEMALE","FEMALE","MALE","FEMALE","FEMALE","FEMALE","MALE","MALE"],"X_CALENDAR_YEAR":[2008,2009,2010,2010,2011,2011,2011,2011,2012,2014,2014],"Y_PREVALENCE_1000PP":[0.24394,0.20509,0.25153,0.27379,0.48871,0.2949,0.23617,0.33194,0.37903,0.46915,0.33921]},"PREVALENCE_BY_MONTH":{"X_CALENDAR_MONTH":["200805","200811","200909","200911","201005","201104","201105","201107","201110","201111","201201","201206","201207","201412"],"Y_PREVALENCE_1000PP":[0.02259,0.02216,0.028,0.02174,0.02481,0.019,0.01905,0.02246,0.02271,0.03256,0.01968,0.0202,0.02035,0.03595]},"QUANTITY_DISTRIBUTION":{"CATEGORY":"Quantity","MIN_VALUE":0,"P10_VALUE":0,"P25_VALUE":0,"MEDIAN_VALUE":0,"P75_VALUE":30,"P90_VALUE":30,"MAX_VALUE":150},"REFILLS_DISTRIBUTION":{"CATEGORY":"Refills","MIN_VALUE":0,"P10_VALUE":0,"P25_VALUE":0,"MEDIAN_VALUE":0,"P75_VALUE":0,"P90_VALUE":3,"MAX_VALUE":6}}
