{"AGE_AT_FIRST_EXPOSURE":{"CATEGORY":["FEMALE","MALE"],"MIN_VALUE":[0,1],"P10_VALUE":[31,30],"P25_VALUE":[51,53],"MEDIAN_VALUE":[63,64],"P75_VALUE":[73,73],"P90_VALUE":[79,79],"MAX_VALUE":[92,90]},"DAYS_SUPPLY_DISTRIBUTION":{"CATEGORY":[],"MIN_VALUE":[],"P10_VALUE":[],"P25_VALUE":[],"MEDIAN_VALUE":[],"P75_VALUE":[],"P90_VALUE":[],"MAX_VALUE":[]},"DRUGS_BY_TYPE":{"CONCEPT_NAME":"Inpatient administration","COUNT_VALUE":1646},"PREVALENCE_BY_GENDER_AGE_YEAR":{"TRELLIS_NAME":["40-49","50-59","70-79","50-59","10-19","70-79","10-19","60-69","80-89","60-69","80-89","50-59","40-49","50-59","40-49","70-79","70-79","10-19","80-89","60-69","80-89","60-69","60-69","80-89","60-69","80-89","30-39","40-49","50-59","50-59","40-49","70-79","70-79","60-69","60-69","80-89","40-49","70-79","50-59","50-59","70-79","80-89","30-39","30-39","50-59","40-49","70-79","50-59","70-79","60-69","30-39","60-69","80-89","80-89","50-59","50-59","40-49","70-79","60-69","70-79","30-39","60-69","80-89","80-89","50-59","70-79","50-59","40-49","70-79","60-69","60-69"],"SERIES_NAME":["FEMALE","FEMALE","FEMALE","MALE","MALE","MALE","FEMALE","FEMALE","FEMALE","MALE","MALE","FEMALE","FEMALE","MALE","MALE","FEMALE","MALE","MALE","FEMALE","MALE","MALE","FEMALE","MALE","MALE","FEMALE","FEMALE","MALE","FEMALE","FEMALE","MALE","MALE","FEMALE","MALE","MALE","FEMALE","FEMALE","MALE","MALE","MALE","FEMALE","FEMALE","MALE","FEMALE","MALE","FEMALE","FEMALE","FEMALE","MALE","MALE","FEMALE","FEMALE","MALE","FEMALE","MALE","FEMALE","MALE","MALE","FEMALE","FEMALE","MALE","FEMALE","MALE","MALE","FEMALE","FEMALE","FEMALE","MALE","FEMALE","MALE","MALE","FEMALE"],"X_CALENDAR_YEAR":[2004,2004,2004,2004,2004,2004,2004,2004,2004,2004,2004,2005,2005,2005,2005,2005,2005,2005,2005,2005,2005,2005,2006,2006,2006,2006,2006,2006,2006,2006,2006,2006,2006,2007,2007,2007,2007,2007,2007,2007,2007,2007,2007,2007,2008,2008,2008,2008,2008,2008,2008,2008,2008,2008,2009,2009,2009,2009,2009,2009,2009,2009,2009,2009,2010,2010,2010,2010,2010,2010,2010],"Y_PREVALENCE_1000PP":[0.69281,0.55693,1.274,1.08099,0.49116,2.40385,0.48594,1.7384,1.51388,1.89358,1.62999,0.73344,0.33398,0.84454,0.46845,1.51515,2.49114,0.34276,1.11359,2.37257,2.16029,1.2883,1.3352,2.87466,1.20749,0.75882,0.40808,0.37616,0.7414,0.86406,0.41469,1.86271,3.47735,1.95874,1.4622,0.94708,0.43891,1.87648,1.06729,0.46699,2.07538,1.59858,0.17123,0.43956,0.41819,0.38865,1.23017,0.80735,2.36388,1.12602,0.18786,1.20027,1.01067,1.67196,0.376,0.69078,0.32149,1.76835,1.41899,1.5636,0.18259,1.69621,1.60256,0.86374,0.20535,0.94032,0.33984,0.19398,0.68166,0.47311,0.33537]},"PREVALENCE_BY_MONTH":{"X_CALENDAR_MONTH":["200401","200402","200403","200404","200405","200406","200407","200408","200409","200410","200411","200412","200501","200502","200503","200504","200505","200506","200507","200508","200509","200510","200511","200512","200601","200602","200603","200604","200605","200606","200607","200608","200609","200610","200611","200612","200701","200702","200703","200704","200705","200706","200707","200708","200709","200710","200711","200712","200801","200802","200803","200804","200805","200806","200807","200808","200809","200810","200811","200812","200901","200902","200903","200904","200905","200906","200907","200908","200909","200910","200911","200912","201001","201002","201003","201004","201005"],"Y_PREVALENCE_1000PP":[0.21838,0.07838,0.17756,0.19493,0.12069,0.13005,0.07692,0.06648,0.06292,0.13028,0.07802,0.07532,0.10222,0.03325,0.09211,0.11248,0.04835,0.10764,0.06365,0.07911,0.04512,0.08081,0.03988,0.06317,0.04667,0.06169,0.05691,0.09795,0.07438,0.07011,0.06238,0.04727,0.07225,0.10011,0.0533,0.04247,0.08063,0.05587,0.07254,0.03784,0.08183,0.07471,0.05072,0.05717,0.05692,0.04972,0.05949,0.03299,0.05238,0.05549,0.0682,0.05826,0.04519,0.02575,0.02884,0.05443,0.05416,0.06335,0.03166,0.05358,0.06597,0.06274,0.04682,0.04369,0.06535,0.04977,0.04672,0.03429,0.03734,0.04968,0.02795,0.03415,0.04347,0.04661,0.0495,0.02787,0.05271]},"QUANTITY_DISTRIBUTION":{"CATEGORY":[],"MIN_VALUE":[],"P10_VALUE":[],"P25_VALUE":[],"MEDIAN_VALUE":[],"P75_VALUE":[],"P90_VALUE":[],"MAX_VALUE":[]},"REFILLS_DISTRIBUTION":{"CATEGORY":[],"MIN_VALUE":[],"P10_VALUE":[],"P25_VALUE":[],"MEDIAN_VALUE":[],"P75_VALUE":[],"P90_VALUE":[],"MAX_VALUE":[]}}
