{"AGE_AT_FIRST_EXPOSURE":{"CATEGORY":["MALE","FEMALE"],"MIN_VALUE":[0,0],"P10_VALUE":[2,1],"P25_VALUE":[9,12],"MEDIAN_VALUE":[31,43],"P75_VALUE":[63,60],"P90_VALUE":[76,72],"MAX_VALUE":[95,101]},"DAYS_SUPPLY_DISTRIBUTION":{"CATEGORY":"Days supply","MIN_VALUE":0,"P10_VALUE":0,"P25_VALUE":0,"MEDIAN_VALUE":7,"P75_VALUE":30,"P90_VALUE":30,"MAX_VALUE":90},"DRUGS_BY_TYPE":{"CONCEPT_NAME":["Prescription written","Inpatient administration"],"COUNT_VALUE":[883,2478]},"PREVALENCE_BY_GENDER_AGE_YEAR":{"TRELLIS_NAME":["10-19","10-19","0-9","0-9","0-9","10-19","0-9","10-19","0-9","0-9","10-19","10-19","0-9","0-9","10-19","50-59","10-19","50-59","10-19","0-9","0-9","70-79","10-19","60-69","60-69","10-19","70-79","10-19","0-9","60-69","20-29","60-69","0-9","10-19","40-49","10-19","0-9","40-49","50-59","0-9","10-19","60-69","0-9","40-49","50-59","20-29","60-69","20-29","0-9"],"SERIES_NAME":["FEMALE","MALE","MALE","FEMALE","MALE","FEMALE","FEMALE","MALE","FEMALE","MALE","MALE","FEMALE","FEMALE","MALE","MALE","MALE","FEMALE","FEMALE","FEMALE","MALE","FEMALE","MALE","MALE","MALE","FEMALE","FEMALE","MALE","MALE","MALE","FEMALE","FEMALE","MALE","MALE","MALE","MALE","FEMALE","FEMALE","FEMALE","FEMALE","MALE","MALE","FEMALE","FEMALE","FEMALE","FEMALE","FEMALE","MALE","MALE","MALE"],"X_CALENDAR_YEAR":[2006,2007,2007,2007,2008,2008,2008,2008,2009,2009,2009,2009,2010,2010,2010,2010,2010,2011,2011,2011,2011,2011,2011,2011,2011,2012,2012,2012,2012,2012,2012,2012,2013,2013,2013,2013,2013,2013,2013,2014,2014,2014,2014,2014,2014,2014,2014,2014,2015],"Y_PREVALENCE_1000PP":[0.40665,0.28259,0.28477,0.24216,0.24112,0.24785,0.27019,0.45583,0.34265,0.20413,0.5801,0.28573,0.3883,0.54721,0.63501,0.29129,0.25002,0.20945,0.34304,0.55751,0.5507,0.74455,0.50954,0.41273,0.29044,0.39124,0.67471,0.51936,0.32063,0.25268,0.19423,0.318,0.41129,0.50746,0.38787,0.41944,0.46326,0.31084,0.2674,0.61978,0.76354,0.36271,0.27873,0.30976,0.37654,0.19874,0.33921,0.43449,0.43818]},"PREVALENCE_BY_MONTH":{"X_CALENDAR_MONTH":["200606","200610","200612","200702","200706","200708","200709","200710","200711","200712","200801","200802","200803","200805","200806","200807","200808","200809","200810","200811","200812","200901","200902","200903","200904","200905","200908","200909","200910","200911","200912","201001","201002","201003","201004","201005","201006","201007","201008","201009","201010","201011","201012","201101","201102","201103","201104","201105","201106","201107","201108","201109","201110","201111","201112","201201","201202","201203","201204","201205","201206","201207","201208","201209","201210","201211","201212","201301","201302","201303","201304","201305","201306","201307","201308","201309","201310","201311","201312","201401","201402","201403","201404","201405","201406","201407","201408","201409","201410","201411","201412","201501","201502","201503","201504","201505"],"Y_PREVALENCE_1000PP":[0.02583,0.02145,0.02124,0.02095,0.02038,0.0269,0.02678,0.01989,0.01983,0.03629,0.03929,0.03264,0.02598,0.02582,0.01931,0.03524,0.02561,0.0223,0.04118,0.02849,0.02206,0.02827,0.02823,0.02497,0.02496,0.02178,0.0187,0.02489,0.02794,0.03726,0.04036,0.04347,0.03107,0.02475,0.04955,0.04341,0.05891,0.0497,0.05599,0.04052,0.03118,0.05314,0.05019,0.05347,0.02837,0.02832,0.02533,0.03492,0.05104,0.05776,0.05152,0.03237,0.0519,0.03581,0.05233,0.03608,0.04939,0.03297,0.03654,0.04671,0.0505,0.04748,0.04771,0.04809,0.04828,0.04167,0.04892,0.03862,0.06036,0.0572,0.02883,0.04364,0.0737,0.03721,0.06034,0.06494,0.05403,0.03931,0.04792,0.0812,0.02901,0.05031,0.05147,0.06162,0.03629,0.05626,0.05845,0.09591,0.07914,0.08485,0.06591,0.09137,0.10093,0.08838,0.10808,0.12565]},"QUANTITY_DISTRIBUTION":{"CATEGORY":"Quantity","MIN_VALUE":0,"P10_VALUE":0,"P25_VALUE":0,"MEDIAN_VALUE":30,"P75_VALUE":90,"P90_VALUE":120,"MAX_VALUE":675},"REFILLS_DISTRIBUTION":{"CATEGORY":"Refills","MIN_VALUE":0,"P10_VALUE":0,"P25_VALUE":0,"MEDIAN_VALUE":0,"P75_VALUE":3,"P90_VALUE":5,"MAX_VALUE":11}}
