{"AGE_AT_FIRST_EXPOSURE":{"CATEGORY":["MALE","FEMALE"],"MIN_VALUE":[31,35],"P10_VALUE":[49,51],"P25_VALUE":[56,60],"MEDIAN_VALUE":[64,69],"P75_VALUE":[73,78],"P90_VALUE":[79,84],"MAX_VALUE":[84,94]},"DAYS_SUPPLY_DISTRIBUTION":{"CATEGORY":"Days supply","MIN_VALUE":0,"P10_VALUE":0,"P25_VALUE":0,"MEDIAN_VALUE":30,"P75_VALUE":30,"P90_VALUE":30,"MAX_VALUE":90},"DRUGS_BY_TYPE":{"CONCEPT_NAME":"Prescription written","COUNT_VALUE":359},"PREVALENCE_BY_GENDER_AGE_YEAR":{"TRELLIS_NAME":["60-69","60-69","50-59","70-79","50-59","50-59","50-59","70-79","70-79","60-69","60-69","50-59","70-79","60-69","70-79","70-79","60-69","80-89","80-89","70-79","70-79"],"SERIES_NAME":["FEMALE","MALE","FEMALE","MALE","MALE","FEMALE","MALE","FEMALE","MALE","FEMALE","MALE","MALE","FEMALE","MALE","MALE","FEMALE","MALE","FEMALE","FEMALE","MALE","FEMALE"],"X_CALENDAR_YEAR":[2010,2010,2010,2010,2010,2011,2011,2011,2011,2011,2011,2012,2012,2012,2013,2013,2013,2013,2014,2014,2014],"Y_PREVALENCE_1000PP":[0.3773,0.47311,0.20535,0.7574,0.43694,0.20945,0.4915,0.55703,0.52118,0.41492,0.67069,0.50976,0.55096,0.583,0.4456,0.36465,0.32192,0.66541,0.81633,0.70373,0.45071]},"PREVALENCE_BY_MONTH":{"X_CALENDAR_MONTH":["200910","201001","201002","201009","201010","201101","201103","201104","201107","201108","201109","201110","201111","201112","201203","201205","201206","201207","201209","201212","201301","201303","201310","201401","201403","201408"],"Y_PREVALENCE_1000PP":[0.01863,0.02484,0.02175,0.02182,0.02183,0.02202,0.01888,0.0285,0.02246,0.01932,0.02266,0.02271,0.0293,0.02616,0.01978,0.02002,0.0303,0.02035,0.02748,0.02446,0.0316,0.02503,0.02702,0.02436,0.02516,0.02922]},"QUANTITY_DISTRIBUTION":{"CATEGORY":"Quantity","MIN_VALUE":0,"P10_VALUE":0,"P25_VALUE":0,"MEDIAN_VALUE":30,"P75_VALUE":30,"P90_VALUE":30,"MAX_VALUE":90},"REFILLS_DISTRIBUTION":{"CATEGORY":"Refills","MIN_VALUE":0,"P10_VALUE":0,"P25_VALUE":0,"MEDIAN_VALUE":0,"P75_VALUE":0,"P90_VALUE":5,"MAX_VALUE":11}}
