{"AGE_AT_FIRST_EXPOSURE":{"CATEGORY":["FEMALE","MALE"],"MIN_VALUE":[0,0],"P10_VALUE":[3,6],"P25_VALUE":[12,15],"MEDIAN_VALUE":[19,23],"P75_VALUE":[41,35],"P90_VALUE":[62,55],"MAX_VALUE":[95,89]},"DAYS_SUPPLY_DISTRIBUTION":{"CATEGORY":"Days supply","MIN_VALUE":0,"P10_VALUE":0,"P25_VALUE":0,"MEDIAN_VALUE":5,"P75_VALUE":10,"P90_VALUE":30,"MAX_VALUE":90},"DRUGS_BY_TYPE":{"CONCEPT_NAME":["Inpatient administration","Prescription written"],"COUNT_VALUE":[514,729]},"PREVALENCE_BY_GENDER_AGE_YEAR":{"TRELLIS_NAME":["50-59","30-39","40-49","40-49","0-9","40-49","50-59","10-19","30-39","20-29","0-9","0-9","10-19","50-59","40-49","50-59","30-39","60-69","40-49","10-19","40-49","0-9","0-9","10-19","20-29","30-39","0-9","10-19","10-19","20-29","10-19","10-19","0-9","20-29","20-29","20-29","10-19","10-19","30-39","20-29","30-39","10-19","10-19","10-19","0-9","10-19","20-29","30-39","20-29","30-39"],"SERIES_NAME":["MALE","MALE","FEMALE","MALE","MALE","FEMALE","MALE","FEMALE","FEMALE","FEMALE","MALE","FEMALE","MALE","FEMALE","FEMALE","MALE","FEMALE","MALE","MALE","FEMALE","FEMALE","FEMALE","MALE","MALE","MALE","MALE","MALE","MALE","FEMALE","MALE","FEMALE","MALE","FEMALE","MALE","MALE","FEMALE","FEMALE","MALE","MALE","MALE","MALE","MALE","FEMALE","FEMALE","MALE","MALE","MALE","MALE","MALE","MALE"],"X_CALENDAR_YEAR":[2004,2004,2006,2006,2007,2007,2007,2007,2007,2007,2008,2008,2008,2008,2008,2008,2008,2008,2009,2009,2009,2009,2009,2009,2009,2010,2010,2010,2010,2010,2011,2011,2011,2011,2012,2012,2012,2012,2012,2013,2013,2013,2013,2014,2014,2014,2014,2014,2015,2015],"Y_PREVALENCE_1000PP":[0.58207,0.55607,0.20518,0.41469,0.28477,0.26734,0.37355,0.50955,0.25685,0.1902,0.75781,0.50178,0.68375,0.24394,0.22671,0.35321,0.16102,0.34294,0.37507,0.57145,0.1929,0.34265,0.51033,0.62472,0.4593,0.35298,0.27361,0.72572,0.4167,0.6025,0.6432,0.32425,0.4327,0.30193,1.13256,0.16648,0.91288,1.69972,0.43698,1.80062,0.77927,1.11641,1.44475,1.29492,0.33055,1.87948,2.2345,0.65198,1.15001,1.02745]},"PREVALENCE_BY_MONTH":{"X_CALENDAR_MONTH":["200405","200408","200501","200511","200606","200612","200704","200705","200707","200710","200711","200712","200801","200802","200803","200804","200805","200806","200807","200808","200809","200810","200811","200812","200901","200902","200903","200904","200905","200906","200907","200908","200909","200910","200911","201001","201003","201004","201005","201009","201010","201011","201101","201103","201106","201109","201201","201202","201203","201204","201207","201208","201209","201210","201211","201212","201301","201302","201303","201304","201305","201306","201307","201308","201309","201310","201401","201403","201404","201405","201406","201407","201408","201409","201410","201411","201412","201501","201502","201504"],"Y_PREVALENCE_1000PP":[0.04526,0.03626,0.03407,0.02791,0.03321,0.02478,0.02064,0.02387,0.02367,0.03315,0.05949,0.07589,0.05893,0.02938,0.02273,0.02913,0.05164,0.02575,0.03524,0.01921,0.03186,0.06335,0.02533,0.02837,0.02827,0.01882,0.03746,0.02808,0.03423,0.05288,0.03426,0.04052,0.01867,0.02484,0.01863,0.01863,0.02475,0.01858,0.0186,0.03429,0.0343,0.02813,0.02831,0.02832,0.03828,0.01942,0.02624,0.02305,0.02308,0.03322,0.04409,0.0409,0.03091,0.02414,0.0382,0.04194,0.04565,0.03195,0.0286,0.04684,0.05455,0.02948,0.02605,0.0264,0.08787,0.05017,0.03248,0.05451,0.03431,0.05722,0.06805,0.07502,0.02922,0.08077,0.11607,0.05091,0.06591,0.06526,0.05768,0.0786]},"QUANTITY_DISTRIBUTION":{"CATEGORY":"Quantity","MIN_VALUE":0,"P10_VALUE":0,"P25_VALUE":1,"MEDIAN_VALUE":1,"P75_VALUE":5,"P90_VALUE":14,"MAX_VALUE":180},"REFILLS_DISTRIBUTION":{"CATEGORY":"Refills","MIN_VALUE":0,"P10_VALUE":0,"P25_VALUE":0,"MEDIAN_VALUE":0,"P75_VALUE":1,"P90_VALUE":3,"MAX_VALUE":10}}
