{"AGE_AT_FIRST_EXPOSURE":{"CATEGORY":["MALE","FEMALE"],"MIN_VALUE":[16,1],"P10_VALUE":[25,23],"P25_VALUE":[41,31],"MEDIAN_VALUE":[57,43],"P75_VALUE":[69,59],"P90_VALUE":[84,75],"MAX_VALUE":[91,94]},"DAYS_SUPPLY_DISTRIBUTION":{"CATEGORY":"Days supply","MIN_VALUE":0,"P10_VALUE":0,"P25_VALUE":0,"MEDIAN_VALUE":30,"P75_VALUE":30,"P90_VALUE":30,"MAX_VALUE":90},"DRUGS_BY_TYPE":{"CONCEPT_NAME":["Inpatient administration","Prescription written"],"COUNT_VALUE":[846,208]},"PREVALENCE_BY_GENDER_AGE_YEAR":{"TRELLIS_NAME":["40-49","40-49","40-49","20-29","40-49"],"SERIES_NAME":["FEMALE","FEMALE","FEMALE","FEMALE","FEMALE"],"X_CALENDAR_YEAR":[2009,2010,2011,2013,2014],"Y_PREVALENCE_1000PP":[0.22504,0.19398,0.20243,0.23559,0.30976]},"PREVALENCE_BY_MONTH":{"X_CALENDAR_MONTH":["200409","200903","200906","200907","201003","201004","201005","201011","201012","201101","201102","201103","201105","201107","201108","201111","201112","201201","201302","201308","201311","201312","201405","201408","201410"],"Y_PREVALENCE_1000PP":[0.03432,0.01873,0.01867,0.01869,0.02166,0.02168,0.0186,0.02188,0.01882,0.01887,0.02207,0.02517,0.02222,0.01925,0.01932,0.01953,0.03597,0.02296,0.02485,0.02263,0.04718,0.03195,0.03081,0.02922,0.03166]},"QUANTITY_DISTRIBUTION":{"CATEGORY":"Quantity","MIN_VALUE":0,"P10_VALUE":0,"P25_VALUE":0,"MEDIAN_VALUE":30,"P75_VALUE":30,"P90_VALUE":60,"MAX_VALUE":300},"REFILLS_DISTRIBUTION":{"CATEGORY":"Refills","MIN_VALUE":0,"P10_VALUE":0,"P25_VALUE":0,"MEDIAN_VALUE":0,"P75_VALUE":5,"P90_VALUE":5,"MAX_VALUE":11}}
