{"AGE_AT_FIRST_EXPOSURE":{"CATEGORY":["FEMALE","MALE"],"MIN_VALUE":[1,1],"P10_VALUE":[3,2],"P25_VALUE":[4,3],"MEDIAN_VALUE":[7,5],"P75_VALUE":[11,9],"P90_VALUE":[13,13],"MAX_VALUE":[64,59]},"DAYS_SUPPLY_DISTRIBUTION":{"CATEGORY":"Days supply","MIN_VALUE":0,"P10_VALUE":0,"P25_VALUE":2,"MEDIAN_VALUE":3,"P75_VALUE":4,"P90_VALUE":8,"MAX_VALUE":30},"DRUGS_BY_TYPE":{"CONCEPT_NAME":"Prescription written","COUNT_VALUE":288},"PREVALENCE_BY_GENDER_AGE_YEAR":{"TRELLIS_NAME":["0-9","0-9","0-9","0-9","0-9","0-9","0-9","0-9","0-9","0-9","0-9"],"SERIES_NAME":["FEMALE","MALE","MALE","FEMALE","MALE","MALE","FEMALE","FEMALE","MALE","FEMALE","MALE"],"X_CALENDAR_YEAR":[2009,2009,2010,2010,2011,2012,2012,2013,2013,2014,2014],"Y_PREVALENCE_1000PP":[0.2665,0.3062,0.95763,0.34947,0.66204,0.49875,0.28098,0.50537,0.44868,0.51101,1.07429]},"PREVALENCE_BY_MONTH":{"X_CALENDAR_MONTH":["200910","200912","201010","201011","201012","201201","201210","201305","201311","201312","201405","201409","201410"],"Y_PREVALENCE_1000PP":[0.02173,0.01863,0.02183,0.02813,0.01882,0.01968,0.02414,0.03273,0.03931,0.03195,0.04401,0.03029,0.04748]},"QUANTITY_DISTRIBUTION":{"CATEGORY":"Quantity","MIN_VALUE":0,"P10_VALUE":0,"P25_VALUE":15,"MEDIAN_VALUE":30,"P75_VALUE":50,"P90_VALUE":105,"MAX_VALUE":3600},"REFILLS_DISTRIBUTION":{"CATEGORY":"Refills","MIN_VALUE":0,"P10_VALUE":0,"P25_VALUE":0,"MEDIAN_VALUE":0,"P75_VALUE":0,"P90_VALUE":0,"MAX_VALUE":6}}
