{"AGE_AT_FIRST_EXPOSURE":{"CATEGORY":["MALE","FEMALE"],"MIN_VALUE":[14,14],"P10_VALUE":[24,25],"P25_VALUE":[36,35],"MEDIAN_VALUE":[51,49],"P75_VALUE":[61,55],"P90_VALUE":[70,76],"MAX_VALUE":[79,83]},"DAYS_SUPPLY_DISTRIBUTION":{"CATEGORY":"Days supply","MIN_VALUE":0,"P10_VALUE":0,"P25_VALUE":0,"MEDIAN_VALUE":5,"P75_VALUE":30,"P90_VALUE":30,"MAX_VALUE":90},"DRUGS_BY_TYPE":{"CONCEPT_NAME":"Prescription written","COUNT_VALUE":288},"PREVALENCE_BY_GENDER_AGE_YEAR":{"TRELLIS_NAME":["50-59","40-49","30-39","50-59","40-49","30-39","60-69"],"SERIES_NAME":["MALE","FEMALE","FEMALE","MALE","FEMALE","MALE","MALE"],"X_CALENDAR_YEAR":[2010,2010,2010,2011,2011,2012,2013],"Y_PREVALENCE_1000PP":[0.29129,0.19398,0.15752,0.34405,0.26991,0.43698,0.42923]},"PREVALENCE_BY_MONTH":{"X_CALENDAR_MONTH":["200904","201006","201007","201008","201010","201012","201103","201111","201204","201205","201207","201305","201308","201310"],"Y_PREVALENCE_1000PP":[0.01872,0.0186,0.02174,0.02178,0.01871,0.02196,0.02203,0.01953,0.01993,0.02002,0.02035,0.02546,0.03017,0.02316]},"QUANTITY_DISTRIBUTION":{"CATEGORY":"Quantity","MIN_VALUE":0,"P10_VALUE":0,"P25_VALUE":8,"MEDIAN_VALUE":40,"P75_VALUE":90,"P90_VALUE":120,"MAX_VALUE":540},"REFILLS_DISTRIBUTION":{"CATEGORY":"Refills","MIN_VALUE":0,"P10_VALUE":0,"P25_VALUE":0,"MEDIAN_VALUE":0,"P75_VALUE":0,"P90_VALUE":0,"MAX_VALUE":0}}
