{"AGE_AT_FIRST_EXPOSURE":{"CATEGORY":["MALE","FEMALE"],"MIN_VALUE":[4,11],"P10_VALUE":[19,23],"P25_VALUE":[25,31],"MEDIAN_VALUE":[37,41],"P75_VALUE":[52,52],"P90_VALUE":[62,61],"MAX_VALUE":[84,83]},"DAYS_SUPPLY_DISTRIBUTION":{"CATEGORY":"Days supply","MIN_VALUE":0,"P10_VALUE":0,"P25_VALUE":0,"MEDIAN_VALUE":0,"P75_VALUE":15,"P90_VALUE":30,"MAX_VALUE":30},"DRUGS_BY_TYPE":{"CONCEPT_NAME":["Inpatient administration","Prescription written"],"COUNT_VALUE":[758,70]},"PREVALENCE_BY_GENDER_AGE_YEAR":{"TRELLIS_NAME":["30-39","40-49","50-59","30-39","20-29","30-39","40-49","40-49","40-49","50-59","20-29","40-49","30-39","20-29","20-29","40-49","30-39","20-29","60-69","30-39","50-59","40-49","40-49","50-59","20-29","30-39","50-59"],"SERIES_NAME":["FEMALE","FEMALE","FEMALE","FEMALE","FEMALE","FEMALE","FEMALE","FEMALE","FEMALE","FEMALE","FEMALE","FEMALE","FEMALE","FEMALE","MALE","FEMALE","FEMALE","FEMALE","FEMALE","FEMALE","FEMALE","FEMALE","FEMALE","FEMALE","FEMALE","FEMALE","FEMALE"],"X_CALENDAR_YEAR":[2004,2004,2004,2005,2005,2006,2006,2007,2008,2010,2010,2011,2011,2012,2012,2012,2012,2013,2013,2013,2013,2013,2014,2014,2014,2014,2015],"Y_PREVALENCE_1000PP":[0.27726,0.3695,0.30378,0.25924,0.18923,0.20971,0.27357,0.20051,0.22671,0.23957,0.15003,0.20243,0.24541,0.30522,0.30888,0.46578,0.235,0.17669,0.25871,0.27921,0.3438,0.54396,0.57527,0.37654,0.26499,0.73589,0.5149]},"PREVALENCE_BY_MONTH":{"X_CALENDAR_MONTH":["200412","200509","200605","201008","201102","201108","201201","201203","201209","201210","201211","201302","201304","201305","201306","201307","201309","201310","201311","201401","201402","201403","201405","201406","201407","201408","201411","201412","201502","201504"],"Y_PREVALENCE_1000PP":[0.03013,0.02461,0.02231,0.01866,0.01892,0.01932,0.01968,0.02308,0.04809,0.03104,0.03125,0.0213,0.02522,0.02909,0.02948,0.02233,0.02292,0.04245,0.02359,0.02436,0.03315,0.03354,0.03081,0.02722,0.03282,0.03896,0.03394,0.0779,0.04326,0.08843]},"QUANTITY_DISTRIBUTION":{"CATEGORY":"Quantity","MIN_VALUE":0,"P10_VALUE":0,"P25_VALUE":0,"MEDIAN_VALUE":6,"P75_VALUE":10,"P90_VALUE":30,"MAX_VALUE":360},"REFILLS_DISTRIBUTION":{"CATEGORY":"Refills","MIN_VALUE":0,"P10_VALUE":0,"P25_VALUE":0,"MEDIAN_VALUE":0,"P75_VALUE":3,"P90_VALUE":5,"MAX_VALUE":11}}
