{"AGE_AT_FIRST_EXPOSURE":{"CATEGORY":["MALE","FEMALE"],"MIN_VALUE":[9,7],"P10_VALUE":[17,23],"P25_VALUE":[60,29],"MEDIAN_VALUE":[68,35],"P75_VALUE":[73,43],"P90_VALUE":[85,59],"MAX_VALUE":[95,98]},"DAYS_SUPPLY_DISTRIBUTION":{"CATEGORY":"Days supply","MIN_VALUE":0,"P10_VALUE":0,"P25_VALUE":30,"MEDIAN_VALUE":30,"P75_VALUE":30,"P90_VALUE":30,"MAX_VALUE":100},"DRUGS_BY_TYPE":{"CONCEPT_NAME":"Prescription written","COUNT_VALUE":607},"PREVALENCE_BY_GENDER_AGE_YEAR":{"TRELLIS_NAME":["40-49","20-29","30-39","70-79","40-49","50-59","20-29","60-69","30-39","20-29","10-19","40-49","30-39","20-29","50-59","40-49","30-39","20-29","30-39","40-49","40-49","20-29","30-39","30-39"],"SERIES_NAME":["FEMALE","FEMALE","FEMALE","FEMALE","FEMALE","FEMALE","FEMALE","MALE","FEMALE","FEMALE","FEMALE","FEMALE","FEMALE","FEMALE","FEMALE","FEMALE","FEMALE","FEMALE","FEMALE","FEMALE","FEMALE","FEMALE","FEMALE","FEMALE"],"X_CALENDAR_YEAR":[2009,2009,2009,2010,2010,2010,2010,2010,2010,2011,2011,2011,2011,2012,2012,2012,2012,2013,2013,2013,2014,2014,2014,2015],"Y_PREVALENCE_1000PP":[0.22504,0.27142,0.31301,0.43882,0.61427,0.30802,0.57513,0.31541,1.91651,0.54919,0.25728,0.7085,1.28156,0.36071,0.21881,0.50161,0.52874,0.23559,0.46535,0.46625,0.61952,0.33124,0.49059,0.3817]},"PREVALENCE_BY_MONTH":{"X_CALENDAR_MONTH":["200903","200904","200908","201001","201003","201004","201005","201006","201007","201008","201009","201010","201011","201012","201101","201102","201103","201104","201105","201106","201107","201108","201109","201111","201201","201204","201205","201207","201208","201210","201211","201212","201301","201302","201304","201305","201307","201309","201402","201403","201405","201407","201503"],"Y_PREVALENCE_1000PP":[0.01873,0.01872,0.02182,0.01863,0.02784,0.01858,0.04651,0.0217,0.03417,0.03111,0.08105,0.04677,0.0844,0.09724,0.05032,0.04414,0.0535,0.03483,0.04127,0.0319,0.01925,0.01932,0.02266,0.01953,0.02296,0.01993,0.02002,0.02035,0.02386,0.02414,0.04167,0.04543,0.02458,0.0213,0.02162,0.02909,0.02605,0.03056,0.02901,0.02935,0.03961,0.02813,0.06427]},"QUANTITY_DISTRIBUTION":{"CATEGORY":"Quantity","MIN_VALUE":0,"P10_VALUE":0,"P25_VALUE":30,"MEDIAN_VALUE":30,"P75_VALUE":60,"P90_VALUE":90,"MAX_VALUE":270},"REFILLS_DISTRIBUTION":{"CATEGORY":"Refills","MIN_VALUE":0,"P10_VALUE":0,"P25_VALUE":0,"MEDIAN_VALUE":3,"P75_VALUE":4,"P90_VALUE":5,"MAX_VALUE":11}}
