{"AGE_AT_FIRST_EXPOSURE":{"CATEGORY":["MALE","FEMALE"],"MIN_VALUE":[2,1],"P10_VALUE":[8,17],"P25_VALUE":[17,28],"MEDIAN_VALUE":[57,39],"P75_VALUE":[70,59],"P90_VALUE":[78,70],"MAX_VALUE":[95,86]},"DAYS_SUPPLY_DISTRIBUTION":{"CATEGORY":"Days supply","MIN_VALUE":0,"P10_VALUE":0,"P25_VALUE":0,"MEDIAN_VALUE":30,"P75_VALUE":30,"P90_VALUE":30,"MAX_VALUE":90},"DRUGS_BY_TYPE":{"CONCEPT_NAME":"Prescription written","COUNT_VALUE":326},"PREVALENCE_BY_GENDER_AGE_YEAR":{"TRELLIS_NAME":["40-49","60-69","60-69","50-59","70-79","50-59","20-29","30-39","20-29","30-39"],"SERIES_NAME":["FEMALE","FEMALE","FEMALE","FEMALE","MALE","FEMALE","FEMALE","FEMALE","FEMALE","FEMALE"],"X_CALENDAR_YEAR":[2008,2009,2010,2010,2010,2011,2012,2012,2013,2015],"Y_PREVALENCE_1000PP":[0.19433,0.258,0.25153,0.23957,0.53018,0.24435,0.16648,0.29375,0.26503,0.44532]},"PREVALENCE_BY_MONTH":{"X_CALENDAR_MONTH":["200711","200812","200909","201001","201002","201003","201004","201009","201105","201106","201109","201201","201202","201204","201304"],"Y_PREVALENCE_1000PP":[0.03305,0.02837,0.01867,0.02174,0.02486,0.03403,0.04026,0.02494,0.02222,0.01914,0.02266,0.02952,0.01976,0.02658,0.02162]},"QUANTITY_DISTRIBUTION":{"CATEGORY":"Quantity","MIN_VALUE":0,"P10_VALUE":0,"P25_VALUE":0,"MEDIAN_VALUE":30,"P75_VALUE":30,"P90_VALUE":60,"MAX_VALUE":120},"REFILLS_DISTRIBUTION":{"CATEGORY":"Refills","MIN_VALUE":0,"P10_VALUE":0,"P25_VALUE":0,"MEDIAN_VALUE":0,"P75_VALUE":5,"P90_VALUE":5,"MAX_VALUE":6}}
