{"AGE_AT_FIRST_EXPOSURE":{"CATEGORY":["FEMALE","MALE"],"MIN_VALUE":[13,14],"P10_VALUE":[21,16],"P25_VALUE":[29,26],"MEDIAN_VALUE":[41,37],"P75_VALUE":[51,54],"P90_VALUE":[59,64],"MAX_VALUE":[86,77]},"DAYS_SUPPLY_DISTRIBUTION":{"CATEGORY":"Days supply","MIN_VALUE":0,"P10_VALUE":0,"P25_VALUE":0,"MEDIAN_VALUE":7,"P75_VALUE":30,"P90_VALUE":30,"MAX_VALUE":31},"DRUGS_BY_TYPE":{"CONCEPT_NAME":"Prescription written","COUNT_VALUE":860},"PREVALENCE_BY_GENDER_AGE_YEAR":{"TRELLIS_NAME":["30-39","20-29","50-59","40-49","20-29","30-39","10-19","40-49","50-59","20-29","30-39","40-49","50-59","30-39","50-59","60-69","20-29","40-49","50-59","40-49","30-39","60-69","20-29","50-59","40-49","20-29","60-69","30-39","20-29","30-39","60-69","40-49","50-59","50-59","40-49"],"SERIES_NAME":["FEMALE","FEMALE","FEMALE","FEMALE","FEMALE","FEMALE","FEMALE","FEMALE","FEMALE","FEMALE","FEMALE","FEMALE","FEMALE","FEMALE","FEMALE","FEMALE","FEMALE","FEMALE","FEMALE","FEMALE","FEMALE","FEMALE","FEMALE","FEMALE","FEMALE","FEMALE","FEMALE","FEMALE","FEMALE","FEMALE","FEMALE","FEMALE","FEMALE","FEMALE","FEMALE"],"X_CALENDAR_YEAR":[2008,2008,2008,2008,2009,2009,2009,2009,2009,2010,2010,2010,2010,2011,2011,2011,2011,2011,2012,2012,2012,2012,2012,2013,2013,2013,2013,2013,2014,2014,2014,2014,2014,2015,2015],"Y_PREVALENCE_1000PP":[0.32204,0.20553,0.41819,0.5182,0.34545,0.41734,0.32654,0.86803,0.54692,0.30007,0.57758,0.80825,0.54759,0.51808,0.73306,0.24895,0.23537,0.4386,0.61996,0.50161,0.26437,0.2948,0.19423,0.6494,0.8548,0.35338,0.38806,0.46535,0.19874,0.45555,0.40805,0.92929,0.41838,0.44134,0.73469]},"PREVALENCE_BY_MONTH":{"X_CALENDAR_MONTH":["200711","200712","200801","200807","200808","200811","200812","200901","200902","200903","200904","200905","200906","200907","200908","200909","200910","200911","200912","201001","201002","201003","201004","201005","201006","201007","201008","201009","201010","201011","201012","201101","201102","201103","201104","201105","201106","201107","201108","201109","201110","201111","201112","201202","201203","201207","201208","201209","201210","201211","201301","201302","201303","201304","201305","201306","201307","201308","201309","201310","201311","201312","201401","201402","201403","201404","201405","201406","201407","201410","201411","201501","201503","201504"],"Y_PREVALENCE_1000PP":[0.02314,0.0198,0.02292,0.02243,0.03202,0.03799,0.03152,0.03141,0.02823,0.03121,0.02496,0.04668,0.03111,0.03115,0.02494,0.03423,0.01863,0.02484,0.03105,0.02484,0.03107,0.02784,0.03716,0.04341,0.03411,0.02796,0.03422,0.02806,0.02806,0.02501,0.03764,0.04089,0.04098,0.03776,0.02216,0.03175,0.01914,0.01925,0.02898,0.0259,0.03568,0.0293,0.03925,0.02963,0.04616,0.0373,0.02386,0.02748,0.02069,0.02778,0.02809,0.04615,0.02145,0.03243,0.04,0.04422,0.04838,0.0264,0.02292,0.04245,0.05504,0.02396,0.04466,0.04144,0.04193,0.05576,0.04841,0.03176,0.07502,0.03166,0.0396,0.05221,0.06427,0.0786]},"QUANTITY_DISTRIBUTION":{"CATEGORY":"Quantity","MIN_VALUE":0,"P10_VALUE":0,"P25_VALUE":5,"MEDIAN_VALUE":12,"P75_VALUE":30,"P90_VALUE":30,"MAX_VALUE":360},"REFILLS_DISTRIBUTION":{"CATEGORY":"Refills","MIN_VALUE":0,"P10_VALUE":0,"P25_VALUE":0,"MEDIAN_VALUE":3,"P75_VALUE":5,"P90_VALUE":5,"MAX_VALUE":11}}
