{"AGE_AT_FIRST_EXPOSURE":{"CATEGORY":["FEMALE","MALE"],"MIN_VALUE":[6,5],"P10_VALUE":[9,8],"P25_VALUE":[11,10],"MEDIAN_VALUE":[15,13],"P75_VALUE":[27,16],"P90_VALUE":[55,29],"MAX_VALUE":[78,81]},"DAYS_SUPPLY_DISTRIBUTION":{"CATEGORY":"Days supply","MIN_VALUE":0,"P10_VALUE":0,"P25_VALUE":15,"MEDIAN_VALUE":30,"P75_VALUE":30,"P90_VALUE":30,"MAX_VALUE":300},"DRUGS_BY_TYPE":{"CONCEPT_NAME":["Inpatient administration","Prescription written"],"COUNT_VALUE":[207,1243]},"PREVALENCE_BY_GENDER_AGE_YEAR":{"TRELLIS_NAME":["10-19","0-9","10-19","10-19","10-19","10-19","10-19","0-9","20-29","10-19","10-19","0-9","20-29","0-9","10-19","10-19","10-19","0-9","10-19","10-19","10-19","0-9","10-19","10-19","0-9"],"SERIES_NAME":["MALE","MALE","FEMALE","MALE","FEMALE","MALE","MALE","MALE","MALE","FEMALE","MALE","MALE","MALE","MALE","FEMALE","MALE","FEMALE","MALE","MALE","FEMALE","MALE","MALE","FEMALE","MALE","MALE"],"X_CALENDAR_YEAR":[2004,2008,2008,2008,2009,2009,2010,2010,2011,2011,2011,2011,2012,2012,2012,2012,2013,2013,2013,2014,2014,2014,2015,2015,2015],"Y_PREVALENCE_1000PP":[0.42099,0.20668,0.24785,0.86608,0.28573,0.84784,1.31537,0.27361,0.30193,0.4288,1.06541,0.27876,0.36036,0.285,0.39124,2.26629,0.69907,0.48607,3.04476,1.02514,3.34782,0.57846,1.71559,4.7619,0.87636]},"PREVALENCE_BY_MONTH":{"X_CALENDAR_MONTH":["200804","200805","200806","200812","200902","200906","200911","201002","201004","201005","201006","201010","201011","201012","201101","201102","201103","201104","201105","201108","201109","201110","201111","201112","201201","201202","201203","201204","201205","201206","201207","201208","201209","201210","201211","201212","201301","201302","201303","201304","201305","201306","201307","201308","201309","201310","201311","201312","201401","201402","201403","201404","201405","201406","201407","201408","201409","201410","201411","201412","201501","201502","201503","201504","201505"],"Y_PREVALENCE_1000PP":[0.01942,0.02259,0.01931,0.01891,0.0251,0.02178,0.01863,0.02175,0.02787,0.0186,0.02791,0.02495,0.02813,0.02823,0.02202,0.02837,0.02203,0.02216,0.02857,0.02576,0.01942,0.01946,0.03256,0.04252,0.04592,0.02634,0.02638,0.02658,0.04337,0.0606,0.05087,0.04771,0.04122,0.02759,0.04514,0.05242,0.08778,0.07456,0.06793,0.1117,0.09819,0.07001,0.03721,0.06034,0.06494,0.08105,0.09828,0.0639,0.05684,0.0663,0.09224,0.09865,0.11443,0.09073,0.07502,0.10715,0.12115,0.16884,0.16405,0.26365,0.25452,0.28838,0.40171,0.3144,0.19546]},"QUANTITY_DISTRIBUTION":{"CATEGORY":"Quantity","MIN_VALUE":0,"P10_VALUE":0,"P25_VALUE":30,"MEDIAN_VALUE":30,"P75_VALUE":30,"P90_VALUE":60,"MAX_VALUE":300},"REFILLS_DISTRIBUTION":{"CATEGORY":"Refills","MIN_VALUE":0,"P10_VALUE":0,"P25_VALUE":0,"MEDIAN_VALUE":0,"P75_VALUE":0,"P90_VALUE":0,"MAX_VALUE":5}}
