{"AGE_AT_FIRST_EXPOSURE":{"CATEGORY":["MALE","FEMALE"],"MIN_VALUE":[21,20],"P10_VALUE":[27,28],"P25_VALUE":[37,39],"MEDIAN_VALUE":[48,47],"P75_VALUE":[55,59],"P90_VALUE":[63,68],"MAX_VALUE":[82,90]},"DAYS_SUPPLY_DISTRIBUTION":{"CATEGORY":"Days supply","MIN_VALUE":0,"P10_VALUE":0,"P25_VALUE":14,"MEDIAN_VALUE":30,"P75_VALUE":30,"P90_VALUE":30,"MAX_VALUE":60},"DRUGS_BY_TYPE":{"CONCEPT_NAME":["Inpatient administration","Prescription written"],"COUNT_VALUE":[1030,397]},"PREVALENCE_BY_GENDER_AGE_YEAR":{"TRELLIS_NAME":["40-49","40-49","40-49","50-59","50-59","60-69","50-59","50-59","40-49"],"SERIES_NAME":["FEMALE","MALE","MALE","FEMALE","MALE","FEMALE","MALE","MALE","FEMALE"],"X_CALENDAR_YEAR":[2005,2005,2006,2006,2008,2010,2011,2012,2012],"Y_PREVALENCE_1000PP":[0.22265,0.40153,0.35545,0.22242,0.30276,0.25153,0.34405,0.45879,0.25081]},"PREVALENCE_BY_MONTH":{"X_CALENDAR_MONTH":["200507","200508","200604","200702","200712","200804","200901","201001","201002","201006","201007","201012","201101","201102","201105","201106","201107","201109","201110","201111","201201","201202","201203","201204","201205","201206","201207","201208","201209","201210","201211","201212","201301","201302","201303","201304","201305","201307","201309","201310","201401","201403","201405","201406","201407"],"Y_PREVALENCE_1000PP":[0.02546,0.02498,0.02637,0.02095,0.0198,0.02589,0.01885,0.02795,0.03418,0.0217,0.02174,0.01882,0.02202,0.01892,0.02857,0.02552,0.01925,0.04208,0.03244,0.02279,0.05903,0.03951,0.01978,0.02325,0.03337,0.02693,0.02374,0.03749,0.02404,0.02414,0.03472,0.03495,0.02458,0.02485,0.0286,0.02162,0.03637,0.03721,0.04202,0.02316,0.02436,0.02935,0.03961,0.04083,0.02813]},"QUANTITY_DISTRIBUTION":{"CATEGORY":"Quantity","MIN_VALUE":0,"P10_VALUE":0,"P25_VALUE":30,"MEDIAN_VALUE":60,"P75_VALUE":90,"P90_VALUE":124,"MAX_VALUE":270},"REFILLS_DISTRIBUTION":{"CATEGORY":"Refills","MIN_VALUE":0,"P10_VALUE":0,"P25_VALUE":0,"MEDIAN_VALUE":0,"P75_VALUE":0,"P90_VALUE":0,"MAX_VALUE":0}}
