{"AGE_AT_FIRST_EXPOSURE":{"CATEGORY":["FEMALE","MALE"],"MIN_VALUE":[2,1],"P10_VALUE":[20,15],"P25_VALUE":[30,27],"MEDIAN_VALUE":[46,54],"P75_VALUE":[65,65],"P90_VALUE":[76,74],"MAX_VALUE":[95,85]},"DAYS_SUPPLY_DISTRIBUTION":{"CATEGORY":"Days supply","MIN_VALUE":0,"P10_VALUE":0,"P25_VALUE":14,"MEDIAN_VALUE":30,"P75_VALUE":30,"P90_VALUE":30,"MAX_VALUE":90},"DRUGS_BY_TYPE":{"CONCEPT_NAME":"Prescription written","COUNT_VALUE":379},"PREVALENCE_BY_GENDER_AGE_YEAR":{"TRELLIS_NAME":["40-49","50-59","60-69","60-69","30-39","60-69","20-29","40-49","70-79","70-79","30-39","50-59","60-69","20-29","70-79","40-49","30-39","60-69","30-39","40-49","70-79"],"SERIES_NAME":["FEMALE","FEMALE","FEMALE","MALE","FEMALE","FEMALE","FEMALE","FEMALE","FEMALE","MALE","FEMALE","FEMALE","FEMALE","FEMALE","FEMALE","FEMALE","FEMALE","FEMALE","FEMALE","FEMALE","FEMALE"],"X_CALENDAR_YEAR":[2010,2010,2010,2010,2010,2011,2011,2011,2011,2011,2011,2011,2012,2012,2012,2012,2012,2013,2013,2013,2013],"Y_PREVALENCE_1000PP":[0.19398,0.23957,0.41922,0.52568,0.18378,0.33194,0.23537,0.40486,0.37136,0.52118,0.32721,0.20945,0.33691,0.24972,0.36731,0.28664,0.20562,0.30183,0.18614,0.23313,0.4862]},"PREVALENCE_BY_MONTH":{"X_CALENDAR_MONTH":["201003","201005","201007","201008","201009","201010","201011","201012","201101","201103","201104","201105","201106","201107","201108","201109","201110","201112","201201","201204","201205","201208","201209","201211","201303","201304","201308","201310"],"Y_PREVALENCE_1000PP":[0.02784,0.02171,0.03417,0.03422,0.02806,0.0343,0.03126,0.03137,0.04403,0.03147,0.02216,0.01905,0.0319,0.02888,0.02576,0.02914,0.02919,0.01962,0.02952,0.01993,0.03003,0.03067,0.02061,0.02778,0.02145,0.03243,0.0264,0.02316]},"QUANTITY_DISTRIBUTION":{"CATEGORY":"Quantity","MIN_VALUE":0,"P10_VALUE":0,"P25_VALUE":30,"MEDIAN_VALUE":60,"P75_VALUE":90,"P90_VALUE":90,"MAX_VALUE":630},"REFILLS_DISTRIBUTION":{"CATEGORY":"Refills","MIN_VALUE":0,"P10_VALUE":0,"P25_VALUE":0,"MEDIAN_VALUE":3,"P75_VALUE":5,"P90_VALUE":5,"MAX_VALUE":6}}
