{"AGE_AT_FIRST_EXPOSURE":{"CATEGORY":["FEMALE","MALE"],"MIN_VALUE":[28,34],"P10_VALUE":[52,47],"P25_VALUE":[58,56],"MEDIAN_VALUE":[70,66],"P75_VALUE":[79,73],"P90_VALUE":[86,80],"MAX_VALUE":[95,92]},"DAYS_SUPPLY_DISTRIBUTION":{"CATEGORY":"Days supply","MIN_VALUE":0,"P10_VALUE":0,"P25_VALUE":0,"MEDIAN_VALUE":30,"P75_VALUE":30,"P90_VALUE":30,"MAX_VALUE":90},"DRUGS_BY_TYPE":{"CONCEPT_NAME":["Prescription written","Inpatient administration"],"COUNT_VALUE":[1045,6]},"PREVALENCE_BY_GENDER_AGE_YEAR":{"TRELLIS_NAME":["60-69","80-89","70-79","70-79","60-69","60-69","80-89","70-79","50-59","60-69","70-79","60-69","90-99","60-69","80-89","50-59","70-79","50-59","70-79","50-59","40-49","50-59","40-49","70-79","70-79","60-69","80-89","60-69","90-99","50-59","70-79","50-59","70-79","60-69","80-89","60-69","70-79","50-59","50-59","70-79","60-69","80-89","60-69","80-89","60-69","60-69","80-89","40-49","70-79","50-59"],"SERIES_NAME":["MALE","FEMALE","FEMALE","MALE","FEMALE","MALE","FEMALE","FEMALE","FEMALE","FEMALE","MALE","FEMALE","FEMALE","MALE","FEMALE","FEMALE","FEMALE","MALE","MALE","FEMALE","MALE","MALE","FEMALE","FEMALE","MALE","MALE","FEMALE","FEMALE","FEMALE","MALE","FEMALE","FEMALE","MALE","FEMALE","FEMALE","MALE","MALE","MALE","FEMALE","FEMALE","MALE","FEMALE","FEMALE","MALE","MALE","FEMALE","FEMALE","MALE","FEMALE","FEMALE"],"X_CALENDAR_YEAR":[2008,2008,2008,2008,2008,2009,2009,2009,2009,2009,2009,2010,2010,2010,2010,2010,2010,2010,2010,2011,2011,2011,2011,2011,2011,2011,2011,2011,2011,2012,2012,2012,2012,2012,2012,2012,2013,2013,2013,2013,2013,2013,2013,2013,2014,2014,2014,2014,2014,2014],"Y_PREVALENCE_1000PP":[0.68587,0.89837,0.64746,0.78796,0.31529,0.43773,1.51155,0.82102,0.44437,0.73099,0.93816,0.5869,2.8626,0.78852,2.23025,0.54759,1.37914,0.38839,0.90888,0.73306,0.50847,0.54065,0.20243,1.79489,0.74455,0.72228,1.35643,0.62238,2.73473,0.56074,1.40802,0.51056,1.27446,0.50537,1.06678,0.742,0.8912,0.32007,0.4584,1.21551,0.91212,1.33082,0.43118,0.90402,0.84803,0.54407,1.39942,0.66711,0.70826,0.41838]},"PREVALENCE_BY_MONTH":{"X_CALENDAR_MONTH":["200810","200811","200812","200902","200903","200904","200906","200907","200908","200910","200911","200912","201001","201002","201003","201004","201005","201006","201007","201008","201009","201010","201011","201012","201101","201102","201103","201104","201105","201106","201107","201108","201109","201110","201111","201112","201201","201202","201203","201204","201205","201206","201207","201208","201209","201210","201211","201212","201301","201302","201303","201304","201305","201306","201307","201308","201309","201310","201311","201312","201401","201402","201403","201405","201406","201407","201408","201409","201410","201411","201412","201501","201503","201504"],"Y_PREVALENCE_1000PP":[0.03168,0.03482,0.03467,0.03451,0.02809,0.02496,0.028,0.03426,0.02182,0.04036,0.03105,0.03415,0.06831,0.04661,0.04641,0.03716,0.04961,0.03101,0.05591,0.04355,0.03741,0.03742,0.03438,0.05646,0.02831,0.07251,0.0535,0.038,0.0254,0.04147,0.04171,0.0483,0.06475,0.04541,0.03581,0.03597,0.0492,0.04939,0.04946,0.0299,0.04671,0.0505,0.05765,0.05453,0.04465,0.04484,0.03125,0.02446,0.0632,0.0497,0.05005,0.03243,0.04,0.02948,0.02977,0.0264,0.03056,0.05403,0.04324,0.03594,0.03248,0.02901,0.05451,0.04841,0.05898,0.06564,0.04383,0.05553,0.05276,0.05091,0.04794,0.06526,0.05624,0.05895]},"QUANTITY_DISTRIBUTION":{"CATEGORY":"Quantity","MIN_VALUE":0,"P10_VALUE":0,"P25_VALUE":0,"MEDIAN_VALUE":30,"P75_VALUE":30,"P90_VALUE":30,"MAX_VALUE":90},"REFILLS_DISTRIBUTION":{"CATEGORY":"Refills","MIN_VALUE":0,"P10_VALUE":0,"P25_VALUE":0,"MEDIAN_VALUE":0,"P75_VALUE":5,"P90_VALUE":5,"MAX_VALUE":11}}
