{"AGE_AT_FIRST_EXPOSURE":{"CATEGORY":["MALE","FEMALE"],"MIN_VALUE":[1,1],"P10_VALUE":[14,18],"P25_VALUE":[36,36],"MEDIAN_VALUE":[57,55],"P75_VALUE":[67,63],"P90_VALUE":[75,72],"MAX_VALUE":[89,88]},"DAYS_SUPPLY_DISTRIBUTION":{"CATEGORY":"Days supply","MIN_VALUE":0,"P10_VALUE":0,"P25_VALUE":0,"MEDIAN_VALUE":28,"P75_VALUE":30,"P90_VALUE":30,"MAX_VALUE":86},"DRUGS_BY_TYPE":{"CONCEPT_NAME":["Inpatient administration","Prescription written"],"COUNT_VALUE":[961,201]},"PREVALENCE_BY_GENDER_AGE_YEAR":{"TRELLIS_NAME":["60-69","50-59","60-69","50-59","60-69","60-69","60-69","50-59","70-79","50-59","60-69","70-79","70-79","60-69"],"SERIES_NAME":["MALE","MALE","MALE","MALE","MALE","FEMALE","MALE","MALE","MALE","FEMALE","FEMALE","FEMALE","MALE","MALE"],"X_CALENDAR_YEAR":[2010,2012,2012,2013,2013,2013,2014,2014,2014,2014,2014,2015,2015,2015],"Y_PREVALENCE_1000PP":[0.31541,0.35683,0.636,0.58679,0.6975,0.43118,0.45228,0.35051,0.54735,0.54389,0.36271,0.62221,0.90791,0.85616]},"PREVALENCE_BY_MONTH":{"X_CALENDAR_MONTH":["200808","200810","200904","201005","201008","201009","201010","201011","201110","201202","201203","201204","201206","201207","201210","201304","201305","201306","201307","201308","201309","201311","201312","201401","201402","201405","201407","201408","201409","201410","201412","201501","201502","201503","201504","201505"],"Y_PREVALENCE_1000PP":[0.01921,0.01901,0.02184,0.02171,0.01866,0.0187,0.02806,0.01875,0.01946,0.01976,0.02638,0.01993,0.02356,0.02035,0.03104,0.02883,0.04364,0.02579,0.05954,0.05657,0.02674,0.02359,0.05192,0.02436,0.02901,0.03081,0.06095,0.0487,0.05048,0.04748,0.05992,0.09789,0.14419,0.12855,0.1179,0.13961]},"QUANTITY_DISTRIBUTION":{"CATEGORY":"Quantity","MIN_VALUE":0,"P10_VALUE":0,"P25_VALUE":0,"MEDIAN_VALUE":60,"P75_VALUE":240,"P90_VALUE":360,"MAX_VALUE":18000},"REFILLS_DISTRIBUTION":{"CATEGORY":"Refills","MIN_VALUE":0,"P10_VALUE":0,"P25_VALUE":0,"MEDIAN_VALUE":0,"P75_VALUE":0,"P90_VALUE":2,"MAX_VALUE":5}}
