{"AGE_AT_FIRST_EXPOSURE":{"CATEGORY":["MALE","FEMALE"],"MIN_VALUE":[2,3],"P10_VALUE":[23,26],"P25_VALUE":[32,39],"MEDIAN_VALUE":[52,56],"P75_VALUE":[67,71],"P90_VALUE":[78,83],"MAX_VALUE":[101,100]},"DAYS_SUPPLY_DISTRIBUTION":{"CATEGORY":"Days supply","MIN_VALUE":0,"P10_VALUE":0,"P25_VALUE":0,"MEDIAN_VALUE":3,"P75_VALUE":14,"P90_VALUE":30,"MAX_VALUE":330},"DRUGS_BY_TYPE":{"CONCEPT_NAME":["Inpatient administration","Prescription written"],"COUNT_VALUE":[6,790]},"PREVALENCE_BY_GENDER_AGE_YEAR":{"TRELLIS_NAME":["60-69","50-59","70-79","50-59","70-79","50-59","30-39","40-49","50-59","70-79","40-49","60-69","20-29","80-89","30-39","30-39","50-59","50-59","40-49","70-79","60-69","20-29","60-69","20-29","80-89","50-59","40-49","50-59","70-79","30-39","60-69","60-69","20-29","20-29","30-39","20-29","20-29","60-69","80-89","60-69","50-59","70-79","40-49","50-59","50-59","70-79"],"SERIES_NAME":["FEMALE","FEMALE","FEMALE","FEMALE","FEMALE","FEMALE","MALE","MALE","MALE","FEMALE","FEMALE","FEMALE","FEMALE","FEMALE","FEMALE","MALE","MALE","FEMALE","FEMALE","FEMALE","FEMALE","MALE","MALE","FEMALE","FEMALE","MALE","FEMALE","FEMALE","FEMALE","FEMALE","MALE","FEMALE","MALE","FEMALE","FEMALE","MALE","FEMALE","MALE","FEMALE","FEMALE","MALE","FEMALE","FEMALE","FEMALE","FEMALE","FEMALE"],"X_CALENDAR_YEAR":[2009,2009,2009,2010,2010,2011,2011,2011,2011,2011,2011,2011,2011,2011,2012,2012,2012,2012,2012,2012,2012,2012,2012,2012,2012,2013,2013,2013,2013,2013,2013,2013,2013,2013,2014,2014,2014,2014,2014,2014,2014,2014,2014,2014,2015,2015],"Y_PREVALENCE_1000PP":[0.258,0.20509,0.5684,0.47914,0.43882,0.4538,0.36406,0.39548,0.44235,0.43325,0.26991,0.62238,0.20922,0.83472,0.38187,0.37456,0.30586,0.47409,0.35829,0.85706,0.5896,0.30888,0.583,0.44395,1.06678,0.4801,0.27198,0.8022,0.72931,0.4033,0.59019,0.38806,0.38195,0.23559,0.28034,0.55862,0.36436,0.56536,1.86589,0.58941,0.52576,0.70826,0.57527,0.71124,0.58845,0.62221]},"PREVALENCE_BY_MONTH":{"X_CALENDAR_MONTH":["200811","200812","200903","200904","200909","201005","201009","201011","201012","201101","201102","201104","201105","201106","201107","201108","201109","201111","201112","201201","201202","201203","201204","201205","201206","201207","201208","201209","201210","201211","201212","201301","201302","201303","201304","201305","201306","201307","201308","201309","201310","201311","201312","201401","201402","201403","201404","201405","201406","201407","201408","201409","201410","201411","201412","201501","201502","201503","201504"],"Y_PREVALENCE_1000PP":[0.02216,0.02521,0.02497,0.01872,0.01867,0.02481,0.03117,0.03438,0.0251,0.04718,0.02207,0.03483,0.02857,0.04785,0.02567,0.02576,0.04532,0.03907,0.02943,0.01968,0.04939,0.02308,0.05647,0.04004,0.04376,0.0407,0.04771,0.03778,0.05518,0.03472,0.04194,0.02107,0.0355,0.06078,0.02883,0.04,0.02948,0.0521,0.04903,0.04966,0.03088,0.04324,0.05591,0.03654,0.03315,0.04193,0.07292,0.05282,0.03629,0.09846,0.07793,0.06058,0.05804,0.05091,0.08389,0.09137,0.07209,0.08838,0.14738]},"QUANTITY_DISTRIBUTION":{"CATEGORY":"Quantity","MIN_VALUE":0,"P10_VALUE":0,"P25_VALUE":0,"MEDIAN_VALUE":5,"P75_VALUE":30,"P90_VALUE":60,"MAX_VALUE":3600},"REFILLS_DISTRIBUTION":{"CATEGORY":"Refills","MIN_VALUE":0,"P10_VALUE":0,"P25_VALUE":0,"MEDIAN_VALUE":0,"P75_VALUE":0,"P90_VALUE":3,"MAX_VALUE":11}}
