{"AGE_AT_FIRST_EXPOSURE":{"CATEGORY":["MALE","FEMALE"],"MIN_VALUE":[0,0],"P10_VALUE":[7,14],"P25_VALUE":[19,27],"MEDIAN_VALUE":[51,50],"P75_VALUE":[67,67],"P90_VALUE":[79,79],"MAX_VALUE":[94,91]},"DAYS_SUPPLY_DISTRIBUTION":{"CATEGORY":"Days supply","MIN_VALUE":0,"P10_VALUE":0,"P25_VALUE":0,"MEDIAN_VALUE":0,"P75_VALUE":30,"P90_VALUE":30,"MAX_VALUE":30},"DRUGS_BY_TYPE":{"CONCEPT_NAME":["Inpatient administration","Prescription written"],"COUNT_VALUE":[932,14]},"PREVALENCE_BY_GENDER_AGE_YEAR":{"TRELLIS_NAME":["60-69","60-69","50-59","50-59","60-69","0-9","20-29","80-89","50-59","20-29","20-29","60-69","60-69","0-9","0-9"],"SERIES_NAME":["MALE","MALE","MALE","FEMALE","FEMALE","MALE","FEMALE","MALE","FEMALE","FEMALE","MALE","MALE","FEMALE","MALE","FEMALE"],"X_CALENDAR_YEAR":[2010,2011,2012,2012,2012,2012,2012,2012,2013,2013,2013,2013,2013,2014,2014],"Y_PREVALENCE_1000PP":[0.31541,0.36114,0.35683,0.21881,0.33691,0.285,0.24972,0.89485,0.2292,0.20614,0.32739,0.48288,0.30183,0.33055,0.27873]},"PREVALENCE_BY_MONTH":{"X_CALENDAR_MONTH":["200912","201005","201103","201106","201108","201110","201111","201201","201203","201206","201207","201208","201209","201210","201211","201212","201301","201302","201303","201304","201305","201306","201307","201308","201309","201402","201403"],"Y_PREVALENCE_1000PP":[0.02794,0.02481,0.01888,0.0319,0.02576,0.01946,0.02604,0.02952,0.04616,0.02693,0.02374,0.03408,0.03778,0.03794,0.03125,0.03844,0.03511,0.0284,0.0286,0.03963,0.04364,0.03685,0.05582,0.0528,0.02674,0.02486,0.02516]},"QUANTITY_DISTRIBUTION":{"CATEGORY":"Quantity","MIN_VALUE":0,"P10_VALUE":0,"P25_VALUE":0,"MEDIAN_VALUE":0,"P75_VALUE":1200,"P90_VALUE":6000,"MAX_VALUE":6000},"REFILLS_DISTRIBUTION":{"CATEGORY":"Refills","MIN_VALUE":0,"P10_VALUE":0,"P25_VALUE":0,"MEDIAN_VALUE":0,"P75_VALUE":0,"P90_VALUE":0,"MAX_VALUE":0}}
