{"AGE_AT_FIRST_EXPOSURE":{"CATEGORY":["MALE","FEMALE"],"MIN_VALUE":[0,0],"P10_VALUE":[0,0],"P25_VALUE":[0,0],"MEDIAN_VALUE":[0,0],"P75_VALUE":[2,1],"P90_VALUE":[9,11],"MAX_VALUE":[91,85]},"DAYS_SUPPLY_DISTRIBUTION":{"CATEGORY":"Days supply","MIN_VALUE":0,"P10_VALUE":0,"P25_VALUE":0,"MEDIAN_VALUE":30,"P75_VALUE":30,"P90_VALUE":30,"MAX_VALUE":90},"DRUGS_BY_TYPE":{"CONCEPT_NAME":["Inpatient administration","Prescription written"],"COUNT_VALUE":[2277,389]},"PREVALENCE_BY_GENDER_AGE_YEAR":{"TRELLIS_NAME":["0-9","0-9","0-9","0-9","0-9","0-9","0-9","0-9","0-9","0-9","0-9","0-9","0-9","0-9","0-9","0-9","0-9","0-9","0-9","0-9","0-9","0-9","0-9"],"SERIES_NAME":["MALE","MALE","FEMALE","FEMALE","MALE","MALE","FEMALE","FEMALE","MALE","FEMALE","MALE","FEMALE","MALE","MALE","FEMALE","MALE","FEMALE","FEMALE","MALE","FEMALE","MALE","MALE","FEMALE"],"X_CALENDAR_YEAR":[2004,2005,2005,2006,2006,2007,2007,2008,2008,2009,2009,2010,2010,2011,2011,2012,2012,2013,2013,2014,2014,2015,2015],"Y_PREVALENCE_1000PP":[0.38421,0.86906,0.51385,0.51711,0.60797,0.35596,0.36324,0.65617,0.51669,0.38072,0.4763,0.97076,0.68402,0.73173,1.10141,1.21126,1.60559,1.64245,0.85997,1.57949,1.65276,1.4606,1.07929]},"PREVALENCE_BY_MONTH":{"X_CALENDAR_MONTH":["200503","200504","200509","200609","200801","200811","200903","200904","201004","201005","201007","201008","201010","201011","201012","201101","201102","201106","201108","201109","201110","201111","201112","201201","201202","201203","201204","201205","201206","201207","201208","201209","201210","201212","201301","201302","201303","201307","201308","201309","201311","201312","201401","201402","201403","201404","201405","201406","201407","201410","201411","201412","201501","201502","201503","201504","201505"],"Y_PREVALENCE_1000PP":[0.02763,0.02699,0.02461,0.02167,0.02619,0.02216,0.02185,0.01872,0.02168,0.0186,0.02174,0.01866,0.0343,0.01875,0.02196,0.0346,0.02207,0.02871,0.01932,0.04208,0.02595,0.02604,0.02616,0.0328,0.03951,0.03957,0.0299,0.02336,0.03366,0.0373,0.03408,0.02404,0.03449,0.02446,0.02809,0.03195,0.0286,0.02605,0.05657,0.0382,0.02752,0.04393,0.03248,0.05801,0.04612,0.06434,0.03521,0.05898,0.04689,0.06859,0.0396,0.03595,0.05221,0.10093,0.0482,0.0786,0.13961]},"QUANTITY_DISTRIBUTION":{"CATEGORY":"Quantity","MIN_VALUE":0,"P10_VALUE":0,"P25_VALUE":0,"MEDIAN_VALUE":54,"P75_VALUE":112,"P90_VALUE":270,"MAX_VALUE":1680},"REFILLS_DISTRIBUTION":{"CATEGORY":"Refills","MIN_VALUE":0,"P10_VALUE":0,"P25_VALUE":0,"MEDIAN_VALUE":0,"P75_VALUE":2,"P90_VALUE":4,"MAX_VALUE":5}}
