{"AGE_AT_FIRST_EXPOSURE":{"CATEGORY":["FEMALE","MALE"],"MIN_VALUE":[8,9],"P10_VALUE":[21,21],"P25_VALUE":[31,31],"MEDIAN_VALUE":[49,54],"P75_VALUE":[65,67],"P90_VALUE":[79,76],"MAX_VALUE":[100,91]},"DAYS_SUPPLY_DISTRIBUTION":{"CATEGORY":"Days supply","MIN_VALUE":0,"P10_VALUE":0,"P25_VALUE":0,"MEDIAN_VALUE":7,"P75_VALUE":30,"P90_VALUE":30,"MAX_VALUE":84},"DRUGS_BY_TYPE":{"CONCEPT_NAME":["Prescription written","Inpatient administration"],"COUNT_VALUE":[389,993]},"PREVALENCE_BY_GENDER_AGE_YEAR":{"TRELLIS_NAME":["60-69","60-69","50-59","20-29","70-79","60-69","20-29","30-39","50-59","40-49","30-39","30-39","20-29","10-19","40-49","70-79","50-59","20-29","60-69","60-69","30-39","20-29","20-29","30-39","70-79","50-59","40-49","50-59","60-69"],"SERIES_NAME":["MALE","FEMALE","MALE","FEMALE","MALE","FEMALE","MALE","MALE","MALE","FEMALE","MALE","FEMALE","MALE","FEMALE","MALE","MALE","MALE","MALE","MALE","FEMALE","FEMALE","MALE","FEMALE","FEMALE","MALE","MALE","FEMALE","FEMALE","MALE"],"X_CALENDAR_YEAR":[2004,2005,2008,2008,2009,2009,2009,2010,2011,2012,2012,2012,2012,2012,2012,2013,2013,2013,2013,2013,2013,2014,2014,2014,2014,2014,2014,2014,2015],"Y_PREVALENCE_1000PP":[0.66275,0.33608,0.40367,0.15415,0.62544,0.258,0.3062,0.35298,0.3932,0.28664,0.49941,0.29375,0.5148,0.26082,0.41956,0.4456,0.32007,0.60021,0.37558,0.25871,0.24819,0.62069,0.39748,0.38546,0.54735,0.81785,0.39827,0.41838,0.66591]},"PREVALENCE_BY_MONTH":{"X_CALENDAR_MONTH":["200401","200403","200408","200501","200502","200508","200509","200605","200612","200702","200705","200808","200809","200810","200903","200904","200912","201006","201008","201010","201011","201101","201103","201104","201108","201109","201111","201112","201201","201202","201203","201204","201206","201207","201208","201209","201210","201211","201212","201301","201302","201303","201304","201306","201307","201308","201309","201310","201311","201312","201401","201402","201403","201404","201405","201406","201407","201408","201409","201410","201411","201412","201501","201502","201503","201504","201505"],"Y_PREVALENCE_1000PP":[0.13897,0.07892,0.03626,0.03407,0.0285,0.02915,0.02871,0.02231,0.02124,0.02095,0.02387,0.02881,0.01911,0.01901,0.02185,0.02496,0.02484,0.0248,0.02489,0.03742,0.01875,0.01887,0.01888,0.0285,0.01932,0.01942,0.01953,0.02616,0.02624,0.02634,0.05935,0.02658,0.0303,0.02035,0.02386,0.02404,0.02759,0.02431,0.03844,0.02809,0.02485,0.0286,0.02522,0.02579,0.03349,0.03394,0.04202,0.03473,0.05504,0.02796,0.03654,0.04558,0.05031,0.03002,0.02641,0.05444,0.05157,0.05358,0.05553,0.07387,0.06222,0.10786,0.09789,0.09372,0.11248,0.12773,0.12565]},"QUANTITY_DISTRIBUTION":{"CATEGORY":"Quantity","MIN_VALUE":0,"P10_VALUE":0,"P25_VALUE":0,"MEDIAN_VALUE":14,"P75_VALUE":60,"P90_VALUE":60,"MAX_VALUE":10000},"REFILLS_DISTRIBUTION":{"CATEGORY":"Refills","MIN_VALUE":0,"P10_VALUE":0,"P25_VALUE":0,"MEDIAN_VALUE":0,"P75_VALUE":0,"P90_VALUE":2,"MAX_VALUE":6}}
