{"AGE_AT_FIRST_EXPOSURE":{"CATEGORY":["MALE","FEMALE"],"MIN_VALUE":[43,42],"P10_VALUE":[51,54],"P25_VALUE":[58,62],"MEDIAN_VALUE":[66,68],"P75_VALUE":[71,76],"P90_VALUE":[78,82],"MAX_VALUE":[95,97]},"PREVALENCE_BY_GENDER_AGE_YEAR":{"TRELLIS_NAME":["60-69","60-69","70-79","70-79","70-79","50-59","60-69","60-69","70-79","50-59","70-79","60-69"],"SERIES_NAME":["FEMALE","MALE","MALE","FEMALE","MALE","MALE","FEMALE","MALE","FEMALE","MALE","MALE","FEMALE"],"X_CALENDAR_YEAR":[2011,2012,2012,2013,2013,2013,2013,2014,2014,2014,2014,2014],"Y_PREVALENCE_1000PP":[0.24895,0.424,0.44981,0.42543,0.51987,0.58679,0.34495,0.67843,0.57949,0.40893,0.54735,0.31737]},"PREVALENCE_BY_MONTH":{"X_CALENDAR_MONTH":["201112","201303","201304","201310","201402","201405","201406"],"Y_PREVALENCE_1000PP":[0.01962,0.02145,0.02162,0.02316,0.03729,0.02641,0.04537]},"LENGTH_OF_ERA":{"CATEGORY":"Length of Era","MIN_VALUE":0,"P10_VALUE":0,"P25_VALUE":0,"MEDIAN_VALUE":0,"P75_VALUE":30,"P90_VALUE":30,"MAX_VALUE":180}}
