{"AGE_AT_FIRST_EXPOSURE":{"CATEGORY":["MALE","FEMALE"],"MIN_VALUE":[1,0],"P10_VALUE":[15,20],"P25_VALUE":[27,37],"MEDIAN_VALUE":[44,53],"P75_VALUE":[61,67],"P90_VALUE":[73,79],"MAX_VALUE":[99,102]},"PREVALENCE_BY_GENDER_AGE_YEAR":{"TRELLIS_NAME":["60-69","50-59","60-69","60-69","40-49","70-79","60-69","70-79","50-59","80-89","20-29","60-69","40-49","50-59","70-79","60-69","80-89","40-49","70-79","50-59","60-69","30-39","60-69","20-29","50-59","40-49","70-79","70-79","30-39","50-59","20-29","30-39","50-59","70-79","40-49","10-19","10-19","60-69","30-39","30-39","40-49","70-79","50-59","80-89","20-29","20-29","40-49","60-69","70-79","50-59","40-49","40-49","50-59","10-19","10-19","30-39","20-29","20-29","60-69","60-69","30-39","30-39","60-69","20-29","20-29","40-49","50-59","50-59","10-19","70-79","10-19","60-69","60-69"],"SERIES_NAME":["FEMALE","FEMALE","FEMALE","FEMALE","FEMALE","FEMALE","FEMALE","FEMALE","FEMALE","FEMALE","FEMALE","FEMALE","FEMALE","FEMALE","FEMALE","MALE","FEMALE","FEMALE","FEMALE","FEMALE","FEMALE","FEMALE","FEMALE","FEMALE","FEMALE","FEMALE","FEMALE","MALE","MALE","FEMALE","MALE","FEMALE","MALE","FEMALE","FEMALE","FEMALE","MALE","FEMALE","MALE","FEMALE","FEMALE","FEMALE","FEMALE","FEMALE","FEMALE","MALE","MALE","FEMALE","FEMALE","FEMALE","FEMALE","MALE","MALE","FEMALE","MALE","MALE","MALE","FEMALE","MALE","FEMALE","MALE","FEMALE","MALE","FEMALE","MALE","FEMALE","FEMALE","MALE","FEMALE","FEMALE","MALE","FEMALE","FEMALE"],"X_CALENDAR_YEAR":[2004,2005,2005,2006,2006,2006,2007,2007,2007,2008,2008,2008,2008,2008,2008,2009,2009,2009,2009,2009,2009,2010,2010,2010,2010,2010,2010,2010,2011,2011,2011,2011,2011,2011,2011,2011,2011,2011,2012,2012,2012,2012,2012,2012,2012,2012,2012,2012,2013,2013,2013,2013,2013,2013,2013,2013,2013,2013,2013,2013,2014,2014,2014,2014,2014,2014,2014,2014,2014,2014,2014,2014,2015],"Y_PREVALENCE_1000PP":[0.41722,0.28523,0.4481,0.45281,0.20518,0.41394,0.33017,0.40169,0.35922,0.78608,0.15415,0.63057,0.48581,0.52274,0.64746,0.3283,0.64781,0.32149,0.37893,0.51273,0.68799,0.15752,0.5869,0.15003,0.41069,0.42029,0.43882,0.45444,0.97081,0.55852,0.75483,0.21814,0.44235,0.68082,0.37112,0.30016,0.4169,0.45641,0.49941,0.235,0.39412,0.61218,0.47409,0.64007,0.30522,0.5148,0.35963,0.84228,0.4862,0.5348,0.4274,0.38787,0.4801,0.41944,0.40597,0.51951,0.32739,0.17669,0.32192,0.90548,0.5071,0.45555,0.45228,0.46373,0.62069,0.66378,0.83675,0.40893,0.48559,0.57949,0.46987,0.77077,0.4482]},"PREVALENCE_BY_MONTH":{"X_CALENDAR_MONTH":["200503","200511","200604","200704","200710","200711","200712","200801","200802","200804","200805","200806","200807","200808","200809","200810","200811","200812","200901","200902","200903","200904","200905","200906","200907","200908","200909","200910","200911","200912","201001","201003","201004","201005","201006","201007","201008","201009","201010","201011","201012","201101","201102","201103","201104","201105","201106","201107","201108","201109","201110","201111","201112","201201","201202","201203","201204","201205","201206","201208","201209","201210","201211","201212","201301","201302","201303","201304","201305","201306","201308","201309","201310","201311","201312","201401","201402","201403","201404","201405","201406","201407","201408","201409","201410","201412","201501","201502","201503","201504"],"Y_PREVALENCE_1000PP":[0.02763,0.0319,0.0226,0.02064,0.0232,0.02644,0.02639,0.03601,0.03917,0.03237,0.02582,0.03219,0.02563,0.01921,0.02867,0.03168,0.02216,0.03467,0.04084,0.02823,0.03434,0.03745,0.02178,0.02178,0.03115,0.02805,0.02178,0.02794,0.03105,0.04036,0.02795,0.02784,0.03097,0.04031,0.0248,0.02485,0.01866,0.02494,0.02495,0.03126,0.03137,0.04089,0.03468,0.01888,0.04116,0.04127,0.03828,0.0385,0.03542,0.06151,0.04866,0.03256,0.0556,0.02952,0.0428,0.04946,0.01993,0.0367,0.0606,0.06134,0.03091,0.03794,0.04514,0.03495,0.07023,0.03195,0.04648,0.05405,0.03637,0.04053,0.0264,0.04584,0.03473,0.03931,0.0639,0.04872,0.04144,0.10901,0.03431,0.07482,0.07712,0.09377,0.05845,0.07067,0.07914,0.08389,0.05874,0.04326,0.16872,0.12773]},"LENGTH_OF_ERA":{"CATEGORY":"Length of Era","MIN_VALUE":0,"P10_VALUE":0,"P25_VALUE":0,"MEDIAN_VALUE":1,"P75_VALUE":14,"P90_VALUE":30,"MAX_VALUE":699}}
