{"AGE_AT_FIRST_EXPOSURE":{"CATEGORY":["MALE","FEMALE"],"MIN_VALUE":[16,12],"P10_VALUE":[44,38],"P25_VALUE":[52,52],"MEDIAN_VALUE":[63,64],"P75_VALUE":[73,75],"P90_VALUE":[80,80],"MAX_VALUE":[94,93]},"PREVALENCE_BY_GENDER_AGE_YEAR":{"TRELLIS_NAME":["60-69","70-79","50-59","70-79","60-69","70-79","50-59","50-59","60-69","70-79","60-69","80-89","60-69","60-69","70-79","50-59","70-79","50-59","50-59","70-79","60-69","80-89","60-69","40-49","70-79","70-79","50-59","70-79","50-59","60-69","60-69","70-79","50-59","50-59","60-69"],"SERIES_NAME":["FEMALE","MALE","FEMALE","FEMALE","MALE","FEMALE","MALE","FEMALE","FEMALE","MALE","MALE","MALE","MALE","FEMALE","MALE","MALE","FEMALE","MALE","FEMALE","FEMALE","MALE","FEMALE","FEMALE","MALE","MALE","FEMALE","FEMALE","MALE","MALE","MALE","FEMALE","MALE","MALE","FEMALE","FEMALE"],"X_CALENDAR_YEAR":[2008,2008,2008,2008,2008,2009,2009,2009,2009,2009,2009,2009,2011,2011,2011,2011,2011,2012,2012,2012,2012,2012,2012,2012,2012,2013,2013,2013,2013,2013,2013,2014,2014,2014,2014],"Y_PREVALENCE_1000PP":[0.45041,0.47278,0.2091,0.38848,0.34294,0.75786,0.29605,0.34182,0.344,1.09452,0.9849,1.12179,0.41273,0.4979,0.52118,0.2949,0.8046,0.40781,0.21881,0.61218,0.901,0.64007,0.25268,0.65931,0.59975,0.36465,0.2292,0.4456,0.4801,0.48288,0.34495,0.46915,0.40893,0.25103,0.49873]},"PREVALENCE_BY_MONTH":{"X_CALENDAR_MONTH":["200807","200810","200811","200812","200901","200902","200903","200904","200905","200906","200907","200908","200909","200910","200912","201104","201105","201107","201108","201109","201110","201111","201112","201201","201202","201204","201206","201207","201208","201209","201210","201211","201303","201304","201305","201307","201405","201407","201411","201412"],"Y_PREVALENCE_1000PP":[0.01922,0.02534,0.05382,0.03152,0.02199,0.01882,0.01873,0.03121,0.02801,0.04977,0.01869,0.02494,0.028,0.01863,0.02484,0.02533,0.03175,0.02567,0.02898,0.01942,0.02595,0.02604,0.01962,0.01968,0.01976,0.02658,0.03703,0.0373,0.0443,0.02404,0.04139,0.0382,0.02503,0.02162,0.02182,0.04094,0.03081,0.03282,0.03394,0.03595]},"LENGTH_OF_ERA":{"CATEGORY":"Length of Era","MIN_VALUE":0,"P10_VALUE":0,"P25_VALUE":0,"MEDIAN_VALUE":0,"P75_VALUE":30,"P90_VALUE":180,"MAX_VALUE":827}}
