{"AGE_AT_FIRST_EXPOSURE":{"CATEGORY":["MALE","FEMALE"],"MIN_VALUE":[0,0],"P10_VALUE":[0,0],"P25_VALUE":[1,1],"MEDIAN_VALUE":[16,19],"P75_VALUE":[49,52],"P90_VALUE":[71,71],"MAX_VALUE":[95,96]},"PREVALENCE_BY_GENDER_AGE_YEAR":{"TRELLIS_NAME":["0-9","0-9","0-9","0-9","10-19","0-9","40-49","0-9","0-9","0-9","30-39","60-69","40-49","0-9","10-19","70-79","0-9","60-69","50-59","50-59","40-49","60-69","80-89","50-59","50-59","0-9","0-9","70-79","60-69","70-79","0-9","10-19","0-9","0-9","0-9","0-9","10-19","10-19","0-9","0-9","60-69","20-29","0-9","40-49","40-49","50-59","0-9","0-9","0-9"],"SERIES_NAME":["FEMALE","MALE","FEMALE","MALE","FEMALE","FEMALE","MALE","MALE","MALE","FEMALE","MALE","MALE","MALE","FEMALE","FEMALE","MALE","MALE","FEMALE","FEMALE","MALE","FEMALE","MALE","MALE","MALE","FEMALE","MALE","FEMALE","MALE","MALE","FEMALE","FEMALE","FEMALE","MALE","FEMALE","MALE","FEMALE","FEMALE","MALE","MALE","FEMALE","MALE","FEMALE","FEMALE","MALE","FEMALE","FEMALE","MALE","FEMALE","MALE"],"X_CALENDAR_YEAR":[2004,2004,2005,2005,2006,2006,2006,2006,2007,2007,2008,2008,2008,2008,2008,2008,2008,2008,2008,2008,2008,2009,2009,2009,2009,2009,2009,2009,2010,2010,2010,2011,2011,2011,2012,2012,2012,2012,2013,2013,2013,2014,2014,2014,2014,2014,2014,2015,2015],"Y_PREVALENCE_1000PP":[0.66291,0.48026,0.60728,0.78629,0.2711,0.60329,0.35545,0.68397,0.78311,0.8072,0.42628,0.40009,0.812,0.88776,0.33047,0.47278,0.93004,0.31529,0.2091,0.35321,0.35626,0.3283,0.96154,0.34539,0.23928,0.23815,0.45686,0.46908,0.42054,0.43882,0.46597,0.38592,0.83627,0.82606,0.64125,0.4014,0.26082,0.37771,1.19649,1.13708,0.32192,0.19874,0.92911,0.44474,0.26551,0.41838,0.99165,1.07929,0.7303]},"PREVALENCE_BY_MONTH":{"X_CALENDAR_MONTH":["200401","200402","200407","200501","200504","200506","200507","200510","200511","200604","200606","200611","200612","200701","200702","200703","200704","200706","200708","200710","200711","200712","200801","200802","200803","200804","200805","200806","200807","200808","200809","200810","200811","200812","200901","200902","200903","200904","200905","200906","200907","200908","200912","201001","201003","201007","201008","201009","201103","201105","201106","201107","201108","201109","201110","201111","201203","201205","201207","201210","201211","201212","201301","201302","201303","201304","201305","201306","201308","201311","201312","201401","201402","201403","201404","201405","201406","201409","201410","201411","201501","201503"],"Y_PREVALENCE_1000PP":[0.17867,0.07838,0.05128,0.02921,0.02699,0.03014,0.03395,0.02424,0.03589,0.03391,0.02952,0.03198,0.02478,0.02103,0.02445,0.05872,0.03096,0.02377,0.02354,0.04641,0.02975,0.0231,0.05238,0.02612,0.06171,0.03237,0.06455,0.01931,0.06408,0.04482,0.01911,0.03168,0.03166,0.05043,0.01885,0.01882,0.02497,0.03121,0.02178,0.028,0.05607,0.03117,0.02484,0.02174,0.04022,0.02796,0.028,0.0187,0.02832,0.03175,0.02871,0.0385,0.02898,0.0259,0.03244,0.03256,0.02308,0.02336,0.02035,0.03104,0.04861,0.03495,0.02809,0.0284,0.03575,0.04684,0.06546,0.05896,0.0264,0.04324,0.03594,0.03654,0.02486,0.03354,0.06434,0.05282,0.05444,0.03534,0.07387,0.0396,0.03916,0.09641]},"LENGTH_OF_ERA":{"CATEGORY":"Length of Era","MIN_VALUE":0,"P10_VALUE":1,"P25_VALUE":1,"MEDIAN_VALUE":1,"P75_VALUE":1,"P90_VALUE":9,"MAX_VALUE":388}}
