{"AGE_AT_FIRST_EXPOSURE":{"CATEGORY":["MALE","FEMALE"],"MIN_VALUE":[0,0],"P10_VALUE":[9,5],"P25_VALUE":[30,27],"MEDIAN_VALUE":[53,49],"P75_VALUE":[61,60],"P90_VALUE":[66,65],"MAX_VALUE":[83,91]},"PREVALENCE_BY_GENDER_AGE_YEAR":{"TRELLIS_NAME":["60-69","60-69","50-59","50-59"],"SERIES_NAME":["MALE","FEMALE","FEMALE","MALE"],"X_CALENDAR_YEAR":[2004,2004,2004,2009],"Y_PREVALENCE_1000PP":[0.66275,0.48675,0.5063,0.34539]},"PREVALENCE_BY_MONTH":{"X_CALENDAR_MONTH":["200405","200406","200504","200505","200506","200610","200903","200911","201005","201006"],"Y_PREVALENCE_1000PP":[0.04526,0.05476,0.03599,0.02637,0.02583,0.02145,0.02809,0.01863,0.0186,0.0217]},"LENGTH_OF_ERA":{"CATEGORY":"Length of Era","MIN_VALUE":0,"P10_VALUE":1,"P25_VALUE":1,"MEDIAN_VALUE":1,"P75_VALUE":6,"P90_VALUE":21,"MAX_VALUE":275}}
