{"AGE_AT_FIRST_EXPOSURE":{"CATEGORY":["MALE","FEMALE"],"MIN_VALUE":[1,9],"P10_VALUE":[42,36],"P25_VALUE":[54,49],"MEDIAN_VALUE":[68,63],"P75_VALUE":[78,78],"P90_VALUE":[84,87],"MAX_VALUE":[98,97]},"PREVALENCE_BY_GENDER_AGE_YEAR":{"TRELLIS_NAME":["60-69","60-69","50-59","70-79","50-59","60-69","40-49","70-79","50-59","80-89","60-69","40-49","70-79","70-79","50-59","70-79","80-89","60-69","80-89","50-59","40-49","60-69","70-79","80-89","70-79","50-59","60-69","60-69","80-89","70-79","50-59"],"SERIES_NAME":["FEMALE","MALE","FEMALE","FEMALE","MALE","FEMALE","FEMALE","FEMALE","MALE","FEMALE","FEMALE","FEMALE","MALE","MALE","MALE","FEMALE","MALE","MALE","FEMALE","MALE","FEMALE","FEMALE","MALE","MALE","MALE","FEMALE","FEMALE","FEMALE","FEMALE","MALE","FEMALE"],"X_CALENDAR_YEAR":[2007,2008,2008,2008,2008,2008,2009,2009,2009,2010,2010,2010,2010,2011,2011,2011,2011,2011,2011,2012,2012,2012,2012,2012,2013,2013,2013,2014,2014,2014,2014],"Y_PREVALENCE_1000PP":[0.28301,0.34294,0.24394,0.38848,0.35321,0.31529,0.1929,0.37893,0.29605,0.74342,0.25153,0.19398,0.90888,0.52118,0.44235,0.61893,1.19421,0.6191,0.83472,0.35683,0.25081,0.37903,0.59975,1.49142,0.59413,0.2674,0.34495,0.45339,0.69971,0.78192,0.25103]},"PREVALENCE_BY_MONTH":{"X_CALENDAR_MONTH":["200609","200705","200710","200711","200712","200801","200803","200806","200808","200811","200902","200903","200904","200905","200906","200907","200908","200909","200910","201001","201003","201004","201005","201006","201007","201008","201010","201101","201102","201103","201104","201105","201106","201111","201112","201203","201204","201205","201206","201208","201210","201211","201212","201301","201304","201306","201308","201311","201401","201402","201403","201410","201411","201504"],"Y_PREVALENCE_1000PP":[0.02529,0.02046,0.01989,0.03305,0.0198,0.01964,0.01949,0.02253,0.02561,0.04115,0.0251,0.01873,0.04681,0.02178,0.02178,0.01869,0.02182,0.02178,0.02484,0.04037,0.03094,0.02787,0.02481,0.0217,0.02174,0.02178,0.01871,0.03145,0.02837,0.03461,0.02216,0.02222,0.0319,0.0293,0.01962,0.03627,0.0299,0.03337,0.03366,0.02386,0.02069,0.02431,0.02097,0.02458,0.02883,0.02211,0.03017,0.02359,0.02842,0.02486,0.02516,0.04748,0.0396,0.09825]},"LENGTH_OF_ERA":{"CATEGORY":"Length of Era","MIN_VALUE":0,"P10_VALUE":0,"P25_VALUE":1,"MEDIAN_VALUE":1,"P75_VALUE":25,"P90_VALUE":120,"MAX_VALUE":1355}}
