{"AGE_AT_FIRST_EXPOSURE":{"CATEGORY":["MALE","FEMALE"],"MIN_VALUE":[0,0],"P10_VALUE":[22,19],"P25_VALUE":[38,30],"MEDIAN_VALUE":[49,43],"P75_VALUE":[59,55],"P90_VALUE":[65,61],"MAX_VALUE":[88,79]},"PREVALENCE_BY_GENDER_AGE_YEAR":{"TRELLIS_NAME":["50-59","50-59","40-49","40-49","50-59","40-49","50-59","40-49","50-59","30-39","40-49","50-59","50-59","60-69","50-59","40-49"],"SERIES_NAME":["MALE","MALE","MALE","MALE","MALE","MALE","MALE","MALE","MALE","FEMALE","MALE","MALE","MALE","MALE","MALE","MALE"],"X_CALENDAR_YEAR":[2004,2005,2007,2008,2008,2009,2009,2010,2010,2011,2011,2011,2012,2013,2013,2014],"Y_PREVALENCE_1000PP":[0.58207,0.45475,0.32918,0.3248,0.30276,0.37507,0.29605,0.43328,0.43694,0.1636,0.62147,0.5898,0.30586,0.32192,0.32007,0.74123]},"PREVALENCE_BY_MONTH":{"X_CALENDAR_MONTH":["200406","200407","200706","201001","201012","201101","201102","201103","201104","201107","201110","201202","201211","201403"],"Y_PREVALENCE_1000PP":[0.04107,0.03846,0.02717,0.01863,0.02823,0.04403,0.04098,0.03461,0.03166,0.02567,0.02595,0.01976,0.02083,0.02935]},"LENGTH_OF_ERA":{"CATEGORY":"Length of Era","MIN_VALUE":0,"P10_VALUE":1,"P25_VALUE":1,"MEDIAN_VALUE":1,"P75_VALUE":30,"P90_VALUE":147,"MAX_VALUE":1047}}
