{"AGE_AT_FIRST_EXPOSURE":{"CATEGORY":["MALE","FEMALE"],"MIN_VALUE":[5,7],"P10_VALUE":[25,30],"P25_VALUE":[46,44],"MEDIAN_VALUE":[59,57],"P75_VALUE":[72,69],"P90_VALUE":[80,80],"MAX_VALUE":[97,97]},"PREVALENCE_BY_GENDER_AGE_YEAR":{"TRELLIS_NAME":["30-39","70-79","50-59","40-49","50-59","60-69","60-69","50-59","40-49","50-59","40-49","50-59","70-79","50-59","80-89","60-69","80-89","60-69","50-59","50-59","40-49","70-79","30-39","80-89","60-69","60-69","70-79","50-59","40-49","50-59","70-79","60-69","20-29","30-39","70-79","40-49","50-59","50-59","60-69","70-79","20-29","60-69","60-69","50-59","40-49","70-79","70-79","50-59","30-39","30-39","50-59","50-59","70-79","40-49","70-79","60-69","60-69","30-39","50-59","70-79","50-59","40-49","70-79","60-69","80-89","20-29","60-69","50-59","70-79","50-59","80-89","30-39","60-69","60-69","70-79","60-69"],"SERIES_NAME":["FEMALE","MALE","MALE","FEMALE","FEMALE","MALE","FEMALE","MALE","FEMALE","FEMALE","FEMALE","FEMALE","FEMALE","MALE","MALE","FEMALE","MALE","FEMALE","FEMALE","MALE","FEMALE","FEMALE","FEMALE","FEMALE","MALE","FEMALE","MALE","MALE","FEMALE","FEMALE","FEMALE","MALE","FEMALE","FEMALE","FEMALE","FEMALE","MALE","FEMALE","FEMALE","MALE","MALE","FEMALE","MALE","MALE","MALE","FEMALE","MALE","FEMALE","FEMALE","MALE","FEMALE","MALE","FEMALE","FEMALE","MALE","MALE","FEMALE","FEMALE","MALE","FEMALE","FEMALE","MALE","MALE","FEMALE","FEMALE","FEMALE","MALE","MALE","FEMALE","FEMALE","MALE","FEMALE","MALE","FEMALE","MALE","MALE"],"X_CALENDAR_YEAR":[2004,2004,2004,2004,2004,2005,2005,2005,2005,2005,2006,2006,2006,2006,2006,2006,2007,2007,2007,2007,2007,2007,2008,2008,2008,2008,2008,2008,2008,2008,2008,2009,2009,2009,2009,2009,2009,2009,2009,2009,2010,2010,2010,2010,2010,2010,2010,2010,2011,2011,2011,2011,2011,2011,2011,2011,2011,2012,2012,2012,2012,2012,2012,2012,2012,2012,2012,2013,2013,2013,2013,2014,2014,2014,2014,2015],"Y_PREVALENCE_1000PP":[0.27726,1.60256,0.49892,0.27712,0.35441,0.53574,0.39209,0.51972,0.22265,0.36672,0.27357,0.3707,0.41394,0.51843,1.14987,0.35218,1.24334,0.47168,0.43107,0.48028,0.40102,0.46863,0.16102,0.89837,0.85734,0.36033,0.55157,0.55505,0.38865,0.41819,0.58271,0.60188,0.17272,0.18259,0.44209,0.32149,0.44407,0.20509,0.344,0.85998,0.30125,0.33537,0.73595,0.48548,0.54159,0.5015,0.83314,0.47914,0.21814,0.36406,0.41889,0.83555,0.68082,0.33738,0.52118,0.6191,0.66387,0.17625,0.56074,0.36731,0.29175,0.41956,0.52478,0.63171,0.64007,0.16648,0.424,0.4801,0.42543,0.4584,1.05469,0.21025,0.50882,0.58941,0.78192,0.57078]},"PREVALENCE_BY_MONTH":{"X_CALENDAR_MONTH":["200401","200402","200403","200407","200408","200411","200412","200505","200506","200508","200509","200510","200512","200601","200602","200604","200605","200606","200607","200608","200701","200702","200703","200704","200706","200708","200710","200711","200712","200801","200803","200804","200805","200806","200807","200808","200809","200810","200811","200812","200901","200903","200904","200905","200906","200907","200908","200909","200910","200911","200912","201001","201002","201003","201004","201005","201006","201007","201008","201009","201010","201011","201012","201101","201102","201103","201104","201105","201106","201107","201108","201109","201110","201111","201112","201201","201202","201203","201204","201205","201206","201207","201208","201210","201211","201212","201301","201302","201303","201304","201305","201307","201308","201309","201310","201312","201401","201402","201403","201404","201405","201407","201408","201410","201411","201412","201501","201502","201503"],"Y_PREVALENCE_1000PP":[0.13897,0.15676,0.07892,0.04487,0.04231,0.06242,0.04519,0.03077,0.04306,0.03747,0.02461,0.02424,0.04343,0.03111,0.03085,0.0226,0.05207,0.02952,0.03669,0.02182,0.02454,0.04889,0.03109,0.03096,0.02717,0.05044,0.03315,0.02975,0.02969,0.03274,0.02598,0.0356,0.02905,0.02575,0.03524,0.05122,0.02867,0.03484,0.03166,0.02837,0.03456,0.02497,0.02496,0.02489,0.03111,0.02803,0.0187,0.01867,0.02173,0.03726,0.03415,0.04037,0.03107,0.02166,0.03716,0.02171,0.04341,0.02174,0.02489,0.03117,0.03118,0.02813,0.03451,0.03774,0.03783,0.02832,0.04749,0.02857,0.04466,0.03529,0.0322,0.03561,0.04541,0.04232,0.02943,0.03936,0.02963,0.04616,0.03322,0.0367,0.03366,0.04409,0.03067,0.02069,0.03125,0.03145,0.03511,0.0355,0.02503,0.02883,0.02546,0.02233,0.03394,0.03056,0.03473,0.02796,0.04466,0.02901,0.02516,0.0386,0.04401,0.03751,0.04383,0.04748,0.0396,0.04194,0.03916,0.05047,0.08034]},"LENGTH_OF_ERA":{"CATEGORY":"Length of Era","MIN_VALUE":0,"P10_VALUE":0,"P25_VALUE":1,"MEDIAN_VALUE":2,"P75_VALUE":26,"P90_VALUE":37,"MAX_VALUE":518}}
