{"AGE_AT_FIRST_EXPOSURE":{"CATEGORY":["MALE","FEMALE"],"MIN_VALUE":[1,1],"P10_VALUE":[10,11],"P25_VALUE":[20,22],"MEDIAN_VALUE":[47,54],"P75_VALUE":[64,70],"P90_VALUE":[75,77],"MAX_VALUE":[94,105]},"PREVALENCE_BY_GENDER_AGE_YEAR":{"TRELLIS_NAME":["60-69","40-49","70-79","50-59","70-79","50-59","10-19","60-69","20-29","60-69","70-79","70-79","50-59","50-59","70-79","10-19"],"SERIES_NAME":["MALE","MALE","FEMALE","FEMALE","FEMALE","MALE","MALE","MALE","MALE","MALE","MALE","FEMALE","MALE","MALE","MALE","MALE"],"X_CALENDAR_YEAR":[2005,2007,2008,2010,2010,2010,2010,2010,2011,2012,2012,2012,2013,2014,2014,2014],"Y_PREVALENCE_1000PP":[0.45921,0.32918,0.38848,0.20535,0.43882,0.29129,0.27215,0.31541,0.30193,0.318,0.52478,0.36731,0.32007,0.35051,0.62554,0.46987]},"PREVALENCE_BY_MONTH":{"X_CALENDAR_MONTH":["200406","200407","200410","200503","200507","200508","200706","200709","200802","200807","200810","200811","200902","200903","200905","200907","200909","200910","200911","200912","201001","201002","201003","201004","201006","201007","201011","201012","201102","201103","201105","201107","201109","201201","201202","201203","201205","201206","201207","201208","201209","201301","201302","201304","201305","201306","201310","201312","201401","201404","201405","201406","201407","201408","201410","201412","201501","201503","201504"],"Y_PREVALENCE_1000PP":[0.05476,0.05128,0.03257,0.03224,0.02546,0.02498,0.02377,0.02344,0.01959,0.02884,0.01901,0.03166,0.02196,0.02185,0.02178,0.01869,0.02178,0.02173,0.01863,0.01863,0.03105,0.02175,0.02784,0.01858,0.0186,0.01864,0.02188,0.02196,0.01892,0.01888,0.02857,0.02246,0.02266,0.02296,0.02305,0.02968,0.03337,0.02693,0.0373,0.02726,0.03778,0.02107,0.02485,0.02883,0.03273,0.02211,0.03473,0.02796,0.02436,0.03002,0.03081,0.05898,0.03282,0.03896,0.05276,0.05393,0.03916,0.08838,0.05895]},"LENGTH_OF_ERA":{"CATEGORY":"Length of Era","MIN_VALUE":0,"P10_VALUE":0,"P25_VALUE":1,"MEDIAN_VALUE":1,"P75_VALUE":30,"P90_VALUE":95,"MAX_VALUE":913}}
