{"AGE_AT_FIRST_EXPOSURE":{"CATEGORY":["FEMALE","MALE"],"MIN_VALUE":[2,1],"P10_VALUE":[38,14],"P25_VALUE":[57,48],"MEDIAN_VALUE":[71,69],"P75_VALUE":[79,79],"P90_VALUE":[87,85],"MAX_VALUE":[96,98]},"PREVALENCE_BY_GENDER_AGE_YEAR":{"TRELLIS_NAME":["60-69","60-69","70-79","60-69","80-89","50-59","70-79","60-69","80-89","80-89","70-79","60-69","80-89","90-99","70-79","70-79","80-89","70-79","70-79"],"SERIES_NAME":["FEMALE","FEMALE","FEMALE","FEMALE","FEMALE","FEMALE","MALE","FEMALE","MALE","FEMALE","FEMALE","FEMALE","FEMALE","FEMALE","MALE","FEMALE","FEMALE","FEMALE","MALE"],"X_CALENDAR_YEAR":[2009,2010,2011,2011,2011,2011,2012,2012,2012,2012,2012,2013,2013,2013,2013,2013,2014,2014,2014],"Y_PREVALENCE_1000PP":[0.301,0.41922,0.99028,0.41492,0.62604,0.31417,0.59975,0.2948,1.044,0.64007,0.73462,0.34495,0.66541,3.38409,0.59413,0.4862,0.69971,0.64387,0.46915]},"PREVALENCE_BY_MONTH":{"X_CALENDAR_MONTH":["201008","201010","201011","201012","201101","201103","201104","201106","201107","201108","201111","201112","201201","201202","201205","201207","201208","201209","201301","201302","201303","201304","201305","201306","201308","201312","201403","201407","201409","201412","201501"],"Y_PREVALENCE_1000PP":[0.04044,0.02495,0.01875,0.01882,0.01887,0.02203,0.02216,0.01914,0.02888,0.01932,0.01953,0.01962,0.01968,0.01976,0.02336,0.02713,0.03408,0.04809,0.0316,0.02485,0.02145,0.02162,0.03637,0.03316,0.0264,0.03594,0.02935,0.03282,0.03029,0.03595,0.04568]},"LENGTH_OF_ERA":{"CATEGORY":"Length of Era","MIN_VALUE":0,"P10_VALUE":0,"P25_VALUE":0,"MEDIAN_VALUE":0,"P75_VALUE":14,"P90_VALUE":84,"MAX_VALUE":764}}
