{"AGE_AT_FIRST_EXPOSURE":{"CATEGORY":["MALE","FEMALE"],"MIN_VALUE":[9,7],"P10_VALUE":[31,18],"P25_VALUE":[40,29],"MEDIAN_VALUE":[50,40],"P75_VALUE":[57,49],"P90_VALUE":[65,59],"MAX_VALUE":[79,91]},"PREVALENCE_BY_GENDER_AGE_YEAR":{"TRELLIS_NAME":["40-49","40-49","40-49","40-49","50-59","50-59","40-49","50-59","50-59","40-49","50-59"],"SERIES_NAME":["FEMALE","MALE","FEMALE","MALE","MALE","MALE","FEMALE","MALE","MALE","FEMALE","FEMALE"],"X_CALENDAR_YEAR":[2004,2004,2005,2005,2006,2008,2009,2009,2010,2011,2013],"Y_PREVALENCE_1000PP":[0.32331,0.59307,0.25976,0.53537,0.40323,0.35321,0.25719,0.44407,0.43694,0.20243,0.2674]},"PREVALENCE_BY_MONTH":{"X_CALENDAR_MONTH":["200401","200404","200407","200408","200411","200501","200506","200509","200512","200704","200801","200905","201001","201101","201102","201104","201308"],"Y_PREVALENCE_1000PP":[0.15882,0.0678,0.03846,0.04231,0.03641,0.02921,0.03014,0.03692,0.03159,0.02064,0.01964,0.01867,0.02174,0.01887,0.02837,0.02533,0.0264]},"LENGTH_OF_ERA":{"CATEGORY":"Length of Era","MIN_VALUE":0,"P10_VALUE":1,"P25_VALUE":1,"MEDIAN_VALUE":1,"P75_VALUE":11,"P90_VALUE":47,"MAX_VALUE":853}}
