{"AGE_AT_FIRST_EXPOSURE":{"CATEGORY":["MALE","FEMALE"],"MIN_VALUE":[4,5],"P10_VALUE":[35,37],"P25_VALUE":[58,54],"MEDIAN_VALUE":[70,70],"P75_VALUE":[78,80],"P90_VALUE":[83,88],"MAX_VALUE":[95,95]},"PREVALENCE_BY_GENDER_AGE_YEAR":{"TRELLIS_NAME":["80-89","80-89","60-69","70-79","70-79","80-89","70-79","60-69","80-89","50-59","70-79","60-69","60-69","80-89","70-79","70-79","30-39","70-79","70-79","60-69","80-89","80-89","70-79","50-59","60-69","80-89","80-89","70-79","60-69","70-79","70-79","80-89","60-69","80-89","60-69","90-99","60-69","80-89","70-79","70-79","50-59","90-99"],"SERIES_NAME":["FEMALE","FEMALE","MALE","MALE","FEMALE","FEMALE","MALE","MALE","MALE","FEMALE","MALE","FEMALE","MALE","MALE","MALE","FEMALE","FEMALE","FEMALE","MALE","MALE","MALE","FEMALE","FEMALE","FEMALE","MALE","FEMALE","MALE","MALE","FEMALE","FEMALE","MALE","MALE","FEMALE","FEMALE","MALE","FEMALE","MALE","MALE","FEMALE","MALE","FEMALE","FEMALE"],"X_CALENDAR_YEAR":[2004,2005,2005,2007,2007,2008,2008,2009,2009,2009,2009,2010,2010,2010,2010,2010,2011,2011,2011,2011,2011,2011,2012,2012,2012,2012,2012,2012,2012,2013,2013,2013,2013,2013,2013,2013,2014,2014,2014,2014,2014,2014],"Y_PREVALENCE_1000PP":[1.00925,0.83519,0.53574,0.48952,0.46863,0.78608,1.02435,0.3283,1.60256,0.23928,0.85998,0.25153,0.31541,1.07842,0.45444,0.43882,0.1636,0.37136,1.04236,0.41273,1.19421,0.83472,0.91827,0.29175,0.53,0.85342,0.89485,0.59975,0.25268,0.85086,0.6684,1.95872,0.56054,0.99811,0.42923,2.53807,0.67843,0.95359,0.83704,0.46915,0.29286,2.61552]},"PREVALENCE_BY_MONTH":{"X_CALENDAR_MONTH":["200406","200407","200412","200501","200505","200507","200509","200512","200608","200611","200702","200711","200712","200802","200803","200805","200806","200807","200808","200809","200810","200811","200902","200903","200904","200905","200906","200908","200909","200910","200911","200912","201001","201003","201004","201005","201006","201008","201011","201012","201101","201102","201103","201104","201105","201107","201108","201109","201110","201111","201201","201203","201204","201205","201206","201207","201208","201209","201210","201212","201301","201302","201304","201305","201306","201307","201308","201309","201310","201311","201312","201401","201403","201404","201405","201408","201409","201411","201412","201501","201503","201505"],"Y_PREVALENCE_1000PP":[0.04107,0.03846,0.04017,0.03894,0.03516,0.03395,0.03281,0.03159,0.02546,0.02132,0.02445,0.02644,0.02639,0.02285,0.02273,0.01937,0.02253,0.02243,0.01921,0.01911,0.03484,0.03166,0.01882,0.01873,0.02496,0.03112,0.03111,0.0187,0.01867,0.02794,0.02174,0.03415,0.02174,0.02784,0.03407,0.02171,0.0186,0.02178,0.01875,0.01882,0.0346,0.02522,0.04091,0.03483,0.02857,0.03529,0.02254,0.02266,0.02919,0.01953,0.02624,0.01978,0.0299,0.04004,0.0303,0.0373,0.03749,0.02404,0.02069,0.02097,0.03511,0.0284,0.02883,0.04,0.04422,0.03721,0.03017,0.04202,0.02702,0.03538,0.03994,0.06496,0.02935,0.0386,0.03521,0.05358,0.04038,0.0396,0.04794,0.04568,0.10444,0.09773]},"LENGTH_OF_ERA":{"CATEGORY":"Length of Era","MIN_VALUE":0,"P10_VALUE":0,"P25_VALUE":1,"MEDIAN_VALUE":1,"P75_VALUE":30,"P90_VALUE":120,"MAX_VALUE":1855}}
