{"AGE_AT_FIRST_EXPOSURE":{"CATEGORY":["MALE","FEMALE"],"MIN_VALUE":[1,1],"P10_VALUE":[26,24],"P25_VALUE":[47,47],"MEDIAN_VALUE":[61,62],"P75_VALUE":[71,72],"P90_VALUE":[78,81],"MAX_VALUE":[95,105]},"PREVALENCE_BY_GENDER_AGE_YEAR":{"TRELLIS_NAME":["70-79","70-79","50-59","50-59","40-49","80-89","60-69","60-69","70-79","50-59","80-89","60-69","60-69","60-69","60-69","40-49","70-79","70-79","60-69","70-79","50-59","70-79","40-49","60-69","60-69","40-49","50-59","60-69","50-59","70-79","50-59","50-59","70-79","60-69","60-69","50-59","70-79","50-59","70-79","40-49","60-69","80-89","60-69","50-59","70-79","50-59","70-79","20-29","60-69","60-69","80-89","60-69","60-69","70-79","70-79","50-59","40-49","50-59","60-69","70-79","60-69"],"SERIES_NAME":["MALE","FEMALE","FEMALE","MALE","MALE","FEMALE","MALE","FEMALE","MALE","MALE","FEMALE","MALE","FEMALE","MALE","FEMALE","MALE","MALE","MALE","FEMALE","MALE","MALE","FEMALE","FEMALE","MALE","FEMALE","FEMALE","MALE","MALE","FEMALE","MALE","FEMALE","MALE","MALE","FEMALE","MALE","MALE","FEMALE","FEMALE","MALE","MALE","FEMALE","FEMALE","MALE","MALE","MALE","FEMALE","FEMALE","MALE","FEMALE","MALE","FEMALE","MALE","FEMALE","FEMALE","MALE","MALE","MALE","FEMALE","FEMALE","MALE","MALE"],"X_CALENDAR_YEAR":[2004,2004,2004,2004,2004,2004,2004,2004,2005,2005,2005,2005,2005,2006,2006,2006,2006,2007,2008,2008,2008,2008,2008,2009,2009,2009,2009,2010,2010,2010,2011,2011,2011,2011,2011,2012,2012,2012,2012,2012,2012,2012,2012,2013,2013,2013,2013,2013,2013,2013,2013,2014,2014,2014,2014,2014,2014,2015,2015,2015,2015],"Y_PREVALENCE_1000PP":[0.80128,0.728,0.40504,0.83153,0.59307,1.00925,0.75743,0.69536,0.57488,0.38979,0.97439,0.84188,0.50412,0.40056,0.60374,0.35545,0.5216,0.5711,0.36033,0.55157,0.35321,0.51797,0.2591,0.71132,0.559,0.22504,0.44407,0.63082,0.30802,0.53018,0.20945,0.4915,0.59564,0.45641,0.41273,0.45879,0.61218,0.21881,1.34943,0.4795,0.5896,0.9601,0.795,0.58679,1.18827,0.3056,0.91163,0.32739,0.4743,1.01942,0.99811,1.46992,0.54407,0.90142,1.09469,0.70102,0.44474,0.44134,0.74699,1.68612,1.04642]},"PREVALENCE_BY_MONTH":{"X_CALENDAR_MONTH":["200402","200404","200405","200406","200411","200412","200501","200502","200503","200505","200506","200509","200511","200512","200601","200602","200604","200605","200606","200607","200611","200701","200702","200703","200705","200706","200708","200710","200801","200802","200803","200804","200805","200809","200810","200901","200902","200903","200904","200906","200908","200910","200911","200912","201001","201002","201003","201009","201011","201012","201102","201103","201104","201105","201106","201107","201108","201110","201111","201112","201201","201202","201203","201204","201205","201206","201207","201209","201210","201211","201212","201301","201302","201303","201304","201305","201306","201307","201308","201309","201310","201311","201312","201401","201403","201404","201405","201406","201407","201408","201409","201410","201411","201412","201501","201502","201503","201504","201505"],"Y_PREVALENCE_1000PP":[0.10451,0.09323,0.07543,0.04107,0.03121,0.13055,0.06815,0.03325,0.03224,0.03956,0.03014,0.02871,0.02791,0.02764,0.02722,0.02699,0.03014,0.02603,0.02214,0.02202,0.02487,0.02103,0.02095,0.02418,0.02046,0.02038,0.02018,0.01989,0.01964,0.03264,0.02273,0.01942,0.02905,0.0223,0.02217,0.02827,0.03451,0.02497,0.02496,0.03111,0.0187,0.03105,0.03416,0.02794,0.02795,0.02175,0.03403,0.0187,0.02188,0.01882,0.02207,0.02203,0.02533,0.03175,0.02871,0.02567,0.01932,0.01946,0.03256,0.02943,0.02952,0.0428,0.03627,0.0299,0.05338,0.03366,0.02374,0.03091,0.03104,0.04861,0.04194,0.05969,0.03195,0.06435,0.05405,0.03637,0.04053,0.03349,0.04526,0.04202,0.06947,0.03145,0.05192,0.0609,0.04612,0.04718,0.03081,0.05898,0.06564,0.0828,0.07067,0.05804,0.05091,0.08389,0.09137,0.09372,0.13658,0.24563,0.20942]},"LENGTH_OF_ERA":{"CATEGORY":"Length of Era","MIN_VALUE":0,"P10_VALUE":1,"P25_VALUE":1,"MEDIAN_VALUE":3,"P75_VALUE":25,"P90_VALUE":38,"MAX_VALUE":1192}}
