{"AGE_AT_FIRST_EXPOSURE":{"CATEGORY":["MALE","FEMALE"],"MIN_VALUE":[22,15],"P10_VALUE":[37,41],"P25_VALUE":[63,47],"MEDIAN_VALUE":[70,55],"P75_VALUE":[79,70],"P90_VALUE":[84,82],"MAX_VALUE":[90,101]},"PREVALENCE_BY_GENDER_AGE_YEAR":{"TRELLIS_NAME":["60-69","90-99","80-89","70-79","50-59","80-89","60-69","50-59","70-79","80-89","40-49","50-59","60-69","60-69","40-49","70-79","50-59","30-39","70-79","40-49","50-59","60-69","60-69","40-49","70-79","50-59","30-39","50-59","40-49","70-79","60-69","80-89","30-39","40-49","50-59","70-79","60-69","40-49","50-59","70-79","30-39","60-69","30-39","60-69","80-89","50-59","40-49","70-79","30-39","50-59","40-49","70-79","60-69"],"SERIES_NAME":["FEMALE","FEMALE","FEMALE","FEMALE","FEMALE","FEMALE","FEMALE","FEMALE","FEMALE","FEMALE","FEMALE","FEMALE","FEMALE","FEMALE","FEMALE","FEMALE","FEMALE","FEMALE","FEMALE","FEMALE","FEMALE","FEMALE","FEMALE","FEMALE","FEMALE","FEMALE","FEMALE","FEMALE","FEMALE","FEMALE","FEMALE","FEMALE","FEMALE","FEMALE","FEMALE","FEMALE","FEMALE","FEMALE","FEMALE","FEMALE","FEMALE","FEMALE","FEMALE","FEMALE","FEMALE","FEMALE","FEMALE","FEMALE","FEMALE","FEMALE","FEMALE","FEMALE","FEMALE"],"X_CALENDAR_YEAR":[2004,2004,2004,2004,2004,2005,2005,2005,2005,2006,2007,2007,2007,2008,2008,2008,2008,2009,2009,2009,2009,2009,2010,2010,2010,2010,2011,2011,2011,2011,2011,2011,2012,2012,2012,2012,2012,2013,2013,2013,2013,2013,2014,2014,2014,2014,2014,2014,2015,2015,2015,2015,2015],"Y_PREVALENCE_1000PP":[0.97351,4.35098,2.69134,1.456,0.30378,1.25278,0.39209,0.28523,0.5303,0.88529,0.23393,0.21553,0.37734,0.31529,0.45343,0.58271,0.48789,0.18259,0.88417,0.64298,0.75201,0.559,0.62883,0.38796,0.68957,0.61604,0.27267,1.3614,1.24831,0.61893,0.5394,0.93907,0.32312,1.25403,1.34933,0.73462,0.92651,1.24335,2.0246,0.54698,0.27921,1.03484,0.49059,0.68009,0.69971,1.84085,1.99133,1.22336,0.3817,1.47113,1.38776,0.62221,0.5229]},"PREVALENCE_BY_MONTH":{"X_CALENDAR_MONTH":["200401","200403","200406","200408","200409","200411","200412","200502","200504","200801","200805","200806","200807","200808","200811","200901","200902","200904","200906","200907","200909","200910","200911","200912","201001","201002","201004","201005","201007","201009","201010","201012","201101","201102","201103","201104","201105","201106","201107","201108","201109","201110","201111","201112","201201","201202","201203","201204","201205","201206","201207","201208","201209","201210","201211","201212","201301","201302","201303","201304","201305","201306","201307","201308","201309","201310","201311","201312","201401","201402","201403","201404","201405","201406","201407","201408","201409","201410","201411","201412","201501","201502","201503","201504","201505"],"Y_PREVALENCE_1000PP":[0.13897,0.08878,0.04791,0.03626,0.05148,0.03641,0.03515,0.03325,0.02699,0.03274,0.01937,0.01931,0.02563,0.01921,0.01899,0.03141,0.02823,0.02808,0.03422,0.01869,0.02178,0.03415,0.02795,0.04036,0.03726,0.02175,0.02168,0.02171,0.02796,0.02494,0.02806,0.02196,0.0346,0.01892,0.03776,0.0285,0.04762,0.04147,0.06096,0.05152,0.03885,0.03244,0.04558,0.0556,0.04592,0.03951,0.04616,0.03322,0.02669,0.0303,0.03391,0.03408,0.06869,0.04484,0.04514,0.04543,0.05618,0.0284,0.0429,0.03963,0.06182,0.05159,0.0521,0.02263,0.02674,0.04631,0.07863,0.05991,0.03248,0.05387,0.05451,0.04289,0.09683,0.03629,0.08439,0.0828,0.09591,0.06859,0.06788,0.10186,0.07179,0.12256,0.12855,0.10808,0.15358]},"LENGTH_OF_ERA":{"CATEGORY":"Length of Era","MIN_VALUE":0,"P10_VALUE":0,"P25_VALUE":1,"MEDIAN_VALUE":1,"P75_VALUE":30,"P90_VALUE":180,"MAX_VALUE":1202}}
