{"AGE_AT_FIRST_EXPOSURE":{"CATEGORY":["MALE","FEMALE"],"MIN_VALUE":[0,0],"P10_VALUE":[1,1],"P25_VALUE":[3,2],"MEDIAN_VALUE":[8,10],"P75_VALUE":[22,37],"P90_VALUE":[63,66],"MAX_VALUE":[96,98]},"PREVALENCE_BY_GENDER_AGE_YEAR":{"TRELLIS_NAME":["0-9","10-19","0-9","0-9","10-19","0-9","10-19","0-9","10-19","0-9","0-9","10-19","0-9","10-19","10-19","10-19","0-9","0-9","10-19","0-9","0-9","10-19","60-69","10-19","10-19","0-9","0-9","10-19","10-19","0-9","0-9","50-59","0-9","0-9","10-19","70-79","10-19","50-59","70-79","70-79","0-9","50-59","10-19","40-49","10-19","0-9","30-39","20-29","20-29","60-69","30-39","30-39","20-29","60-69","20-29","40-49","50-59","0-9","10-19","40-49","50-59","70-79","10-19","0-9","60-69","10-19","60-69","0-9","10-19","0-9","80-89"],"SERIES_NAME":["MALE","MALE","FEMALE","FEMALE","MALE","MALE","FEMALE","FEMALE","MALE","MALE","MALE","MALE","FEMALE","FEMALE","MALE","FEMALE","FEMALE","MALE","MALE","FEMALE","MALE","FEMALE","MALE","FEMALE","MALE","MALE","FEMALE","FEMALE","MALE","MALE","FEMALE","MALE","MALE","FEMALE","FEMALE","MALE","MALE","FEMALE","FEMALE","MALE","FEMALE","MALE","FEMALE","MALE","MALE","MALE","FEMALE","MALE","FEMALE","MALE","MALE","FEMALE","MALE","MALE","FEMALE","FEMALE","FEMALE","FEMALE","FEMALE","MALE","MALE","FEMALE","MALE","MALE","FEMALE","FEMALE","FEMALE","MALE","MALE","FEMALE","FEMALE"],"X_CALENDAR_YEAR":[2004,2004,2004,2005,2005,2005,2005,2006,2006,2006,2007,2007,2007,2007,2008,2008,2008,2008,2009,2009,2009,2009,2010,2010,2010,2010,2010,2011,2011,2011,2011,2012,2012,2012,2012,2012,2012,2013,2013,2013,2013,2013,2013,2013,2013,2013,2013,2013,2013,2013,2014,2014,2014,2014,2014,2014,2014,2014,2014,2014,2014,2014,2014,2014,2014,2015,2015,2015,2015,2015,2015],"Y_PREVALENCE_1000PP":[1.34473,0.56132,1.04961,1.0277,0.34276,1.24152,0.50564,0.99112,0.30477,1.02595,1.10348,0.56518,1.009,0.59448,0.36466,0.41309,0.84916,1.44673,0.62472,0.9518,1.05467,0.32654,0.31541,0.50004,0.40822,0.88922,1.00959,0.60032,0.78747,1.32409,1.14074,0.30586,1.71001,1.28447,0.60859,0.59975,1.08593,0.3056,0.4862,1.03973,2.02148,0.53345,0.60586,0.84039,1.62387,2.69209,0.18614,0.32739,0.17669,0.59019,0.5071,0.35042,0.55862,0.7915,0.39748,0.26551,0.46021,2.74087,1.45678,0.66711,0.70102,0.70826,1.93821,3.47079,0.54407,1.23904,0.74699,1.82575,0.75758,1.24533,1.4782]},"PREVALENCE_BY_MONTH":{"X_CALENDAR_MONTH":["200401","200402","200404","200408","200410","200411","200412","200502","200503","200505","200506","200511","200601","200603","200604","200605","200608","200610","200612","200701","200702","200703","200704","200705","200707","200708","200710","200711","200801","200802","200803","200804","200805","200806","200807","200808","200809","200810","200811","200812","200901","200903","200906","200907","200908","200909","200910","200911","200912","201002","201003","201005","201006","201007","201008","201009","201010","201011","201012","201101","201102","201103","201104","201105","201106","201107","201108","201109","201110","201111","201112","201201","201202","201203","201204","201205","201206","201207","201208","201209","201210","201211","201212","201301","201302","201303","201304","201305","201306","201307","201308","201309","201310","201311","201312","201401","201402","201403","201404","201405","201406","201407","201408","201409","201410","201411","201412","201501","201502","201503","201504","201505"],"Y_PREVALENCE_1000PP":[0.13897,0.07838,0.05933,0.0544,0.038,0.03121,0.03013,0.03325,0.04606,0.02637,0.04736,0.06779,0.02722,0.02656,0.03767,0.02975,0.02909,0.02503,0.02478,0.02454,0.02095,0.03109,0.03784,0.03069,0.03381,0.03027,0.02983,0.01983,0.01964,0.02612,0.03248,0.02266,0.03228,0.02575,0.02884,0.02561,0.03186,0.03484,0.02849,0.02837,0.02513,0.02497,0.04355,0.01869,0.02494,0.03734,0.01863,0.03416,0.03726,0.03729,0.02475,0.04031,0.02791,0.02485,0.028,0.0187,0.05613,0.03438,0.03137,0.0346,0.02522,0.04406,0.0285,0.0381,0.0319,0.04492,0.04186,0.04856,0.04541,0.0293,0.0327,0.01968,0.02963,0.04287,0.04319,0.0367,0.0303,0.06783,0.04771,0.06869,0.06208,0.06945,0.09086,0.05618,0.04615,0.07508,0.04324,0.06546,0.09949,0.09676,0.09805,0.11843,0.07333,0.10615,0.15576,0.1218,0.10774,0.13836,0.13296,0.13644,0.07712,0.14535,0.18995,0.17163,0.14245,0.13011,0.11385,0.11095,0.15861,0.20889,0.2751,0.33507]},"LENGTH_OF_ERA":{"CATEGORY":"Length of Era","MIN_VALUE":0,"P10_VALUE":1,"P25_VALUE":1,"MEDIAN_VALUE":1,"P75_VALUE":1,"P90_VALUE":4,"MAX_VALUE":215}}
