{"AGE_AT_FIRST_EXPOSURE":{"CATEGORY":["MALE","FEMALE"],"MIN_VALUE":[8,18],"P10_VALUE":[22,20],"P25_VALUE":[44,37],"MEDIAN_VALUE":[50,45],"P75_VALUE":[59,52],"P90_VALUE":[63,56],"MAX_VALUE":[70,76]},"PREVALENCE_BY_GENDER_AGE_YEAR":{"TRELLIS_NAME":["40-49","50-59","50-59","40-49","50-59","40-49"],"SERIES_NAME":["MALE","MALE","FEMALE","FEMALE","MALE","MALE"],"X_CALENDAR_YEAR":[2012,2012,2013,2013,2013,2014],"Y_PREVALENCE_1000PP":[0.35963,0.35683,0.2674,0.23313,0.37341,0.51886]},"PREVALENCE_BY_MONTH":{"X_CALENDAR_MONTH":["201102","201202","201301","201303","201406","201407"],"Y_PREVALENCE_1000PP":[0.02207,0.01976,0.02458,0.02503,0.02722,0.02813]},"LENGTH_OF_ERA":{"CATEGORY":"Length of Era","MIN_VALUE":0,"P10_VALUE":0,"P25_VALUE":2,"MEDIAN_VALUE":30,"P75_VALUE":124,"P90_VALUE":226,"MAX_VALUE":1314}}
