{"AGE_AT_FIRST_EXPOSURE":{"CATEGORY":["MALE","FEMALE"],"MIN_VALUE":[0,0],"P10_VALUE":[1,1],"P25_VALUE":[2,5],"MEDIAN_VALUE":[11,19],"P75_VALUE":[46,54],"P90_VALUE":[68,69],"MAX_VALUE":[97,96]},"PREVALENCE_BY_GENDER_AGE_YEAR":{"TRELLIS_NAME":["40-49","60-69","0-9","10-19","0-9","40-49","10-19","10-19","0-9","0-9","60-69","30-39","60-69","20-29","60-69","10-19","0-9","0-9","10-19","40-49","50-59","50-59","0-9","10-19","0-9","70-79","10-19","60-69","50-59","40-49","0-9","10-19","40-49","10-19","0-9","60-69","40-49","50-59","0-9","10-19","70-79","50-59","40-49","10-19","0-9","30-39","60-69","60-69","20-29","20-29","30-39","30-39","20-29","60-69","20-29","50-59","40-49","70-79","40-49","50-59","10-19","0-9","70-79","10-19","0-9","60-69","50-59","10-19","70-79","0-9","0-9","20-29"],"SERIES_NAME":["FEMALE","MALE","MALE","FEMALE","FEMALE","FEMALE","FEMALE","MALE","FEMALE","MALE","FEMALE","FEMALE","MALE","FEMALE","FEMALE","MALE","MALE","FEMALE","FEMALE","FEMALE","FEMALE","FEMALE","MALE","MALE","FEMALE","FEMALE","FEMALE","FEMALE","FEMALE","FEMALE","FEMALE","FEMALE","MALE","MALE","MALE","FEMALE","FEMALE","FEMALE","FEMALE","FEMALE","MALE","MALE","MALE","MALE","MALE","FEMALE","FEMALE","MALE","FEMALE","MALE","MALE","FEMALE","MALE","MALE","FEMALE","FEMALE","FEMALE","FEMALE","MALE","MALE","FEMALE","FEMALE","MALE","MALE","MALE","FEMALE","FEMALE","FEMALE","FEMALE","MALE","FEMALE","FEMALE"],"X_CALENDAR_YEAR":[2005,2007,2008,2008,2008,2009,2009,2009,2009,2009,2009,2010,2010,2010,2010,2010,2010,2010,2010,2010,2010,2011,2011,2011,2011,2011,2011,2011,2012,2012,2012,2012,2012,2012,2012,2012,2013,2013,2013,2013,2013,2013,2013,2013,2013,2013,2013,2013,2013,2013,2014,2014,2014,2014,2014,2014,2014,2014,2014,2014,2014,2014,2014,2014,2014,2014,2015,2015,2015,2015,2015,2015],"Y_PREVALENCE_1000PP":[0.25976,0.36726,0.62003,0.57832,0.69477,0.22504,0.48982,0.44623,0.6853,0.44228,0.301,0.21003,0.31541,0.15003,0.29345,0.27215,0.64982,0.85427,0.66672,0.29097,0.34224,0.34908,1.42862,0.50954,1.06207,0.37136,0.4288,0.29044,0.21881,0.21498,2.08726,0.91288,0.53944,0.9915,2.28001,0.25268,0.4274,0.8022,2.6953,1.21173,0.81693,0.58679,0.38787,0.91343,2.16863,0.21716,0.68989,0.32192,0.20614,0.43651,0.5071,0.28034,0.55862,0.62189,0.39748,1.04594,0.61952,0.70826,0.44474,0.58418,1.83447,3.90226,0.70373,1.46834,3.55343,0.72543,0.44134,0.66717,0.62221,1.97181,2.24159,0.37838]},"PREVALENCE_BY_MONTH":{"X_CALENDAR_MONTH":["200411","200501","200507","200710","200711","200712","200801","200803","200804","200805","200806","200807","200808","200809","200810","200811","200812","200901","200902","200904","200905","200907","200908","200909","200910","200911","200912","201001","201003","201004","201005","201006","201007","201008","201009","201010","201011","201012","201101","201102","201103","201104","201105","201106","201107","201108","201110","201111","201112","201201","201202","201203","201204","201205","201206","201207","201208","201209","201210","201211","201212","201301","201302","201303","201304","201305","201306","201307","201308","201309","201310","201311","201312","201401","201402","201403","201404","201405","201406","201407","201408","201409","201410","201411","201412","201501","201502","201503","201504","201505"],"Y_PREVALENCE_1000PP":[0.03641,0.02921,0.02546,0.01989,0.04297,0.02969,0.05566,0.03897,0.02913,0.02259,0.02575,0.01922,0.02881,0.01911,0.03168,0.02849,0.02837,0.03456,0.02823,0.04057,0.02801,0.04361,0.0187,0.028,0.04036,0.03105,0.02794,0.04347,0.03403,0.05575,0.05581,0.04031,0.0466,0.02489,0.0187,0.04365,0.05314,0.03137,0.0346,0.03468,0.03147,0.04433,0.05714,0.02871,0.05134,0.02898,0.09083,0.04883,0.05233,0.09183,0.06256,0.05935,0.08305,0.09676,0.0505,0.05087,0.03408,0.02404,0.06208,0.09028,0.09435,0.0632,0.06746,0.04648,0.07206,0.06182,0.08107,0.1042,0.13577,0.12225,0.15824,0.12973,0.15975,0.11368,0.18647,0.12998,0.16299,0.23327,0.19962,0.20161,0.11689,0.13125,0.23742,0.14708,0.19774,0.13052,0.1514,0.18478,0.393,0.12565]},"LENGTH_OF_ERA":{"CATEGORY":"Length of Era","MIN_VALUE":0,"P10_VALUE":0,"P25_VALUE":1,"MEDIAN_VALUE":14,"P75_VALUE":30,"P90_VALUE":67,"MAX_VALUE":520}}
