{"AGE_AT_FIRST_EXPOSURE":{"CATEGORY":["MALE","FEMALE"],"MIN_VALUE":[0,0],"P10_VALUE":[2,2],"P25_VALUE":[6,5],"MEDIAN_VALUE":[12,13],"P75_VALUE":[19,19],"P90_VALUE":[43,48],"MAX_VALUE":[69,89]},"PREVALENCE_BY_GENDER_AGE_YEAR":{"TRELLIS_NAME":["0-9","10-19","0-9","10-19","20-29","0-9","0-9","10-19","10-19","10-19","0-9","10-19","0-9","0-9","10-19","10-19","0-9","10-19","10-19","0-9","0-9","10-19","0-9","0-9","10-19","10-19","10-19","0-9","0-9","10-19","0-9","10-19","0-9","10-19","0-9","10-19","0-9","0-9"],"SERIES_NAME":["MALE","MALE","FEMALE","FEMALE","FEMALE","FEMALE","MALE","MALE","FEMALE","FEMALE","FEMALE","MALE","MALE","MALE","MALE","FEMALE","FEMALE","MALE","FEMALE","FEMALE","MALE","MALE","FEMALE","MALE","FEMALE","FEMALE","MALE","MALE","FEMALE","FEMALE","MALE","MALE","MALE","FEMALE","FEMALE","FEMALE","MALE","MALE"],"X_CALENDAR_YEAR":[2004,2004,2004,2004,2005,2005,2005,2005,2005,2006,2006,2006,2006,2007,2007,2007,2007,2008,2008,2008,2008,2009,2009,2009,2009,2010,2010,2010,2010,2011,2011,2011,2012,2012,2012,2013,2013,2014],"Y_PREVALENCE_1000PP":[1.1046,1.05248,0.7734,0.4252,0.22076,0.60728,0.74491,1.0854,0.70789,0.58738,0.64638,0.45715,0.64597,0.85431,0.70648,0.67941,0.32288,1.04841,0.78486,0.61757,0.86115,1.20482,0.41879,0.88456,0.69391,0.87507,1.31537,0.85502,0.62129,0.47168,0.59236,0.46322,0.35625,0.39124,0.36126,0.27963,0.33651,0.41319]},"PREVALENCE_BY_MONTH":{"X_CALENDAR_MONTH":["200401","200403","200406","200407","200408","200409","200410","200411","200412","200501","200502","200503","200504","200505","200506","200507","200508","200509","200510","200511","200512","200601","200602","200603","200604","200605","200606","200608","200609","200610","200612","200701","200702","200703","200704","200705","200706","200707","200709","200710","200711","200712","200801","200803","200804","200805","200806","200808","200809","200810","200811","200812","200901","200902","200903","200904","200905","200906","200907","200908","200909","200910","200911","200912","201001","201002","201003","201004","201005","201006","201007","201008","201009","201010","201011","201012","201101","201102","201104","201106","201107","201108","201110","201111","201204","201208","201209","201304","201307","201308","201410","201412"],"Y_PREVALENCE_1000PP":[0.21838,0.09865,0.07529,0.07692,0.06044,0.07435,0.03257,0.07802,0.05021,0.05354,0.038,0.03685,0.02699,0.04395,0.05598,0.03395,0.05829,0.04512,0.04444,0.03589,0.02369,0.02722,0.02699,0.03035,0.02637,0.04463,0.02952,0.02182,0.03251,0.02503,0.02478,0.05959,0.02095,0.02418,0.02408,0.03069,0.02377,0.03043,0.04018,0.0232,0.03305,0.02639,0.04583,0.04872,0.0356,0.01937,0.02253,0.02241,0.0446,0.02534,0.03482,0.04097,0.02199,0.03451,0.04682,0.02184,0.04045,0.04977,0.04984,0.04364,0.02178,0.03105,0.02795,0.04347,0.04658,0.04661,0.02475,0.02787,0.04651,0.03101,0.04038,0.01866,0.04052,0.0686,0.04064,0.03137,0.02831,0.03468,0.02216,0.02552,0.01925,0.02576,0.01946,0.03256,0.0299,0.02045,0.02061,0.02522,0.02233,0.03771,0.03166,0.04194]},"LENGTH_OF_ERA":{"CATEGORY":"Length of Era","MIN_VALUE":0,"P10_VALUE":1,"P25_VALUE":1,"MEDIAN_VALUE":15,"P75_VALUE":57,"P90_VALUE":168,"MAX_VALUE":840}}
