{"AGE_AT_FIRST_EXPOSURE":{"CATEGORY":["MALE","FEMALE"],"MIN_VALUE":[0,0],"P10_VALUE":[1,1],"P25_VALUE":[1,1],"MEDIAN_VALUE":[2,2],"P75_VALUE":[5,5],"P90_VALUE":[8,9],"MAX_VALUE":[87,92]},"PREVALENCE_BY_GENDER_AGE_YEAR":{"TRELLIS_NAME":["0-9","0-9","10-19","0-9","0-9","10-19","10-19","0-9","0-9","10-19","0-9","10-19","0-9","0-9","10-19","0-9","10-19","10-19","0-9","0-9","10-19","0-9","10-19","0-9","10-19","10-19","0-9","10-19","0-9"],"SERIES_NAME":["FEMALE","MALE","FEMALE","FEMALE","MALE","FEMALE","MALE","MALE","FEMALE","FEMALE","MALE","MALE","FEMALE","MALE","MALE","FEMALE","FEMALE","MALE","MALE","FEMALE","FEMALE","FEMALE","FEMALE","MALE","MALE","FEMALE","FEMALE","MALE","MALE"],"X_CALENDAR_YEAR":[2008,2008,2009,2009,2009,2010,2010,2010,2010,2011,2011,2011,2011,2012,2012,2012,2012,2013,2013,2013,2013,2014,2014,2014,2014,2015,2015,2015,2015],"Y_PREVALENCE_1000PP":[0.42458,0.37891,0.28573,1.86553,1.76913,0.29169,0.36286,5.33534,5.94106,0.34304,8.57173,1.01908,6.29376,12.39758,0.9915,10.5166,0.78247,1.01492,15.92821,12.63424,1.21173,11.4745,1.13305,14.66821,0.93974,2.00152,13.86467,2.48918,17.5272]},"PREVALENCE_BY_MONTH":{"X_CALENDAR_MONTH":["200903","200904","200905","200906","200908","200910","200911","200912","201001","201002","201003","201004","201005","201006","201007","201008","201009","201010","201011","201012","201101","201102","201103","201104","201105","201106","201107","201108","201109","201110","201111","201112","201201","201202","201203","201204","201205","201206","201207","201208","201209","201210","201211","201212","201301","201302","201303","201304","201305","201306","201307","201308","201309","201310","201311","201312","201401","201402","201403","201404","201405","201406","201407","201408","201409","201410","201411","201412","201501","201502","201503","201504","201505"],"Y_PREVALENCE_1000PP":[0.02809,0.05929,0.02801,0.01867,0.03429,0.03415,0.03105,0.08693,0.13042,0.09632,0.04641,0.07123,0.07752,0.05271,0.0963,0.10888,0.05611,0.08107,0.08127,0.15057,0.15411,0.10088,0.14161,0.22164,0.08571,0.11164,0.15722,0.10947,0.04856,0.08758,0.09767,0.12755,0.28205,0.29634,0.18465,0.17274,0.16349,0.12456,0.15939,0.13973,0.11335,0.18279,0.15278,0.30054,0.37571,0.19882,0.2717,0.33149,0.28003,0.15108,0.17491,0.27907,0.17955,0.17753,0.23588,0.29953,0.25985,0.23619,0.26834,0.2745,0.18926,0.20415,0.22505,0.17534,0.22211,0.30601,0.36204,0.43741,0.60041,0.61281,1.14085,1.03163,0.41884]},"LENGTH_OF_ERA":{"CATEGORY":"Length of Era","MIN_VALUE":0,"P10_VALUE":0,"P25_VALUE":5,"MEDIAN_VALUE":7,"P75_VALUE":10,"P90_VALUE":14,"MAX_VALUE":180}}
