{"AGE_AT_FIRST_EXPOSURE":{"CATEGORY":["MALE","FEMALE"],"MIN_VALUE":[0,0],"P10_VALUE":[1,1],"P25_VALUE":[2,6],"MEDIAN_VALUE":[11,20],"P75_VALUE":[35,35],"P90_VALUE":[53,55],"MAX_VALUE":[88,85]},"PREVALENCE_BY_GENDER_AGE_YEAR":{"TRELLIS_NAME":["0-9","0-9","20-29","0-9","0-9","0-9","0-9","10-19","0-9","10-19","0-9","0-9","20-29","10-19","0-9"],"SERIES_NAME":["FEMALE","MALE","FEMALE","FEMALE","MALE","FEMALE","MALE","FEMALE","FEMALE","MALE","MALE","FEMALE","FEMALE","FEMALE","MALE"],"X_CALENDAR_YEAR":[2009,2009,2010,2010,2010,2011,2012,2012,2012,2013,2013,2013,2013,2014,2014],"Y_PREVALENCE_1000PP":[0.22843,0.20413,0.17504,0.34947,0.37621,0.27535,0.57,0.26082,0.52182,0.30448,0.22434,0.33691,0.20614,0.32373,0.41319]},"PREVALENCE_BY_MONTH":{"X_CALENDAR_MONTH":["200906","201001","201006","201008","201103","201201","201205","201206","201207","201305","201306","201307","201403","201407"],"Y_PREVALENCE_1000PP":[0.02178,0.01863,0.0248,0.02489,0.02203,0.01968,0.02002,0.0505,0.02035,0.02182,0.0479,0.02605,0.03354,0.02813]},"LENGTH_OF_ERA":{"CATEGORY":"Length of Era","MIN_VALUE":0,"P10_VALUE":0,"P25_VALUE":2,"MEDIAN_VALUE":23,"P75_VALUE":50,"P90_VALUE":90,"MAX_VALUE":365}}
