{"AGE_AT_FIRST_EXPOSURE":{"CATEGORY":["MALE","FEMALE"],"MIN_VALUE":[4,18],"P10_VALUE":[42,28],"P25_VALUE":[58,40],"MEDIAN_VALUE":[69,63],"P75_VALUE":[78,79],"P90_VALUE":[87,87],"MAX_VALUE":[100,97]},"PREVALENCE_BY_GENDER_AGE_YEAR":{"TRELLIS_NAME":["20-29","80-89","70-79","60-69","50-59","70-79","30-39","80-89","60-69","70-79","40-49","50-59","70-79","70-79","60-69","80-89"],"SERIES_NAME":["FEMALE","FEMALE","MALE","FEMALE","FEMALE","FEMALE","FEMALE","FEMALE","FEMALE","FEMALE","FEMALE","MALE","MALE","FEMALE","FEMALE","FEMALE"],"X_CALENDAR_YEAR":[2012,2012,2012,2012,2012,2012,2013,2013,2013,2013,2013,2013,2013,2014,2014,2014],"Y_PREVALENCE_1000PP":[0.16648,0.85342,0.44981,0.25268,0.25528,0.42853,0.18614,0.88721,0.4743,0.54698,0.23313,0.32007,0.59413,0.5151,0.36271,1.2828]},"PREVALENCE_BY_MONTH":{"X_CALENDAR_MONTH":["201203","201204","201206","201207","201210","201301","201302","201303","201304","201305","201306","201307","201309","201310","201312","201401","201402","201404","201408","201410","201412","201502","201503","201504"],"Y_PREVALENCE_1000PP":[0.02308,0.02325,0.0404,0.02035,0.02759,0.02809,0.0355,0.02503,0.02162,0.02182,0.02579,0.02977,0.03056,0.02702,0.04393,0.02436,0.02901,0.02573,0.03409,0.04748,0.05393,0.05047,0.08034,0.08843]},"LENGTH_OF_ERA":{"CATEGORY":"Length of Era","MIN_VALUE":0,"P10_VALUE":1,"P25_VALUE":1,"MEDIAN_VALUE":2,"P75_VALUE":7,"P90_VALUE":15,"MAX_VALUE":42}}
