{"AGE_AT_FIRST_EXPOSURE":{"CATEGORY":["MALE","FEMALE"],"MIN_VALUE":[1,0],"P10_VALUE":[16,21],"P25_VALUE":[35,40],"MEDIAN_VALUE":[55,55],"P75_VALUE":[71,68],"P90_VALUE":[78,78],"MAX_VALUE":[95,95]},"PREVALENCE_BY_GENDER_AGE_YEAR":{"TRELLIS_NAME":["60-69","50-59","70-79","60-69","70-79","50-59","20-29","60-69","40-49","50-59","70-79","50-59","60-69","20-29","50-59","30-39","50-59","40-49","70-79","70-79","50-59","70-79","50-59","60-69","60-69","70-79","50-59","40-49","70-79","30-39","60-69","80-89","20-29","60-69","80-89","70-79","70-79","40-49","50-59","60-69"],"SERIES_NAME":["FEMALE","FEMALE","MALE","FEMALE","MALE","FEMALE","FEMALE","FEMALE","FEMALE","FEMALE","FEMALE","FEMALE","MALE","FEMALE","FEMALE","FEMALE","FEMALE","FEMALE","FEMALE","MALE","MALE","FEMALE","FEMALE","FEMALE","MALE","MALE","FEMALE","FEMALE","FEMALE","FEMALE","FEMALE","FEMALE","FEMALE","FEMALE","FEMALE","MALE","FEMALE","FEMALE","FEMALE","FEMALE"],"X_CALENDAR_YEAR":[2004,2006,2006,2007,2007,2007,2008,2008,2008,2008,2009,2009,2010,2010,2010,2011,2011,2011,2011,2011,2012,2012,2012,2012,2012,2013,2013,2013,2013,2013,2013,2013,2014,2014,2014,2014,2014,2014,2014,2015],"Y_PREVALENCE_1000PP":[0.48675,0.29656,0.5216,0.28301,0.5711,0.39514,0.17984,0.49545,0.19433,0.38334,0.50524,0.47855,0.36798,0.15003,0.41069,0.21814,0.27926,0.20243,0.37136,0.44673,0.30586,0.55096,0.47409,0.37903,0.371,0.4456,0.6494,0.34969,1.27629,0.21716,0.64677,0.77631,0.26499,1.08814,0.69971,0.54735,0.64387,0.44252,0.54389,0.97109]},"PREVALENCE_BY_MONTH":{"X_CALENDAR_MONTH":["200407","200507","200601","200605","200606","200609","200610","200612","200705","200707","200708","200711","200712","200802","200804","200805","200806","200807","200808","200809","200810","200811","200812","200902","200903","200904","200905","200909","200910","200911","200912","201001","201003","201004","201010","201012","201101","201103","201107","201108","201109","201201","201203","201206","201207","201208","201209","201210","201211","201212","201302","201303","201304","201305","201306","201308","201309","201310","201311","201312","201401","201402","201403","201404","201405","201406","201407","201408","201409","201410","201412","201501","201502","201503","201504","201505"],"Y_PREVALENCE_1000PP":[0.04487,0.02546,0.03111,0.02975,0.02214,0.0289,0.02503,0.02124,0.0341,0.02029,0.02354,0.02975,0.03299,0.02285,0.02913,0.01937,0.03863,0.02563,0.02241,0.02867,0.03484,0.02533,0.01891,0.01882,0.02809,0.02496,0.02489,0.02178,0.03105,0.03105,0.02173,0.02174,0.02475,0.02787,0.03118,0.0251,0.02202,0.02517,0.02567,0.03542,0.02266,0.02624,0.03957,0.02693,0.03052,0.02386,0.03435,0.03449,0.02083,0.03495,0.03905,0.05363,0.06125,0.05455,0.03685,0.02263,0.0382,0.08105,0.04718,0.02396,0.0406,0.03315,0.03354,0.04718,0.05282,0.03176,0.05626,0.04383,0.05553,0.07387,0.0779,0.06526,0.04326,0.06427,0.0786,0.12565]},"LENGTH_OF_ERA":{"CATEGORY":"Length of Era","MIN_VALUE":0,"P10_VALUE":0,"P25_VALUE":1,"MEDIAN_VALUE":1,"P75_VALUE":31,"P90_VALUE":180,"MAX_VALUE":1339}}
