{"AGE_AT_FIRST_EXPOSURE":{"CATEGORY":["MALE","FEMALE"],"MIN_VALUE":[0,0],"P10_VALUE":[3,2],"P25_VALUE":[13,8],"MEDIAN_VALUE":[34,17],"P75_VALUE":[60,40],"P90_VALUE":[67,53],"MAX_VALUE":[80,69]},"PREVALENCE_BY_GENDER_AGE_YEAR":{"TRELLIS_NAME":["0-9","60-69"],"SERIES_NAME":["MALE","MALE"],"X_CALENDAR_YEAR":[2010,2013],"Y_PREVALENCE_1000PP":[0.20521,0.37558]},"PREVALENCE_BY_MONTH":{"X_CALENDAR_MONTH":["200507","200512","201105","201110","201201","201202","201203","201212","201305","201306","201407"],"Y_PREVALENCE_1000PP":[0.02546,0.02369,0.01905,0.01946,0.02296,0.02305,0.02638,0.02446,0.02909,0.02211,0.0422]},"LENGTH_OF_ERA":{"CATEGORY":"Length of Era","MIN_VALUE":0,"P10_VALUE":1,"P25_VALUE":1,"MEDIAN_VALUE":12,"P75_VALUE":47,"P90_VALUE":118,"MAX_VALUE":531}}
