{"AGE_AT_FIRST_EXPOSURE":{"CATEGORY":["MALE","FEMALE"],"MIN_VALUE":[1,1],"P10_VALUE":[10,20],"P25_VALUE":[25,38],"MEDIAN_VALUE":[55,53],"P75_VALUE":[67,65],"P90_VALUE":[74,76],"MAX_VALUE":[88,104]},"PREVALENCE_BY_GENDER_AGE_YEAR":{"TRELLIS_NAME":["60-69","60-69","50-59","70-79","50-59","50-59","30-39","60-69","20-29","50-59","40-49","10-19","40-49","50-59","60-69","30-39","60-69","60-69","50-59"],"SERIES_NAME":["FEMALE","FEMALE","FEMALE","MALE","FEMALE","MALE","FEMALE","FEMALE","FEMALE","FEMALE","FEMALE","MALE","FEMALE","FEMALE","FEMALE","FEMALE","MALE","FEMALE","FEMALE"],"X_CALENDAR_YEAR":[2010,2011,2011,2012,2012,2012,2013,2013,2013,2013,2013,2013,2014,2014,2014,2014,2014,2015,2015],"Y_PREVALENCE_1000PP":[0.25153,0.29044,0.41889,0.44981,0.25528,0.35683,0.37228,0.43118,0.20614,0.4966,0.38855,0.50746,0.48677,0.3347,0.45339,0.28034,0.45228,0.59759,0.58845]},"PREVALENCE_BY_MONTH":{"X_CALENDAR_MONTH":["201105","201109","201203","201204","201206","201208","201209","201211","201301","201302","201303","201304","201305","201306","201307","201308","201309","201310","201311","201312","201401","201402","201405","201406","201407","201411","201412","201501","201502","201503","201504"],"Y_PREVALENCE_1000PP":[0.0381,0.01942,0.01978,0.0299,0.0303,0.02386,0.02061,0.02431,0.03862,0.0213,0.03575,0.02162,0.04728,0.03685,0.02977,0.02263,0.02292,0.02316,0.03538,0.05192,0.03248,0.04144,0.04841,0.04537,0.03751,0.0396,0.0719,0.05874,0.05768,0.12855,0.09825]},"LENGTH_OF_ERA":{"CATEGORY":"Length of Era","MIN_VALUE":0,"P10_VALUE":0,"P25_VALUE":0,"MEDIAN_VALUE":0,"P75_VALUE":30,"P90_VALUE":180,"MAX_VALUE":785}}
