{"AGE_AT_FIRST_EXPOSURE":{"CATEGORY":["MALE","FEMALE"],"MIN_VALUE":[18,3],"P10_VALUE":[31,26],"P25_VALUE":[40,37],"MEDIAN_VALUE":[52,49],"P75_VALUE":[62,66],"P90_VALUE":[73,74],"MAX_VALUE":[89,95]},"PREVALENCE_BY_GENDER_AGE_YEAR":{"TRELLIS_NAME":["30-39","20-29","60-69","40-49","50-59","30-39","20-29","60-69","50-59","40-49","40-49","50-59","50-59","40-49","50-59"],"SERIES_NAME":["FEMALE","FEMALE","FEMALE","FEMALE","MALE","MALE","FEMALE","FEMALE","MALE","MALE","FEMALE","FEMALE","MALE","FEMALE","FEMALE"],"X_CALENDAR_YEAR":[2004,2004,2004,2004,2004,2004,2005,2005,2005,2005,2005,2006,2006,2007,2007],"Y_PREVALENCE_1000PP":[0.27726,0.2315,0.41722,0.64662,0.49892,0.64875,0.18923,0.67216,0.64965,0.60229,0.22265,0.22242,0.51843,0.23393,0.21553]},"PREVALENCE_BY_MONTH":{"X_CALENDAR_MONTH":["200401","200402","200406","200408","200409","200410","200411","200412","200506","200507","200508","200509","200510","200511","200601","200604","200606","200703","200704","200705","200710"],"Y_PREVALENCE_1000PP":[0.11911,0.07838,0.0616,0.0544,0.0572,0.04886,0.03641,0.04017,0.03875,0.02546,0.03331,0.03281,0.04444,0.02791,0.02333,0.0226,0.03321,0.02073,0.02408,0.02046,0.02983]},"LENGTH_OF_ERA":{"CATEGORY":"Length of Era","MIN_VALUE":0,"P10_VALUE":1,"P25_VALUE":1,"MEDIAN_VALUE":1,"P75_VALUE":1,"P90_VALUE":4,"MAX_VALUE":42}}
