{"AGE_AT_FIRST_EXPOSURE":{"CATEGORY":["MALE","FEMALE"],"MIN_VALUE":[15,20],"P10_VALUE":[44,40],"P25_VALUE":[57,48],"MEDIAN_VALUE":[66,66],"P75_VALUE":[77,71],"P90_VALUE":[83,78],"MAX_VALUE":[91,96]},"PREVALENCE_BY_GENDER_AGE_YEAR":{"TRELLIS_NAME":["40-49","80-89","60-69","60-69","80-89","40-49","50-59","70-79","50-59","70-79","70-79","70-79","40-49","60-69","80-89","60-69","70-79","60-69","50-59","70-79","50-59","40-49"],"SERIES_NAME":["FEMALE","FEMALE","FEMALE","MALE","MALE","FEMALE","FEMALE","FEMALE","MALE","MALE","FEMALE","MALE","FEMALE","FEMALE","MALE","FEMALE","MALE","MALE","FEMALE","FEMALE","MALE","FEMALE"],"X_CALENDAR_YEAR":[2011,2013,2013,2013,2013,2013,2013,2013,2013,2013,2014,2014,2014,2014,2014,2015,2015,2015,2015,2015,2015,2015],"Y_PREVALENCE_1000PP":[0.26991,0.88721,0.81925,0.85846,1.35603,0.27198,0.3056,1.51939,0.32007,1.41107,0.83704,0.46915,0.48677,1.22416,1.11252,1.49399,0.77821,0.66591,0.44134,1.14072,0.7548,0.81633]},"PREVALENCE_BY_MONTH":{"X_CALENDAR_MONTH":["201305","201306","201307","201308","201309","201310","201311","201402","201406","201407","201408","201410","201411","201412","201501","201502","201503","201504","201505"],"Y_PREVALENCE_1000PP":[0.05819,0.06264,0.14142,0.04903,0.03056,0.09649,0.02752,0.02486,0.03629,0.05157,0.05845,0.1108,0.04525,0.0779,0.13052,0.0793,0.08838,0.13755,0.26527]},"LENGTH_OF_ERA":{"CATEGORY":"Length of Era","MIN_VALUE":0,"P10_VALUE":1,"P25_VALUE":1,"MEDIAN_VALUE":1,"P75_VALUE":1,"P90_VALUE":5,"MAX_VALUE":180}}
