{"AGE_AT_FIRST_EXPOSURE":{"CATEGORY":["MALE","FEMALE"],"MIN_VALUE":[18,7],"P10_VALUE":[54,49],"P25_VALUE":[63,60],"MEDIAN_VALUE":[74,74],"P75_VALUE":[80,81],"P90_VALUE":[86,88],"MAX_VALUE":[96,100]},"PREVALENCE_BY_GENDER_AGE_YEAR":{"TRELLIS_NAME":["80-89","60-69","60-69","70-79","70-79","50-59","80-89","80-89","70-79","40-49","50-59","60-69","70-79","60-69","60-69","80-89","80-89","50-59","70-79","50-59","40-49","70-79","50-59","70-79","70-79","80-89","60-69","80-89","60-69","90-99","70-79","70-79","60-69","80-89","90-99","80-89","70-79","70-79","80-89","80-89","80-89","70-79"],"SERIES_NAME":["FEMALE","MALE","FEMALE","MALE","FEMALE","FEMALE","MALE","FEMALE","FEMALE","FEMALE","FEMALE","FEMALE","MALE","FEMALE","MALE","MALE","FEMALE","FEMALE","MALE","MALE","FEMALE","FEMALE","FEMALE","FEMALE","MALE","MALE","MALE","FEMALE","FEMALE","FEMALE","FEMALE","MALE","FEMALE","MALE","FEMALE","FEMALE","MALE","FEMALE","FEMALE","MALE","FEMALE","MALE"],"X_CALENDAR_YEAR":[2008,2008,2008,2008,2008,2008,2009,2009,2009,2009,2009,2009,2009,2010,2010,2010,2010,2010,2010,2010,2010,2010,2011,2011,2011,2011,2011,2011,2011,2011,2012,2012,2012,2012,2012,2012,2013,2013,2013,2013,2014,2014],"Y_PREVALENCE_1000PP":[1.34756,0.5144,0.31529,0.47278,0.97119,0.31364,1.76282,1.07968,1.07364,0.1929,0.41019,0.43,0.70362,0.41922,0.84109,1.54059,1.27443,0.20535,0.98462,0.38839,0.19398,0.75226,0.20945,0.49514,1.19127,0.89566,0.87706,1.77379,0.66387,2.73473,0.61218,0.97459,0.2948,1.34228,3.14042,1.70685,0.74267,0.79008,1.10902,1.5067,0.81633,0.54735]},"PREVALENCE_BY_MONTH":{"X_CALENDAR_MONTH":["200805","200807","200808","200810","200811","200812","200901","200903","200905","200906","200908","200909","200910","200911","200912","201001","201002","201003","201004","201006","201007","201008","201010","201011","201012","201101","201102","201103","201104","201105","201106","201107","201108","201109","201110","201111","201112","201201","201202","201203","201204","201205","201206","201207","201208","201210","201211","201212","201301","201303","201304","201307","201312","201404"],"Y_PREVALENCE_1000PP":[0.01937,0.02243,0.02881,0.03168,0.03166,0.03782,0.02827,0.02497,0.02178,0.028,0.0187,0.04978,0.02794,0.03105,0.02794,0.06521,0.02797,0.04331,0.02168,0.04651,0.03106,0.02178,0.02495,0.03126,0.0251,0.0346,0.02837,0.02832,0.019,0.01905,0.02871,0.01925,0.03542,0.04532,0.04541,0.03907,0.03597,0.02624,0.02963,0.03957,0.02658,0.03003,0.03366,0.02713,0.02045,0.03449,0.02083,0.02446,0.02458,0.02145,0.02883,0.02605,0.02396,0.02573]},"LENGTH_OF_ERA":{"CATEGORY":"Length of Era","MIN_VALUE":0,"P10_VALUE":0,"P25_VALUE":0,"MEDIAN_VALUE":5,"P75_VALUE":60,"P90_VALUE":180,"MAX_VALUE":1236}}
