{"AGE_AT_FIRST_EXPOSURE":{"CATEGORY":["MALE","FEMALE"],"MIN_VALUE":[0,0],"P10_VALUE":[30,31],"P25_VALUE":[49,51],"MEDIAN_VALUE":[59,66],"P75_VALUE":[71,78],"P90_VALUE":[78,88],"MAX_VALUE":[93,103]},"PREVALENCE_BY_GENDER_AGE_YEAR":{"TRELLIS_NAME":["70-79","50-59","70-79","60-69","70-79","50-59","60-69","50-59","70-79","60-69","50-59","60-69","60-69","70-79","40-49","60-69","70-79","50-59","40-49","60-69","60-69","70-79","70-79","50-59","60-69","60-69","50-59","60-69"],"SERIES_NAME":["FEMALE","MALE","MALE","FEMALE","MALE","MALE","MALE","MALE","MALE","MALE","MALE","MALE","FEMALE","MALE","FEMALE","MALE","MALE","MALE","MALE","MALE","FEMALE","MALE","MALE","MALE","MALE","MALE","MALE","FEMALE"],"X_CALENDAR_YEAR":[2004,2004,2004,2004,2005,2005,2005,2006,2006,2007,2007,2008,2008,2008,2009,2010,2010,2011,2011,2011,2012,2012,2013,2013,2013,2014,2014,2014],"Y_PREVALENCE_1000PP":[1.001,0.74838,0.68681,0.41722,0.57488,0.45475,0.53574,0.34562,0.60854,0.36726,0.42692,0.34294,0.27025,0.47278,0.22504,0.42054,0.53018,0.34405,0.39548,0.30955,0.25268,0.44981,0.6684,0.53345,0.32192,0.50882,0.46734,0.36271]},"PREVALENCE_BY_MONTH":{"X_CALENDAR_MONTH":["200402","200404","200501","200502","200511","200512","200601","200801","200803","200804","200903","200912","201002","201004","201010","201101","201103","201104","201108","201109","201207","201208","201210","201211","201302","201303","201304","201306","201307","201308","201309","201311","201401","201403","201404","201405","201406","201503","201504"],"Y_PREVALENCE_1000PP":[0.11757,0.05933,0.03407,0.0285,0.03988,0.02369,0.03889,0.02619,0.02273,0.01942,0.01873,0.02484,0.01864,0.03097,0.02183,0.01887,0.02203,0.02216,0.02254,0.01942,0.02035,0.02726,0.02759,0.02083,0.02485,0.02145,0.02162,0.02948,0.04094,0.02263,0.0382,0.02359,0.04872,0.02935,0.05147,0.03961,0.02722,0.0482,0.05895]},"LENGTH_OF_ERA":{"CATEGORY":"Length of Era","MIN_VALUE":0,"P10_VALUE":1,"P25_VALUE":1,"MEDIAN_VALUE":1,"P75_VALUE":6,"P90_VALUE":29,"MAX_VALUE":233}}
