{"AGE_AT_FIRST_EXPOSURE":{"CATEGORY":["MALE","FEMALE"],"MIN_VALUE":[26,29],"P10_VALUE":[45,47],"P25_VALUE":[58,63],"MEDIAN_VALUE":[67,73],"P75_VALUE":[75,80],"P90_VALUE":[81,87],"MAX_VALUE":[91,94]},"PREVALENCE_BY_GENDER_AGE_YEAR":{"TRELLIS_NAME":["70-79","70-79","50-59","60-69","60-69","70-79"],"SERIES_NAME":["MALE","FEMALE","MALE","MALE","MALE","FEMALE"],"X_CALENDAR_YEAR":[2010,2012,2012,2013,2014,2014],"Y_PREVALENCE_1000PP":[0.45444,0.36731,0.30586,0.53654,0.50882,0.45071]},"PREVALENCE_BY_MONTH":{"X_CALENDAR_MONTH":["201105","201205","201210","201304","201309","201407"],"Y_PREVALENCE_1000PP":[0.0254,0.02002,0.02759,0.02162,0.02292,0.03751]},"LENGTH_OF_ERA":{"CATEGORY":"Length of Era","MIN_VALUE":0,"P10_VALUE":0,"P25_VALUE":0,"MEDIAN_VALUE":0,"P75_VALUE":21,"P90_VALUE":30,"MAX_VALUE":183}}
