{"AGE_AT_FIRST_EXPOSURE":{"CATEGORY":["MALE","FEMALE"],"MIN_VALUE":[0,0],"P10_VALUE":[0,0],"P25_VALUE":[0,0],"MEDIAN_VALUE":[0,0],"P75_VALUE":[1,8],"P90_VALUE":[16,59],"MAX_VALUE":[78,90]},"PREVALENCE_BY_GENDER_AGE_YEAR":{"TRELLIS_NAME":["0-9","0-9","0-9","0-9","0-9","0-9","0-9","0-9","0-9","0-9","0-9","0-9","0-9","0-9"],"SERIES_NAME":["FEMALE","MALE","MALE","FEMALE","FEMALE","MALE","MALE","MALE","FEMALE","FEMALE","MALE","FEMALE","MALE","MALE"],"X_CALENDAR_YEAR":[2007,2007,2008,2008,2009,2009,2010,2011,2011,2013,2013,2014,2014,2015],"Y_PREVALENCE_1000PP":[0.44396,0.24917,0.27557,0.42458,0.60915,0.54435,0.51301,0.38329,0.31469,0.25268,0.3739,0.4181,0.41319,0.51121]},"PREVALENCE_BY_MONTH":{"X_CALENDAR_MONTH":["200906","200910","201001","201004"],"Y_PREVALENCE_1000PP":[0.01867,0.01863,0.01863,0.02168]},"LENGTH_OF_ERA":{"CATEGORY":"Length of Era","MIN_VALUE":1,"P10_VALUE":1,"P25_VALUE":1,"MEDIAN_VALUE":1,"P75_VALUE":1,"P90_VALUE":1,"MAX_VALUE":12}}
