{"AGE_AT_FIRST_EXPOSURE":{"CATEGORY":["MALE","FEMALE"],"MIN_VALUE":[13,10],"P10_VALUE":[27,23],"P25_VALUE":[39,33],"MEDIAN_VALUE":[48,44],"P75_VALUE":[55,53],"P90_VALUE":[63,61],"MAX_VALUE":[90,90]},"PREVALENCE_BY_GENDER_AGE_YEAR":{"TRELLIS_NAME":["50-59","40-49","30-39","40-49","50-59","50-59","40-49","50-59","40-49","50-59","40-49","50-59","40-49","30-39","40-49","50-59","50-59","40-49","30-39","30-39","60-69","50-59","40-49","50-59","40-49","30-39","30-39","60-69","20-29","20-29","50-59","30-39","40-49","50-59","40-49","60-69","20-29","30-39","20-29","60-69","20-29","60-69","40-49","50-59","40-49","10-19","10-19","70-79","50-59","30-39","30-39","20-29","20-29","20-29","60-69","60-69","10-19","40-49","50-59","50-59","40-49","70-79","30-39","30-39","20-29","20-29","60-69","60-69","30-39","30-39","50-59","40-49","10-19","40-49","70-79","50-59","50-59","40-49","40-49","50-59","60-69","60-69","20-29","20-29","30-39","30-39","20-29","60-69","20-29","50-59","50-59","40-49","40-49","30-39","30-39"],"SERIES_NAME":["MALE","MALE","FEMALE","MALE","MALE","FEMALE","FEMALE","MALE","MALE","FEMALE","FEMALE","MALE","MALE","MALE","FEMALE","MALE","FEMALE","MALE","FEMALE","MALE","FEMALE","FEMALE","FEMALE","MALE","MALE","MALE","FEMALE","MALE","FEMALE","MALE","FEMALE","MALE","MALE","MALE","FEMALE","MALE","FEMALE","FEMALE","MALE","MALE","FEMALE","FEMALE","MALE","MALE","FEMALE","FEMALE","MALE","MALE","FEMALE","MALE","FEMALE","MALE","MALE","FEMALE","MALE","FEMALE","FEMALE","MALE","MALE","FEMALE","FEMALE","FEMALE","MALE","FEMALE","MALE","FEMALE","MALE","FEMALE","FEMALE","MALE","FEMALE","FEMALE","MALE","MALE","MALE","MALE","MALE","MALE","FEMALE","FEMALE","FEMALE","MALE","FEMALE","MALE","MALE","FEMALE","MALE","MALE","FEMALE","FEMALE","MALE","FEMALE","MALE","MALE","FEMALE"],"X_CALENDAR_YEAR":[2004,2004,2005,2005,2005,2006,2006,2006,2006,2007,2007,2007,2007,2007,2008,2008,2008,2008,2008,2008,2009,2009,2009,2009,2009,2009,2009,2009,2009,2009,2010,2010,2010,2010,2010,2010,2010,2010,2010,2011,2011,2011,2011,2011,2011,2011,2011,2011,2011,2011,2011,2011,2012,2012,2012,2012,2012,2012,2012,2012,2012,2012,2012,2012,2013,2013,2013,2013,2013,2013,2013,2013,2013,2013,2013,2013,2014,2014,2014,2014,2014,2014,2014,2014,2014,2014,2015,2015,2015,2015,2015,2015,2015,2015,2015],"Y_PREVALENCE_1000PP":[0.83153,0.59307,0.22683,0.46845,0.71461,0.22242,0.27357,0.74885,1.30332,0.21553,0.43443,0.64038,0.98755,0.56515,0.58298,1.05964,0.34849,0.812,0.16102,0.91346,0.258,0.47855,0.57869,1.23353,1.50029,0.47413,0.26084,0.71132,0.24675,0.3062,0.54759,0.82363,1.57062,1.65065,0.74359,0.78852,0.22505,0.21003,0.35146,1.75411,0.44458,0.82984,4.97175,4.32517,2.09177,0.60032,0.32425,0.59564,1.18686,2.60906,0.81802,1.55998,1.49292,0.66593,1.53699,0.67383,0.26082,3.6562,2.75271,1.27639,1.11071,0.36731,1.6855,0.64624,1.09129,0.53007,1.60961,0.73301,0.74456,1.29879,0.9932,1.2822,0.35522,3.10298,0.4456,3.25403,3.32983,3.4838,1.15054,1.04594,0.49873,1.63953,0.49685,1.55173,1.37641,0.73589,1.91669,1.42694,0.37838,1.1769,2.48005,0.73469,3.04127,1.17423,0.44532]},"PREVALENCE_BY_MONTH":{"X_CALENDAR_MONTH":["200408","200409","200411","200503","200505","200506","200509","200510","200601","200602","200603","200604","200606","200607","200608","200609","200610","200611","200612","200701","200703","200704","200705","200706","200707","200708","200709","200710","200711","200712","200801","200802","200803","200804","200805","200806","200807","200809","200810","200811","200812","200901","200902","200903","200904","200905","200906","200907","200908","200909","200910","200911","200912","201001","201002","201003","201004","201005","201006","201007","201008","201009","201010","201011","201012","201101","201102","201103","201104","201105","201106","201107","201108","201109","201110","201111","201112","201201","201202","201203","201204","201205","201206","201207","201208","201209","201210","201211","201212","201301","201302","201303","201304","201305","201306","201307","201308","201309","201310","201311","201312","201401","201402","201403","201404","201405","201406","201407","201408","201409","201410","201411","201412","201501","201502","201503","201504","201505"],"Y_PREVALENCE_1000PP":[0.0544,0.04004,0.03641,0.05527,0.02637,0.02583,0.03281,0.03232,0.035,0.02313,0.05312,0.03767,0.0369,0.02569,0.04,0.03251,0.02503,0.04264,0.03186,0.04207,0.0449,0.02064,0.02046,0.03396,0.04395,0.03363,0.02678,0.03978,0.02314,0.0231,0.03929,0.02285,0.04222,0.03237,0.04196,0.03541,0.02884,0.03823,0.03168,0.04749,0.05358,0.05026,0.04078,0.04058,0.07489,0.06846,0.04044,0.04049,0.04364,0.05912,0.04968,0.0559,0.08072,0.08694,0.0435,0.06497,0.06194,0.05892,0.04961,0.0466,0.06844,0.03117,0.04989,0.04689,0.0596,0.18241,0.26796,0.27377,0.19631,0.17778,0.10526,0.09305,0.11269,0.11654,0.11029,0.12046,0.0883,0.15742,0.09878,0.09233,0.11295,0.13012,0.09426,0.11191,0.09542,0.13395,0.10692,0.12153,0.13629,0.10534,0.12781,0.1001,0.15854,0.13456,0.09581,0.11537,0.10937,0.13371,0.14666,0.14153,0.09186,0.12586,0.11188,0.11321,0.09007,0.11884,0.22684,0.1641,0.11689,0.17668,0.16356,0.13011,0.15579,0.22189,0.22349,0.23299,0.29475,0.23734]},"LENGTH_OF_ERA":{"CATEGORY":"Length of Era","MIN_VALUE":0,"P10_VALUE":0,"P25_VALUE":1,"MEDIAN_VALUE":30,"P75_VALUE":120,"P90_VALUE":221,"MAX_VALUE":1553}}
