{"AGE_AT_FIRST_EXPOSURE":{"CATEGORY":["MALE","FEMALE"],"MIN_VALUE":[28,21],"P10_VALUE":[37,42],"P25_VALUE":[55,57],"MEDIAN_VALUE":[69,70],"P75_VALUE":[76,78],"P90_VALUE":[80,85],"MAX_VALUE":[87,91]},"PREVALENCE_BY_GENDER_AGE_YEAR":{"TRELLIS_NAME":["80-89","60-69","70-79","70-79","50-59","40-49","50-59"],"SERIES_NAME":["FEMALE","FEMALE","MALE","FEMALE","FEMALE","FEMALE","MALE"],"X_CALENDAR_YEAR":[2004,2004,2004,2004,2004,2004,2004],"Y_PREVALENCE_1000PP":[2.18671,0.97351,1.37363,1.547,0.5063,0.41569,0.83153]},"PREVALENCE_BY_MONTH":{"X_CALENDAR_MONTH":["200403","200405","200406","200407","200408","200409","200411"],"Y_PREVALENCE_1000PP":[0.06905,0.07543,0.11636,0.08333,0.07857,0.07435,0.08322]},"LENGTH_OF_ERA":{"CATEGORY":"Length of Era","MIN_VALUE":1,"P10_VALUE":1,"P25_VALUE":1,"MEDIAN_VALUE":1,"P75_VALUE":1,"P90_VALUE":1,"MAX_VALUE":8}}
