{"AGE_AT_FIRST_EXPOSURE":{"CATEGORY":["MALE","FEMALE"],"MIN_VALUE":[4,7],"P10_VALUE":[7,10],"P25_VALUE":[10,17],"MEDIAN_VALUE":[14,35],"P75_VALUE":[26,52],"P90_VALUE":[49,59],"MAX_VALUE":[78,72]},"PREVALENCE_BY_GENDER_AGE_YEAR":{"TRELLIS_NAME":["10-19","10-19","10-19","10-19","0-9","50-59","10-19","10-19","0-9","10-19","0-9","0-9","10-19","10-19","10-19","0-9","10-19"],"SERIES_NAME":["MALE","MALE","MALE","MALE","MALE","FEMALE","FEMALE","MALE","MALE","MALE","MALE","MALE","MALE","FEMALE","MALE","MALE","MALE"],"X_CALENDAR_YEAR":[2005,2008,2009,2010,2010,2011,2011,2011,2011,2012,2012,2013,2013,2013,2014,2014,2015],"Y_PREVALENCE_1000PP":[0.34276,0.45583,0.66934,0.27215,0.23941,0.27926,0.25728,0.78747,0.3136,0.70822,0.285,0.22434,0.81194,0.27963,1.05721,0.28923,0.75758]},"PREVALENCE_BY_MONTH":{"X_CALENDAR_MONTH":["200912","201011","201102","201103","201104","201106","201108","201109","201111","201201","201202","201203","201204","201205","201209","201210","201302","201304","201306","201403","201409","201412","201502"],"Y_PREVALENCE_1000PP":[0.01863,0.01875,0.01892,0.03147,0.02216,0.02233,0.03864,0.01942,0.01953,0.02624,0.01976,0.02638,0.02658,0.02336,0.02748,0.03449,0.02485,0.02162,0.02948,0.03774,0.03029,0.03595,0.05047]},"LENGTH_OF_ERA":{"CATEGORY":"Length of Era","MIN_VALUE":0,"P10_VALUE":0,"P25_VALUE":0,"MEDIAN_VALUE":1,"P75_VALUE":30,"P90_VALUE":120,"MAX_VALUE":625}}
