{"AGE_AT_FIRST_EXPOSURE":{"CATEGORY":["MALE","FEMALE"],"MIN_VALUE":[17,22],"P10_VALUE":[36,39],"P25_VALUE":[49,51],"MEDIAN_VALUE":[57,58],"P75_VALUE":[60,62],"P90_VALUE":[64,65],"MAX_VALUE":[72,71]},"PREVALENCE_BY_GENDER_AGE_YEAR":{"TRELLIS_NAME":["60-69","50-59","60-69","50-59","50-59","50-59","50-59","50-59"],"SERIES_NAME":["FEMALE","FEMALE","FEMALE","MALE","FEMALE","FEMALE","MALE","MALE"],"X_CALENDAR_YEAR":[2006,2007,2008,2008,2010,2011,2011,2012],"Y_PREVALENCE_1000PP":[0.30187,0.21553,0.45041,0.40367,0.27379,0.24435,0.2949,0.30586]},"PREVALENCE_BY_MONTH":{"X_CALENDAR_MONTH":["200611","200805","200908"],"Y_PREVALENCE_1000PP":[0.02132,0.02259,0.0187]},"LENGTH_OF_ERA":{"CATEGORY":"Length of Era","MIN_VALUE":0,"P10_VALUE":0,"P25_VALUE":1,"MEDIAN_VALUE":1,"P75_VALUE":21,"P90_VALUE":55,"MAX_VALUE":360}}
