{"AGE_AT_FIRST_EXPOSURE":{"CATEGORY":["MALE","FEMALE"],"MIN_VALUE":[30,21],"P10_VALUE":[51,53],"P25_VALUE":[61,62],"MEDIAN_VALUE":[69,70],"P75_VALUE":[75,77],"P90_VALUE":[79,81],"MAX_VALUE":[91,88]},"PREVALENCE_BY_GENDER_AGE_YEAR":{"TRELLIS_NAME":["70-79","70-79","60-69","60-69","70-79","70-79","60-69","60-69"],"SERIES_NAME":["FEMALE","MALE","FEMALE","MALE","MALE","FEMALE","FEMALE","MALE"],"X_CALENDAR_YEAR":[2012,2012,2012,2012,2013,2013,2013,2013],"Y_PREVALENCE_1000PP":[0.55096,0.74968,0.25268,0.371,0.8912,0.36465,0.25871,0.37558]},"PREVALENCE_BY_MONTH":{"X_CALENDAR_MONTH":["201202","201209","201210","201212","201301","201302","201304","201307","201308","201309"],"Y_PREVALENCE_1000PP":[0.03622,0.02404,0.02414,0.04194,0.05267,0.02485,0.02522,0.03721,0.02263,0.02674]},"LENGTH_OF_ERA":{"CATEGORY":"Length of Era","MIN_VALUE":1,"P10_VALUE":1,"P25_VALUE":1,"MEDIAN_VALUE":1,"P75_VALUE":50,"P90_VALUE":104,"MAX_VALUE":169}}
