{"AGE_AT_FIRST_EXPOSURE":{"CATEGORY":["MALE","FEMALE"],"MIN_VALUE":[3,6],"P10_VALUE":[18,20],"P25_VALUE":[19,23],"MEDIAN_VALUE":[26,28],"P75_VALUE":[33,37],"P90_VALUE":[43,49],"MAX_VALUE":[51,95]},"PREVALENCE_BY_GENDER_AGE_YEAR":{"TRELLIS_NAME":["10-19","50-59","40-49","30-39","20-29","50-59","40-49","10-19","30-39","20-29","20-29","60-69","30-39","40-49","50-59","10-19","60-69","10-19","40-49","50-59","20-29","30-39","10-19","60-69","70-79","50-59","40-49","30-39","20-29","40-49","70-79","10-19","50-59","60-69","80-89","20-29","30-39","40-49","10-19","70-79","50-59","30-39","60-69","20-29","80-89","70-79","10-19","40-49","60-69","20-29","80-89","30-39","50-59","10-19","60-69","80-89","20-29","30-39","40-49","50-59","70-79","30-39","20-29","20-29","60-69","80-89","10-19","70-79","40-49","50-59","10-19","60-69","80-89","70-79","10-19","40-49","50-59","30-39","20-29","20-29","60-69","20-29","30-39","50-59","10-19","40-49","70-79"],"SERIES_NAME":["FEMALE","FEMALE","FEMALE","FEMALE","FEMALE","FEMALE","FEMALE","FEMALE","FEMALE","FEMALE","FEMALE","FEMALE","FEMALE","FEMALE","FEMALE","FEMALE","FEMALE","FEMALE","FEMALE","FEMALE","FEMALE","FEMALE","FEMALE","FEMALE","FEMALE","FEMALE","FEMALE","FEMALE","FEMALE","FEMALE","FEMALE","FEMALE","FEMALE","FEMALE","FEMALE","FEMALE","FEMALE","FEMALE","FEMALE","FEMALE","FEMALE","FEMALE","FEMALE","FEMALE","FEMALE","FEMALE","FEMALE","FEMALE","FEMALE","FEMALE","FEMALE","FEMALE","FEMALE","FEMALE","FEMALE","FEMALE","FEMALE","FEMALE","FEMALE","FEMALE","FEMALE","FEMALE","MALE","FEMALE","FEMALE","FEMALE","FEMALE","FEMALE","FEMALE","FEMALE","MALE","FEMALE","FEMALE","FEMALE","FEMALE","FEMALE","FEMALE","FEMALE","MALE","FEMALE","FEMALE","FEMALE","FEMALE","FEMALE","FEMALE","FEMALE","FEMALE"],"X_CALENDAR_YEAR":[2004,2004,2004,2004,2004,2005,2005,2005,2005,2005,2006,2006,2006,2006,2006,2006,2007,2007,2007,2007,2007,2007,2008,2008,2008,2008,2008,2008,2008,2009,2009,2009,2009,2009,2009,2009,2009,2010,2010,2010,2010,2010,2010,2010,2010,2011,2011,2011,2011,2011,2011,2011,2011,2012,2012,2012,2012,2012,2012,2012,2012,2013,2013,2013,2013,2013,2013,2013,2013,2013,2014,2014,2014,2014,2014,2014,2014,2014,2014,2014,2015,2015,2015,2015,2015,2015,2015],"Y_PREVALENCE_1000PP":[0.85039,0.70882,0.92374,1.10904,1.73625,0.48896,1.22458,0.40451,1.10175,1.35612,1.41202,0.35218,1.0186,1.02589,0.48191,0.31628,1.03769,0.38217,1.63748,1.14951,1.8205,1.5411,2.80899,1.48635,0.7122,2.544,4.04845,3.9182,6.19155,7.61935,0.88417,6.20433,4.30696,1.97798,0.86374,23.44116,13.06797,8.59979,10.58422,2.31946,4.68873,15.88343,3.31181,30.10677,1.16822,1.91867,9.17628,9.58165,2.65549,29.26408,0.93907,16.93298,5.4805,12.56303,3.70604,1.60017,33.82353,22.70658,10.60552,6.3455,1.95898,24.84954,0.38195,33.92426,3.23387,1.33082,11.18516,1.94482,11.61752,6.2266,0.3524,3.67247,1.86589,2.38233,12.46358,13.80653,5.98276,25.68595,0.49656,39.28453,2.16628,28.50476,19.59412,4.41339,8.38734,10.04082,1.34813]},"PREVALENCE_BY_MONTH":{"X_CALENDAR_MONTH":["200401","200402","200403","200404","200405","200406","200407","200408","200409","200410","200411","200412","200502","200503","200504","200505","200506","200507","200508","200509","200510","200511","200512","200601","200602","200603","200604","200605","200606","200607","200608","200609","200610","200611","200612","200701","200702","200703","200704","200706","200707","200708","200709","200710","200711","200712","200801","200802","200803","200804","200805","200806","200807","200808","200809","200810","200811","200812","200901","200902","200903","200904","200905","200906","200907","200908","200909","200910","200911","200912","201001","201002","201003","201004","201005","201006","201007","201008","201009","201010","201011","201012","201101","201102","201103","201104","201105","201106","201107","201108","201109","201110","201111","201112","201201","201202","201203","201204","201205","201206","201207","201208","201209","201210","201211","201212","201301","201302","201303","201304","201305","201306","201307","201308","201309","201310","201311","201312","201401","201402","201403","201404","201405","201406","201407","201408","201409","201410","201411","201412","201501","201502","201503","201504","201505"],"Y_PREVALENCE_1000PP":[0.19852,0.20901,0.07892,0.07628,0.09806,0.1232,0.0641,0.07857,0.0572,0.03257,0.05721,0.03013,0.03325,0.05527,0.04949,0.06593,0.05598,0.02546,0.04996,0.06153,0.04848,0.08374,0.03948,0.04667,0.06555,0.0645,0.03014,0.06694,0.04797,0.03303,0.06909,0.03974,0.03218,0.02843,0.02124,0.04557,0.03492,0.04145,0.03784,0.04754,0.03719,0.07398,0.02344,0.06961,0.17848,0.29694,0.17679,0.11099,0.08769,0.13271,0.14202,0.19959,0.25311,0.20169,0.23893,0.31677,0.26276,0.24898,0.32985,0.32939,0.43701,0.50241,0.53835,0.68128,0.80051,0.57355,0.68763,0.7669,0.65832,0.652,0.71728,0.62456,0.857,0.76187,0.73489,0.69144,0.73311,0.8057,0.71074,0.83566,0.74082,0.69325,0.67619,0.6904,0.78041,0.72825,0.63175,0.77831,0.67381,0.77919,0.78989,0.84663,0.71623,0.76528,0.82648,0.72767,0.8771,0.84379,1.12108,0.97625,0.82749,0.96788,0.91364,0.98983,1.05212,0.84919,0.96209,0.82368,0.83299,1.00888,0.99647,1.03176,0.99363,0.99562,1.00854,0.99573,1.00642,1.00642,1.00692,0.9572,1.08594,1.15806,1.11794,1.12964,1.33156,1.22249,1.33266,1.60921,1.35198,1.46803,1.74902,1.60772,2.22545,2.6331,1.00522]},"LENGTH_OF_ERA":{"CATEGORY":"Length of Era","MIN_VALUE":0,"P10_VALUE":1,"P25_VALUE":3,"MEDIAN_VALUE":7,"P75_VALUE":7,"P90_VALUE":22,"MAX_VALUE":312}}
