{"AGE_AT_FIRST_EXPOSURE":{"CATEGORY":["MALE","FEMALE"],"MIN_VALUE":[6,2],"P10_VALUE":[17,23],"P25_VALUE":[33,36],"MEDIAN_VALUE":[57,53],"P75_VALUE":[70,67],"P90_VALUE":[81,78],"MAX_VALUE":[91,92]},"PREVALENCE_BY_GENDER_AGE_YEAR":{"TRELLIS_NAME":["60-69","40-49","60-69","50-59","40-49","70-79","20-29","30-39","40-49","60-69","60-69","70-79","20-29","60-69","70-79","50-59","60-69"],"SERIES_NAME":["FEMALE","FEMALE","MALE","FEMALE","FEMALE","FEMALE","MALE","FEMALE","FEMALE","FEMALE","MALE","FEMALE","FEMALE","FEMALE","MALE","FEMALE","FEMALE"],"X_CALENDAR_YEAR":[2009,2009,2009,2010,2010,2010,2011,2011,2011,2011,2011,2012,2013,2013,2013,2013,2015],"Y_PREVALENCE_1000PP":[0.258,0.1929,0.38302,0.34224,0.19398,0.37613,0.30193,0.19087,0.26991,0.29044,0.41273,0.36731,0.20614,0.51742,0.51987,0.382,0.5229]},"PREVALENCE_BY_MONTH":{"X_CALENDAR_MONTH":["200805","200806","200810","200811","200903","200905","200907","200910","201001","201002","201003","201006","201009","201011","201102","201104","201105","201108","201109","201112","201201","201202","201205","201301","201303","201305","201309","201310","201402","201405","201406","201502","201503","201504"],"Y_PREVALENCE_1000PP":[0.02259,0.01931,0.02534,0.03166,0.02185,0.02801,0.01869,0.02794,0.02484,0.02486,0.02166,0.0186,0.0187,0.02501,0.02207,0.02216,0.04762,0.01932,0.02266,0.02616,0.01968,0.01976,0.02669,0.02107,0.02145,0.02546,0.02292,0.04631,0.02486,0.03521,0.03629,0.05768,0.0482,0.09825]},"LENGTH_OF_ERA":{"CATEGORY":"Length of Era","MIN_VALUE":0,"P10_VALUE":0,"P25_VALUE":0,"MEDIAN_VALUE":0,"P75_VALUE":30,"P90_VALUE":180,"MAX_VALUE":931}}
