{"AGE_AT_FIRST_EXPOSURE":{"CATEGORY":["MALE","FEMALE"],"MIN_VALUE":[0,0],"P10_VALUE":[2,1],"P25_VALUE":[8,7],"MEDIAN_VALUE":[21,22],"P75_VALUE":[56,54],"P90_VALUE":[65,62],"MAX_VALUE":[77,91]},"PREVALENCE_BY_GENDER_AGE_YEAR":{"TRELLIS_NAME":["50-59","0-9","10-19","60-69","50-59","10-19","40-49","50-59","0-9","0-9","10-19","30-39","60-69","20-29","60-69","0-9","0-9","0-9","10-19","0-9","0-9","0-9","10-19","0-9"],"SERIES_NAME":["FEMALE","FEMALE","MALE","FEMALE","FEMALE","FEMALE","FEMALE","MALE","FEMALE","MALE","MALE","FEMALE","FEMALE","FEMALE","MALE","FEMALE","MALE","MALE","MALE","FEMALE","MALE","MALE","MALE","FEMALE"],"X_CALENDAR_YEAR":[2004,2004,2004,2004,2005,2005,2005,2005,2005,2005,2005,2005,2005,2005,2005,2008,2008,2009,2009,2009,2010,2011,2011,2012],"Y_PREVALENCE_1000PP":[0.40504,0.44194,0.42099,0.41722,0.40746,0.35395,0.25976,0.38979,0.28028,0.33107,0.34276,0.22683,0.33608,0.22076,0.53574,0.23159,0.31001,0.20413,0.31236,0.45686,0.30781,0.24391,0.27793,0.44154]},"PREVALENCE_BY_MONTH":{"X_CALENDAR_MONTH":["200401","200405","200408","200409","200411","200412","200501","200502","200503","200504","200505","200506","200507","200508","200509","200511","200810","200812","200903","200906","201001","201112","201205","201307"],"Y_PREVALENCE_1000PP":[0.11911,0.06035,0.06044,0.04004,0.04161,0.05021,0.03894,0.04275,0.04606,0.03599,0.05275,0.03875,0.05516,0.04996,0.03692,0.02393,0.02534,0.02521,0.01873,0.02178,0.01863,0.02616,0.02336,0.02605]},"LENGTH_OF_ERA":{"CATEGORY":"Length of Era","MIN_VALUE":0,"P10_VALUE":1,"P25_VALUE":1,"MEDIAN_VALUE":8,"P75_VALUE":22,"P90_VALUE":54,"MAX_VALUE":321}}
