{"AGE_AT_FIRST_EXPOSURE":{"CATEGORY":["MALE","FEMALE"],"MIN_VALUE":[18,21],"P10_VALUE":[29,28],"P25_VALUE":[39,38],"MEDIAN_VALUE":[49,47],"P75_VALUE":[56,54],"P90_VALUE":[64,61],"MAX_VALUE":[79,77]},"PREVALENCE_BY_GENDER_AGE_YEAR":{"TRELLIS_NAME":["50-59","50-59","40-49","50-59","30-39","40-49","50-59","50-59","50-59","40-49"],"SERIES_NAME":["FEMALE","MALE","MALE","FEMALE","FEMALE","MALE","MALE","MALE","FEMALE","FEMALE"],"X_CALENDAR_YEAR":[2005,2005,2005,2006,2008,2008,2009,2010,2010,2012],"Y_PREVALENCE_1000PP":[0.24448,0.45475,0.53537,0.25949,0.18786,0.43306,0.39473,0.43694,0.27379,0.21498]},"PREVALENCE_BY_MONTH":{"X_CALENDAR_MONTH":["200701","200802","200805","200906","200907","200910","201004","201007","201010","201011","201012","201501"],"Y_PREVALENCE_1000PP":[0.02103,0.02938,0.01937,0.02178,0.0218,0.01863,0.02168,0.01864,0.02183,0.02813,0.01882,0.03916]},"LENGTH_OF_ERA":{"CATEGORY":"Length of Era","MIN_VALUE":0,"P10_VALUE":0,"P25_VALUE":1,"MEDIAN_VALUE":1,"P75_VALUE":14,"P90_VALUE":30,"MAX_VALUE":657}}
