{"AGE_AT_FIRST_EXPOSURE":{"CATEGORY":["FEMALE","MALE"],"MIN_VALUE":[1,1],"P10_VALUE":[23,28],"P25_VALUE":[29,40],"MEDIAN_VALUE":[39,55],"P75_VALUE":[46,65],"P90_VALUE":[54,71],"MAX_VALUE":[86,86]},"PREVALENCE_BY_GENDER_AGE_YEAR":{"TRELLIS_NAME":["40-49","40-49","40-49","30-39","40-49","30-39","40-49","30-39","20-29","40-49","40-49","30-39","20-29","40-49","30-39","20-29","30-39","40-49"],"SERIES_NAME":["FEMALE","FEMALE","FEMALE","FEMALE","FEMALE","FEMALE","FEMALE","FEMALE","FEMALE","FEMALE","FEMALE","FEMALE","FEMALE","FEMALE","FEMALE","FEMALE","FEMALE","FEMALE"],"X_CALENDAR_YEAR":[2004,2006,2008,2009,2009,2010,2010,2011,2011,2011,2012,2012,2012,2013,2013,2014,2014,2014],"Y_PREVALENCE_1000PP":[0.27712,0.20518,0.22671,0.1565,0.41794,0.15752,0.22631,0.1636,0.23537,0.40486,0.39412,0.17625,0.27747,0.46625,0.4033,0.36436,0.35042,0.48677]},"PREVALENCE_BY_MONTH":{"X_CALENDAR_MONTH":["200808","200810","200910","200911","200912","201005","201103","201105","201205","201208","201211","201301","201302","201303","201304","201312","201403","201405","201406","201407","201412","201504"],"Y_PREVALENCE_1000PP":[0.01921,0.02217,0.02173,0.02174,0.01863,0.0186,0.02203,0.03175,0.02336,0.02045,0.02431,0.0316,0.0213,0.02503,0.02522,0.03594,0.02516,0.03081,0.03629,0.03751,0.05393,0.05895]},"LENGTH_OF_ERA":{"CATEGORY":"Length of Era","MIN_VALUE":0,"P10_VALUE":0,"P25_VALUE":0,"MEDIAN_VALUE":1,"P75_VALUE":120,"P90_VALUE":210,"MAX_VALUE":1796}}
