{"AGE_AT_FIRST_EXPOSURE":{"CATEGORY":["FEMALE","MALE"],"MIN_VALUE":[2,3],"P10_VALUE":[22,24],"P25_VALUE":[27,33],"MEDIAN_VALUE":[36,47],"P75_VALUE":[54,60],"P90_VALUE":[70,69],"MAX_VALUE":[94,88]},"PREVALENCE_BY_GENDER_AGE_YEAR":{"TRELLIS_NAME":["30-39","40-49","30-39","60-69","20-29","50-59","40-49","60-69","20-29","80-89","30-39","60-69","20-29","50-59","70-79","40-49","50-59","30-39","20-29","30-39","20-29","80-89","60-69","40-49","50-59","40-49","50-59","30-39","30-39","60-69","60-69","80-89","20-29","30-39","50-59","40-49","70-79","50-59","40-49","70-79","40-49","50-59","40-49","50-59","60-69","80-89","20-29","20-29","60-69","30-39","30-39","20-29","40-49","70-79","30-39"],"SERIES_NAME":["FEMALE","FEMALE","FEMALE","MALE","FEMALE","FEMALE","FEMALE","MALE","FEMALE","FEMALE","FEMALE","FEMALE","FEMALE","MALE","FEMALE","FEMALE","FEMALE","MALE","MALE","FEMALE","FEMALE","FEMALE","FEMALE","MALE","MALE","FEMALE","FEMALE","FEMALE","MALE","MALE","FEMALE","FEMALE","FEMALE","FEMALE","FEMALE","FEMALE","FEMALE","MALE","MALE","FEMALE","MALE","MALE","FEMALE","FEMALE","FEMALE","FEMALE","MALE","FEMALE","MALE","MALE","FEMALE","FEMALE","FEMALE","FEMALE","FEMALE"],"X_CALENDAR_YEAR":[2008,2009,2009,2009,2009,2010,2010,2010,2010,2010,2010,2011,2011,2011,2011,2011,2011,2011,2011,2011,2012,2012,2012,2012,2012,2012,2012,2012,2012,2013,2013,2013,2013,2013,2013,2013,2013,2013,2013,2014,2014,2014,2014,2014,2014,2014,2014,2014,2014,2014,2014,2015,2015,2015,2015],"Y_PREVALENCE_1000PP":[0.2147,0.22504,0.26084,0.3283,0.22207,0.41069,0.45262,0.31541,0.77517,0.63721,0.70885,0.4979,0.52304,0.54065,0.43325,0.33738,0.48871,0.54608,0.4529,0.68168,0.49945,0.64007,0.37903,0.89906,0.30586,0.25081,0.47409,0.52874,0.62426,0.32192,0.4743,0.77631,1.03068,0.83762,0.382,0.54396,0.36465,0.42676,0.45252,0.45071,0.66711,0.46734,0.48677,0.54389,0.68009,0.81633,0.37242,1.22557,0.50882,0.79687,1.08631,1.13515,1.06122,0.72592,0.89064]},"PREVALENCE_BY_MONTH":{"X_CALENDAR_MONTH":["200810","200812","200901","200909","200912","201002","201003","201004","201005","201006","201007","201008","201009","201011","201012","201102","201103","201104","201105","201106","201107","201108","201109","201110","201111","201112","201201","201202","201203","201204","201205","201206","201207","201208","201209","201210","201211","201212","201301","201302","201303","201304","201305","201306","201307","201308","201309","201310","201311","201312","201401","201402","201403","201404","201405","201406","201407","201408","201409","201410","201411","201412","201501","201502","201503","201504"],"Y_PREVALENCE_1000PP":[0.01901,0.02206,0.01885,0.01867,0.01863,0.04039,0.03713,0.04026,0.04651,0.04031,0.02796,0.04355,0.04364,0.02501,0.0251,0.04098,0.04406,0.02216,0.04762,0.05104,0.01925,0.0322,0.04532,0.06812,0.06511,0.02289,0.04592,0.02963,0.03297,0.03986,0.0367,0.02693,0.0407,0.0443,0.03091,0.04828,0.02431,0.03844,0.04565,0.04615,0.0572,0.02162,0.08728,0.04053,0.05954,0.03771,0.03438,0.05403,0.04324,0.04792,0.07714,0.04144,0.0587,0.07292,0.08363,0.06805,0.06564,0.05358,0.07572,0.08442,0.09051,0.11385,0.11095,0.07209,0.19282,0.24563]},"LENGTH_OF_ERA":{"CATEGORY":"Length of Era","MIN_VALUE":0,"P10_VALUE":0,"P25_VALUE":0,"MEDIAN_VALUE":14,"P75_VALUE":42,"P90_VALUE":120,"MAX_VALUE":610}}
