{"AGE_AT_FIRST_EXPOSURE":{"CATEGORY":["MALE","FEMALE"],"MIN_VALUE":[0,5],"P10_VALUE":[29,26],"P25_VALUE":[42,40],"MEDIAN_VALUE":[54,56],"P75_VALUE":[63,69],"P90_VALUE":[72,80],"MAX_VALUE":[93,92]},"PREVALENCE_BY_GENDER_AGE_YEAR":{"TRELLIS_NAME":["60-69","50-59","50-59","60-69","50-59","50-59","60-69","40-49","50-59","40-49","50-59","60-69","60-69","30-39","50-59","40-49","40-49","50-59","40-49","60-69","60-69","20-29","40-49","50-59","40-49","60-69","60-69","50-59","40-49","70-79","60-69","60-69","60-69","60-69","50-59","70-79","40-49","50-59","50-59"],"SERIES_NAME":["MALE","MALE","MALE","MALE","FEMALE","MALE","MALE","FEMALE","MALE","MALE","FEMALE","FEMALE","FEMALE","MALE","FEMALE","FEMALE","MALE","MALE","MALE","FEMALE","MALE","FEMALE","FEMALE","MALE","MALE","FEMALE","MALE","MALE","FEMALE","FEMALE","FEMALE","MALE","MALE","FEMALE","MALE","MALE","FEMALE","FEMALE","MALE"],"X_CALENDAR_YEAR":[2004,2006,2007,2008,2008,2008,2009,2009,2009,2009,2009,2009,2010,2010,2010,2010,2010,2010,2011,2011,2011,2011,2012,2012,2012,2012,2012,2013,2013,2013,2013,2013,2014,2014,2014,2014,2014,2014,2015],"Y_PREVALENCE_1000PP":[0.66275,0.34562,0.48028,0.57156,0.31364,0.50459,0.60188,0.1929,0.69078,0.37507,0.23928,0.258,0.25153,0.41181,0.30802,0.22631,0.43328,0.48548,0.39548,0.37343,0.72228,0.15691,0.32247,0.56074,0.35963,0.33691,0.848,0.4801,0.27198,0.42543,0.34495,0.59019,0.39575,0.45339,0.46734,0.54735,0.35401,0.41838,0.7548]},"PREVALENCE_BY_MONTH":{"X_CALENDAR_MONTH":["200503","200508","200601","200605","200607","200703","200711","200804","200805","200807","200808","200809","200810","200811","200901","200902","200903","200904","200905","200906","200907","200908","200909","200910","200911","200912","201001","201003","201004","201005","201006","201010","201011","201012","201101","201104","201106","201107","201108","201109","201110","201112","201201","201202","201203","201204","201205","201206","201207","201208","201209","201210","201211","201301","201303","201304","201306","201307","201308","201310","201311","201312","201401","201402","201403","201404","201405","201406","201407","201408","201409","201410","201411","201412","201505"],"Y_PREVALENCE_1000PP":[0.02763,0.02915,0.02333,0.02231,0.02936,0.02073,0.02314,0.02913,0.0355,0.02243,0.02241,0.04142,0.02534,0.03799,0.02199,0.0251,0.02809,0.02496,0.02489,0.03733,0.03426,0.02182,0.02489,0.02794,0.01863,0.02173,0.02484,0.01856,0.03407,0.02791,0.02791,0.02183,0.01875,0.03137,0.02202,0.02533,0.03828,0.02567,0.03542,0.02914,0.01946,0.02943,0.01968,0.03293,0.01978,0.0299,0.05338,0.03366,0.02713,0.03067,0.02748,0.02414,0.03125,0.02809,0.02145,0.02883,0.02948,0.03349,0.0264,0.02316,0.03538,0.03195,0.02436,0.02901,0.02516,0.03002,0.04841,0.02722,0.02813,0.04383,0.04038,0.05276,0.0396,0.03595,0.12565]},"LENGTH_OF_ERA":{"CATEGORY":"Length of Era","MIN_VALUE":0,"P10_VALUE":0,"P25_VALUE":1,"MEDIAN_VALUE":4,"P75_VALUE":30,"P90_VALUE":150,"MAX_VALUE":566}}
