{"AGE_AT_FIRST_EXPOSURE":{"CATEGORY":["MALE","FEMALE"],"MIN_VALUE":[0,0],"P10_VALUE":[28,28],"P25_VALUE":[48,45],"MEDIAN_VALUE":[61,62],"P75_VALUE":[73,76],"P90_VALUE":[81,84],"MAX_VALUE":[100,102]},"PREVALENCE_BY_GENDER_AGE_YEAR":{"TRELLIS_NAME":["70-79","10-19","0-9","50-59","40-49","40-49","70-79","50-59","30-39","0-9","60-69","80-89","60-69","80-89","20-29","30-39","20-29","0-9","70-79","0-9","50-59","40-49","10-19","40-49","70-79","30-39","50-59","60-69","80-89","80-89","90-99","20-29","60-69","30-39","20-29","60-69","80-89","90-99","20-29","90-99","20-29","80-89","60-69","50-59","40-49","70-79","70-79","50-59","40-49","30-39","30-39","40-49","70-79","50-59","50-59","40-49","70-79","60-69","60-69","90-99","80-89","90-99","30-39","20-29","20-29","80-89","30-39","40-49","70-79","0-9","60-69","50-59","40-49","70-79","50-59","60-69","80-89","20-29","80-89","20-29","30-39","30-39","60-69","70-79","40-49","70-79","50-59","40-49","80-89","80-89","30-39","70-79","50-59","80-89","60-69","70-79","60-69","60-69"],"SERIES_NAME":["MALE","MALE","FEMALE","MALE","MALE","FEMALE","FEMALE","FEMALE","MALE","MALE","FEMALE","FEMALE","MALE","MALE","FEMALE","FEMALE","MALE","MALE","MALE","FEMALE","MALE","MALE","FEMALE","FEMALE","FEMALE","MALE","FEMALE","MALE","MALE","FEMALE","MALE","FEMALE","FEMALE","FEMALE","MALE","FEMALE","FEMALE","FEMALE","MALE","MALE","FEMALE","MALE","MALE","FEMALE","FEMALE","FEMALE","MALE","MALE","MALE","MALE","FEMALE","MALE","MALE","FEMALE","MALE","FEMALE","FEMALE","MALE","FEMALE","MALE","FEMALE","FEMALE","MALE","FEMALE","MALE","MALE","FEMALE","MALE","MALE","FEMALE","FEMALE","MALE","FEMALE","FEMALE","FEMALE","MALE","FEMALE","FEMALE","MALE","MALE","MALE","FEMALE","FEMALE","MALE","FEMALE","FEMALE","MALE","MALE","MALE","FEMALE","MALE","MALE","MALE","FEMALE","FEMALE","FEMALE","MALE","MALE"],"X_CALENDAR_YEAR":[2004,2004,2004,2004,2004,2004,2004,2004,2004,2004,2004,2004,2004,2004,2004,2004,2004,2005,2005,2005,2005,2005,2005,2005,2005,2005,2005,2005,2005,2005,2005,2005,2005,2005,2005,2006,2006,2006,2006,2006,2006,2006,2006,2006,2006,2006,2006,2006,2006,2006,2006,2007,2007,2007,2007,2007,2007,2007,2007,2007,2007,2007,2007,2007,2007,2007,2007,2008,2008,2008,2008,2008,2008,2008,2008,2008,2008,2008,2008,2008,2008,2008,2009,2009,2009,2009,2009,2009,2009,2009,2009,2010,2010,2010,2010,2011,2011,2012],"Y_PREVALENCE_1000PP":[5.72344,0.63149,0.55243,4.24081,1.94866,1.06231,3.003,1.62017,0.74143,0.62434,2.36423,3.19596,3.5978,5.16164,0.27008,0.67335,1.11961,0.33107,5.1739,0.37371,4.54752,3.21221,0.30338,0.92771,3.0303,1.05772,2.3633,4.13286,7.99309,4.03675,9.31677,0.47307,2.29653,0.58328,0.71741,2.06279,4.42646,4.40044,0.80421,11.69591,0.3458,5.74933,4.47293,1.18624,0.47875,3.58744,4.8683,3.39862,2.31043,0.88417,0.68906,2.19455,5.38468,1.50873,2.7216,0.76861,2.67791,4.22354,1.7452,11.67315,4.97218,4.77454,0.87912,0.32606,0.44765,6.39432,0.57078,0.812,2.36388,0.27019,0.85578,1.05964,0.19433,1.5539,0.52274,1.54321,2.35823,0.17984,2.50794,0.48044,0.42628,0.29521,0.301,0.85998,0.22504,0.44209,0.39473,0.32149,1.44231,1.07968,0.41486,0.60592,0.63113,1.06202,0.41922,0.43325,0.30955,0.424]},"PREVALENCE_BY_MONTH":{"X_CALENDAR_MONTH":["200401","200402","200403","200404","200405","200406","200407","200408","200409","200410","200411","200412","200501","200502","200503","200504","200505","200506","200507","200508","200509","200510","200511","200512","200601","200602","200603","200604","200605","200606","200607","200608","200609","200610","200611","200612","200701","200702","200703","200704","200705","200706","200707","200708","200709","200710","200711","200712","200801","200802","200803","200804","200805","200806","200807","200808","200809","200810","200811","200812","200901","200902","200903","200904","200905","200906","200907","200908","200909","200910","200912","201001","201003","201004","201005","201006","201010","201101","201207","201211","201212"],"Y_PREVALENCE_1000PP":[0.51616,0.31352,0.32553,0.17798,0.21121,0.15058,0.23718,0.21759,0.25166,0.19,0.31208,0.36152,0.24338,0.18527,0.18883,0.16197,0.18901,0.21959,0.23762,0.2748,0.2338,0.24242,0.21134,0.18952,0.16333,0.21593,0.15556,0.11679,0.21199,0.19189,0.20549,0.20728,0.15895,0.16804,0.18832,0.16282,0.17878,0.1327,0.17271,0.14104,0.12956,0.1732,0.16905,0.19169,0.17744,0.17568,0.14873,0.15507,0.14078,0.07835,0.11042,0.0971,0.10974,0.06116,0.03204,0.04482,0.03186,0.04118,0.02849,0.04097,0.0377,0.01882,0.02185,0.03121,0.03112,0.02178,0.03426,0.02182,0.04667,0.01863,0.03726,0.02484,0.02475,0.02787,0.03101,0.02791,0.01871,0.01887,0.02374,0.02083,0.03844]},"LENGTH_OF_ERA":{"CATEGORY":"Length of Era","MIN_VALUE":0,"P10_VALUE":1,"P25_VALUE":1,"MEDIAN_VALUE":1,"P75_VALUE":7,"P90_VALUE":18,"MAX_VALUE":246}}
