{"AGE_AT_FIRST_EXPOSURE":{"CATEGORY":["MALE","FEMALE"],"MIN_VALUE":[1,1],"P10_VALUE":[31,24],"P25_VALUE":[46,42],"MEDIAN_VALUE":[57,55],"P75_VALUE":[64,63],"P90_VALUE":[69,67],"MAX_VALUE":[80,80]},"PREVALENCE_BY_GENDER_AGE_YEAR":{"TRELLIS_NAME":["50-59","50-59","60-69","60-69","50-59","40-49","50-59","40-49","20-29","60-69","60-69","20-29","60-69","20-29","60-69","30-39","40-49","50-59","50-59","40-49","0-9","60-69","60-69","40-49","70-79","40-49","50-59","50-59","20-29","20-29","30-39","50-59","40-49","50-59","60-69","40-49","70-79","30-39","60-69","40-49","50-59","40-49","50-59","70-79","60-69","30-39","60-69","20-29","50-59","30-39","70-79","50-59","40-49","70-79","40-49","30-39","60-69","60-69","20-29","40-49","50-59","70-79","40-49","10-19","70-79","60-69","20-29","60-69","50-59","30-39","30-39","60-69","60-69","70-79","40-49","30-39","30-39","50-59","50-59","40-49","30-39","30-39","60-69","60-69","40-49","50-59","40-49","50-59","70-79"],"SERIES_NAME":["MALE","FEMALE","MALE","FEMALE","FEMALE","FEMALE","MALE","MALE","FEMALE","MALE","FEMALE","MALE","MALE","FEMALE","FEMALE","MALE","FEMALE","FEMALE","MALE","MALE","MALE","MALE","FEMALE","MALE","MALE","FEMALE","MALE","FEMALE","FEMALE","MALE","MALE","MALE","FEMALE","FEMALE","FEMALE","MALE","MALE","MALE","MALE","FEMALE","MALE","MALE","FEMALE","MALE","FEMALE","MALE","MALE","MALE","FEMALE","MALE","MALE","MALE","MALE","FEMALE","FEMALE","FEMALE","FEMALE","MALE","FEMALE","MALE","MALE","FEMALE","FEMALE","FEMALE","MALE","FEMALE","FEMALE","MALE","FEMALE","MALE","FEMALE","MALE","FEMALE","MALE","MALE","FEMALE","MALE","MALE","FEMALE","FEMALE","FEMALE","MALE","MALE","FEMALE","FEMALE","FEMALE","MALE","MALE","MALE"],"X_CALENDAR_YEAR":[2004,2004,2004,2004,2005,2005,2005,2005,2005,2005,2005,2006,2006,2006,2006,2006,2006,2006,2006,2006,2007,2007,2007,2007,2007,2007,2007,2007,2007,2007,2007,2008,2008,2008,2008,2008,2008,2008,2008,2009,2009,2009,2009,2009,2009,2009,2009,2009,2010,2010,2010,2010,2010,2010,2010,2010,2010,2010,2010,2011,2011,2011,2011,2011,2011,2011,2011,2011,2011,2011,2011,2012,2012,2012,2012,2012,2012,2012,2012,2012,2013,2013,2013,2013,2013,2013,2013,2013,2013],"Y_PREVALENCE_1000PP":[0.91468,0.35441,0.85211,0.69536,0.6112,0.22265,0.9095,0.60229,0.2523,1.37762,1.00823,0.37117,1.80252,0.1729,0.80499,0.40808,0.30777,0.63019,1.5553,0.59242,0.21358,1.77511,1.08485,0.43891,0.81586,0.23393,1.33412,0.43107,0.1902,0.55957,0.56515,1.3624,0.32388,0.59244,1.03594,0.3248,0.94555,0.42628,1.77183,0.35364,1.92431,0.69657,0.5811,0.93816,1.20399,0.47413,2.02451,0.3062,0.71871,1.00012,1.28759,1.99048,1.46231,0.43882,0.61427,0.18378,1.21573,2.99637,0.17504,0.90395,2.26089,0.37136,0.26991,0.25728,1.11682,1.20327,0.28767,2.94072,1.08214,0.91014,0.27267,2.91499,1.1792,0.89962,1.25869,0.235,0.62426,1.52929,0.58349,0.35829,0.18614,0.45457,1.44865,0.99172,0.46625,0.4966,0.45252,1.33362,0.96547]},"PREVALENCE_BY_MONTH":{"X_CALENDAR_MONTH":["200410","200411","200412","200501","200502","200503","200505","200506","200507","200508","200509","200510","200512","200601","200602","200603","200604","200605","200606","200607","200608","200609","200610","200611","200612","200701","200702","200703","200704","200705","200706","200707","200708","200709","200710","200711","200712","200801","200802","200803","200804","200805","200806","200807","200808","200809","200810","200811","200812","200901","200902","200903","200904","200905","200906","200907","200908","200909","200910","200911","200912","201001","201002","201003","201004","201005","201006","201007","201008","201009","201010","201011","201012","201101","201102","201103","201104","201105","201106","201107","201108","201109","201110","201111","201112","201201","201202","201203","201204","201205","201206","201207","201208","201209","201210","201211","201212","201301","201302","201303","201304","201305","201306","201307","201308"],"Y_PREVALENCE_1000PP":[0.038,0.05201,0.05523,0.03894,0.04275,0.05066,0.03077,0.04736,0.03395,0.03747,0.07793,0.03232,0.05528,0.03889,0.04627,0.04932,0.04144,0.08554,0.05535,0.03669,0.04727,0.04696,0.07151,0.04974,0.03186,0.03856,0.03841,0.06218,0.05504,0.05796,0.05773,0.04733,0.02354,0.05692,0.03315,0.05288,0.04949,0.04256,0.05223,0.03897,0.05179,0.04519,0.05151,0.05447,0.03842,0.03186,0.06019,0.05065,0.05043,0.0377,0.05019,0.07492,0.08113,0.04668,0.03733,0.05295,0.05299,0.04978,0.0652,0.06521,0.03415,0.05279,0.06836,0.08663,0.09291,0.08372,0.07441,0.08698,0.05599,0.06235,0.07795,0.0969,0.07215,0.07548,0.05675,0.07867,0.09182,0.09206,0.07337,0.0738,0.07084,0.12949,0.08109,0.05534,0.08176,0.05575,0.05597,0.06595,0.06644,0.06006,0.06733,0.09157,0.07838,0.06183,0.05518,0.06597,0.0629,0.08076,0.05326,0.08938,0.08287,0.06546,0.0737,0.07443,0.07165]},"LENGTH_OF_ERA":{"CATEGORY":"Length of Era","MIN_VALUE":0,"P10_VALUE":1,"P25_VALUE":1,"MEDIAN_VALUE":5,"P75_VALUE":5,"P90_VALUE":13,"MAX_VALUE":728}}
