{"AGE_AT_FIRST_EXPOSURE":{"CATEGORY":["MALE","FEMALE"],"MIN_VALUE":[1,0],"P10_VALUE":[10,11],"P25_VALUE":[27,22],"MEDIAN_VALUE":[45,33],"P75_VALUE":[65,59],"P90_VALUE":[73,73],"MAX_VALUE":[93,89]},"PREVALENCE_BY_GENDER_AGE_YEAR":{"TRELLIS_NAME":["40-49","60-69","70-79"],"SERIES_NAME":["MALE","MALE","MALE"],"X_CALENDAR_YEAR":[2004,2007,2009],"Y_PREVALENCE_1000PP":[0.59307,0.36726,0.46908]},"PREVALENCE_BY_MONTH":{"X_CALENDAR_MONTH":["200406","200504","200605","200704","200805","200812","200907","200910"],"Y_PREVALENCE_1000PP":[0.04791,0.03149,0.02231,0.02064,0.01937,0.01891,0.0218,0.02484]},"LENGTH_OF_ERA":{"CATEGORY":"Length of Era","MIN_VALUE":1,"P10_VALUE":1,"P25_VALUE":16,"MEDIAN_VALUE":66,"P75_VALUE":148,"P90_VALUE":169,"MAX_VALUE":477}}
