{"AGE_AT_FIRST_EXPOSURE":{"CATEGORY":["MALE","FEMALE"],"MIN_VALUE":[1,1],"P10_VALUE":[27,23],"P25_VALUE":[44,36],"MEDIAN_VALUE":[55,51],"P75_VALUE":[63,59],"P90_VALUE":[67,65],"MAX_VALUE":[80,82]},"PREVALENCE_BY_GENDER_AGE_YEAR":{"TRELLIS_NAME":["50-59","40-49","50-59","40-49","30-39","60-69","60-69","30-39","50-59","40-49","50-59","40-49","60-69","20-29","30-39","20-29","60-69","60-69","30-39","30-39","40-49","50-59","40-49","50-59","60-69","60-69","70-79","40-49","50-59","50-59","30-39","30-39","40-49","50-59","40-49","50-59","60-69","50-59","40-49","50-59","60-69","30-39"],"SERIES_NAME":["FEMALE","FEMALE","MALE","MALE","MALE","FEMALE","MALE","MALE","FEMALE","FEMALE","MALE","MALE","MALE","FEMALE","FEMALE","MALE","FEMALE","MALE","FEMALE","MALE","FEMALE","FEMALE","MALE","MALE","MALE","FEMALE","MALE","MALE","MALE","FEMALE","MALE","FEMALE","MALE","MALE","FEMALE","FEMALE","MALE","MALE","MALE","FEMALE","MALE","FEMALE"],"X_CALENDAR_YEAR":[2004,2004,2004,2004,2004,2004,2004,2005,2005,2005,2005,2005,2005,2005,2005,2005,2006,2006,2006,2006,2006,2006,2006,2006,2007,2007,2007,2007,2007,2007,2007,2007,2008,2008,2008,2008,2008,2009,2009,2009,2009,2009],"Y_PREVALENCE_1000PP":[0.96198,0.27712,2.41144,1.01669,0.74143,0.62583,1.51486,0.90662,0.57045,0.37109,1.81901,0.86997,2.37257,0.18923,0.25924,0.43045,0.45281,1.73576,0.35951,0.68013,0.34196,0.51898,0.88863,1.4977,1.40785,0.37734,0.65269,0.38405,1.38748,0.39514,0.69074,0.28539,0.70373,0.60551,0.32388,0.38334,0.85734,0.93748,0.64298,0.23928,1.03961,0.18259]},"PREVALENCE_BY_MONTH":{"X_CALENDAR_MONTH":["200401","200402","200403","200404","200405","200406","200407","200408","200409","200410","200411","200412","200501","200502","200503","200504","200505","200506","200507","200508","200509","200510","200511","200512","200601","200602","200603","200604","200605","200606","200607","200608","200609","200610","200611","200612","200701","200702","200703","200704","200705","200707","200708","200709","200710","200711","200712","200801","200802","200803","200804","200805","200807","200808","200809","200810","200811","200812","200901","200902","200903","200904","200905","200906","200907","200908","200909","200910","200912"],"Y_PREVALENCE_1000PP":[0.25808,0.10451,0.07892,0.08475,0.0528,0.08898,0.1218,0.06648,0.0572,0.05971,0.07282,0.05523,0.06815,0.0475,0.04606,0.06749,0.07033,0.03014,0.06789,0.05829,0.06153,0.07273,0.05981,0.05133,0.06222,0.04627,0.0645,0.03767,0.04091,0.06273,0.04036,0.04727,0.03974,0.05005,0.04264,0.04601,0.04207,0.05587,0.04836,0.04128,0.03069,0.03719,0.05381,0.02009,0.04641,0.03636,0.02639,0.02946,0.0457,0.03248,0.04208,0.04519,0.03204,0.03842,0.0223,0.02534,0.02216,0.02837,0.03456,0.03764,0.02809,0.04057,0.02801,0.028,0.03738,0.04364,0.02489,0.03105,0.01863]},"LENGTH_OF_ERA":{"CATEGORY":"Length of Era","MIN_VALUE":0,"P10_VALUE":1,"P25_VALUE":1,"MEDIAN_VALUE":17,"P75_VALUE":55,"P90_VALUE":60,"MAX_VALUE":533}}
