{"AGE_AT_FIRST_EXPOSURE":{"CATEGORY":["MALE","FEMALE"],"MIN_VALUE":[11,51],"P10_VALUE":[65,68],"P25_VALUE":[73,76],"MEDIAN_VALUE":[80,82],"P75_VALUE":[86,87],"P90_VALUE":[89,91],"MAX_VALUE":[94,102]},"PREVALENCE_BY_GENDER_AGE_YEAR":{"TRELLIS_NAME":["80-89","80-89","80-89","70-79","80-89","80-89","70-79","90-99","70-79","80-89","80-89","90-99","70-79","70-79","70-79","70-79","80-89","80-89","60-69","90-99","70-79","70-79","90-99","60-69","80-89","80-89","70-79","70-79","60-69","80-89","90-99","80-89","60-69","80-89","80-89","90-99","70-79","70-79","70-79","90-99","80-89","80-89"],"SERIES_NAME":["FEMALE","MALE","FEMALE","MALE","MALE","FEMALE","FEMALE","FEMALE","MALE","MALE","FEMALE","FEMALE","MALE","FEMALE","MALE","FEMALE","MALE","FEMALE","FEMALE","FEMALE","FEMALE","MALE","FEMALE","MALE","FEMALE","MALE","MALE","FEMALE","FEMALE","FEMALE","FEMALE","MALE","MALE","MALE","FEMALE","FEMALE","FEMALE","MALE","FEMALE","FEMALE","FEMALE","MALE"],"X_CALENDAR_YEAR":[2004,2004,2008,2008,2009,2009,2009,2009,2009,2010,2010,2010,2010,2010,2011,2011,2011,2011,2011,2011,2012,2012,2012,2012,2012,2012,2013,2013,2013,2013,2013,2013,2014,2014,2014,2014,2014,2014,2015,2015,2015,2015],"Y_PREVALENCE_1000PP":[1.51388,2.44499,0.78608,0.70916,1.60256,2.26733,0.63155,3,0.85998,3.23525,2.54885,8.11069,0.60592,0.56419,0.819,1.42353,2.08986,4.06928,0.24895,6.83683,1.59167,1.27446,4.48632,0.424,3.73373,2.98285,1.114,1.09396,0.4743,3.32705,5.49915,1.65738,0.50882,2.86078,3.61516,3.92328,0.96581,1.09469,0.93332,4.72016,2.40207,3.36091]},"PREVALENCE_BY_MONTH":{"X_CALENDAR_MONTH":["200405","200406","200810","200902","200903","200907","200908","200910","200911","200912","201001","201002","201003","201004","201005","201006","201007","201008","201009","201010","201012","201101","201102","201103","201104","201105","201106","201107","201108","201109","201110","201111","201112","201201","201202","201203","201204","201205","201206","201207","201208","201209","201210","201211","201212","201301","201302","201303","201304","201305","201306","201307","201308","201309","201310","201311","201312","201402","201403","201404","201405","201406","201407","201408","201409","201410","201411","201412","201501","201502","201503","201504","201505"],"Y_PREVALENCE_1000PP":[0.04526,0.04791,0.03801,0.0251,0.02497,0.02492,0.02182,0.03105,0.03416,0.01863,0.02795,0.01864,0.02784,0.04026,0.0186,0.0248,0.01864,0.02178,0.02182,0.02806,0.03764,0.02516,0.04414,0.03461,0.03483,0.03492,0.02552,0.0385,0.02576,0.03237,0.02919,0.04558,0.03925,0.03936,0.0461,0.03957,0.02658,0.04337,0.02693,0.0407,0.03408,0.04122,0.04484,0.04514,0.03495,0.05267,0.03195,0.02145,0.03243,0.05091,0.02579,0.02605,0.04903,0.04584,0.04631,0.03538,0.03594,0.02901,0.02516,0.0386,0.05722,0.0499,0.07033,0.05358,0.03534,0.04221,0.0792,0.0779,0.08484,0.10093,0.12051,0.0786,0.09773]},"LENGTH_OF_ERA":{"CATEGORY":"Length of Era","MIN_VALUE":0,"P10_VALUE":0,"P25_VALUE":0,"MEDIAN_VALUE":1,"P75_VALUE":30,"P90_VALUE":120,"MAX_VALUE":1291}}
