{"AGE_AT_FIRST_EXPOSURE":{"CATEGORY":["MALE","FEMALE"],"MIN_VALUE":[1,3],"P10_VALUE":[7,24],"P25_VALUE":[18,43],"MEDIAN_VALUE":[45,57],"P75_VALUE":[60,65],"P90_VALUE":[70,74],"MAX_VALUE":[92,90]},"PREVALENCE_BY_GENDER_AGE_YEAR":{"TRELLIS_NAME":["50-59","50-59","50-59","60-69","50-59","30-39","60-69","50-59","60-69","40-49","40-49","50-59","50-59","70-79","40-49","60-69","30-39","70-79","40-49","50-59","60-69","40-49","50-59","60-69","60-69","60-69","70-79","40-49","50-59","60-69"],"SERIES_NAME":["FEMALE","FEMALE","FEMALE","FEMALE","FEMALE","FEMALE","FEMALE","FEMALE","FEMALE","MALE","FEMALE","FEMALE","FEMALE","FEMALE","FEMALE","FEMALE","FEMALE","FEMALE","FEMALE","FEMALE","FEMALE","FEMALE","FEMALE","FEMALE","MALE","FEMALE","FEMALE","FEMALE","FEMALE","FEMALE"],"X_CALENDAR_YEAR":[2005,2006,2007,2008,2008,2009,2009,2009,2010,2010,2010,2010,2011,2011,2011,2011,2012,2012,2012,2012,2012,2013,2013,2013,2014,2014,2014,2014,2014,2015],"Y_PREVALENCE_1000PP":[0.28523,0.25949,0.25145,0.54049,0.27879,0.1565,0.473,0.34182,0.75459,0.43328,0.19398,0.44492,0.24435,0.49514,0.20243,0.45641,0.17625,0.6734,0.28664,0.32822,0.63171,0.31084,0.2674,0.68989,0.33921,0.54407,0.57949,0.26551,0.54389,0.5229]},"PREVALENCE_BY_MONTH":{"X_CALENDAR_MONTH":["200705","200801","200810","200811","200901","200902","200905","200909","200911","200912","201001","201002","201004","201005","201006","201007","201009","201010","201011","201012","201101","201102","201105","201108","201110","201112","201201","201202","201203","201204","201205","201206","201208","201209","201211","201302","201303","201305","201307","201309","201310","201401","201403","201404","201405","201406","201407","201410","201411","201412","201501","201504"],"Y_PREVALENCE_1000PP":[0.02046,0.02946,0.02217,0.02216,0.0377,0.02196,0.02489,0.02178,0.02174,0.03105,0.05279,0.01864,0.03097,0.02171,0.03101,0.02485,0.02182,0.02806,0.02813,0.02823,0.02831,0.02522,0.02857,0.02898,0.03893,0.02943,0.01968,0.05268,0.03297,0.03322,0.02669,0.0202,0.02045,0.03778,0.02083,0.0213,0.02503,0.02909,0.03721,0.03056,0.02702,0.04466,0.04193,0.02573,0.03081,0.03629,0.02813,0.05804,0.05657,0.04794,0.06526,0.14738]},"LENGTH_OF_ERA":{"CATEGORY":"Length of Era","MIN_VALUE":0,"P10_VALUE":0,"P25_VALUE":0,"MEDIAN_VALUE":1,"P75_VALUE":42,"P90_VALUE":180,"MAX_VALUE":1468}}
