{"AGE_AT_FIRST_EXPOSURE":{"CATEGORY":["MALE","FEMALE"],"MIN_VALUE":[0,0],"P10_VALUE":[3,3],"P25_VALUE":[7,9],"MEDIAN_VALUE":[26,30],"P75_VALUE":[60,63],"P90_VALUE":[74,77],"MAX_VALUE":[99,94]},"PREVALENCE_BY_GENDER_AGE_YEAR":{"TRELLIS_NAME":["10-19","0-9","10-19","40-49","50-59","50-59","60-69","60-69","0-9","50-59","0-9","70-79","10-19","0-9","50-59","10-19","40-49","20-29","60-69","60-69","60-69","60-69","10-19","0-9","30-39","70-79","10-19","0-9","0-9","10-19","60-69","60-69","80-89","10-19","0-9","40-49","70-79","50-59","30-39","20-29","30-39","50-59","50-59","70-79","0-9","60-69","40-49","10-19","10-19","0-9","70-79","60-69","70-79","10-19","40-49","50-59","0-9","70-79","10-19","0-9","60-69","20-29","10-19","0-9","0-9","70-79","10-19","60-69","20-29","50-59","70-79","10-19","10-19","0-9","0-9","70-79","20-29","70-79","10-19","70-79","10-19","0-9","0-9","80-89","10-19","0-9","50-59","70-79","0-9","10-19","70-79","60-69","60-69","60-69","10-19","0-9","50-59","0-9","10-19","10-19","0-9","0-9"],"SERIES_NAME":["FEMALE","FEMALE","MALE","MALE","MALE","FEMALE","MALE","FEMALE","MALE","FEMALE","FEMALE","MALE","MALE","MALE","MALE","FEMALE","MALE","MALE","MALE","FEMALE","MALE","FEMALE","MALE","MALE","FEMALE","FEMALE","FEMALE","FEMALE","MALE","MALE","FEMALE","MALE","FEMALE","FEMALE","FEMALE","MALE","MALE","MALE","FEMALE","FEMALE","MALE","MALE","FEMALE","FEMALE","MALE","FEMALE","MALE","MALE","FEMALE","FEMALE","MALE","MALE","FEMALE","FEMALE","MALE","MALE","FEMALE","MALE","MALE","MALE","FEMALE","FEMALE","MALE","MALE","FEMALE","MALE","FEMALE","MALE","FEMALE","MALE","FEMALE","FEMALE","MALE","MALE","FEMALE","MALE","FEMALE","FEMALE","MALE","MALE","FEMALE","FEMALE","MALE","MALE","FEMALE","FEMALE","MALE","MALE","MALE","MALE","FEMALE","FEMALE","MALE","MALE","MALE","MALE","MALE","FEMALE","FEMALE","FEMALE","FEMALE","MALE"],"X_CALENDAR_YEAR":[2004,2004,2004,2004,2004,2004,2004,2004,2004,2005,2005,2005,2005,2005,2005,2005,2005,2005,2005,2005,2006,2006,2006,2006,2006,2006,2006,2006,2007,2007,2007,2007,2007,2007,2007,2007,2007,2007,2007,2007,2007,2008,2008,2008,2008,2008,2008,2008,2008,2008,2008,2008,2009,2009,2009,2009,2009,2009,2009,2009,2009,2009,2010,2010,2010,2010,2010,2010,2010,2011,2011,2011,2011,2011,2011,2011,2011,2012,2012,2012,2012,2012,2012,2012,2013,2013,2013,2013,2013,2013,2013,2013,2013,2014,2014,2014,2014,2014,2014,2015,2015,2015],"Y_PREVALENCE_1000PP":[0.85039,0.93912,1.47348,1.10141,0.83153,0.55693,0.94679,0.55629,1.53684,0.48896,0.84085,0.67069,0.79977,0.78629,0.84454,0.60677,0.53537,0.43045,0.91841,0.4481,0.53408,0.35218,0.81272,0.83596,0.17975,0.55191,0.49702,0.60329,0.85431,0.98907,0.42451,0.5509,0.71031,0.59448,0.52468,0.54864,0.89745,0.48028,0.17123,0.16303,0.37677,0.75689,0.2091,0.58271,0.89559,0.31529,0.37893,0.45583,0.66094,0.81056,0.47278,0.34294,0.5684,0.77554,0.32149,0.29605,0.53301,0.70362,0.9817,0.85054,0.387,0.1974,0.68036,0.85502,0.81544,0.90888,0.54171,0.52568,0.15003,0.3932,0.37136,0.51456,0.46322,0.83627,0.51137,0.52118,0.15691,0.36731,0.70822,0.52478,0.43471,0.84293,0.99751,0.89485,0.51265,0.50537,0.32007,0.6684,1.30866,0.71044,0.85086,0.25871,0.75115,0.33921,0.76354,0.99165,0.35051,0.51101,0.32373,0.66717,0.49813,0.94939]},"PREVALENCE_BY_MONTH":{"X_CALENDAR_MONTH":["200401","200402","200403","200404","200405","200406","200407","200408","200409","200410","200411","200412","200501","200502","200503","200504","200505","200506","200507","200508","200509","200510","200511","200512","200601","200602","200603","200604","200605","200606","200607","200608","200609","200610","200611","200612","200701","200702","200703","200704","200705","200706","200707","200708","200709","200710","200711","200712","200801","200802","200803","200804","200805","200806","200807","200808","200809","200810","200811","200812","200901","200902","200903","200904","200905","200906","200907","200908","200909","200910","200911","200912","201001","201002","201003","201004","201005","201006","201007","201008","201009","201010","201011","201012","201101","201102","201103","201104","201105","201106","201107","201108","201109","201110","201111","201112","201201","201202","201203","201204","201205","201206","201207","201208","201209","201210","201211","201212","201301","201302","201303","201304","201305","201306","201307","201308","201309","201310","201311","201312","201401","201402","201403","201404","201405","201406","201407","201408","201409","201410","201411","201412","201502","201503","201504","201505"],"Y_PREVALENCE_1000PP":[0.27793,0.1437,0.21702,0.19493,0.13578,0.14374,0.13462,0.14506,0.12583,0.14114,0.09883,0.10544,0.10709,0.08076,0.10593,0.08548,0.06154,0.12056,0.08062,0.10825,0.08614,0.06465,0.04386,0.07107,0.07,0.06169,0.07967,0.03767,0.05951,0.0369,0.08073,0.06909,0.06141,0.05005,0.04619,0.03894,0.07362,0.04191,0.07254,0.07568,0.08524,0.06452,0.0541,0.07062,0.06026,0.07955,0.05619,0.04289,0.06548,0.03917,0.05196,0.04855,0.07101,0.0676,0.06728,0.05763,0.05734,0.05385,0.06648,0.05988,0.07225,0.06274,0.05931,0.04681,0.05913,0.05288,0.06853,0.06546,0.04978,0.04657,0.04347,0.0652,0.04658,0.05904,0.06497,0.04646,0.07132,0.04651,0.04038,0.04977,0.09352,0.02183,0.04689,0.05019,0.0629,0.0599,0.04406,0.04433,0.06984,0.0319,0.0385,0.05796,0.05827,0.05514,0.04883,0.04252,0.07215,0.05268,0.04616,0.04651,0.05338,0.05723,0.07461,0.04771,0.04809,0.06208,0.06945,0.0664,0.07374,0.06036,0.0429,0.10449,0.0691,0.05527,0.06699,0.06788,0.06112,0.06561,0.07863,0.04792,0.04872,0.02486,0.05031,0.06863,0.04401,0.0499,0.05157,0.0487,0.04038,0.04221,0.05091,0.06591,0.07209,0.06427,0.1179,0.15358]},"LENGTH_OF_ERA":{"CATEGORY":"Length of Era","MIN_VALUE":0,"P10_VALUE":1,"P25_VALUE":1,"MEDIAN_VALUE":29,"P75_VALUE":99,"P90_VALUE":180,"MAX_VALUE":932}}
