{"AGE_AT_FIRST_EXPOSURE":{"CATEGORY":["MALE","FEMALE"],"MIN_VALUE":[12,22],"P10_VALUE":[52,57],"P25_VALUE":[61,67],"MEDIAN_VALUE":[70,76],"P75_VALUE":[78,83],"P90_VALUE":[84,88],"MAX_VALUE":[99,102]},"PREVALENCE_BY_GENDER_AGE_YEAR":{"TRELLIS_NAME":["90-99","60-69","60-69","80-89","90-99","80-89","40-49","50-59","70-79","70-79","50-59","30-39","60-69","40-49","70-79","90-99","80-89","60-69","90-99","80-89","50-59","70-79","50-59","40-49","30-39","60-69","60-69","80-89","90-99","80-89","90-99","30-39","50-59","40-49","70-79","50-59","70-79","60-69","90-99","80-89","50-59","70-79","70-79","50-59","80-89","60-69","90-99","60-69","70-79","80-89","60-69","80-89","70-79","50-59"],"SERIES_NAME":["FEMALE","FEMALE","MALE","MALE","MALE","FEMALE","MALE","MALE","FEMALE","MALE","FEMALE","MALE","FEMALE","MALE","MALE","FEMALE","FEMALE","MALE","MALE","MALE","MALE","FEMALE","FEMALE","FEMALE","MALE","MALE","FEMALE","FEMALE","FEMALE","MALE","MALE","MALE","MALE","MALE","MALE","FEMALE","FEMALE","FEMALE","FEMALE","FEMALE","MALE","MALE","FEMALE","FEMALE","MALE","MALE","FEMALE","FEMALE","MALE","MALE","MALE","FEMALE","FEMALE","MALE"],"X_CALENDAR_YEAR":[2011,2011,2011,2011,2011,2011,2011,2011,2011,2011,2011,2011,2012,2012,2012,2012,2012,2012,2012,2012,2012,2012,2012,2012,2012,2013,2013,2013,2013,2013,2013,2013,2013,2013,2013,2013,2013,2014,2014,2014,2014,2014,2014,2014,2014,2014,2015,2015,2015,2015,2015,2015,2015,2015],"Y_PREVALENCE_1000PP":[5.01367,1.61819,3.92096,7.16525,7.02106,6.36477,1.01695,2.26089,3.4041,6.70092,0.66325,0.60676,2.10571,0.77919,9.14611,8.524,9.92106,4.92898,5.5918,10.43997,3.05857,5.14233,0.54703,0.32247,0.49941,4.39961,1.29355,7.0977,6.76819,9.04023,10.73345,0.51951,2.93396,0.64645,6.75826,0.4584,3.76808,1.17882,4.79512,6.06414,2.10305,5.62984,2.70427,0.50205,5.56262,3.84441,4.04585,0.74699,3.24254,5.17063,2.18798,4.61936,1.86664,1.40177]},"PREVALENCE_BY_MONTH":{"X_CALENDAR_MONTH":["201101","201102","201103","201104","201105","201106","201107","201108","201109","201110","201111","201112","201201","201202","201203","201204","201205","201206","201207","201208","201209","201210","201211","201212","201301","201302","201303","201304","201305","201306","201307","201308","201309","201310","201311","201312","201401","201402","201403","201404","201405","201406","201407","201408","201409","201410","201411","201412","201501","201502","201503","201504","201505"],"Y_PREVALENCE_1000PP":[0.0346,0.05044,0.09755,0.10449,0.13333,0.1244,0.22139,0.18031,0.191,0.22058,0.18557,0.24855,0.21974,0.26341,0.22422,0.2558,0.22021,0.20198,0.19331,0.23515,0.15456,0.21728,0.15973,0.20618,0.2177,0.15267,0.23238,0.19097,0.22548,0.18056,0.18235,0.20365,0.16427,0.18525,0.17298,0.15176,0.15023,0.12845,0.12998,0.21446,0.16285,0.20415,0.20161,0.19969,0.15144,0.13718,0.2489,0.15579,0.26757,0.24512,0.28119,0.33405,0.27923]},"LENGTH_OF_ERA":{"CATEGORY":"Length of Era","MIN_VALUE":0,"P10_VALUE":0,"P25_VALUE":1,"MEDIAN_VALUE":30,"P75_VALUE":32,"P90_VALUE":120,"MAX_VALUE":1546}}
