{"AGE_AT_FIRST_EXPOSURE":{"CATEGORY":["MALE","FEMALE"],"MIN_VALUE":[0,0],"P10_VALUE":[9,21],"P25_VALUE":[45,43],"MEDIAN_VALUE":[61,62],"P75_VALUE":[73,77],"P90_VALUE":[81,86],"MAX_VALUE":[95,100]},"PREVALENCE_BY_GENDER_AGE_YEAR":{"TRELLIS_NAME":["60-69","70-79","70-79","50-59","80-89","60-69","80-89","20-29","20-29","30-39","30-39","40-49","70-79","50-59","40-49","50-59","60-69","70-79","20-29","30-39","90-99","60-69","60-69","80-89","80-89","20-29","40-49","50-59","70-79","40-49","0-9","70-79","0-9","50-59","30-39","30-39","30-39","50-59","40-49","70-79","40-49","50-59","0-9","70-79","60-69","90-99","80-89","60-69","80-89","50-59","50-59","70-79","0-9","0-9","60-69","80-89","60-69","80-89","50-59","40-49","0-9","10-19","0-9","50-59","40-49","70-79","80-89","20-29","60-69","60-69","80-89","60-69","0-9","60-69","0-9"],"SERIES_NAME":["MALE","MALE","FEMALE","FEMALE","MALE","MALE","FEMALE","FEMALE","MALE","MALE","FEMALE","FEMALE","FEMALE","MALE","MALE","FEMALE","FEMALE","MALE","MALE","FEMALE","FEMALE","FEMALE","MALE","MALE","FEMALE","FEMALE","MALE","MALE","FEMALE","FEMALE","MALE","MALE","FEMALE","FEMALE","MALE","FEMALE","MALE","FEMALE","MALE","FEMALE","FEMALE","MALE","MALE","MALE","FEMALE","FEMALE","MALE","MALE","FEMALE","MALE","FEMALE","FEMALE","FEMALE","MALE","FEMALE","FEMALE","MALE","MALE","MALE","MALE","FEMALE","MALE","MALE","FEMALE","FEMALE","FEMALE","MALE","FEMALE","MALE","FEMALE","FEMALE","MALE","MALE","FEMALE","FEMALE"],"X_CALENDAR_YEAR":[2008,2008,2008,2008,2009,2009,2009,2009,2009,2009,2009,2009,2009,2009,2009,2009,2009,2009,2010,2010,2010,2010,2010,2010,2010,2010,2010,2010,2010,2010,2010,2010,2010,2010,2010,2011,2011,2011,2011,2011,2011,2011,2011,2011,2011,2011,2011,2011,2011,2012,2012,2012,2012,2012,2012,2012,2012,2012,2013,2013,2013,2013,2013,2013,2013,2013,2013,2013,2013,2013,2013,2014,2014,2014,2014],"Y_PREVALENCE_1000PP":[0.5144,0.55157,0.38848,0.24394,1.60256,1.09433,3.23904,0.27142,0.3062,0.3556,0.39126,0.38579,1.32626,0.93748,0.91089,0.78619,0.516,2.57994,0.35146,0.28879,3.81679,1.38342,1.57704,3.54337,3.29227,0.22505,0.48744,1.55355,2.31946,0.6466,0.41041,2.27221,0.42713,0.75293,0.41181,0.40901,0.42473,0.73306,0.67797,2.29003,0.80972,1.08129,0.27876,1.71246,1.5767,6.38104,2.53769,1.75411,3.8606,0.35683,0.29175,0.36731,0.32112,0.39188,0.2948,0.74675,0.689,1.19314,0.42676,0.51716,0.46326,0.35522,0.3739,0.2674,0.27198,0.54698,0.90402,0.20614,0.37558,0.43118,0.66541,0.50882,0.74374,0.27203,0.55747]},"PREVALENCE_BY_MONTH":{"X_CALENDAR_MONTH":["200807","200810","200811","200812","200901","200902","200903","200904","200905","200906","200907","200908","200909","200910","200911","200912","201001","201002","201003","201004","201005","201006","201007","201008","201009","201010","201011","201012","201101","201102","201103","201104","201105","201106","201107","201108","201109","201110","201111","201112","201201","201202","201203","201204","201205","201207","201208","201209","201210","201212","201301","201302","201303","201304","201305","201307","201308","201309","201310","201311","201312","201401","201402","201403","201404","201405","201406","201409"],"Y_PREVALENCE_1000PP":[0.02243,0.02534,0.02849,0.04097,0.06911,0.04078,0.10301,0.03121,0.04668,0.06533,0.0623,0.05923,0.06534,0.09315,0.07142,0.08383,0.04347,0.04972,0.08044,0.1022,0.04961,0.10232,0.09009,0.09332,0.1091,0.09043,0.14691,0.12234,0.15725,0.10088,0.09126,0.09182,0.14286,0.08931,0.06417,0.06762,0.09712,0.08434,0.05209,0.04579,0.0328,0.03951,0.02968,0.0299,0.0367,0.0373,0.02386,0.02404,0.03104,0.03145,0.04565,0.0426,0.0286,0.02883,0.02182,0.02233,0.04903,0.04966,0.05789,0.03931,0.04393,0.03654,0.02901,0.05031,0.03002,0.05282,0.0499,0.05048]},"LENGTH_OF_ERA":{"CATEGORY":"Length of Era","MIN_VALUE":0,"P10_VALUE":0,"P25_VALUE":0,"MEDIAN_VALUE":0,"P75_VALUE":5,"P90_VALUE":43,"MAX_VALUE":433}}
