{"AGE_AT_FIRST_EXPOSURE":{"CATEGORY":["MALE","FEMALE"],"MIN_VALUE":[3,2],"P10_VALUE":[24,28],"P25_VALUE":[36,39],"MEDIAN_VALUE":[49,50],"P75_VALUE":[60,61],"P90_VALUE":[70,70],"MAX_VALUE":[88,92]},"PREVALENCE_BY_GENDER_AGE_YEAR":{"TRELLIS_NAME":["70-79","50-59","40-49","50-59","40-49","60-69","50-59","40-49","50-59","30-39","20-29","50-59","40-49","50-59","50-59","40-49","50-59","50-59","60-69","30-39","60-69","50-59","40-49","50-59","40-49","20-29","60-69","30-39","20-29","40-49","50-59","70-79","40-49","30-39","50-59","20-29","30-39","50-59","30-39","60-69","20-29","60-69","50-59","40-49","50-59","70-79","50-59","40-49","30-39","30-39","60-69","40-49","70-79","60-69","20-29","40-49","70-79","50-59","40-49","50-59","70-79","20-29","60-69","60-69","30-39","30-39","60-69","20-29","20-29","30-39","30-39","60-69","40-49","50-59","70-79","50-59","40-49","30-39","50-59","40-49","40-49","60-69","10-19","60-69"],"SERIES_NAME":["FEMALE","FEMALE","MALE","MALE","FEMALE","FEMALE","FEMALE","FEMALE","MALE","FEMALE","FEMALE","FEMALE","FEMALE","MALE","MALE","FEMALE","MALE","FEMALE","FEMALE","FEMALE","FEMALE","FEMALE","FEMALE","MALE","MALE","FEMALE","FEMALE","FEMALE","MALE","MALE","MALE","FEMALE","FEMALE","MALE","FEMALE","MALE","FEMALE","FEMALE","MALE","MALE","FEMALE","FEMALE","MALE","FEMALE","MALE","FEMALE","FEMALE","FEMALE","MALE","FEMALE","FEMALE","MALE","MALE","MALE","FEMALE","MALE","MALE","MALE","FEMALE","FEMALE","FEMALE","FEMALE","MALE","FEMALE","FEMALE","MALE","MALE","FEMALE","MALE","MALE","FEMALE","FEMALE","MALE","MALE","FEMALE","FEMALE","FEMALE","FEMALE","FEMALE","MALE","FEMALE","MALE","MALE","FEMALE"],"X_CALENDAR_YEAR":[2004,2004,2004,2004,2004,2004,2005,2005,2005,2005,2005,2006,2006,2006,2007,2007,2008,2008,2008,2009,2009,2009,2009,2009,2009,2010,2010,2010,2010,2010,2010,2010,2010,2010,2010,2011,2011,2011,2011,2011,2011,2011,2011,2011,2012,2012,2012,2012,2012,2012,2012,2012,2012,2012,2012,2013,2013,2013,2013,2013,2013,2013,2013,2013,2013,2013,2014,2014,2014,2014,2014,2014,2014,2014,2014,2014,2014,2015,2015,2015,2015,2015,2015,2015],"Y_PREVALENCE_1000PP":[0.546,0.75946,0.50835,0.74838,0.41569,0.55629,0.44821,0.40819,0.51972,0.22683,0.18923,0.25949,0.30777,0.40323,0.32019,0.43443,0.40367,0.55759,0.31529,0.31301,0.301,0.5811,0.41794,0.49341,0.32149,0.17504,0.67075,0.44631,0.30125,0.43328,0.63113,0.56419,0.54961,0.41181,0.9925,0.40258,0.51808,0.76797,0.42473,0.56751,0.28767,0.58089,0.54065,0.77598,0.50976,0.48975,1.16699,0.6091,0.37456,0.3525,0.75805,0.53944,0.44981,0.424,0.19423,0.90504,0.51987,1.01355,0.8548,0.9168,0.79008,0.53007,0.37558,0.86237,0.52739,0.38964,0.7915,0.5631,0.55862,0.72443,1.01622,1.72289,1.70484,1.10994,0.45071,1.42248,1.10629,0.57256,1.47113,0.86894,1.14286,0.57078,0.64935,0.74699]},"PREVALENCE_BY_MONTH":{"X_CALENDAR_MONTH":["200404","200405","200406","200407","200408","200410","200412","200503","200504","200505","200506","200508","200511","200601","200604","200606","200607","200608","200610","200612","200705","200706","200708","200711","200712","200802","200803","200806","200808","200809","200810","200811","200812","200901","200902","200904","200905","200906","200907","200908","200909","200910","200911","200912","201001","201002","201003","201004","201005","201006","201007","201008","201009","201010","201011","201012","201101","201102","201103","201104","201105","201106","201107","201108","201109","201110","201111","201112","201201","201202","201203","201204","201205","201206","201207","201208","201209","201210","201211","201212","201301","201302","201303","201304","201305","201306","201307","201308","201309","201310","201311","201312","201401","201402","201403","201404","201405","201406","201407","201408","201409","201410","201411","201412","201501","201502","201503","201504","201505"],"Y_PREVALENCE_1000PP":[0.05933,0.06789,0.07529,0.05769,0.04835,0.04343,0.03515,0.03685,0.02699,0.03956,0.04736,0.04164,0.02791,0.02722,0.03014,0.02214,0.02202,0.02546,0.02145,0.02478,0.02046,0.02038,0.02018,0.02975,0.02969,0.02285,0.02273,0.02253,0.02881,0.02549,0.02217,0.06015,0.01891,0.01885,0.04392,0.02808,0.04979,0.02178,0.05295,0.02494,0.02489,0.02794,0.03726,0.04968,0.06521,0.03107,0.0495,0.04026,0.04031,0.04341,0.03728,0.03111,0.03117,0.03742,0.05626,0.05333,0.04089,0.03468,0.02832,0.05066,0.04762,0.06061,0.03209,0.04508,0.06798,0.0519,0.04558,0.03597,0.04592,0.05927,0.05606,0.04651,0.0367,0.0505,0.02713,0.03749,0.07213,0.04828,0.06945,0.03844,0.07023,0.06036,0.05363,0.05765,0.05455,0.04422,0.06699,0.05657,0.0382,0.07333,0.09435,0.07189,0.07308,0.05387,0.11321,0.10294,0.09683,0.09073,0.09377,0.12663,0.13629,0.20577,0.10748,0.06591,0.13052,0.10814,0.21692,0.2358,0.12565]},"LENGTH_OF_ERA":{"CATEGORY":"Length of Era","MIN_VALUE":0,"P10_VALUE":0,"P25_VALUE":0,"MEDIAN_VALUE":2,"P75_VALUE":30,"P90_VALUE":120,"MAX_VALUE":1452}}
