{"AGE_AT_FIRST_EXPOSURE":{"CATEGORY":["MALE","FEMALE"],"MIN_VALUE":[45,42],"P10_VALUE":[48,51],"P25_VALUE":[57,61],"MEDIAN_VALUE":[68,69],"P75_VALUE":[77,81],"P90_VALUE":[80,85],"MAX_VALUE":[81,86]},"PREVALENCE_BY_GENDER_AGE_YEAR":{"TRELLIS_NAME":["80-89","60-69","60-69","70-79"],"SERIES_NAME":["FEMALE","MALE","FEMALE","MALE"],"X_CALENDAR_YEAR":[2004,2004,2004,2004],"Y_PREVALENCE_1000PP":[1.51388,0.56807,0.48675,0.68681]},"PREVALENCE_BY_MONTH":{"X_CALENDAR_MONTH":["200403","200404","200405","200408","200411","200412"],"Y_PREVALENCE_1000PP":[0.08878,0.05085,0.0528,0.04231,0.04161,0.03515]},"LENGTH_OF_ERA":{"CATEGORY":"Length of Era","MIN_VALUE":1,"P10_VALUE":1,"P25_VALUE":1,"MEDIAN_VALUE":1,"P75_VALUE":2,"P90_VALUE":12,"MAX_VALUE":67}}
