{"AGE_AT_FIRST_EXPOSURE":{"CATEGORY":["MALE","FEMALE"],"MIN_VALUE":[0,0],"P10_VALUE":[1,12],"P25_VALUE":[2,22],"MEDIAN_VALUE":[8,28],"P75_VALUE":[28,35],"P90_VALUE":[61,41],"MAX_VALUE":[85,102]},"PREVALENCE_BY_GENDER_AGE_YEAR":{"TRELLIS_NAME":["20-29","0-9","30-39","10-19","0-9","10-19","30-39","20-29","10-19","10-19","0-9","30-39","10-19","0-9","20-29","0-9","10-19","30-39","20-29","0-9","10-19","0-9","30-39","20-29","0-9","10-19","0-9","30-39","20-29","10-19","0-9","0-9","30-39","20-29","10-19","40-49","0-9","0-9","30-39","50-59","30-39","50-59","10-19","40-49","0-9","0-9","20-29","30-39","40-49","20-29","0-9","60-69","40-49","10-19","0-9","0-9","10-19","30-39","20-29","30-39","20-29","10-19","0-9","40-49","0-9","10-19","40-49","30-39","20-29"],"SERIES_NAME":["FEMALE","MALE","FEMALE","FEMALE","FEMALE","MALE","FEMALE","FEMALE","FEMALE","MALE","MALE","FEMALE","FEMALE","FEMALE","FEMALE","MALE","MALE","FEMALE","FEMALE","MALE","FEMALE","FEMALE","FEMALE","FEMALE","MALE","FEMALE","FEMALE","FEMALE","FEMALE","FEMALE","FEMALE","MALE","FEMALE","FEMALE","FEMALE","FEMALE","MALE","FEMALE","MALE","FEMALE","FEMALE","MALE","FEMALE","FEMALE","MALE","FEMALE","FEMALE","FEMALE","FEMALE","FEMALE","MALE","FEMALE","FEMALE","MALE","MALE","FEMALE","FEMALE","FEMALE","FEMALE","FEMALE","FEMALE","FEMALE","FEMALE","FEMALE","MALE","MALE","FEMALE","FEMALE","FEMALE"],"X_CALENDAR_YEAR":[2004,2004,2004,2004,2004,2004,2005,2005,2005,2005,2005,2006,2006,2006,2006,2006,2006,2007,2007,2007,2007,2007,2008,2008,2008,2008,2008,2009,2009,2009,2009,2009,2010,2010,2010,2010,2010,2010,2011,2011,2011,2011,2011,2011,2011,2011,2011,2012,2012,2012,2012,2012,2013,2013,2013,2013,2013,2013,2013,2014,2014,2014,2014,2014,2014,2014,2015,2015,2015],"Y_PREVALENCE_1000PP":[0.77166,0.38421,0.99022,0.36445,0.49718,0.42099,0.7453,0.78844,0.5562,0.34276,0.70353,0.71901,0.5422,0.60329,0.92214,0.83596,0.40636,0.68493,1.03252,0.56954,0.29724,0.44396,0.61725,0.84781,0.62003,0.28916,0.34738,0.75643,0.7896,0.36736,0.53301,0.4763,0.99764,1.10025,0.45837,0.29097,0.34201,0.34947,0.36406,0.20945,1.88144,0.2949,0.34304,0.4386,0.45298,0.31469,1.49066,1.43936,0.53744,1.69256,0.285,0.2948,0.46625,0.40597,0.48607,0.37903,0.41944,1.39604,1.47241,2.52304,2.8155,0.32373,0.46455,0.44252,0.53715,0.41114,0.65306,1.52681,1.89191]},"PREVALENCE_BY_MONTH":{"X_CALENDAR_MONTH":["200403","200404","200405","200406","200410","200411","200412","200501","200502","200503","200505","200506","200508","200509","200510","200511","200512","200601","200602","200603","200604","200605","200606","200608","200609","200610","200611","200701","200702","200703","200705","200707","200708","200709","200710","200711","200712","200801","200802","200803","200804","200805","200806","200807","200808","200809","200810","200811","200812","200901","200902","200903","200904","200905","200906","200907","200908","200909","200910","200911","200912","201001","201002","201003","201004","201005","201006","201007","201008","201009","201010","201011","201012","201101","201102","201103","201104","201105","201106","201107","201108","201109","201110","201111","201112","201201","201202","201203","201204","201205","201206","201207","201208","201209","201210","201211","201212","201301","201302","201303","201304","201305","201306","201307","201309","201310","201311","201312","201401","201402","201403","201404","201405","201406","201407","201408","201409","201410","201411","201412","201501","201502","201503","201504","201505"],"Y_PREVALENCE_1000PP":[0.08878,0.07628,0.06789,0.04791,0.05429,0.05201,0.04017,0.03407,0.05225,0.04145,0.02637,0.02583,0.02498,0.03281,0.05657,0.05184,0.04343,0.04667,0.05013,0.03415,0.07535,0.05951,0.02952,0.02909,0.05057,0.03218,0.03908,0.02454,0.03492,0.03109,0.03069,0.03381,0.03363,0.02344,0.04309,0.02314,0.03959,0.02946,0.03591,0.02923,0.02589,0.03228,0.02575,0.02884,0.01921,0.01911,0.03801,0.02533,0.02206,0.02827,0.0251,0.03121,0.01872,0.03423,0.01867,0.0218,0.04364,0.03111,0.03415,0.03416,0.03415,0.02484,0.03729,0.02784,0.04026,0.03101,0.03101,0.03417,0.03422,0.04676,0.04054,0.03751,0.04705,0.04718,0.0599,0.07238,0.06966,0.08254,0.0638,0.0738,0.05152,0.04532,0.05514,0.05534,0.03597,0.0492,0.05268,0.03957,0.0598,0.05672,0.05386,0.0407,0.05112,0.05496,0.08277,0.0382,0.03844,0.05618,0.0497,0.0429,0.02522,0.07274,0.06633,0.04094,0.06876,0.08491,0.02752,0.06789,0.08526,0.07459,0.0587,0.04289,0.09683,0.0862,0.03751,0.09741,0.12115,0.12663,0.10748,0.13182,0.09137,0.10814,0.18478,0.05895,0.25131]},"LENGTH_OF_ERA":{"CATEGORY":"Length of Era","MIN_VALUE":0,"P10_VALUE":1,"P25_VALUE":1,"MEDIAN_VALUE":1,"P75_VALUE":1,"P90_VALUE":2,"MAX_VALUE":180}}
