{"AGE_AT_FIRST_EXPOSURE":{"CATEGORY":["MALE","FEMALE"],"MIN_VALUE":[20,20],"P10_VALUE":[45,31],"P25_VALUE":[52,48],"MEDIAN_VALUE":[58,58],"P75_VALUE":[64,67],"P90_VALUE":[71,79],"MAX_VALUE":[91,90]},"PREVALENCE_BY_GENDER_AGE_YEAR":{"TRELLIS_NAME":["50-59","60-69","50-59","60-69","50-59","60-69","60-69","50-59","40-49","50-59","60-69"],"SERIES_NAME":["MALE","MALE","MALE","MALE","FEMALE","FEMALE","MALE","MALE","MALE","MALE","MALE"],"X_CALENDAR_YEAR":[2010,2010,2011,2011,2011,2012,2012,2012,2013,2014,2014],"Y_PREVALENCE_1000PP":[0.29129,0.42054,0.44235,0.46432,0.27926,0.33691,0.477,0.45879,0.45252,0.40893,0.33921]},"PREVALENCE_BY_MONTH":{"X_CALENDAR_MONTH":["201102","201107","201110","201111","201203","201205","201206","201208","201210","201403"],"Y_PREVALENCE_1000PP":[0.01892,0.02246,0.02919,0.02279,0.01978,0.02002,0.02693,0.02045,0.02069,0.02516]},"LENGTH_OF_ERA":{"CATEGORY":"Length of Era","MIN_VALUE":0,"P10_VALUE":1,"P25_VALUE":2,"MEDIAN_VALUE":30,"P75_VALUE":60,"P90_VALUE":180,"MAX_VALUE":599}}
