{"AGE_AT_FIRST_EXPOSURE":{"CATEGORY":["MALE","FEMALE"],"MIN_VALUE":[44,14],"P10_VALUE":[54,28],"P25_VALUE":[59,45],"MEDIAN_VALUE":[69,60],"P75_VALUE":[78,70],"P90_VALUE":[83,85],"MAX_VALUE":[94,93]},"PREVALENCE_BY_GENDER_AGE_YEAR":{"TRELLIS_NAME":["60-69","40-49","50-59","60-69","70-79","70-79","40-49","50-59","30-39","20-29","80-89","60-69","60-69","80-89","70-79"],"SERIES_NAME":["FEMALE","FEMALE","FEMALE","FEMALE","FEMALE","MALE","FEMALE","FEMALE","FEMALE","FEMALE","MALE","MALE","FEMALE","FEMALE","FEMALE"],"X_CALENDAR_YEAR":[2013,2013,2013,2014,2014,2014,2014,2014,2014,2014,2014,2014,2015,2015,2015],"Y_PREVALENCE_1000PP":[0.34495,0.23313,0.4584,0.8161,0.5151,0.54735,0.26551,0.37654,0.21025,0.23186,1.11252,0.56536,0.4482,1.10865,0.62221]},"PREVALENCE_BY_MONTH":{"X_CALENDAR_MONTH":["201304","201307","201311","201402","201404","201405","201406","201408","201409","201410","201411","201412","201501","201502","201503","201504"],"Y_PREVALENCE_1000PP":[0.02162,0.03721,0.03145,0.03315,0.02573,0.04841,0.03176,0.03409,0.05048,0.06331,0.03394,0.04794,0.03916,0.07209,0.09641,0.05895]},"LENGTH_OF_ERA":{"CATEGORY":"Length of Era","MIN_VALUE":0,"P10_VALUE":0,"P25_VALUE":0,"MEDIAN_VALUE":0,"P75_VALUE":30,"P90_VALUE":120,"MAX_VALUE":408}}
