{"PREVALENCE_BY_GENDER_AGE_YEAR":{"TRELLIS_NAME":["60-69","50-59","60-69","50-59","0-9","60-69","40-49","50-59","0-9","50-59","70-79","0-9","60-69","50-59","70-79","60-69","50-59","60-69","60-69","70-79","40-49"],"SERIES_NAME":["MALE","MALE","MALE","MALE","MALE","MALE","MALE","MALE","MALE","MALE","MALE","MALE","MALE","MALE","MALE","MALE","MALE","MALE","MALE","MALE","MALE"],"X_CALENDAR_YEAR":[2007,2008,2009,2009,2009,2010,2010,2010,2010,2011,2011,2011,2011,2012,2012,2012,2013,2013,2014,2014,2014],"Y_PREVALENCE_1000PP":[0.42848,0.40367,0.43773,0.29605,0.23815,0.68338,0.37912,0.48548,0.20521,0.4915,0.89346,0.3136,0.92865,0.45879,0.89962,1.27199,0.32007,0.48288,0.39575,0.54735,0.74123]},"PREVALENCE_BY_MONTH":{"X_CALENDAR_MONTH":["200710","200803","200805","200903","200910","200911","201004","201005","201007","201008","201009","201010","201011","201101","201102","201103","201104","201105","201107","201110","201111","201201","201202","201205","201206","201208","201211","201301","201302","201304","201307","201402","201407","201409","201504"],"Y_PREVALENCE_1000PP":[0.0232,0.04222,0.02905,0.01873,0.02484,0.02174,0.01858,0.02171,0.02485,0.01866,0.02182,0.01871,0.02501,0.02831,0.02837,0.02517,0.02216,0.01905,0.02567,0.01946,0.0293,0.02624,0.03293,0.03003,0.0303,0.03067,0.04167,0.03511,0.0284,0.03603,0.02977,0.02486,0.03751,0.03534,0.06878]},"PROCEDURES_BY_TYPE":{"CONCEPT_NAME":"Primary Procedure","COUNT_VALUE":550},"AGE_AT_FIRST_OCCURRENCE":{"CATEGORY":["MALE","FEMALE"],"MIN_VALUE":[0,0],"P10_VALUE":[5,3],"P25_VALUE":[37,35],"MEDIAN_VALUE":[57,57],"P75_VALUE":[67,73],"P90_VALUE":[74,80],"MAX_VALUE":[93,93]}}
