{"PREVALENCE_BY_GENDER_AGE_YEAR":{"TRELLIS_NAME":["50-59","40-49","60-69","60-69","60-69","50-59","50-59","40-49","20-29","70-79","70-79","80-89","20-29","50-59"],"SERIES_NAME":["MALE","FEMALE","MALE","FEMALE","MALE","MALE","MALE","FEMALE","FEMALE","MALE","MALE","FEMALE","MALE","FEMALE"],"X_CALENDAR_YEAR":[2005,2006,2006,2006,2007,2007,2008,2008,2010,2012,2013,2013,2014,2014],"Y_PREVALENCE_1000PP":[0.38979,0.27357,0.46732,0.35218,0.36726,0.32019,0.35321,0.19433,0.15003,0.44981,0.4456,0.66541,0.37242,0.25103]},"PREVALENCE_BY_MONTH":{"X_CALENDAR_MONTH":["200408","200409","200412","200503","200602","200604","200608","200609","200610","200611","200709","200710","200801","200805","200807","200808","200809","200810","201108","201203","201204","201207","201208","201209","201210","201303","201304","201307","201309","201312","201401","201402","201405","201407","201503"],"Y_PREVALENCE_1000PP":[0.04231,0.03432,0.04519,0.03224,0.02313,0.0226,0.02546,0.02167,0.02145,0.03553,0.02009,0.03315,0.02292,0.01937,0.01922,0.02561,0.01911,0.02534,0.01932,0.02308,0.01993,0.02035,0.02045,0.02061,0.02069,0.02503,0.04324,0.02233,0.02292,0.02796,0.02436,0.04558,0.03961,0.03751,0.0482]},"PROCEDURES_BY_TYPE":{"CONCEPT_NAME":"Primary Procedure","COUNT_VALUE":542},"AGE_AT_FIRST_OCCURRENCE":{"CATEGORY":["FEMALE","MALE"],"MIN_VALUE":[9,2],"P10_VALUE":[25,22],"P25_VALUE":[41,40],"MEDIAN_VALUE":[58,59],"P75_VALUE":[70,68],"P90_VALUE":[85,80],"MAX_VALUE":[97,101]}}
