{"PREVALENCE_BY_GENDER_AGE_YEAR":{"TRELLIS_NAME":["50-59","40-49","50-59","40-49","30-39","60-69","70-79","50-59","70-79","50-59","40-49","60-69","60-69","50-59","50-59","60-69","50-59","60-69","60-69","70-79","50-59","40-49","70-79","60-69","60-69","50-59","70-79","60-69","60-69","50-59","70-79","50-59","60-69","60-69","50-59","70-79","50-59","70-79"],"SERIES_NAME":["FEMALE","FEMALE","MALE","MALE","FEMALE","MALE","MALE","MALE","FEMALE","FEMALE","FEMALE","MALE","MALE","FEMALE","MALE","FEMALE","MALE","MALE","FEMALE","MALE","MALE","MALE","FEMALE","MALE","FEMALE","FEMALE","MALE","FEMALE","MALE","MALE","FEMALE","FEMALE","MALE","FEMALE","MALE","MALE","FEMALE","FEMALE"],"X_CALENDAR_YEAR":[2006,2006,2006,2006,2006,2006,2007,2007,2007,2007,2007,2007,2008,2008,2008,2008,2010,2010,2010,2011,2011,2011,2011,2011,2011,2011,2012,2012,2012,2012,2012,2012,2013,2013,2013,2013,2013,2013],"Y_PREVALENCE_1000PP":[0.3707,1.26526,0.51843,0.35545,0.20971,0.46732,0.65269,0.7471,0.40169,0.21553,0.26734,0.36726,0.40009,0.2091,0.50459,0.27025,0.29129,0.57825,0.29345,0.74455,0.93384,0.56497,0.49514,1.34138,0.33194,0.38398,1.57433,0.5896,1.96099,1.17245,0.42853,0.25528,1.98519,0.73301,0.9602,1.70813,0.3438,0.85086]},"PREVALENCE_BY_MONTH":{"X_CALENDAR_MONTH":["200607","200608","200609","200610","200611","200612","200701","200702","200703","200706","200707","200801","200803","200804","200807","200809","201004","201006","201012","201103","201104","201105","201106","201107","201108","201109","201110","201111","201112","201201","201202","201203","201204","201205","201206","201207","201208","201209","201210","201211","201212","201301","201302","201303","201304","201305","201306","201307","201308","201309","201310","201311","201312","201401"],"Y_PREVALENCE_1000PP":[0.07339,0.03636,0.04696,0.02503,0.07817,0.07079,0.05258,0.03841,0.02418,0.03056,0.04057,0.01964,0.02273,0.02589,0.02243,0.01911,0.01858,0.03721,0.01882,0.03147,0.0285,0.04127,0.04466,0.03529,0.05796,0.02914,0.06812,0.03907,0.07522,0.0328,0.0428,0.05606,0.07308,0.04004,0.05723,0.04748,0.03408,0.08243,0.05863,0.07292,0.04194,0.05267,0.09231,0.06435,0.06486,0.06182,0.07001,0.03721,0.06034,0.06494,0.05403,0.08256,0.0639,0.0406]},"PROCEDURES_BY_TYPE":{"CONCEPT_NAME":"Primary Procedure","COUNT_VALUE":963},"AGE_AT_FIRST_OCCURRENCE":{"CATEGORY":["MALE","FEMALE"],"MIN_VALUE":[21,19],"P10_VALUE":[44,33],"P25_VALUE":[54,44],"MEDIAN_VALUE":[61,54],"P75_VALUE":[68,65],"P90_VALUE":[75,73],"MAX_VALUE":[88,91]}}
