{"PREVALENCE_BY_GENDER_AGE_YEAR":{"TRELLIS_NAME":["0-9","0-9","0-9","0-9","10-19","0-9","0-9","0-9","0-9","0-9","0-9","0-9","0-9","0-9","0-9","0-9","0-9"],"SERIES_NAME":["MALE","FEMALE","MALE","MALE","MALE","MALE","FEMALE","FEMALE","MALE","FEMALE","MALE","FEMALE","MALE","FEMALE","MALE","FEMALE","MALE"],"X_CALENDAR_YEAR":[2004,2005,2005,2006,2007,2007,2008,2009,2010,2010,2011,2011,2012,2012,2013,2014,2015],"Y_PREVALENCE_1000PP":[0.33618,0.46714,0.37245,0.34198,0.32969,0.24917,0.23159,0.22843,0.44461,0.34947,0.52267,0.27535,0.35625,0.36126,0.48607,0.32519,0.51121]},"PREVALENCE_BY_MONTH":{"X_CALENDAR_MONTH":["200505","201006"],"Y_PREVALENCE_1000PP":[0.02637,0.03101]},"PROCEDURES_BY_TYPE":{"CONCEPT_NAME":"Primary Procedure","COUNT_VALUE":280},"AGE_AT_FIRST_OCCURRENCE":{"CATEGORY":["MALE","FEMALE"],"MIN_VALUE":[1,1],"P10_VALUE":[3,2],"P25_VALUE":[4,4],"MEDIAN_VALUE":[5,6],"P75_VALUE":[9,10],"P90_VALUE":[11,17],"MAX_VALUE":[61,78]}}
