{"PREVALENCE_BY_GENDER_AGE_YEAR":{"TRELLIS_NAME":["30-39","20-29","10-19","30-39","20-29","10-19","40-49","30-39","10-19","40-49","20-29","30-39","20-29","10-19","40-49","30-39","20-29","10-19","40-49","20-29","30-39","10-19","40-49","20-29","30-39","10-19","40-49","30-39","20-29","40-49","40-49","30-39","20-29","10-19","40-49","20-29","30-39","20-29","30-39","40-49","10-19","30-39","20-29"],"SERIES_NAME":["FEMALE","FEMALE","FEMALE","FEMALE","FEMALE","FEMALE","FEMALE","FEMALE","FEMALE","FEMALE","FEMALE","FEMALE","FEMALE","FEMALE","FEMALE","FEMALE","FEMALE","FEMALE","FEMALE","FEMALE","FEMALE","FEMALE","FEMALE","FEMALE","FEMALE","FEMALE","FEMALE","FEMALE","FEMALE","FEMALE","FEMALE","FEMALE","FEMALE","FEMALE","FEMALE","FEMALE","FEMALE","FEMALE","FEMALE","FEMALE","FEMALE","FEMALE","FEMALE"],"X_CALENDAR_YEAR":[2004,2004,2004,2005,2005,2005,2005,2006,2006,2006,2006,2007,2007,2007,2007,2008,2008,2008,2008,2009,2009,2009,2009,2010,2010,2010,2010,2011,2011,2011,2012,2012,2012,2012,2013,2013,2013,2014,2014,2014,2014,2015,2015],"Y_PREVALENCE_1000PP":[0.79217,0.88741,0.4252,2.33312,2.90148,0.50564,0.37109,2.51655,0.72294,0.51294,2.76641,2.36872,2.96172,0.72187,0.53469,1.77124,2.38927,0.70225,0.55059,2.46749,2.8953,0.85718,0.77158,2.35053,2.57285,0.45837,0.58194,1.6633,2.19677,0.37112,0.53744,1.70373,1.97003,0.34777,0.4274,1.76689,2.35776,2.2524,1.96236,0.26551,0.32373,1.27235,0.94595]},"PREVALENCE_BY_MONTH":{"X_CALENDAR_MONTH":["200408","200409","200410","200411","200412","200501","200502","200503","200504","200505","200506","200507","200508","200509","200510","200511","200512","200601","200602","200603","200604","200605","200606","200607","200608","200609","200610","200611","200612","200701","200702","200703","200704","200705","200706","200707","200708","200709","200710","200711","200712","200801","200802","200803","200804","200805","200806","200807","200808","200809","200810","200811","200812","200901","200902","200903","200904","200905","200906","200907","200908","200909","200910","200911","200912","201001","201002","201003","201004","201005","201006","201007","201008","201009","201010","201011","201012","201101","201102","201103","201104","201105","201106","201107","201108","201109","201110","201111","201112","201201","201202","201203","201204","201205","201206","201207","201208","201209","201210","201211","201212","201301","201302","201303","201304","201305","201306","201307","201308","201309","201310","201311","201312","201401","201402","201403","201404","201405","201406","201407","201408","201409","201410","201411","201412","201501","201502","201503","201505"],"Y_PREVALENCE_1000PP":[0.07253,0.06292,0.05971,0.03641,0.05021,0.06815,0.07601,0.06909,0.07199,0.08351,0.06028,0.03819,0.09576,0.08614,0.04848,0.07576,0.07502,0.05444,0.05398,0.03794,0.10172,0.07438,0.06273,0.07339,0.09455,0.07225,0.06435,0.07462,0.06017,0.05959,0.05937,0.05181,0.05504,0.05796,0.09169,0.07438,0.08744,0.06026,0.04972,0.07271,0.07259,0.06548,0.05549,0.04547,0.0615,0.04841,0.03863,0.06408,0.04482,0.04142,0.06019,0.07281,0.05358,0.05026,0.05647,0.05307,0.09362,0.04979,0.0871,0.06541,0.05923,0.06845,0.10246,0.07142,0.06831,0.10247,0.04972,0.06188,0.07743,0.05892,0.06201,0.05591,0.04044,0.06858,0.04677,0.06564,0.03451,0.05976,0.05044,0.03461,0.04433,0.03175,0.0638,0.04813,0.04508,0.03237,0.04217,0.02279,0.04906,0.0492,0.03622,0.03627,0.04983,0.04671,0.03703,0.03052,0.05794,0.03778,0.05173,0.05903,0.03495,0.04916,0.0497,0.06078,0.05765,0.02546,0.05527,0.06699,0.03394,0.04584,0.04245,0.03931,0.05192,0.02436,0.0663,0.06289,0.05576,0.04841,0.03629,0.07971,0.06332,0.05048,0.06859,0.03394,0.06591,0.03916,0.09372,0.0482,0.11169]},"PROCEDURES_BY_TYPE":{"CONCEPT_NAME":"Primary Procedure","COUNT_VALUE":2265},"AGE_AT_FIRST_OCCURRENCE":{"CATEGORY":["FEMALE","MALE"],"MIN_VALUE":[0,0],"P10_VALUE":[20,0],"P25_VALUE":[24,2],"MEDIAN_VALUE":[29,11],"P75_VALUE":[34,28],"P90_VALUE":[39,59],"MAX_VALUE":[77,74]}}
