{"PREVALENCE_BY_GENDER_AGE_YEAR":{"TRELLIS_NAME":["60-69","40-49","50-59"],"SERIES_NAME":["MALE","FEMALE","MALE"],"X_CALENDAR_YEAR":[2005,2005,2005],"Y_PREVALENCE_1000PP":[0.61228,0.22265,0.38979]},"PREVALENCE_BY_MONTH":{"X_CALENDAR_MONTH":["200408","200409","200410","200502","200504","200505","200507","200601"],"Y_PREVALENCE_1000PP":[0.06044,0.05148,0.038,0.0285,0.03599,0.02637,0.02546,0.035]},"PROCEDURES_BY_TYPE":{"CONCEPT_NAME":"Primary Procedure","COUNT_VALUE":168},"AGE_AT_FIRST_OCCURRENCE":{"CATEGORY":["FEMALE","MALE"],"MIN_VALUE":[2,1],"P10_VALUE":[5,12],"P25_VALUE":[22,44],"MEDIAN_VALUE":[43,55],"P75_VALUE":[68,66],"P90_VALUE":[78,75],"MAX_VALUE":[91,89]}}
