{"PREVALENCE_BY_GENDER_AGE_YEAR":{"TRELLIS_NAME":["20-29","20-29","20-29","40-49","20-29","20-29","30-39","40-49","20-29","30-39","20-29","40-49","40-49","30-39","20-29","40-49","20-29","30-39","20-29","30-39","40-49","20-29"],"SERIES_NAME":["FEMALE","FEMALE","FEMALE","FEMALE","FEMALE","FEMALE","FEMALE","FEMALE","FEMALE","FEMALE","FEMALE","FEMALE","FEMALE","FEMALE","FEMALE","FEMALE","FEMALE","FEMALE","FEMALE","FEMALE","FEMALE","FEMALE"],"X_CALENDAR_YEAR":[2005,2006,2007,2008,2008,2009,2009,2010,2010,2010,2011,2011,2012,2012,2012,2013,2013,2013,2014,2014,2014,2015],"Y_PREVALENCE_1000PP":[0.34692,0.31698,0.27172,0.29149,0.33398,0.1974,0.26084,0.19398,0.47511,0.18378,0.39228,0.23617,0.25081,0.26437,0.33296,0.27198,0.44172,0.18614,0.36436,0.35042,0.30976,0.44145]},"PREVALENCE_BY_MONTH":{"X_CALENDAR_MONTH":["200703","200705","201001","201009","201010","201103","201409","201501"],"Y_PREVALENCE_1000PP":[0.02073,0.02046,0.01863,0.0187,0.01871,0.02203,0.03029,0.03916]},"PROCEDURES_BY_TYPE":{"CONCEPT_NAME":"Primary Procedure","COUNT_VALUE":361},"AGE_AT_FIRST_OCCURRENCE":{"CATEGORY":"FEMALE","MIN_VALUE":15,"P10_VALUE":20,"P25_VALUE":23,"MEDIAN_VALUE":29,"P75_VALUE":40,"P90_VALUE":48,"MAX_VALUE":61}}
