{"PREVALENCE_BY_GENDER_AGE_YEAR":{"TRELLIS_NAME":["60-69","60-69","40-49","70-79","50-59","50-59","40-49","50-59","50-59","40-49","70-79","60-69","60-69","60-69","50-59","70-79","40-49","70-79","40-49","60-69","60-69","70-79","50-59","40-49","70-79","60-69","70-79","50-59","40-49","50-59","60-69","60-69","60-69","50-59","40-49","50-59","70-79","40-49","70-79","60-69","70-79","50-59","40-49","40-49","70-79","60-69","40-49","50-59","70-79","70-79","50-59","60-69","70-79","40-49","50-59","60-69","70-79","60-69"],"SERIES_NAME":["MALE","FEMALE","FEMALE","FEMALE","MALE","FEMALE","FEMALE","FEMALE","MALE","MALE","FEMALE","FEMALE","MALE","FEMALE","FEMALE","FEMALE","FEMALE","MALE","MALE","MALE","FEMALE","MALE","FEMALE","FEMALE","FEMALE","MALE","FEMALE","MALE","FEMALE","FEMALE","FEMALE","FEMALE","MALE","FEMALE","FEMALE","FEMALE","FEMALE","FEMALE","MALE","FEMALE","FEMALE","FEMALE","FEMALE","MALE","MALE","FEMALE","FEMALE","FEMALE","FEMALE","MALE","MALE","FEMALE","FEMALE","FEMALE","FEMALE","FEMALE","FEMALE","FEMALE"],"X_CALENDAR_YEAR":[2005,2005,2005,2005,2005,2005,2006,2006,2006,2006,2006,2006,2007,2007,2007,2007,2007,2007,2007,2008,2008,2008,2008,2008,2008,2009,2009,2009,2009,2009,2009,2010,2010,2010,2010,2011,2011,2011,2011,2011,2012,2012,2012,2012,2012,2012,2013,2013,2013,2013,2013,2013,2014,2014,2014,2014,2015,2015],"Y_PREVALENCE_1000PP":[0.61228,0.61614,0.33398,0.60606,0.45475,0.44821,0.41035,0.3707,0.34562,0.47393,0.6209,0.4025,0.5509,0.61318,0.61068,1.5398,0.20051,0.73427,0.32918,0.34294,0.31529,0.63037,0.38334,0.29149,0.7122,0.3283,0.63155,0.29605,0.22504,0.44437,0.301,0.46114,0.31541,0.41069,0.25864,0.27926,0.49514,0.20243,0.44673,0.45641,0.85706,0.43762,0.25081,0.35963,0.52478,0.46326,0.34969,0.4966,0.42543,0.4456,0.37341,0.34495,0.64387,0.30976,0.58573,0.31737,0.62221,0.4482]},"PREVALENCE_BY_MONTH":{"X_CALENDAR_MONTH":["200503","200504","200505","200506","200507","200508","200509","200511","200603","200605","200606","200608","200611","200701","200702","200703","200704","200705","200707","200708","200710","200711","200712","200802","200804","200805","200806","200807","200809","200811","200901","200902","200903","200906","200912","201006","201008","201010","201011","201101","201102","201103","201106","201107","201112","201201","201202","201203","201204","201206","201208","201210","201212","201302","201303","201305","201306","201307","201312","201403","201405","201409","201410","201411","201412","201502","201503","201505"],"Y_PREVALENCE_1000PP":[0.02763,0.02699,0.03077,0.03014,0.03395,0.04164,0.02461,0.02791,0.03794,0.02603,0.04797,0.05091,0.03198,0.03506,0.02794,0.02418,0.0344,0.0341,0.02705,0.03699,0.03315,0.02314,0.02639,0.02612,0.02589,0.02905,0.02575,0.02243,0.02549,0.02216,0.01885,0.02823,0.02809,0.01867,0.02173,0.0186,0.03111,0.02806,0.01875,0.02202,0.02522,0.02203,0.01914,0.01925,0.04252,0.02624,0.02963,0.02638,0.02325,0.02356,0.0409,0.02759,0.02446,0.02485,0.03575,0.02909,0.02211,0.02233,0.02396,0.04193,0.02641,0.03029,0.04748,0.0396,0.03595,0.04326,0.05624,0.09773]},"PROCEDURES_BY_TYPE":{"CONCEPT_NAME":"Primary Procedure","COUNT_VALUE":814},"AGE_AT_FIRST_OCCURRENCE":{"CATEGORY":["MALE","FEMALE"],"MIN_VALUE":[0,15],"P10_VALUE":[36,39],"P25_VALUE":[47,48],"MEDIAN_VALUE":[60,58],"P75_VALUE":[70,70],"P90_VALUE":[77,76],"MAX_VALUE":[90,90]}}
