{"PREVALENCE_BY_GENDER_AGE_YEAR":{"TRELLIS_NAME":["40-49","70-79","20-29","30-39","50-59","40-49","70-79","70-79","50-59","30-39","20-29","60-69","20-29","60-69","20-29","80-89","60-69","40-49","50-59","40-49","50-59","70-79","10-19","70-79","30-39","10-19","50-59","40-49","50-59","70-79","60-69","60-69","80-89","20-29","30-39","40-49","60-69","50-59","70-79","40-49","80-89","20-29","60-69","30-39","60-69","40-49","10-19","50-59","40-49","50-59","20-29","20-29","30-39","40-49","70-79","40-49","50-59","50-59","60-69","60-69","20-29","30-39","60-69","20-29","40-49","50-59","70-79","40-49","0-9","70-79","30-39","50-59","0-9","60-69","20-29","50-59","70-79","40-49","30-39","20-29","60-69","60-69","30-39","50-59","70-79","40-49","40-49","50-59","70-79","60-69","80-89","50-59","70-79","70-79","40-49","50-59","20-29","80-89","60-69","30-39","30-39","20-29","30-39","50-59"],"SERIES_NAME":["FEMALE","FEMALE","FEMALE","FEMALE","MALE","FEMALE","FEMALE","MALE","FEMALE","FEMALE","FEMALE","FEMALE","MALE","MALE","FEMALE","FEMALE","FEMALE","FEMALE","FEMALE","MALE","MALE","MALE","FEMALE","FEMALE","FEMALE","FEMALE","MALE","FEMALE","FEMALE","FEMALE","MALE","FEMALE","FEMALE","FEMALE","FEMALE","MALE","FEMALE","FEMALE","FEMALE","FEMALE","FEMALE","FEMALE","MALE","FEMALE","FEMALE","MALE","FEMALE","MALE","FEMALE","FEMALE","FEMALE","MALE","FEMALE","MALE","FEMALE","FEMALE","MALE","FEMALE","FEMALE","MALE","FEMALE","FEMALE","FEMALE","FEMALE","MALE","MALE","FEMALE","FEMALE","FEMALE","MALE","FEMALE","FEMALE","MALE","MALE","FEMALE","FEMALE","FEMALE","FEMALE","FEMALE","FEMALE","MALE","FEMALE","FEMALE","MALE","MALE","MALE","FEMALE","FEMALE","FEMALE","FEMALE","FEMALE","MALE","MALE","FEMALE","FEMALE","FEMALE","FEMALE","MALE","MALE","FEMALE","MALE","FEMALE","FEMALE","FEMALE"],"X_CALENDAR_YEAR":[2004,2004,2004,2004,2005,2005,2005,2005,2005,2005,2005,2005,2006,2006,2006,2006,2006,2006,2006,2006,2006,2006,2006,2006,2006,2007,2007,2007,2007,2007,2007,2007,2007,2007,2007,2008,2008,2008,2008,2008,2008,2008,2008,2008,2009,2009,2009,2009,2009,2009,2009,2009,2009,2010,2010,2010,2010,2010,2010,2010,2010,2010,2011,2011,2011,2011,2011,2011,2011,2011,2011,2011,2012,2012,2012,2012,2012,2012,2012,2013,2013,2013,2013,2013,2013,2013,2013,2013,2013,2014,2014,2014,2014,2014,2014,2014,2014,2014,2014,2014,2014,2015,2015,2015],"Y_PREVALENCE_1000PP":[0.27712,0.546,0.38583,0.31687,0.45475,0.55663,0.45455,1.05394,0.57045,0.29164,0.34692,0.72817,0.37117,0.60084,0.63397,0.75882,0.35218,0.41035,0.25949,0.41469,0.34562,0.5216,0.2711,0.41394,0.32955,0.25478,0.64038,0.30076,0.43107,0.40169,0.67332,0.70751,0.71031,0.40758,0.34247,0.6496,0.67561,0.27879,0.77695,0.42104,0.67378,0.46244,0.45725,0.61725,0.344,0.32149,0.24491,0.29605,0.41794,0.41019,0.32077,0.40827,0.46951,0.37912,0.62688,0.3233,0.58258,0.41069,0.54498,0.36798,0.55012,0.44631,0.33194,0.36613,0.33898,0.34405,0.68082,0.47233,0.23602,0.59564,0.38174,0.24435,0.21375,0.318,0.33296,0.51056,0.42853,0.50161,0.44062,0.70676,0.48288,0.64677,0.46535,0.64014,0.74267,0.45252,0.46625,0.6494,0.85086,1.13348,0.81633,0.35051,1.0165,0.57949,0.44252,1.0041,0.59622,1.11252,0.73496,0.80597,0.65198,0.56757,0.3817,0.80912]},"PREVALENCE_BY_MONTH":{"X_CALENDAR_MONTH":["200408","200409","200410","200411","200412","200501","200502","200503","200505","200507","200508","200509","200510","200511","200512","200601","200602","200603","200604","200605","200606","200607","200608","200609","200610","200611","200612","200701","200702","200703","200704","200705","200706","200707","200708","200709","200710","200711","200712","200801","200802","200803","200804","200805","200806","200807","200808","200809","200810","200811","200812","200901","200902","200903","200904","200905","200907","200908","200909","200910","200912","201001","201002","201003","201004","201005","201006","201007","201008","201009","201010","201011","201012","201101","201102","201103","201104","201105","201106","201107","201108","201110","201111","201112","201201","201202","201203","201204","201205","201206","201207","201208","201210","201211","201212","201301","201302","201303","201304","201305","201306","201307","201308","201309","201310","201311","201312","201401","201402","201403","201404","201405","201406","201407","201408","201409","201410","201411","201412","201501","201502","201503","201504","201505"],"Y_PREVALENCE_1000PP":[0.07857,0.06292,0.05971,0.04681,0.06527,0.05354,0.038,0.04606,0.02637,0.0297,0.03747,0.03281,0.06061,0.04785,0.04343,0.04667,0.02699,0.03035,0.03014,0.04835,0.02952,0.0477,0.05091,0.02167,0.03218,0.04619,0.0354,0.03856,0.04191,0.03109,0.03096,0.03751,0.03396,0.02705,0.03027,0.02678,0.02652,0.03966,0.04289,0.03929,0.05223,0.02598,0.03237,0.02259,0.03863,0.06087,0.03522,0.0223,0.04435,0.02533,0.05358,0.05026,0.03451,0.03434,0.02496,0.03734,0.03115,0.0187,0.04045,0.03105,0.02794,0.02484,0.04039,0.04331,0.04026,0.03411,0.02791,0.02485,0.04044,0.04676,0.03742,0.02813,0.02196,0.02516,0.01892,0.05979,0.0285,0.01905,0.03828,0.01925,0.02576,0.03244,0.04558,0.04906,0.03608,0.03951,0.01978,0.02658,0.02669,0.03366,0.02713,0.03408,0.03104,0.02431,0.03844,0.04916,0.02485,0.0572,0.05765,0.04728,0.0479,0.04838,0.0264,0.06494,0.05403,0.05111,0.04792,0.05684,0.05387,0.06289,0.09436,0.08363,0.07259,0.07502,0.09254,0.08582,0.06331,0.06222,0.08389,0.04568,0.05768,0.08838,0.21615,0.11169]},"PROCEDURES_BY_TYPE":{"CONCEPT_NAME":"Primary Procedure","COUNT_VALUE":1531},"AGE_AT_FIRST_OCCURRENCE":{"CATEGORY":["FEMALE","MALE"],"MIN_VALUE":[0,0],"P10_VALUE":[22,23],"P25_VALUE":[29,39],"MEDIAN_VALUE":[44,56],"P75_VALUE":[62,69],"P90_VALUE":[75,78],"MAX_VALUE":[92,93]}}
