{"PREVALENCE_BY_GENDER_AGE_YEAR":{"TRELLIS_NAME":["70-79","50-59","50-59","70-79","60-69","70-79","60-69","60-69","70-79","50-59","70-79","70-79","60-69","70-79"],"SERIES_NAME":["FEMALE","FEMALE","MALE","MALE","MALE","MALE","MALE","FEMALE","MALE","FEMALE","MALE","MALE","MALE","MALE"],"X_CALENDAR_YEAR":[2008,2008,2008,2008,2008,2009,2009,2011,2011,2012,2012,2013,2014,2015],"Y_PREVALENCE_1000PP":[0.38848,0.24394,0.30276,0.55157,0.40009,0.62544,0.54717,0.29044,0.59564,0.25528,0.59975,0.51987,0.33921,0.77821]},"PREVALENCE_BY_MONTH":{"X_CALENDAR_MONTH":["200803","200812","201003","201112","201503"],"Y_PREVALENCE_1000PP":[0.01949,0.02206,0.01856,0.01962,0.0482]},"PROCEDURES_BY_TYPE":{"CONCEPT_NAME":"Primary Procedure","COUNT_VALUE":275},"AGE_AT_FIRST_OCCURRENCE":{"CATEGORY":["FEMALE","MALE"],"MIN_VALUE":[16,13],"P10_VALUE":[45,51],"P25_VALUE":[53,60],"MEDIAN_VALUE":[63,70],"P75_VALUE":[73,76],"P90_VALUE":[80,80],"MAX_VALUE":[90,92]}}
