{"PREVALENCE_BY_GENDER_AGE_YEAR":{"TRELLIS_NAME":["40-49","60-69","50-59","40-49","40-49","50-59","50-59","40-49","40-49","50-59","70-79","60-69","60-69","70-79","40-49","50-59","60-69","40-49","50-59","30-39","50-59","40-49","60-69","40-49","60-69","60-69","60-69","40-49"],"SERIES_NAME":["FEMALE","FEMALE","FEMALE","FEMALE","FEMALE","FEMALE","FEMALE","FEMALE","FEMALE","FEMALE","FEMALE","FEMALE","FEMALE","FEMALE","FEMALE","FEMALE","FEMALE","FEMALE","FEMALE","FEMALE","FEMALE","FEMALE","FEMALE","FEMALE","FEMALE","FEMALE","FEMALE","FEMALE"],"X_CALENDAR_YEAR":[2004,2005,2005,2005,2006,2006,2007,2007,2008,2008,2008,2008,2009,2009,2009,2009,2010,2010,2010,2011,2011,2011,2011,2012,2012,2013,2014,2014],"Y_PREVALENCE_1000PP":[0.27712,0.33608,0.28523,0.33398,0.47875,0.33363,0.25145,0.53469,0.35626,0.41819,0.38848,0.36033,0.43,0.50524,0.51439,0.27346,0.79651,0.71126,0.68449,0.1636,0.38398,0.50607,0.29044,0.32247,0.42114,0.51742,0.27203,0.44252]},"PREVALENCE_BY_MONTH":{"X_CALENDAR_MONTH":["200508","200812","200903","200908","200912","201002","201003","201004","201006","201007","201009","201104","201108","201204","201402","201505"],"Y_PREVALENCE_1000PP":[0.02498,0.03152,0.01873,0.02182,0.02484,0.01864,0.02475,0.02168,0.03101,0.02174,0.02806,0.019,0.02576,0.01993,0.02486,0.08377]},"PROCEDURES_BY_TYPE":{"CONCEPT_NAME":"Primary Procedure","COUNT_VALUE":457},"AGE_AT_FIRST_OCCURRENCE":{"CATEGORY":"FEMALE","MIN_VALUE":28,"P10_VALUE":40,"P25_VALUE":44,"MEDIAN_VALUE":52,"P75_VALUE":64,"P90_VALUE":73,"MAX_VALUE":96}}
