{"PREVALENCE_BY_GENDER_AGE_YEAR":{"TRELLIS_NAME":["40-49","50-59","60-69","70-79","50-59","40-49","60-69","60-69","40-49","50-59","70-79","60-69","50-59","40-49","70-79","60-69","50-59","70-79","40-49","60-69","50-59","40-49","70-79","60-69","70-79","40-49","50-59","40-49","50-59","70-79","60-69","50-59","40-49","70-79","60-69","50-59","70-79","40-49","60-69","60-69","70-79","50-59","40-49","50-59","60-69"],"SERIES_NAME":["MALE","MALE","MALE","MALE","MALE","MALE","MALE","MALE","MALE","MALE","MALE","MALE","MALE","MALE","MALE","MALE","MALE","MALE","MALE","MALE","MALE","MALE","MALE","MALE","MALE","MALE","MALE","MALE","MALE","MALE","MALE","MALE","MALE","MALE","MALE","MALE","MALE","MALE","MALE","MALE","MALE","MALE","MALE","MALE","MALE"],"X_CALENDAR_YEAR":[2004,2004,2004,2005,2005,2005,2005,2006,2006,2006,2006,2007,2007,2007,2007,2008,2008,2008,2008,2009,2009,2009,2009,2010,2010,2010,2010,2011,2011,2011,2011,2012,2012,2012,2012,2013,2013,2013,2013,2014,2014,2014,2014,2015,2015],"Y_PREVALENCE_1000PP":[0.59307,2.24514,3.97652,2.9702,6.2366,1.00381,9.10761,10.74838,1.65877,8.58295,3.21655,6.54955,5.22973,0.71323,2.69234,6.17284,4.33949,2.44268,0.70373,5.52637,3.7006,0.69657,1.87632,5.20423,2.27221,0.70407,3.34984,0.56497,3.09643,2.75482,4.38529,3.36443,0.35963,1.72427,5.45898,2.9873,2.74786,0.58181,4.98981,2.26142,2.18938,1.69412,0.51886,0.64697,1.33181]},"PREVALENCE_BY_MONTH":{"X_CALENDAR_MONTH":["200408","200409","200410","200411","200412","200501","200502","200503","200504","200505","200506","200507","200508","200509","200510","200511","200512","200601","200602","200603","200604","200605","200606","200607","200608","200609","200610","200611","200612","200701","200702","200703","200704","200705","200706","200707","200708","200709","200710","200711","200712","200801","200802","200803","200804","200805","200806","200807","200808","200809","200810","200811","200812","200901","200902","200903","200904","200905","200906","200907","200908","200909","200910","200911","200912","201001","201002","201003","201004","201005","201006","201007","201008","201009","201010","201011","201012","201101","201102","201103","201104","201105","201106","201107","201108","201109","201110","201111","201112","201201","201202","201203","201204","201205","201206","201207","201208","201209","201210","201211","201212","201301","201302","201303","201304","201305","201306","201307","201308","201309","201310","201311","201312","201401","201402","201403","201404","201405","201406","201407","201410","201502","201504"],"Y_PREVALENCE_1000PP":[0.10879,0.04576,0.10314,0.09883,0.08536,0.07301,0.07126,0.11975,0.10798,0.07912,0.05167,0.07638,0.11242,0.07383,0.13737,0.11165,0.11055,0.08166,0.08868,0.11003,0.09418,0.15248,0.1513,0.10274,0.15273,0.13005,0.11441,0.12081,0.09203,0.09114,0.12223,0.12435,0.13072,0.05114,0.04075,0.03719,0.06053,0.04018,0.04972,0.05288,0.05609,0.05238,0.06855,0.07145,0.08092,0.04519,0.0837,0.0833,0.05763,0.06372,0.06019,0.04432,0.05673,0.06911,0.04706,0.05307,0.06241,0.04045,0.07155,0.06853,0.06234,0.05289,0.04347,0.04347,0.05589,0.04658,0.03107,0.06188,0.06194,0.05271,0.05581,0.06523,0.08399,0.03117,0.06548,0.05626,0.04705,0.04403,0.08197,0.06923,0.08549,0.05079,0.04466,0.04813,0.03864,0.02914,0.04217,0.03581,0.0556,0.04264,0.07902,0.05606,0.04319,0.05338,0.0606,0.06104,0.06134,0.05496,0.05863,0.06945,0.03844,0.04214,0.0426,0.06078,0.07206,0.04,0.06633,0.09304,0.04903,0.08022,0.06947,0.03931,0.07189,0.05278,0.04144,0.05031,0.05147,0.10123,0.0499,0.03282,0.03693,0.04326,0.05895]},"PROCEDURES_BY_TYPE":{"CONCEPT_NAME":"Primary Procedure","COUNT_VALUE":2498},"AGE_AT_FIRST_OCCURRENCE":{"CATEGORY":"MALE","MIN_VALUE":0,"P10_VALUE":52,"P25_VALUE":56,"MEDIAN_VALUE":61,"P75_VALUE":67,"P90_VALUE":71,"MAX_VALUE":90}}
