{"PREVALENCE_BY_GENDER_AGE_YEAR":{"TRELLIS_NAME":["40-49","50-59","30-39","40-49","30-39","40-49","50-59","30-39","40-49","50-59","30-39","50-59","40-49","40-49","50-59","30-39","60-69","40-49","50-59","70-79","60-69","30-39","30-39","60-69","50-59","40-49","50-59","40-49"],"SERIES_NAME":["FEMALE","FEMALE","FEMALE","FEMALE","FEMALE","FEMALE","FEMALE","FEMALE","FEMALE","FEMALE","FEMALE","FEMALE","FEMALE","FEMALE","FEMALE","FEMALE","FEMALE","FEMALE","FEMALE","FEMALE","FEMALE","FEMALE","FEMALE","FEMALE","FEMALE","FEMALE","FEMALE","FEMALE"],"X_CALENDAR_YEAR":[2006,2006,2008,2008,2009,2009,2009,2010,2010,2010,2011,2011,2011,2012,2012,2012,2012,2013,2013,2013,2013,2013,2014,2014,2014,2014,2015,2015],"Y_PREVALENCE_1000PP":[0.20518,0.22242,0.16102,0.2591,0.1565,0.45009,0.51273,0.21003,0.35563,0.34224,0.19087,0.62834,0.40486,0.68076,0.61996,0.29375,0.37903,0.62167,0.8404,0.36465,0.34495,0.27921,0.38546,0.58941,0.92043,1.2833,0.88268,1.22449]},"PREVALENCE_BY_MONTH":{"X_CALENDAR_MONTH":["200909","201012","201104","201109","201111","201204","201207","201210","201303","201306","201308","201310","201311","201312","201402","201405","201406","201408","201409","201410","201411","201412","201501","201502","201503","201505"],"Y_PREVALENCE_1000PP":[0.01867,0.02196,0.02216,0.01942,0.01953,0.02658,0.02035,0.02759,0.02503,0.02579,0.02263,0.03473,0.02359,0.03195,0.02901,0.02641,0.03629,0.02922,0.04038,0.05276,0.0396,0.05393,0.05221,0.04326,0.0482,0.09773]},"PROCEDURES_BY_TYPE":{"CONCEPT_NAME":"Primary Procedure","COUNT_VALUE":469},"AGE_AT_FIRST_OCCURRENCE":{"CATEGORY":"FEMALE","MIN_VALUE":19,"P10_VALUE":36,"P25_VALUE":42,"MEDIAN_VALUE":49,"P75_VALUE":56,"P90_VALUE":62,"MAX_VALUE":90}}
