{"PREVALENCE_BY_GENDER_AGE_YEAR":{"TRELLIS_NAME":["30-39","80-89","60-69","80-89","60-69","50-59","40-49","70-79","50-59","70-79","30-39","60-69","80-89","80-89","60-69","40-49","70-79","70-79","50-59","40-49","50-59","60-69","80-89","80-89","30-39","30-39","50-59","70-79","40-49","40-49","50-59","70-79","60-69","60-69","80-89","80-89","60-69","40-49","50-59","40-49","70-79","70-79","50-59","30-39","50-59","70-79","50-59","40-49","70-79","40-49","60-69","80-89","60-69","80-89","50-59","50-59","40-49","70-79","70-79","60-69","60-69","80-89","80-89","50-59","70-79","40-49","50-59","40-49","70-79","80-89","60-69","60-69","80-89","60-69","80-89","60-69","80-89","50-59","70-79","70-79","40-49","50-59","50-59","50-59","70-79","60-69","70-79","60-69","80-89","80-89"],"SERIES_NAME":["FEMALE","MALE","FEMALE","FEMALE","MALE","MALE","FEMALE","FEMALE","FEMALE","MALE","MALE","MALE","FEMALE","MALE","FEMALE","MALE","MALE","FEMALE","FEMALE","FEMALE","MALE","MALE","MALE","FEMALE","MALE","FEMALE","FEMALE","FEMALE","FEMALE","MALE","MALE","MALE","FEMALE","MALE","MALE","FEMALE","FEMALE","MALE","MALE","FEMALE","FEMALE","MALE","FEMALE","FEMALE","FEMALE","MALE","MALE","MALE","FEMALE","FEMALE","FEMALE","FEMALE","MALE","MALE","MALE","FEMALE","FEMALE","FEMALE","MALE","FEMALE","MALE","FEMALE","MALE","MALE","MALE","MALE","FEMALE","FEMALE","FEMALE","MALE","MALE","FEMALE","FEMALE","MALE","MALE","FEMALE","FEMALE","MALE","FEMALE","MALE","FEMALE","FEMALE","FEMALE","MALE","FEMALE","FEMALE","MALE","MALE","MALE","FEMALE"],"X_CALENDAR_YEAR":[2007,2007,2007,2007,2007,2007,2007,2007,2007,2007,2008,2008,2008,2008,2008,2008,2008,2008,2008,2008,2008,2009,2009,2009,2009,2009,2009,2009,2009,2009,2009,2009,2009,2010,2010,2010,2010,2010,2010,2010,2010,2010,2010,2011,2011,2011,2011,2011,2011,2011,2011,2011,2011,2011,2012,2012,2012,2012,2012,2012,2012,2012,2012,2013,2013,2013,2013,2013,2013,2013,2013,2013,2013,2014,2014,2014,2014,2014,2014,2014,2014,2014,2015,2015,2015,2015,2015,2015,2015,2015],"Y_PREVALENCE_1000PP":[0.25685,1.06572,1.13202,0.71031,0.91816,0.9072,0.3676,0.46863,0.3233,1.46855,0.42628,0.97165,0.78608,1.00318,0.67561,0.3248,0.86676,1.03593,0.45304,0.22671,1.1101,1.3132,1.60256,0.97171,0.41486,0.20867,0.78619,1.32626,0.48224,0.32149,0.98683,1.25088,1.07499,1.4719,1.07842,1.27443,0.5869,0.37912,0.53403,0.3233,1.00301,1.89351,0.88983,0.19087,0.76797,1.56355,0.7864,0.45198,1.17596,0.37112,0.99581,1.46077,0.92865,1.64204,0.76464,0.47409,0.28664,1.22436,1.94917,1.1792,1.53699,1.60017,1.49142,0.69348,2.59933,0.64645,0.3438,0.46625,1.76249,1.20536,1.18038,1.20731,1.21992,1.13071,3.17864,1.45085,1.86589,1.2852,2.12478,2.58034,0.53102,0.71124,1.1769,1.29394,2.07404,1.34459,1.94553,1.14155,3.61944,1.66297]},"PREVALENCE_BY_MONTH":{"X_CALENDAR_MONTH":["200701","200702","200703","200704","200705","200706","200708","200709","200710","200711","200712","200801","200802","200804","200805","200806","200807","200808","200809","200810","200812","200901","200903","200904","200905","200906","200908","200909","200910","200911","200912","201001","201003","201005","201006","201007","201008","201009","201010","201011","201012","201101","201102","201103","201104","201105","201106","201107","201108","201109","201110","201111","201112","201202","201203","201204","201205","201206","201207","201208","201209","201210","201211","201212","201301","201302","201303","201304","201305","201306","201307","201308","201309","201310","201311","201312","201401","201402","201403","201404","201405","201406","201407","201408","201409","201410","201411","201412","201501","201502","201503","201504","201505"],"Y_PREVALENCE_1000PP":[0.03856,0.04191,0.038,0.04472,0.03751,0.02717,0.06726,0.02678,0.04641,0.03636,0.02969,0.0622,0.02938,0.04531,0.0355,0.02897,0.03524,0.03842,0.04779,0.06335,0.03782,0.05655,0.02809,0.14355,0.04045,0.04666,0.06234,0.10579,0.02484,0.02174,0.04968,0.05279,0.04022,0.05892,0.08372,0.04038,0.02489,0.02182,0.03742,0.03438,0.10665,0.01887,0.05359,0.05035,0.05699,0.09841,0.02871,0.03209,0.05152,0.05503,0.03568,0.05209,0.03597,0.05597,0.06265,0.04651,0.0367,0.05386,0.09157,0.02386,0.06526,0.06898,0.04861,0.05941,0.04565,0.04615,0.03218,0.03963,0.04364,0.07001,0.08187,0.06411,0.05348,0.07333,0.07863,0.06789,0.06902,0.04144,0.07547,0.06005,0.09683,0.07712,0.14066,0.09741,0.1161,0.10552,0.09051,0.16178,0.18926,0.08651,0.31333,0.20633,0.41884]},"PROCEDURES_BY_TYPE":{"CONCEPT_NAME":"Primary Procedure","COUNT_VALUE":1656},"AGE_AT_FIRST_OCCURRENCE":{"CATEGORY":["MALE","FEMALE"],"MIN_VALUE":[9,15],"P10_VALUE":[45,41],"P25_VALUE":[56,53],"MEDIAN_VALUE":[66,63],"P75_VALUE":[75,74],"P90_VALUE":[82,81],"MAX_VALUE":[95,97]}}
