{"PREVALENCE_BY_GENDER_AGE_YEAR":{"TRELLIS_NAME":["60-69","60-69","70-79","50-59","60-69","70-79","50-59","80-89","60-69","70-79","40-49","40-49","50-59","50-59","60-69","20-29","50-59","50-59","0-9","70-79","60-69","80-89","20-29","60-69","80-89","30-39","40-49","70-79","50-59","10-19","70-79","0-9","30-39","60-69","60-69","80-89","40-49","50-59","70-79","40-49","70-79","60-69","80-89","60-69","50-59","40-49","70-79","60-69","0-9","20-29","80-89","60-69","80-89","30-39","50-59","50-59","70-79","80-89","60-69","60-69","50-59","70-79","40-49","10-19","40-49","70-79","50-59","10-19","60-69","80-89","50-59","70-79","70-79","20-29","60-69","70-79","50-59"],"SERIES_NAME":["MALE","FEMALE","FEMALE","MALE","FEMALE","MALE","MALE","MALE","FEMALE","MALE","MALE","FEMALE","FEMALE","MALE","MALE","FEMALE","MALE","FEMALE","FEMALE","MALE","FEMALE","FEMALE","FEMALE","MALE","MALE","FEMALE","MALE","FEMALE","MALE","MALE","MALE","FEMALE","FEMALE","FEMALE","MALE","MALE","MALE","MALE","FEMALE","FEMALE","MALE","FEMALE","MALE","MALE","FEMALE","MALE","MALE","FEMALE","MALE","FEMALE","FEMALE","MALE","MALE","FEMALE","MALE","FEMALE","FEMALE","MALE","MALE","FEMALE","MALE","MALE","MALE","MALE","FEMALE","FEMALE","FEMALE","MALE","FEMALE","FEMALE","MALE","MALE","FEMALE","MALE","MALE","MALE","MALE"],"X_CALENDAR_YEAR":[2006,2006,2006,2006,2007,2007,2007,2007,2008,2008,2008,2008,2008,2008,2008,2008,2009,2009,2009,2009,2009,2009,2009,2009,2009,2009,2010,2010,2010,2010,2010,2010,2010,2010,2010,2010,2011,2011,2011,2011,2011,2011,2011,2011,2011,2012,2012,2012,2012,2012,2012,2012,2012,2012,2012,2012,2012,2013,2013,2013,2013,2013,2013,2013,2013,2013,2013,2014,2014,2014,2014,2014,2014,2014,2014,2015,2015],"Y_PREVALENCE_1000PP":[0.46732,0.35218,0.41394,0.34562,0.33017,0.48952,0.48028,1.59858,0.27025,0.70916,0.3248,0.22671,0.34849,0.35321,0.57156,0.20553,0.29605,0.41019,0.2665,0.70362,0.344,0.75578,0.22207,0.49245,1.28205,0.20867,0.54159,0.43882,0.33984,0.27215,1.13611,0.34947,0.21003,0.25153,0.84109,1.23248,0.39548,0.63895,0.8665,0.33738,0.52118,0.33194,1.19421,0.77387,0.24435,0.59938,0.74968,0.67383,0.4275,0.16648,1.17346,0.583,0.89485,0.20562,0.61171,0.25528,0.79584,1.20536,1.28769,0.90548,0.53345,1.26253,0.51716,0.35522,0.38855,0.4862,0.382,0.5286,0.36271,0.81633,0.6426,0.70373,0.64387,0.37242,0.7915,0.90791,0.64697]},"PREVALENCE_BY_MONTH":{"X_CALENDAR_MONTH":["200606","200609","200611","200703","200705","200707","200710","200711","200712","200802","200804","200805","200806","200807","200808","200809","200810","200811","200812","200901","200902","200903","200904","200905","200906","200907","200908","200909","200910","200911","200912","201001","201002","201003","201004","201005","201006","201007","201008","201009","201010","201011","201012","201101","201102","201103","201104","201105","201106","201108","201109","201111","201112","201201","201202","201203","201204","201205","201206","201207","201208","201209","201210","201211","201212","201302","201303","201304","201305","201306","201307","201308","201309","201310","201311","201312","201401","201402","201404","201405","201406","201407","201408","201409","201410","201411","201412","201501","201502","201503","201504","201505","201506"],"Y_PREVALENCE_1000PP":[0.02583,0.02529,0.02487,0.02763,0.02387,0.03043,0.0232,0.01983,0.02969,0.02612,0.02266,0.0355,0.01931,0.02563,0.02881,0.01911,0.02851,0.03166,0.03467,0.01885,0.02823,0.01873,0.02496,0.04045,0.03111,0.02803,0.03117,0.04356,0.02173,0.02484,0.04347,0.04347,0.02486,0.02475,0.02787,0.02791,0.0186,0.01864,0.03733,0.05299,0.0343,0.02813,0.03764,0.03145,0.02837,0.02832,0.02533,0.0254,0.05423,0.0644,0.03237,0.0293,0.03597,0.03608,0.0428,0.03957,0.03654,0.03337,0.0505,0.06444,0.05453,0.05839,0.04139,0.02431,0.02446,0.03905,0.03933,0.04324,0.03273,0.05159,0.06326,0.07165,0.05348,0.05403,0.0629,0.03195,0.02842,0.02486,0.05576,0.05722,0.05444,0.03282,0.05845,0.06058,0.05276,0.06788,0.04194,0.07179,0.05768,0.08838,0.06878,0.12565,0.37542]},"PROCEDURES_BY_TYPE":{"CONCEPT_NAME":"Primary Procedure","COUNT_VALUE":1126},"AGE_AT_FIRST_OCCURRENCE":{"CATEGORY":["FEMALE","MALE"],"MIN_VALUE":[0,0],"P10_VALUE":[14,15],"P25_VALUE":[37,41],"MEDIAN_VALUE":[57,59],"P75_VALUE":[71,72],"P90_VALUE":[81,80],"MAX_VALUE":[94,93]}}
