{"PREVALENCE_BY_GENDER_AGE_YEAR":{"TRELLIS_NAME":["50-59","60-69","70-79","50-59","60-69","60-69","40-49","70-79","50-59","50-59"],"SERIES_NAME":["MALE","MALE","MALE","MALE","MALE","MALE","MALE","MALE","MALE","FEMALE"],"X_CALENDAR_YEAR":[2004,2004,2005,2005,2005,2006,2006,2006,2006,2006],"Y_PREVALENCE_1000PP":[0.58207,0.56807,0.95813,0.71461,1.07148,0.60084,0.35545,0.60854,0.69124,0.22242]},"PREVALENCE_BY_MONTH":{"X_CALENDAR_MONTH":["200409","200411","200412","200502","200503","200504","200506","200508","200510","200512","200601","200604","200605","200607","200608","200609","200612"],"Y_PREVALENCE_1000PP":[0.08007,0.04681,0.04017,0.05225,0.02763,0.05399,0.04306,0.02498,0.02828,0.04343,0.02722,0.02637,0.03347,0.03303,0.02909,0.02167,0.02478]},"PROCEDURES_BY_TYPE":{"CONCEPT_NAME":"Primary Procedure","COUNT_VALUE":289},"AGE_AT_FIRST_OCCURRENCE":{"CATEGORY":["FEMALE","MALE"],"MIN_VALUE":[0,0],"P10_VALUE":[16,17],"P25_VALUE":[30,42],"MEDIAN_VALUE":[51,57],"P75_VALUE":[66,68],"P90_VALUE":[78,76],"MAX_VALUE":[87,89]}}
