{"PREVALENCE_BY_GENDER_AGE_YEAR":{"TRELLIS_NAME":["60-69","80-89","80-89","60-69","30-39","70-79","70-79","70-79","70-79","80-89","60-69","60-69","80-89","60-69","80-89","70-79","70-79","60-69","80-89","60-69","70-79","50-59","70-79"],"SERIES_NAME":["FEMALE","FEMALE","MALE","MALE","FEMALE","MALE","FEMALE","FEMALE","MALE","FEMALE","FEMALE","MALE","MALE","MALE","FEMALE","FEMALE","MALE","MALE","FEMALE","FEMALE","MALE","MALE","FEMALE"],"X_CALENDAR_YEAR":[2005,2005,2005,2005,2005,2005,2005,2006,2006,2006,2006,2006,2007,2007,2007,2007,2007,2008,2008,2008,2008,2008,2008],"Y_PREVALENCE_1000PP":[0.50412,1.39198,1.94426,0.45921,0.22683,0.95813,1.51515,0.82787,0.95627,1.51764,0.4025,0.6676,1.24334,0.48969,1.06547,0.53558,0.48952,0.62872,1.01067,0.27025,0.70916,0.30276,0.45322]},"PREVALENCE_BY_MONTH":{"X_CALENDAR_MONTH":["200504","200505","200506","200507","200508","200510","200511","200512","200601","200602","200603","200606","200607","200608","200611","200612","200702","200704","200705","200707","200708","200710","200711","200805","200806","200808","200809","200810","200812"],"Y_PREVALENCE_1000PP":[0.04049,0.03956,0.05598,0.04668,0.04996,0.04444,0.03589,0.05528,0.03889,0.02699,0.02276,0.02583,0.03303,0.02546,0.02132,0.02478,0.02095,0.02064,0.02728,0.03043,0.02018,0.01989,0.02975,0.02582,0.01931,0.03202,0.0223,0.02217,0.02837]},"PROCEDURES_BY_TYPE":{"CONCEPT_NAME":"Primary Procedure","COUNT_VALUE":377},"AGE_AT_FIRST_OCCURRENCE":{"CATEGORY":["FEMALE","MALE"],"MIN_VALUE":[20,14],"P10_VALUE":[43,41],"P25_VALUE":[58,57],"MEDIAN_VALUE":[72,69],"P75_VALUE":[80,78],"P90_VALUE":[86,84],"MAX_VALUE":[96,97]}}
