{"PREVALENCE_BY_GENDER_AGE_YEAR":{"TRELLIS_NAME":["60-69","70-79","80-89","60-69","70-79","70-79","80-89","60-69","80-89","60-69","70-79","60-69","80-89","70-79"],"SERIES_NAME":["MALE","MALE","MALE","MALE","MALE","MALE","MALE","MALE","MALE","MALE","MALE","MALE","MALE","MALE"],"X_CALENDAR_YEAR":[2004,2004,2005,2005,2005,2006,2006,2006,2007,2007,2007,2008,2008,2008],"Y_PREVALENCE_1000PP":[0.94679,1.71703,2.16029,0.99495,3.64089,3.82509,2.87466,1.13492,2.30906,1.65269,4.24247,0.74303,1.33757,1.65472]},"PREVALENCE_BY_MONTH":{"X_CALENDAR_MONTH":["200410","200412","200502","200504","200508","200510","200605","200606","200607","200608","200610","200611","200612","200702","200703","200704","200705","200706","200707","200710","200711","200712","200801","200802","200803","200804"],"Y_PREVALENCE_1000PP":[0.04343,0.04519,0.057,0.04499,0.03331,0.03232,0.02231,0.04059,0.03303,0.02909,0.0286,0.02132,0.02832,0.0454,0.02763,0.02752,0.02728,0.02717,0.02367,0.02652,0.03966,0.03959,0.02946,0.01959,0.02923,0.02589]},"PROCEDURES_BY_TYPE":{"CONCEPT_NAME":"Primary Procedure","COUNT_VALUE":323},"AGE_AT_FIRST_OCCURRENCE":{"CATEGORY":"MALE","MIN_VALUE":48,"P10_VALUE":63,"P25_VALUE":68,"MEDIAN_VALUE":73,"P75_VALUE":78,"P90_VALUE":81,"MAX_VALUE":89}}
