{"PREVALENCE_BY_GENDER_AGE_YEAR":{"TRELLIS_NAME":["0-9","0-9","0-9","0-9","0-9","0-9","50-59","80-89","0-9","50-59","0-9","0-9","0-9","70-79","0-9","50-59","60-69","80-89","30-39","50-59","60-69","0-9","0-9","40-49","60-69","0-9","50-59","40-49","60-69","30-39","20-29","60-69","50-59","40-49","40-49","0-9","0-9","60-69"],"SERIES_NAME":["MALE","FEMALE","MALE","FEMALE","MALE","MALE","MALE","MALE","MALE","MALE","MALE","FEMALE","FEMALE","MALE","MALE","MALE","MALE","MALE","FEMALE","MALE","FEMALE","MALE","FEMALE","MALE","MALE","FEMALE","MALE","MALE","MALE","FEMALE","MALE","MALE","MALE","MALE","FEMALE","MALE","MALE","MALE"],"X_CALENDAR_YEAR":[2004,2005,2005,2006,2006,2007,2007,2008,2008,2008,2010,2010,2011,2011,2011,2011,2011,2011,2012,2012,2012,2012,2012,2012,2012,2013,2013,2013,2013,2014,2014,2014,2014,2014,2014,2014,2015,2015],"Y_PREVALENCE_1000PP":[0.28816,0.327,0.28969,0.25855,0.49398,0.21358,0.32019,1.00318,0.20668,0.30276,0.27361,0.34947,0.27535,0.59564,0.41813,0.2949,0.56751,1.04493,0.235,0.61171,0.33691,0.32063,0.28098,0.41956,0.477,0.33691,0.4801,0.45252,0.42923,0.21025,0.37242,0.50882,0.6426,0.44474,0.30976,0.57846,0.58424,0.57078]},"PREVALENCE_BY_MONTH":{"X_CALENDAR_MONTH":["200412","200505","200510","200611","200612","200703","200706","200801","200804","200809","200906","200909","201002","201004","201006","201011","201012","201101","201102","201104","201105","201107","201108","201109","201201","201203","201204","201205","201207","201208","201209","201210","201211","201212","201303","201304","201305","201306","201307","201308","201309","201310","201312","201401","201402","201403","201404","201405","201406","201407","201409","201410","201411","201412","201501","201503","201504","201505"],"Y_PREVALENCE_1000PP":[0.03013,0.02637,0.02424,0.02487,0.02478,0.02418,0.02038,0.02946,0.02266,0.0223,0.02178,0.01867,0.01864,0.02168,0.02791,0.02501,0.0251,0.0346,0.01892,0.038,0.02222,0.01925,0.02898,0.03561,0.02952,0.02968,0.0299,0.02002,0.03052,0.02726,0.05152,0.02414,0.02431,0.04194,0.02145,0.03963,0.03637,0.02579,0.02233,0.02263,0.03056,0.03859,0.02396,0.02842,0.02901,0.02935,0.0386,0.03521,0.03176,0.0422,0.03029,0.05276,0.0396,0.05992,0.06526,0.08034,0.10808,0.09773]},"PROCEDURES_BY_TYPE":{"CONCEPT_NAME":"Primary Procedure","COUNT_VALUE":744},"AGE_AT_FIRST_OCCURRENCE":{"CATEGORY":["MALE","FEMALE"],"MIN_VALUE":[0,0],"P10_VALUE":[0,0],"P25_VALUE":[15,20],"MEDIAN_VALUE":[51,44],"P75_VALUE":[65,68],"P90_VALUE":[79,79],"MAX_VALUE":[94,100]}}
