{"PREVALENCE_BY_GENDER_AGE_YEAR":{"TRELLIS_NAME":["70-79","60-69","50-59","70-79","50-59","70-79","60-69","80-89","60-69","60-69","80-89","60-69","50-59","70-79","70-79","60-69","60-69","70-79","70-79"],"SERIES_NAME":["FEMALE","MALE","FEMALE","FEMALE","MALE","MALE","MALE","MALE","FEMALE","MALE","MALE","FEMALE","FEMALE","MALE","FEMALE","MALE","FEMALE","MALE","FEMALE"],"X_CALENDAR_YEAR":[2004,2004,2005,2005,2005,2005,2005,2005,2005,2006,2006,2006,2006,2006,2006,2007,2007,2007,2007],"Y_PREVALENCE_1000PP":[0.546,0.66275,0.24448,0.98485,0.45475,1.72463,0.84188,1.29618,0.67216,0.86788,1.53315,0.75468,0.25949,1.39094,1.3108,0.67332,0.33017,0.97903,0.73643]},"PREVALENCE_BY_MONTH":{"X_CALENDAR_MONTH":["200409","200410","200412","200501","200504","200505","200506","200507","200508","200509","200510","200512","200601","200603","200604","200605","200606","200607","200609","200610","200611","200612","200701","200702","200703","200704","200705","200706","200707","200708"],"Y_PREVALENCE_1000PP":[0.03432,0.03257,0.05523,0.04381,0.02699,0.04835,0.04736,0.03819,0.02915,0.03281,0.03636,0.02764,0.03111,0.04553,0.0226,0.04835,0.02952,0.02569,0.02167,0.05005,0.03908,0.02832,0.02454,0.02095,0.02418,0.02064,0.02387,0.03396,0.03381,0.0269]},"PROCEDURES_BY_TYPE":{"CONCEPT_NAME":"Primary Procedure","COUNT_VALUE":297},"AGE_AT_FIRST_OCCURRENCE":{"CATEGORY":["FEMALE","MALE"],"MIN_VALUE":[0,0],"P10_VALUE":[37,44],"P25_VALUE":[56,59],"MEDIAN_VALUE":[67,69],"P75_VALUE":[75,75],"P90_VALUE":[79,82],"MAX_VALUE":[85,89]}}
