{"PREVALENCE_BY_GENDER_AGE_YEAR":{"TRELLIS_NAME":["70-79","40-49","50-59","60-69","30-39","40-49","50-59","70-79","60-69","80-89","60-69","80-89","30-39","40-49","70-79","50-59","60-69","40-49","70-79","50-59","30-39","80-89","40-49","70-79","50-59","30-39","60-69","80-89","50-59","40-49","70-79","60-69","80-89","70-79","40-49","50-59","60-69","80-89","40-49","50-59","70-79","60-69","30-39","50-59","40-49","70-79","60-69","80-89","70-79","50-59","60-69","30-39","60-69","80-89","40-49","50-59","70-79","60-69"],"SERIES_NAME":["MALE","MALE","MALE","MALE","MALE","MALE","MALE","MALE","MALE","MALE","MALE","MALE","MALE","MALE","MALE","MALE","MALE","MALE","MALE","MALE","MALE","MALE","MALE","MALE","MALE","MALE","MALE","MALE","MALE","MALE","MALE","MALE","MALE","MALE","MALE","MALE","MALE","MALE","MALE","MALE","MALE","MALE","MALE","MALE","MALE","MALE","MALE","MALE","MALE","MALE","MALE","MALE","MALE","MALE","MALE","MALE","MALE","MALE"],"X_CALENDAR_YEAR":[2004,2004,2004,2004,2005,2005,2005,2005,2005,2005,2006,2006,2006,2006,2006,2006,2007,2007,2007,2007,2007,2007,2008,2008,2008,2008,2008,2008,2009,2009,2009,2009,2009,2010,2010,2010,2010,2010,2011,2011,2011,2011,2012,2012,2012,2012,2012,2012,2013,2013,2013,2014,2014,2014,2014,2014,2014,2015],"Y_PREVALENCE_1000PP":[1.8315,0.59307,0.66523,1.13615,0.67996,0.40153,1.55915,2.29951,2.2195,1.29618,1.40196,1.7248,0.61212,1.12559,1.39094,0.80645,1.04058,0.71323,1.46855,1.44085,0.37677,1.7762,0.86613,1.49712,0.80735,0.36539,1.37174,1.00318,0.98683,0.64298,1.40724,1.25848,1.76282,1.06037,0.64991,0.48548,0.94622,1.23248,0.62147,0.6881,0.59564,1.34138,0.37456,0.61171,0.4795,1.12452,1.113,2.08799,0.8912,0.74683,0.80481,0.43466,1.13071,1.43039,0.74123,0.40893,1.40746,0.76104]},"PREVALENCE_BY_MONTH":{"X_CALENDAR_MONTH":["200408","200409","200410","200411","200412","200502","200503","200504","200506","200508","200509","200510","200511","200512","200601","200602","200603","200604","200605","200606","200607","200608","200611","200612","200701","200702","200703","200705","200708","200709","200711","200712","200801","200802","200803","200804","200805","200807","200808","200809","200811","200901","200903","200904","200905","200906","200907","200908","200909","201001","201003","201004","201005","201006","201007","201009","201011","201012","201102","201105","201107","201108","201109","201111","201112","201202","201204","201205","201206","201207","201210","201211","201212","201302","201303","201304","201305","201312","201401","201402","201403","201404","201408","201409","201411","201412","201503"],"Y_PREVALENCE_1000PP":[0.09671,0.05148,0.04886,0.07282,0.05021,0.08076,0.03224,0.05399,0.04736,0.05829,0.03692,0.04848,0.02791,0.03554,0.03111,0.02699,0.03794,0.04898,0.02975,0.0369,0.02569,0.02909,0.02843,0.0354,0.02454,0.0454,0.04836,0.04773,0.03363,0.02344,0.02975,0.03629,0.05566,0.02285,0.04872,0.01942,0.03228,0.03524,0.03202,0.01911,0.02533,0.01885,0.04994,0.04681,0.02489,0.03111,0.03115,0.03117,0.01867,0.02484,0.02475,0.02168,0.02481,0.0186,0.02174,0.0187,0.01875,0.03451,0.01892,0.03492,0.02567,0.02576,0.0259,0.02279,0.03597,0.02963,0.01993,0.02669,0.0303,0.02713,0.02414,0.02083,0.02796,0.02485,0.03218,0.02162,0.02182,0.03195,0.03248,0.02901,0.02516,0.0386,0.04383,0.05048,0.03394,0.05393,0.08034]},"PROCEDURES_BY_TYPE":{"CONCEPT_NAME":"Primary Procedure","COUNT_VALUE":1035},"AGE_AT_FIRST_OCCURRENCE":{"CATEGORY":["FEMALE","MALE"],"MIN_VALUE":[20,0],"P10_VALUE":[43,40],"P25_VALUE":[53,51],"MEDIAN_VALUE":[67,62],"P75_VALUE":[80,72],"P90_VALUE":[88,80],"MAX_VALUE":[98,95]}}
