{"PREVALENCE_BY_GENDER_AGE_YEAR":{"TRELLIS_NAME":["10-19","10-19","10-19","10-19","0-9","10-19","10-19","10-19","0-9","0-9","10-19","10-19","0-9","0-9","10-19","10-19","0-9","0-9","10-19","0-9","0-9","10-19","0-9","10-19","10-19","10-19","20-29","10-19","0-9","10-19","10-19"],"SERIES_NAME":["FEMALE","MALE","MALE","FEMALE","FEMALE","MALE","FEMALE","MALE","FEMALE","MALE","FEMALE","MALE","MALE","FEMALE","FEMALE","MALE","FEMALE","FEMALE","MALE","MALE","MALE","MALE","FEMALE","FEMALE","FEMALE","MALE","MALE","FEMALE","FEMALE","MALE","MALE"],"X_CALENDAR_YEAR":[2005,2005,2006,2007,2007,2007,2008,2008,2008,2008,2009,2009,2009,2009,2010,2010,2010,2011,2011,2011,2012,2012,2012,2012,2013,2013,2013,2014,2014,2014,2015],"Y_PREVALENCE_1000PP":[0.40451,0.74264,0.60954,0.25478,0.36324,0.47099,0.4544,0.68375,0.42458,0.31001,0.48982,0.66934,0.23815,0.41879,0.50004,0.81644,0.5048,0.66871,0.8338,0.24391,0.285,0.94429,0.52182,0.52165,0.60586,0.86268,0.32739,0.53955,0.37164,0.7048,0.75758]},"PREVALENCE_BY_MONTH":{"X_CALENDAR_MONTH":["200503","200506","200508","200603","200607","200608","200610","200705","200710","200801","200804","200808","200901","200902","200903","200906","200908","200909","200911","200912","201001","201007","201008","201009","201011","201012","201101","201102","201103","201107","201109","201111","201112","201201","201203","201205","201206","201207","201208","201210","201212","201301","201302","201303","201305","201306","201308","201309","201402","201404","201406","201407","201412","201504"],"Y_PREVALENCE_1000PP":[0.03685,0.02583,0.02915,0.02276,0.02569,0.02182,0.02145,0.03751,0.03978,0.03601,0.02266,0.02241,0.02199,0.01882,0.02497,0.01867,0.0187,0.01867,0.01863,0.02484,0.03726,0.02796,0.01866,0.0187,0.01875,0.02823,0.01887,0.01892,0.01888,0.03529,0.0259,0.0293,0.02616,0.04264,0.01978,0.02669,0.03703,0.02374,0.03067,0.02414,0.03844,0.02809,0.02485,0.02145,0.02909,0.02211,0.03771,0.02674,0.02486,0.02573,0.0499,0.04689,0.04194,0.08843]},"PROCEDURES_BY_TYPE":{"CONCEPT_NAME":"Primary Procedure","COUNT_VALUE":783},"AGE_AT_FIRST_OCCURRENCE":{"CATEGORY":["MALE","FEMALE"],"MIN_VALUE":[2,2],"P10_VALUE":[6,5],"P25_VALUE":[10,8],"MEDIAN_VALUE":[15,17],"P75_VALUE":[28,69],"P90_VALUE":[67,85],"MAX_VALUE":[91,99]}}
