{"PREVALENCE_BY_GENDER_AGE_YEAR":{"TRELLIS_NAME":["50-59","30-39","60-69","50-59","40-49","70-79","40-49","50-59","20-29","60-69","30-39","60-69","70-79","50-59","40-49","30-39","20-29","60-69","50-59","40-49","70-79","20-29","30-39","70-79","50-59","60-69","30-39","60-69","20-29","40-49","70-79","50-59","30-39","50-59","40-49","70-79","60-69","20-29","30-39","70-79","50-59","40-49","60-69","40-49","50-59","70-79","30-39","60-69","30-39","20-29","60-69","60-69","50-59","40-49","70-79","50-59","70-79","60-69"],"SERIES_NAME":["FEMALE","FEMALE","FEMALE","FEMALE","FEMALE","FEMALE","FEMALE","FEMALE","FEMALE","FEMALE","FEMALE","FEMALE","FEMALE","FEMALE","FEMALE","FEMALE","FEMALE","FEMALE","FEMALE","FEMALE","FEMALE","FEMALE","FEMALE","FEMALE","FEMALE","FEMALE","FEMALE","FEMALE","FEMALE","FEMALE","FEMALE","FEMALE","FEMALE","FEMALE","FEMALE","FEMALE","FEMALE","FEMALE","FEMALE","FEMALE","FEMALE","FEMALE","FEMALE","FEMALE","FEMALE","FEMALE","FEMALE","FEMALE","FEMALE","FEMALE","MALE","FEMALE","FEMALE","FEMALE","FEMALE","FEMALE","FEMALE","FEMALE"],"X_CALENDAR_YEAR":[2004,2005,2005,2005,2005,2005,2006,2006,2006,2006,2007,2007,2007,2007,2007,2008,2008,2008,2008,2008,2008,2009,2009,2009,2009,2009,2010,2010,2010,2010,2010,2010,2011,2011,2011,2011,2011,2011,2012,2012,2012,2012,2012,2013,2013,2013,2013,2013,2014,2014,2014,2014,2014,2014,2014,2015,2015,2015],"Y_PREVALENCE_1000PP":[0.35441,0.25924,0.50412,0.57045,0.51952,0.5303,0.44455,0.66726,0.3458,0.70437,0.42808,0.51884,0.46863,0.71844,0.33418,0.32204,0.30829,0.72066,0.55759,0.35626,0.51797,0.22207,0.18259,0.63155,0.30764,0.94599,0.18378,1.00612,0.17504,0.35563,0.81494,0.78716,0.19087,0.76797,0.37112,0.49514,0.99581,0.28767,0.235,0.6734,0.65643,0.32247,0.80017,0.4274,0.6494,0.72931,0.21716,0.9486,0.2453,0.29811,0.33921,1.13348,1.0041,0.66378,0.90142,0.66201,0.72592,0.67229]},"PREVALENCE_BY_MONTH":{"X_CALENDAR_MONTH":["200408","200506","200507","200508","200511","200602","200603","200604","200605","200607","200608","200611","200612","200701","200702","200705","200708","200711","200801","200803","200804","200805","200807","200808","200809","200810","200812","200904","200906","200907","200908","200910","200911","201001","201003","201004","201005","201006","201007","201008","201010","201011","201012","201101","201102","201103","201104","201105","201106","201107","201108","201110","201111","201112","201201","201203","201204","201206","201207","201208","201212","201303","201304","201305","201306","201307","201309","201311","201312","201402","201403","201404","201405","201406","201407","201408","201409","201410","201412","201501","201504","201505"],"Y_PREVALENCE_1000PP":[0.06648,0.02583,0.03819,0.05829,0.0319,0.02699,0.02276,0.04144,0.02975,0.03303,0.03273,0.02487,0.03894,0.02454,0.02794,0.07501,0.05381,0.02314,0.03601,0.03572,0.0356,0.02905,0.01922,0.03522,0.0223,0.03168,0.01891,0.02808,0.04355,0.03115,0.03741,0.02173,0.02795,0.01863,0.03094,0.02478,0.03101,0.04651,0.02796,0.03422,0.02183,0.02188,0.02823,0.02516,0.01892,0.03461,0.038,0.04762,0.02871,0.01925,0.02576,0.02595,0.03907,0.02616,0.03608,0.02638,0.0299,0.0202,0.03052,0.05112,0.02097,0.05363,0.02162,0.04728,0.03316,0.02977,0.03438,0.03538,0.02796,0.03729,0.02516,0.04718,0.07042,0.07259,0.06564,0.03409,0.07572,0.03166,0.05393,0.04568,0.1179,0.16754]},"PROCEDURES_BY_TYPE":{"CONCEPT_NAME":"Primary Procedure","COUNT_VALUE":1100},"AGE_AT_FIRST_OCCURRENCE":{"CATEGORY":["FEMALE","MALE"],"MIN_VALUE":[7,14],"P10_VALUE":[28,29],"P25_VALUE":[42,45],"MEDIAN_VALUE":[55,57],"P75_VALUE":[65,67],"P90_VALUE":[73,78],"MAX_VALUE":[92,87]}}
