{"PREVALENCE_BY_GENDER_AGE_YEAR":{"TRELLIS_NAME":["80-89","90-99","60-69","90-99","80-89","20-29","60-69","0-9","20-29","30-39","30-39","10-19","0-9","10-19","70-79","40-49","100-109","50-59","40-49","50-59","70-79","30-39","20-29","60-69","100-109","90-99","80-89","20-29","80-89","90-99","60-69","40-49","10-19","50-59","40-49","70-79","0-9","10-19","70-79","0-9","50-59","30-39","50-59","40-49","70-79","0-9","10-19","70-79","40-49","50-59","30-39","30-39","20-29","60-69","90-99","80-89","20-29","60-69","80-89","90-99","10-19","0-9","40-49","30-39","30-39","60-69","50-59","60-69","80-89","60-69","70-79","50-59","70-79","60-69","80-89"],"SERIES_NAME":["FEMALE","FEMALE","MALE","MALE","MALE","FEMALE","FEMALE","MALE","MALE","FEMALE","MALE","FEMALE","FEMALE","MALE","MALE","MALE","FEMALE","MALE","FEMALE","FEMALE","FEMALE","FEMALE","MALE","MALE","FEMALE","MALE","MALE","FEMALE","FEMALE","FEMALE","FEMALE","MALE","FEMALE","MALE","FEMALE","FEMALE","MALE","MALE","MALE","FEMALE","FEMALE","MALE","MALE","MALE","MALE","FEMALE","FEMALE","FEMALE","FEMALE","FEMALE","MALE","FEMALE","MALE","MALE","MALE","MALE","FEMALE","FEMALE","FEMALE","FEMALE","MALE","MALE","MALE","FEMALE","MALE","MALE","FEMALE","MALE","MALE","MALE","MALE","MALE","MALE","MALE","MALE"],"X_CALENDAR_YEAR":[2004,2004,2004,2004,2004,2004,2004,2004,2004,2004,2004,2004,2004,2004,2004,2004,2004,2004,2004,2004,2004,2005,2005,2005,2005,2005,2005,2005,2005,2005,2005,2005,2005,2005,2005,2005,2005,2005,2005,2005,2005,2005,2006,2006,2006,2006,2006,2006,2006,2006,2006,2006,2006,2006,2006,2006,2006,2006,2006,2006,2006,2006,2008,2008,2008,2008,2009,2011,2013,2013,2013,2014,2014,2014,2014],"Y_PREVALENCE_1000PP":[84.60892,120.37708,68.73698,90.90909,56.23472,126.36006,68.28454,14.69599,188.8412,99.41775,165.06024,20.8346,15.19169,19.50603,47.0467,139.54079,111.11111,96.29137,103.04374,88.60311,72.61807,186.64938,344.788,128.04225,228.57143,166.14907,115.35969,234.35726,164.67149,230.72253,130.00616,265.54239,32.36082,175.79419,185.28277,133.18182,25.07863,35.70408,98.01667,24.10426,160.05216,331.29344,21.02535,28.96919,10.86673,5.68818,6.05458,15.59158,23.527,20.57384,40.46793,22.2595,33.0962,12.81795,17.54386,14.94826,28.58625,14.38921,20.74112,30.25303,5.89221,6.4217,0.4872,0.18786,0.36539,0.34294,0.23928,0.30955,1.05469,0.42923,0.6684,0.52576,0.46915,0.56536,1.58932]},"PREVALENCE_BY_MONTH":{"X_CALENDAR_MONTH":["200407","200408","200409","200410","200411","200412","200501","200502","200503","200504","200505","200506","200507","200508","200509","200510","200511","200512","200601","200602","200603","200604","200605","200606","200610","200612","200703","200705","200801","200803","201103","201111","201304","201308","201401","201407","201408","201409"],"Y_PREVALENCE_1000PP":[2.53848,32.94631,22.11774,26.82779,22.48021,23.09701,31.25974,22.83988,25.23005,20.43507,21.6258,20.77108,17.45267,20.80141,21.62464,21.92727,18.48234,15.4617,14.67226,4.51131,5.12573,1.94771,0.05207,0.02952,0.02503,0.02124,0.02418,0.02387,0.01964,0.10068,0.01888,0.01953,0.03243,0.02263,0.02842,0.03282,0.03409,0.05553]},"PROCEDURES_BY_TYPE":{"CONCEPT_NAME":"Primary Procedure","COUNT_VALUE":99184},"AGE_AT_FIRST_OCCURRENCE":{"CATEGORY":["MALE","FEMALE"],"MIN_VALUE":[0,0],"P10_VALUE":[21,22],"P25_VALUE":[27,27],"MEDIAN_VALUE":[39,40],"P75_VALUE":[52,55],"P90_VALUE":[67,72],"MAX_VALUE":[149,107]}}
