{"PREVALENCE_BY_GENDER_AGE_YEAR":{"TRELLIS_NAME":["50-59","70-79","50-59","40-49"],"SERIES_NAME":["MALE","MALE","MALE","MALE"],"X_CALENDAR_YEAR":[2004,2006,2007,2013],"Y_PREVALENCE_1000PP":[0.49892,0.7824,0.32019,0.45252]},"PREVALENCE_BY_MONTH":{"X_CALENDAR_MONTH":["200412","200501","200504","200510","200607","200802","200804"],"Y_PREVALENCE_1000PP":[0.03515,0.03894,0.03149,0.02424,0.03669,0.02285,0.01942]},"PROCEDURES_BY_TYPE":{"CONCEPT_NAME":"Primary Procedure","COUNT_VALUE":371},"AGE_AT_FIRST_OCCURRENCE":{"CATEGORY":["FEMALE","MALE"],"MIN_VALUE":[0,1],"P10_VALUE":[22,17],"P25_VALUE":[39,37],"MEDIAN_VALUE":[55,55],"P75_VALUE":[69,71],"P90_VALUE":[79,80],"MAX_VALUE":[99,92]}}
