{"PREVALENCE_BY_GENDER_AGE_YEAR":{"TRELLIS_NAME":["70-79","50-59","40-49","40-49","60-69","60-69","50-59","40-49","70-79","50-59","40-49","70-79","30-39","60-69","60-69","60-69","60-69","80-89","30-39","30-39","50-59","40-49","40-49","70-79","50-59","70-79","60-69","60-69","70-79","40-49","50-59","40-49","70-79","50-59","30-39","40-49","70-79","60-69","50-59","40-49","50-59","70-79","60-69","40-49","50-59","40-49","60-69","50-59","40-49","50-59","40-49","60-69","60-69","30-39","60-69","60-69","70-79","40-49","50-59","40-49","70-79","50-59","40-49","70-79","60-69","60-69","50-59","40-49","50-59","70-79","30-39","60-69","60-69","30-39","70-79","50-59","40-49","40-49","70-79","60-69","70-79","50-59","70-79","40-49","50-59","60-69","60-69","60-69","50-59","50-59"],"SERIES_NAME":["FEMALE","FEMALE","FEMALE","MALE","FEMALE","MALE","FEMALE","FEMALE","FEMALE","MALE","MALE","MALE","FEMALE","FEMALE","MALE","MALE","FEMALE","FEMALE","MALE","FEMALE","FEMALE","FEMALE","MALE","MALE","MALE","FEMALE","MALE","FEMALE","MALE","MALE","MALE","FEMALE","FEMALE","FEMALE","FEMALE","MALE","MALE","FEMALE","MALE","FEMALE","FEMALE","FEMALE","MALE","FEMALE","MALE","MALE","MALE","FEMALE","MALE","MALE","FEMALE","MALE","FEMALE","FEMALE","FEMALE","MALE","MALE","MALE","MALE","FEMALE","FEMALE","FEMALE","MALE","MALE","FEMALE","MALE","MALE","FEMALE","FEMALE","FEMALE","MALE","MALE","FEMALE","FEMALE","MALE","MALE","MALE","FEMALE","FEMALE","FEMALE","MALE","MALE","FEMALE","FEMALE","FEMALE","MALE","FEMALE","MALE","FEMALE","MALE"],"X_CALENDAR_YEAR":[2004,2004,2004,2004,2004,2004,2005,2005,2005,2005,2005,2005,2005,2005,2005,2006,2006,2006,2006,2006,2006,2006,2006,2006,2006,2006,2007,2007,2007,2007,2007,2007,2007,2007,2007,2008,2008,2008,2008,2008,2008,2008,2008,2009,2009,2009,2009,2010,2010,2010,2010,2010,2010,2010,2011,2011,2011,2011,2011,2011,2011,2011,2012,2012,2012,2012,2012,2012,2012,2012,2012,2013,2013,2013,2013,2013,2013,2013,2013,2014,2014,2014,2014,2014,2014,2014,2015,2015,2015,2015],"Y_PREVALENCE_1000PP":[0.546,0.55693,0.32331,0.59307,0.69536,0.66275,0.69269,0.29687,1.51515,1.75404,1.00381,1.05394,0.25924,1.23229,1.22455,1.3352,1.2578,0.75882,0.74815,0.20971,0.66726,0.41035,0.88863,1.39094,1.4977,0.48293,1.46906,0.70751,1.22379,0.71323,0.85383,0.63494,0.87032,0.68252,0.19977,0.43306,0.70916,0.94586,1.31194,0.45343,0.80153,0.90644,1.14312,0.25719,0.54275,0.32149,0.82075,0.27379,0.32496,0.38839,0.19398,0.42054,0.3773,0.15752,0.29044,0.6191,0.59564,0.33898,0.63895,0.26991,0.43325,0.55852,0.35963,0.74968,0.84228,0.53,0.40781,0.35829,0.29175,0.61218,0.37456,0.53654,0.77613,0.18614,0.74267,0.37341,0.38787,0.50511,0.4862,0.36271,0.62554,1.10994,0.38632,0.57527,0.41838,0.73496,0.4482,0.76104,0.73556,0.86263]},"PREVALENCE_BY_MONTH":{"X_CALENDAR_MONTH":["200408","200409","200410","200411","200412","200501","200502","200503","200504","200505","200506","200507","200508","200509","200510","200511","200512","200601","200602","200603","200604","200605","200606","200607","200608","200609","200610","200611","200612","200701","200702","200703","200704","200705","200706","200707","200708","200709","200710","200711","200712","200801","200802","200803","200804","200805","200806","200807","200808","200809","200810","200901","200904","200906","200907","200908","200909","200911","201007","201010","201011","201102","201104","201105","201106","201107","201108","201109","201110","201111","201112","201201","201202","201203","201204","201205","201206","201207","201208","201210","201211","201212","201301","201302","201303","201304","201305","201306","201307","201310","201311","201312","201401","201403","201404","201406","201407","201408","201409","201410","201411","201412","201501","201503","201504","201505"],"Y_PREVALENCE_1000PP":[0.08462,0.0572,0.07057,0.08842,0.05021,0.04381,0.057,0.09211,0.06299,0.07472,0.06889,0.06789,0.07911,0.03692,0.04444,0.05184,0.02369,0.06222,0.04627,0.05691,0.04521,0.06323,0.05535,0.03303,0.05818,0.04335,0.05363,0.06751,0.05309,0.02804,0.03841,0.06218,0.0344,0.06819,0.03056,0.05072,0.0639,0.04018,0.04309,0.05619,0.03629,0.04911,0.03917,0.02923,0.05503,0.0936,0.05794,0.04165,0.05443,0.03823,0.02851,0.01885,0.01872,0.03111,0.02492,0.03117,0.028,0.02174,0.02485,0.02806,0.03126,0.01892,0.03483,0.04444,0.02552,0.02246,0.03542,0.02914,0.02595,0.03581,0.02289,0.02296,0.01976,0.02308,0.05315,0.02336,0.03366,0.0373,0.03067,0.02414,0.02778,0.02796,0.02107,0.0284,0.04648,0.02883,0.03273,0.03316,0.02233,0.02702,0.03145,0.05192,0.03654,0.02516,0.0386,0.04537,0.03282,0.0487,0.04038,0.03166,0.0396,0.0719,0.07831,0.08034,0.10808,0.12565]},"PROCEDURES_BY_TYPE":{"CONCEPT_NAME":"Primary Procedure","COUNT_VALUE":1396},"AGE_AT_FIRST_OCCURRENCE":{"CATEGORY":["FEMALE","MALE"],"MIN_VALUE":[0,0],"P10_VALUE":[38,40],"P25_VALUE":[48,50],"MEDIAN_VALUE":[59,59],"P75_VALUE":[69,69],"P90_VALUE":[77,75],"MAX_VALUE":[95,92]}}
