{"PREVALENCE_BY_GENDER_AGE_YEAR":{"TRELLIS_NAME":["70-79","80-89","80-89","80-89","80-89","70-79"],"SERIES_NAME":["FEMALE","FEMALE","MALE","MALE","FEMALE","FEMALE"],"X_CALENDAR_YEAR":[2005,2005,2005,2006,2006,2006],"Y_PREVALENCE_1000PP":[0.60606,1.11359,1.29618,1.14987,0.88529,0.75888]},"PREVALENCE_BY_MONTH":{"X_CALENDAR_MONTH":["200512","200601","200603","200606","200608","200702"],"Y_PREVALENCE_1000PP":[0.04343,0.02722,0.03035,0.02214,0.02546,0.02095]},"PROCEDURES_BY_TYPE":{"CONCEPT_NAME":"Primary Procedure","COUNT_VALUE":166},"AGE_AT_FIRST_OCCURRENCE":{"CATEGORY":["MALE","FEMALE"],"MIN_VALUE":[7,0],"P10_VALUE":[42,25],"P25_VALUE":[57,59],"MEDIAN_VALUE":[66,75],"P75_VALUE":[80,83],"P90_VALUE":[87,88],"MAX_VALUE":[91,97]}}
