{"PREVALENCE_BY_GENDER_AGE_YEAR":{"TRELLIS_NAME":["0-9","60-69","70-79","50-59","60-69","80-89"],"SERIES_NAME":["FEMALE","MALE","MALE","MALE","FEMALE","MALE"],"X_CALENDAR_YEAR":[2011,2013,2013,2014,2014,2014],"Y_PREVALENCE_1000PP":[0.23602,0.64385,0.4456,0.40893,0.27203,1.27146]},"PREVALENCE_BY_MONTH":{"X_CALENDAR_MONTH":["201112","201203","201205","201208","201210","201304","201305","201307","201308","201309","201312","201401","201402","201403","201404","201405","201406","201407","201410","201412"],"Y_PREVALENCE_1000PP":[0.02289,0.01978,0.02002,0.0409,0.03104,0.02522,0.02909,0.02605,0.03017,0.02674,0.04393,0.02842,0.02486,0.03774,0.03431,0.03521,0.03176,0.02813,0.04221,0.04194]},"PROCEDURES_BY_TYPE":{"CONCEPT_NAME":"Primary Procedure","COUNT_VALUE":368},"AGE_AT_FIRST_OCCURRENCE":{"CATEGORY":["FEMALE","MALE"],"MIN_VALUE":[0,0],"P10_VALUE":[0,1],"P25_VALUE":[19,17],"MEDIAN_VALUE":[46,56],"P75_VALUE":[64,70],"P90_VALUE":[76,81],"MAX_VALUE":[95,92]}}
