{"PREVALENCE_BY_GENDER_AGE_YEAR":{"TRELLIS_NAME":["70-79","70-79","90-99","80-89","80-89","60-69","70-79","60-69","90-99","80-89","70-79","80-89","70-79","60-69","80-89","70-79","70-79","60-69","80-89","70-79","80-89","70-79","50-59","90-99","80-89","60-69","80-89","60-69","70-79","70-79","60-69","80-89"],"SERIES_NAME":["MALE","MALE","MALE","MALE","MALE","MALE","MALE","MALE","MALE","MALE","MALE","MALE","MALE","MALE","MALE","MALE","MALE","MALE","MALE","MALE","MALE","MALE","MALE","MALE","MALE","MALE","MALE","MALE","MALE","MALE","MALE","MALE"],"X_CALENDAR_YEAR":[2005,2006,2006,2006,2007,2007,2007,2008,2008,2008,2008,2009,2009,2010,2010,2010,2011,2011,2011,2012,2012,2013,2013,2013,2013,2013,2014,2014,2014,2015,2015,2015],"Y_PREVALENCE_1000PP":[1.24557,0.60854,8.77193,1.91644,1.24334,0.67332,0.5711,0.68587,8.58896,1.67196,0.86676,1.28205,0.85998,0.84109,2.77307,0.90888,1.04236,0.87706,1.04493,0.82465,1.64057,0.6684,0.32007,6.26118,1.05469,0.32192,2.70184,0.73496,1.87661,0.77821,0.57078,2.32678]},"PREVALENCE_BY_MONTH":{"X_CALENDAR_MONTH":["200502","200506","200509","200607","200611","200708","200710","200711","200712","200802","200803","200804","200805","200807","200809","200810","200905","200907","201002","201004","201005","201007","201008","201009","201011","201101","201103","201105","201110","201112","201204","201205","201207","201301","201307","201308","201310","201311","201403","201404","201405","201406","201407","201410","201411","201412","201502","201503","201504"],"Y_PREVALENCE_1000PP":[0.03325,0.03445,0.02461,0.02936,0.02487,0.02018,0.01989,0.01983,0.03629,0.02285,0.02273,0.01942,0.01937,0.04165,0.02867,0.02534,0.02178,0.02803,0.03107,0.02168,0.02171,0.02174,0.04044,0.02806,0.02188,0.02202,0.02203,0.0254,0.02271,0.01962,0.01993,0.03337,0.03052,0.02809,0.02233,0.0264,0.02316,0.02752,0.03774,0.04289,0.06162,0.03176,0.03282,0.04748,0.05657,0.04194,0.04326,0.0482,0.0786]},"PROCEDURES_BY_TYPE":{"CONCEPT_NAME":"Primary Procedure","COUNT_VALUE":672},"AGE_AT_FIRST_OCCURRENCE":{"CATEGORY":["FEMALE","MALE"],"MIN_VALUE":[0,0],"P10_VALUE":[29,53],"P25_VALUE":[43,64],"MEDIAN_VALUE":[63,73],"P75_VALUE":[78,84],"P90_VALUE":[87,90],"MAX_VALUE":[96,100]}}
