{"PREVALENCE_BY_GENDER_AGE_YEAR":{"TRELLIS_NAME":["50-59","70-79","60-69","70-79","0-9","50-59","60-69","80-89","0-9","70-79","0-9","0-9","0-9","60-69"],"SERIES_NAME":["MALE","MALE","MALE","MALE","FEMALE","FEMALE","MALE","FEMALE","MALE","MALE","FEMALE","MALE","FEMALE","MALE"],"X_CALENDAR_YEAR":[2007,2008,2009,2009,2011,2012,2012,2012,2012,2012,2012,2013,2013,2013],"Y_PREVALENCE_1000PP":[0.32019,0.70916,0.3283,0.46908,0.27535,0.29175,0.371,0.74675,0.24938,0.44981,0.28098,0.26173,0.25268,0.37558]},"PREVALENCE_BY_MONTH":{"X_CALENDAR_MONTH":["200606","200705","200801","200812","200901","200903","201001","201102","201110","201201","201203","201205","201207","201208","201209","201211","201301","201303","201304"],"Y_PREVALENCE_1000PP":[0.02214,0.08183,0.02292,0.02206,0.03141,0.02809,0.01863,0.01892,0.01946,0.01968,0.02638,0.03003,0.02035,0.02386,0.02061,0.0382,0.02809,0.0286,0.02162]},"PROCEDURES_BY_TYPE":{"CONCEPT_NAME":"Primary Procedure","COUNT_VALUE":395},"AGE_AT_FIRST_OCCURRENCE":{"CATEGORY":["FEMALE","MALE"],"MIN_VALUE":[0,0],"P10_VALUE":[1,2],"P25_VALUE":[28,47],"MEDIAN_VALUE":[58,61],"P75_VALUE":[77,73],"P90_VALUE":[87,84],"MAX_VALUE":[98,95]}}
