{"PREVALENCE_BY_GENDER_AGE_YEAR":{"TRELLIS_NAME":["30-39","40-49","50-59","30-39","60-69","20-29","40-49","50-59","40-49","50-59","30-39","20-29","60-69","20-29","30-39","40-49","50-59","70-79","60-69","20-29","30-39","60-69","70-79","50-59","40-49","20-29","30-39","60-69","70-79","40-49","50-59","60-69","20-29","30-39","70-79","40-49","50-59","30-39","50-59","60-69","20-29","40-49","70-79","40-49","50-59","30-39","60-69","20-29","50-59","40-49","20-29","60-69","30-39","20-29","30-39","60-69","40-49","50-59","70-79","30-39","50-59","40-49","20-29","60-69"],"SERIES_NAME":["FEMALE","FEMALE","FEMALE","FEMALE","FEMALE","FEMALE","FEMALE","FEMALE","FEMALE","FEMALE","FEMALE","FEMALE","FEMALE","FEMALE","FEMALE","FEMALE","FEMALE","FEMALE","FEMALE","FEMALE","FEMALE","FEMALE","FEMALE","FEMALE","FEMALE","FEMALE","FEMALE","FEMALE","FEMALE","FEMALE","FEMALE","FEMALE","FEMALE","FEMALE","FEMALE","FEMALE","FEMALE","FEMALE","FEMALE","FEMALE","FEMALE","FEMALE","FEMALE","FEMALE","FEMALE","FEMALE","FEMALE","FEMALE","FEMALE","FEMALE","FEMALE","FEMALE","FEMALE","FEMALE","FEMALE","FEMALE","FEMALE","FEMALE","FEMALE","FEMALE","FEMALE","FEMALE","FEMALE","FEMALE"],"X_CALENDAR_YEAR":[2004,2004,2004,2005,2005,2005,2005,2005,2006,2006,2006,2006,2006,2007,2007,2007,2007,2007,2007,2008,2008,2008,2008,2008,2008,2009,2009,2009,2009,2009,2009,2010,2010,2010,2010,2010,2010,2011,2011,2011,2011,2011,2011,2012,2012,2012,2012,2012,2013,2013,2013,2013,2013,2014,2014,2014,2014,2014,2014,2015,2015,2015,2015,2015],"Y_PREVALENCE_1000PP":[0.23765,0.3695,0.40504,0.45366,1.17627,0.31538,0.77928,0.97792,0.71812,1.18624,0.59918,0.43225,1.35842,0.24455,0.5137,0.60152,0.79029,0.40169,0.66035,0.33398,0.32204,0.58553,0.45322,0.69699,0.42104,0.34545,0.52168,0.90299,0.50524,0.64298,0.88874,0.83843,0.30007,0.31504,0.56419,0.6466,0.88983,0.54535,0.80288,0.91283,0.39228,0.57355,0.55703,0.64493,1.13052,0.79311,1.30554,0.38846,1.1078,0.93251,0.29448,1.12108,0.89967,0.49685,0.52563,1.8589,1.1948,1.08778,0.5151,0.57256,1.39757,0.57143,0.50451,0.82169]},"PREVALENCE_BY_MONTH":{"X_CALENDAR_MONTH":["200408","200410","200412","200502","200503","200507","200508","200509","200510","200511","200512","200601","200602","200604","200605","200606","200607","200608","200609","200610","200611","200612","200701","200702","200703","200705","200708","200709","200801","200803","200804","200805","200806","200807","200808","200809","200810","200812","200901","200902","200903","200904","200905","200906","200907","200908","200909","200910","200911","200912","201001","201002","201003","201004","201005","201006","201007","201008","201010","201011","201012","201101","201103","201104","201105","201106","201107","201108","201109","201111","201112","201201","201202","201203","201204","201205","201206","201207","201208","201209","201211","201212","201301","201302","201303","201304","201305","201306","201307","201308","201309","201310","201311","201312","201401","201402","201403","201404","201405","201406","201407","201408","201409","201410","201411","201412","201501","201502","201503","201504","201505"],"Y_PREVALENCE_1000PP":[0.08462,0.038,0.03013,0.06651,0.02763,0.04243,0.10825,0.02461,0.03636,0.05184,0.04343,0.05833,0.04627,0.07158,0.03347,0.02214,0.0477,0.04364,0.02167,0.0429,0.04619,0.07433,0.02103,0.03492,0.04145,0.08183,0.06726,0.02678,0.02292,0.02923,0.02589,0.02905,0.02253,0.03204,0.03202,0.02867,0.02217,0.03152,0.02827,0.03764,0.01873,0.02808,0.03734,0.04977,0.04984,0.04987,0.02178,0.03105,0.02174,0.03105,0.01863,0.03107,0.03713,0.03097,0.02481,0.03721,0.02485,0.03733,0.03118,0.03438,0.03451,0.03774,0.03461,0.0285,0.04444,0.04147,0.04813,0.03542,0.02266,0.04558,0.0327,0.0492,0.03293,0.01978,0.04319,0.02669,0.06396,0.02713,0.06475,0.04122,0.0382,0.03844,0.04565,0.0213,0.06078,0.02883,0.04728,0.04053,0.07071,0.04148,0.04966,0.03473,0.05111,0.04393,0.07308,0.05801,0.02935,0.0772,0.06162,0.06351,0.08908,0.05358,0.06562,0.03166,0.0396,0.10186,0.10442,0.08651,0.0482,0.09825,0.22338]},"PROCEDURES_BY_TYPE":{"CONCEPT_NAME":"Primary Procedure","COUNT_VALUE":1545},"AGE_AT_FIRST_OCCURRENCE":{"CATEGORY":["FEMALE","MALE"],"MIN_VALUE":[12,2],"P10_VALUE":[26,19],"P25_VALUE":[36,34],"MEDIAN_VALUE":[49,47],"P75_VALUE":[60,58],"P90_VALUE":[67,65],"MAX_VALUE":[97,86]}}
