{"PREVALENCE_BY_GENDER_AGE_YEAR":{"TRELLIS_NAME":["60-69","50-59","60-69","70-79","50-59","70-79","60-69","70-79","50-59","60-69","30-39","50-59","60-69","60-69","50-59","70-79","70-79","50-59","30-39","60-69","60-69","70-79","40-49","50-59","70-79","70-79","60-69","60-69","70-79","50-59","70-79","50-59","60-69","60-69"],"SERIES_NAME":["FEMALE","FEMALE","FEMALE","MALE","MALE","MALE","MALE","MALE","FEMALE","MALE","FEMALE","FEMALE","FEMALE","MALE","MALE","MALE","FEMALE","MALE","FEMALE","MALE","FEMALE","MALE","FEMALE","FEMALE","FEMALE","MALE","MALE","MALE","MALE","MALE","FEMALE","FEMALE","FEMALE","FEMALE"],"X_CALENDAR_YEAR":[2005,2005,2007,2007,2007,2008,2009,2009,2009,2010,2010,2010,2011,2011,2011,2011,2012,2012,2012,2012,2012,2012,2013,2013,2013,2013,2013,2014,2014,2014,2014,2014,2014,2015],"Y_PREVALENCE_1000PP":[0.39209,0.28523,0.37734,0.65269,0.37355,0.55157,0.54717,0.46908,0.20509,0.31541,0.18378,0.20535,0.45641,0.41273,0.34405,0.44673,0.42853,0.40781,0.17625,0.477,0.42114,0.52478,0.27198,0.2674,0.60775,0.74267,0.37558,0.45228,0.54735,0.52576,0.57949,0.37654,0.27203,0.59759]},"PREVALENCE_BY_MONTH":{"X_CALENDAR_MONTH":["200506","200603","200605","200703","200704","200707","200708","200901","200904","200906","200908","200909","201005","201006","201009","201012","201102","201105","201106","201108","201109","201110","201112","201203","201204","201205","201206","201207","201209","201210","201211","201305","201306","201307","201309","201311","201312","201405","201406","201407","201408","201410","201411","201412","201505"],"Y_PREVALENCE_1000PP":[0.03445,0.02276,0.02603,0.02073,0.02752,0.02029,0.02018,0.01885,0.02496,0.01867,0.02182,0.028,0.0186,0.0248,0.02182,0.02196,0.01892,0.02857,0.0319,0.03864,0.02266,0.02919,0.01962,0.03627,0.03322,0.02336,0.0202,0.02713,0.03091,0.02759,0.02083,0.02182,0.03685,0.02233,0.03438,0.02359,0.03594,0.03521,0.03176,0.05626,0.02922,0.04748,0.04525,0.05393,0.11169]},"PROCEDURES_BY_TYPE":{"CONCEPT_NAME":"Primary Procedure","COUNT_VALUE":669},"AGE_AT_FIRST_OCCURRENCE":{"CATEGORY":["FEMALE","MALE"],"MIN_VALUE":[1,0],"P10_VALUE":[27,22],"P25_VALUE":[40,51],"MEDIAN_VALUE":[58,62],"P75_VALUE":[69,73],"P90_VALUE":[81,81],"MAX_VALUE":[92,90]}}
