{"PREVALENCE_BY_GENDER_AGE_YEAR":{"TRELLIS_NAME":["50-59","40-49","70-79","50-59","40-49","60-69","60-69","20-29","30-39","60-69","30-39","40-49","50-59","70-79","50-59","40-49","60-69","50-59","40-49","50-59","60-69","60-69"],"SERIES_NAME":["FEMALE","FEMALE","FEMALE","MALE","MALE","FEMALE","MALE","FEMALE","FEMALE","MALE","FEMALE","MALE","MALE","FEMALE","FEMALE","FEMALE","FEMALE","FEMALE","FEMALE","MALE","MALE","FEMALE"],"X_CALENDAR_YEAR":[2013,2013,2013,2013,2013,2013,2013,2013,2013,2014,2014,2014,2014,2014,2014,2014,2014,2015,2015,2015,2015,2015],"Y_PREVALENCE_1000PP":[1.0696,0.73824,0.42543,0.74683,0.58181,0.86237,0.32192,0.23559,0.46535,0.45228,0.49059,0.74123,0.58418,0.64387,0.6694,0.66378,1.08814,1.47113,0.57143,0.64697,0.57078,0.5229]},"PREVALENCE_BY_MONTH":{"X_CALENDAR_MONTH":["201302","201303","201304","201305","201306","201307","201308","201309","201310","201311","201312","201401","201402","201403","201404","201405","201406","201407","201409","201410","201411","201412","201501","201503","201504","201505"],"Y_PREVALENCE_1000PP":[0.05326,0.0286,0.04324,0.06182,0.0479,0.04466,0.04903,0.06494,0.03473,0.05111,0.07189,0.05684,0.02901,0.06289,0.04718,0.09243,0.0499,0.0422,0.05048,0.05804,0.0396,0.03595,0.15663,0.15265,0.1179,0.08377]},"PROCEDURES_BY_TYPE":{"CONCEPT_NAME":"Primary Procedure","COUNT_VALUE":343},"AGE_AT_FIRST_OCCURRENCE":{"CATEGORY":["MALE","FEMALE"],"MIN_VALUE":[19,18],"P10_VALUE":[28,31],"P25_VALUE":[43,41],"MEDIAN_VALUE":[51,52],"P75_VALUE":[61,61],"P90_VALUE":[70,68],"MAX_VALUE":[84,82]}}
