{"PREVALENCE_BY_GENDER_AGE_YEAR":{"TRELLIS_NAME":["0-9","20-29","0-9","10-19","30-39","20-29","0-9","20-29","0-9","40-49","30-39","20-29","0-9","30-39","20-29","20-29","0-9","40-49","0-9","40-49","20-29","60-69","20-29","10-19","0-9"],"SERIES_NAME":["MALE","MALE","MALE","MALE","MALE","MALE","MALE","MALE","FEMALE","MALE","MALE","MALE","MALE","MALE","MALE","FEMALE","MALE","MALE","MALE","MALE","MALE","MALE","MALE","MALE","MALE"],"X_CALENDAR_YEAR":[2007,2008,2008,2008,2009,2009,2009,2010,2010,2010,2011,2011,2011,2012,2012,2012,2012,2012,2013,2013,2013,2014,2014,2014,2014],"Y_PREVALENCE_1000PP":[0.42715,0.42705,0.27557,0.36466,0.47413,0.40827,0.34022,0.35146,0.23298,0.37912,0.48541,0.35225,0.27876,0.43698,0.36036,0.16648,0.285,0.35963,0.29912,0.38787,0.70934,0.33921,0.55862,0.41114,0.33055]},"PREVALENCE_BY_MONTH":{"X_CALENDAR_MONTH":["200707","200802","200809","200810","200811","200812","200901","200904","200912","201004","201005","201111","201201","201204","201207","201208","201212","201301","201304","201307","201308","201309","201401","201404","201406","201408","201410","201412"],"Y_PREVALENCE_1000PP":[0.02029,0.02612,0.01911,0.01901,0.01899,0.02206,0.02827,0.02808,0.02484,0.02787,0.0186,0.02279,0.02952,0.02325,0.02374,0.02726,0.02446,0.0316,0.02162,0.02233,0.02263,0.02292,0.03248,0.02573,0.04083,0.02922,0.03166,0.03595]},"PROCEDURES_BY_TYPE":{"CONCEPT_NAME":"Primary Procedure","COUNT_VALUE":506},"AGE_AT_FIRST_OCCURRENCE":{"CATEGORY":["MALE","FEMALE"],"MIN_VALUE":[1,1],"P10_VALUE":[3,3],"P25_VALUE":[13,20],"MEDIAN_VALUE":[27,34],"P75_VALUE":[44,70],"P90_VALUE":[66,88],"MAX_VALUE":[93,100]}}
