{"PREVALENCE_BY_GENDER_AGE_YEAR":{"TRELLIS_NAME":["60-69","70-79","60-69","60-69","50-59","70-79","70-79","60-69","70-79","50-59"],"SERIES_NAME":["MALE","MALE","MALE","FEMALE","MALE","MALE","MALE","MALE","MALE","MALE"],"X_CALENDAR_YEAR":[2004,2004,2005,2005,2005,2005,2006,2007,2007,2007],"Y_PREVALENCE_1000PP":[0.56807,1.25916,1.53069,0.33608,0.71461,1.53301,1.04321,0.42848,0.65269,0.37355]},"PREVALENCE_BY_MONTH":{"X_CALENDAR_MONTH":["200409","200411","200412","200503","200504","200505","200506","200507","200508","200509","200601","200605","200612","200705"],"Y_PREVALENCE_1000PP":[0.03432,0.03121,0.0703,0.07369,0.04499,0.02637,0.05598,0.03819,0.03331,0.02871,0.02333,0.02231,0.02478,0.02046]},"PROCEDURES_BY_TYPE":{"CONCEPT_NAME":"Primary Procedure","COUNT_VALUE":264},"AGE_AT_FIRST_OCCURRENCE":{"CATEGORY":["FEMALE","MALE"],"MIN_VALUE":[13,10],"P10_VALUE":[31,43],"P25_VALUE":[43,54],"MEDIAN_VALUE":[58,66],"P75_VALUE":[74,74],"P90_VALUE":[83,79],"MAX_VALUE":[88,92]}}
