{"PREVALENCE_BY_GENDER_AGE_YEAR":{"TRELLIS_NAME":["0-9","0-9","0-9","0-9","0-9","0-9","0-9","0-9","0-9","0-9"],"SERIES_NAME":["MALE","MALE","FEMALE","FEMALE","MALE","MALE","FEMALE","FEMALE","MALE","FEMALE"],"X_CALENDAR_YEAR":[2008,2010,2010,2011,2011,2012,2012,2013,2013,2014],"Y_PREVALENCE_1000PP":[0.24112,0.34201,0.27181,0.70805,0.87111,1.28251,0.6021,0.50537,0.63563,0.27873]},"PREVALENCE_BY_MONTH":{"X_CALENDAR_MONTH":["201011","201012","201104","201107","201108","201109","201205","201207","201208","201210","201212","201303","201306","201307"],"Y_PREVALENCE_1000PP":[0.02188,0.01882,0.019,0.03209,0.01932,0.02266,0.02002,0.02713,0.0443,0.03104,0.02097,0.02145,0.02211,0.02605]},"PROCEDURES_BY_TYPE":{"CONCEPT_NAME":"Primary Procedure","COUNT_VALUE":347},"AGE_AT_FIRST_OCCURRENCE":{"CATEGORY":["MALE","FEMALE"],"MIN_VALUE":[0,0],"P10_VALUE":[1,1],"P25_VALUE":[2,2],"MEDIAN_VALUE":[4,10],"P75_VALUE":[40,47],"P90_VALUE":[64,65],"MAX_VALUE":[85,91]}}
