{"PREVALENCE_BY_GENDER_AGE_YEAR":{"TRELLIS_NAME":["70-79","30-39","60-69","80-89","60-69","70-79","70-79","40-49","50-59","40-49","50-59","40-49","50-59","70-79","50-59","60-69","80-89","60-69","40-49","70-79","60-69","50-59","40-49","60-69","50-59","60-69","50-59","70-79","60-69"],"SERIES_NAME":["FEMALE","FEMALE","FEMALE","FEMALE","MALE","MALE","FEMALE","FEMALE","MALE","MALE","FEMALE","FEMALE","FEMALE","FEMALE","MALE","MALE","MALE","FEMALE","FEMALE","MALE","FEMALE","MALE","FEMALE","FEMALE","FEMALE","FEMALE","FEMALE","FEMALE","FEMALE"],"X_CALENDAR_YEAR":[2004,2005,2005,2005,2005,2005,2005,2005,2005,2005,2005,2006,2006,2006,2006,2006,2006,2006,2007,2007,2008,2008,2009,2011,2012,2013,2014,2014,2014],"Y_PREVALENCE_1000PP":[0.546,0.22683,1.00823,0.83519,0.76535,1.05394,0.98485,0.25976,0.58468,0.46845,0.40746,0.20518,0.22242,0.48293,0.34562,0.53408,1.53315,0.60374,0.33418,0.5711,0.36033,0.60551,0.22504,0.33194,0.21881,0.25871,0.46021,0.38632,0.36271]},"PREVALENCE_BY_MONTH":{"X_CALENDAR_MONTH":["200408","200409","200411","200501","200502","200503","200504","200505","200506","200508","200509","200510","200511","200601","200602","200603","200605","200606","200607","200611","200612","200704","200705","200803","200804","200807","200809","200907","201007","201102","201111","201206","201307","201403","201406","201411","201412","201504"],"Y_PREVALENCE_1000PP":[0.04231,0.05148,0.05721,0.03894,0.03325,0.05066,0.06749,0.04395,0.02583,0.04996,0.04512,0.03636,0.04386,0.03111,0.03085,0.04553,0.02231,0.02214,0.02202,0.02487,0.02478,0.02752,0.02046,0.01949,0.01942,0.01922,0.03504,0.02492,0.02485,0.01892,0.01953,0.0202,0.02233,0.02516,0.03176,0.05091,0.05992,0.0786]},"PROCEDURES_BY_TYPE":{"CONCEPT_NAME":"Primary Procedure","COUNT_VALUE":580},"AGE_AT_FIRST_OCCURRENCE":{"CATEGORY":["MALE","FEMALE"],"MIN_VALUE":[0,1],"P10_VALUE":[15,33],"P25_VALUE":[44,45],"MEDIAN_VALUE":[58,59],"P75_VALUE":[69,69],"P90_VALUE":[79,77],"MAX_VALUE":[93,90]}}
