{"PREVALENCE_BY_GENDER_AGE_YEAR":{"TRELLIS_NAME":["60-69","70-79","70-79","80-89","80-89","60-69","60-69","70-79","70-79","70-79","50-59","70-79","60-69","60-69","80-89","80-89","80-89","60-69","70-79","70-79","80-89","70-79","50-59","70-79","60-69","80-89","70-79","70-79","60-69","60-69","80-89","60-69","70-79","70-79","70-79","70-79","60-69","60-69","80-89","80-89","50-59","70-79","70-79","60-69","80-89","60-69","80-89","70-79","70-79","50-59","80-89","60-69","60-69","80-89","60-69","80-89","60-69","80-89","70-79","50-59","70-79","50-59","70-79","60-69","70-79"],"SERIES_NAME":["MALE","MALE","FEMALE","FEMALE","MALE","MALE","FEMALE","FEMALE","MALE","MALE","MALE","FEMALE","MALE","FEMALE","FEMALE","MALE","FEMALE","FEMALE","MALE","FEMALE","FEMALE","MALE","FEMALE","FEMALE","MALE","FEMALE","FEMALE","MALE","FEMALE","MALE","FEMALE","FEMALE","MALE","FEMALE","MALE","FEMALE","FEMALE","MALE","MALE","FEMALE","FEMALE","FEMALE","MALE","FEMALE","FEMALE","MALE","MALE","MALE","FEMALE","FEMALE","MALE","MALE","FEMALE","FEMALE","MALE","MALE","FEMALE","FEMALE","MALE","MALE","FEMALE","MALE","FEMALE","FEMALE","MALE"],"X_CALENDAR_YEAR":[2004,2004,2004,2005,2005,2005,2005,2005,2005,2006,2006,2006,2006,2006,2006,2007,2007,2007,2007,2007,2008,2008,2008,2008,2009,2009,2009,2009,2009,2010,2010,2010,2010,2010,2011,2011,2011,2011,2011,2011,2012,2012,2012,2012,2012,2012,2012,2013,2013,2013,2013,2013,2013,2013,2014,2014,2014,2014,2014,2014,2014,2015,2015,2015,2015],"Y_PREVALENCE_1000PP":[0.85211,0.68681,1.001,2.08797,2.59235,0.53574,0.61614,1.66667,1.72463,1.13014,0.40323,1.44878,0.86788,0.50312,2.65587,1.06572,1.65739,0.33017,0.89745,0.66948,1.12296,0.78796,0.2091,1.29492,0.6566,2.26733,1.51573,0.93816,0.43,0.42054,2.54885,0.33537,1.13611,0.94032,0.89346,1.60921,0.5394,0.56751,1.94059,2.19115,0.21881,1.28558,1.57433,0.54748,1.81353,0.954,1.93885,1.18827,1.94482,0.3438,1.35603,0.6975,0.43118,1.99623,0.33921,1.43039,0.40805,0.93294,0.93831,0.40893,1.48091,0.64697,0.82962,0.4482,1.16732]},"PREVALENCE_BY_MONTH":{"X_CALENDAR_MONTH":["200409","200410","200411","200412","200501","200502","200503","200504","200505","200506","200508","200509","200510","200512","200601","200602","200603","200604","200605","200606","200607","200608","200609","200610","200703","200705","200708","200711","200801","200802","200803","200805","200807","200808","200809","200810","200812","200901","200902","200903","200904","200905","200906","200907","200908","200909","200910","200911","200912","201001","201002","201003","201004","201005","201007","201008","201009","201010","201011","201101","201102","201103","201104","201105","201106","201107","201108","201109","201110","201111","201112","201201","201203","201204","201205","201206","201207","201208","201209","201211","201212","201301","201302","201303","201304","201305","201306","201307","201308","201309","201310","201311","201312","201401","201403","201404","201405","201406","201407","201408","201409","201410","201411","201412","201502","201503","201504","201505"],"Y_PREVALENCE_1000PP":[0.05148,0.04343,0.06762,0.05021,0.02921,0.06651,0.02763,0.05399,0.06593,0.04736,0.05413,0.04102,0.04848,0.06317,0.035,0.05784,0.07967,0.04898,0.03347,0.04797,0.02202,0.02182,0.03251,0.03218,0.038,0.02728,0.04708,0.02314,0.03274,0.02285,0.01949,0.01937,0.02243,0.03202,0.0223,0.03168,0.02206,0.03141,0.02823,0.02809,0.02808,0.02489,0.04044,0.04049,0.03429,0.02178,0.04968,0.02174,0.03726,0.03105,0.02486,0.02166,0.02787,0.03721,0.03728,0.028,0.04988,0.02183,0.02188,0.01887,0.02522,0.04406,0.03166,0.04444,0.02871,0.01925,0.03864,0.03237,0.02271,0.03256,0.04252,0.03936,0.03627,0.04651,0.05338,0.04713,0.03052,0.0409,0.04122,0.04514,0.03495,0.02809,0.03195,0.0715,0.03963,0.02546,0.05159,0.02977,0.06034,0.02674,0.05403,0.0629,0.05192,0.03654,0.04193,0.05147,0.05282,0.06351,0.03751,0.03409,0.03534,0.03693,0.05657,0.03595,0.05768,0.07231,0.05895,0.32111]},"PROCEDURES_BY_TYPE":{"CONCEPT_NAME":"Primary Procedure","COUNT_VALUE":1336},"AGE_AT_FIRST_OCCURRENCE":{"CATEGORY":["FEMALE","MALE"],"MIN_VALUE":[0,1],"P10_VALUE":[53,47],"P25_VALUE":[66,60],"MEDIAN_VALUE":[75,70],"P75_VALUE":[81,77],"P90_VALUE":[85,83],"MAX_VALUE":[100,95]}}
