{"PREVALENCE_BY_GENDER_AGE_YEAR":{"TRELLIS_NAME":["0-9","0-9","0-9","0-9","0-9","0-9","0-9","0-9","0-9","0-9","0-9","0-9","0-9","0-9","0-9","0-9","0-9","0-9","0-9","0-9","0-9"],"SERIES_NAME":["FEMALE","MALE","FEMALE","FEMALE","MALE","MALE","FEMALE","FEMALE","MALE","MALE","FEMALE","MALE","FEMALE","FEMALE","MALE","MALE","FEMALE","MALE","FEMALE","MALE","FEMALE"],"X_CALENDAR_YEAR":[2004,2005,2005,2006,2006,2007,2007,2008,2008,2009,2009,2010,2010,2011,2011,2012,2013,2013,2014,2014,2015],"Y_PREVALENCE_1000PP":[0.33146,0.70353,0.56056,0.30165,0.56997,0.60513,0.4036,0.61757,0.58558,0.40826,0.45686,0.30781,0.42713,0.35402,0.45298,0.57,0.46326,0.44868,0.4181,0.61978,0.49813]},"PREVALENCE_BY_MONTH":{"X_CALENDAR_MONTH":["200510","200511","200703","200708","200709","200710","200803","200804","200805","200806","200807","200810","200901","200904","201007","201105","201106","201109","201203","201204","201207","201209","201211","201212","201303","201305","201308","201312","201401","201403","201404","201405","201407","201409","201410","201501","201504","201505"],"Y_PREVALENCE_1000PP":[0.03232,0.02393,0.03454,0.02354,0.02009,0.02983,0.02598,0.02913,0.01937,0.02897,0.01922,0.02217,0.01885,0.01872,0.02174,0.02222,0.01914,0.02266,0.01978,0.01993,0.02713,0.03435,0.03125,0.02097,0.0572,0.02909,0.02263,0.02396,0.02436,0.02935,0.02573,0.02641,0.03751,0.03534,0.03166,0.05221,0.10808,0.08377]},"PROCEDURES_BY_TYPE":{"CONCEPT_NAME":"Primary Procedure","COUNT_VALUE":607},"AGE_AT_FIRST_OCCURRENCE":{"CATEGORY":["FEMALE","MALE"],"MIN_VALUE":[0,0],"P10_VALUE":[0,0],"P25_VALUE":[1,1],"MEDIAN_VALUE":[23,19],"P75_VALUE":[65,62],"P90_VALUE":[80,76],"MAX_VALUE":[90,93]}}
