{"PREVALENCE_BY_GENDER_AGE_YEAR":{"TRELLIS_NAME":["0-9","0-9","0-9","0-9","30-39","0-9","0-9","30-39","0-9","10-19","60-69","70-79","40-49","0-9","50-59","50-59","60-69","20-29","50-59","50-59","40-49","70-79","0-9","70-79","40-49","10-19","60-69","0-9","60-69","10-19","50-59","0-9","10-19","0-9","60-69","80-89","50-59","40-49","10-19","50-59","0-9","0-9","10-19","20-29","50-59","10-19","40-49","0-9","70-79","10-19","0-9","60-69","80-89","80-89","20-29","60-69","90-99","30-39","50-59","70-79","50-59","40-49","80-89","20-29","90-99","60-69","80-89","0-9","60-69","40-49","10-19","70-79","0-9","50-59","70-79","0-9","0-9","70-79","50-59","40-49","30-39","30-39","60-69","60-69","80-89","80-89","20-29","60-69","80-89","50-59","70-79","40-49","70-79","40-49","50-59","0-9","60-69","80-89","50-59","50-59","40-49","70-79","60-69","70-79","0-9","80-89","60-69","80-89"],"SERIES_NAME":["MALE","FEMALE","MALE","FEMALE","FEMALE","FEMALE","MALE","MALE","MALE","MALE","MALE","MALE","MALE","FEMALE","FEMALE","MALE","MALE","MALE","FEMALE","MALE","FEMALE","FEMALE","FEMALE","MALE","MALE","MALE","FEMALE","MALE","MALE","FEMALE","MALE","MALE","MALE","FEMALE","MALE","FEMALE","FEMALE","MALE","FEMALE","MALE","MALE","FEMALE","MALE","MALE","MALE","FEMALE","FEMALE","FEMALE","MALE","MALE","MALE","MALE","MALE","FEMALE","FEMALE","FEMALE","FEMALE","MALE","MALE","FEMALE","FEMALE","FEMALE","MALE","MALE","FEMALE","MALE","FEMALE","MALE","FEMALE","MALE","MALE","MALE","FEMALE","FEMALE","FEMALE","MALE","FEMALE","MALE","MALE","MALE","FEMALE","MALE","MALE","FEMALE","FEMALE","MALE","MALE","MALE","MALE","MALE","MALE","MALE","FEMALE","FEMALE","FEMALE","MALE","FEMALE","FEMALE","FEMALE","MALE","MALE","FEMALE","FEMALE","MALE","MALE","MALE","MALE","FEMALE"],"X_CALENDAR_YEAR":[2004,2004,2005,2005,2006,2006,2006,2007,2007,2007,2007,2007,2007,2007,2007,2007,2008,2008,2008,2008,2008,2008,2008,2008,2008,2008,2008,2008,2009,2009,2009,2009,2009,2009,2010,2010,2010,2010,2010,2010,2010,2010,2010,2011,2011,2011,2011,2011,2011,2011,2011,2011,2011,2011,2011,2011,2011,2012,2012,2012,2012,2012,2012,2012,2012,2012,2012,2012,2012,2012,2012,2012,2012,2013,2013,2013,2013,2013,2013,2013,2013,2013,2013,2013,2013,2013,2013,2014,2014,2014,2014,2014,2014,2014,2014,2014,2014,2014,2015,2015,2015,2015,2015,2015,2015,2015,2015,2015],"Y_PREVALENCE_1000PP":[0.33618,0.33146,1.24152,0.79413,0.17975,0.73257,0.49398,0.37677,0.8899,0.32969,0.5509,0.5711,0.49377,0.76684,0.28738,0.32019,0.85734,0.32029,0.27879,0.50459,0.19433,0.77695,0.50178,1.10314,0.43306,0.31908,0.31529,0.62003,0.38302,0.28573,0.39473,0.7825,0.31236,0.83758,0.57825,0.63721,0.20535,0.37912,0.33336,0.33984,1.06023,0.73778,0.3175,0.30193,0.44235,0.25728,0.26991,0.5507,1.11682,0.50954,0.83627,1.03183,1.49276,0.62604,0.20922,0.33194,2.73473,0.68668,1.01952,0.48975,0.40115,0.32247,2.23714,0.30888,2.69179,1.58999,1.60017,0.7125,0.5896,0.77919,0.28329,1.12452,0.64223,0.2292,0.91163,0.67302,0.63171,2.07947,0.69348,0.58181,0.24819,0.45457,1.395,0.38806,1.21992,1.35603,0.32739,1.92221,2.70184,1.69412,2.65853,0.66711,1.35213,0.30976,0.41838,0.70242,0.68009,1.51603,0.5149,1.94091,1.01376,1.24443,0.4482,3.24254,0.65727,2.84385,1.33181,1.29342]},"PREVALENCE_BY_MONTH":{"X_CALENDAR_MONTH":["200411","200502","200503","200505","200506","200507","200509","200604","200605","200608","200609","200611","200702","200703","200704","200705","200706","200707","200708","200709","200710","200711","200712","200802","200803","200804","200805","200806","200807","200808","200809","200810","200811","200812","200901","200903","200904","200906","200907","200908","200909","200910","200911","200912","201001","201002","201003","201004","201005","201006","201007","201008","201009","201010","201011","201012","201101","201102","201103","201104","201105","201106","201107","201108","201109","201110","201111","201112","201201","201202","201203","201204","201205","201206","201207","201208","201209","201210","201211","201212","201301","201302","201303","201304","201305","201306","201307","201308","201309","201310","201311","201312","201401","201402","201403","201404","201405","201406","201407","201408","201409","201410","201411","201412","201501","201502","201503","201504","201505","201506"],"Y_PREVALENCE_1000PP":[0.05721,0.0475,0.03224,0.03516,0.03014,0.03395,0.02871,0.03014,0.02231,0.03636,0.02167,0.02487,0.02794,0.03454,0.03096,0.04091,0.04075,0.02705,0.07062,0.02009,0.0232,0.04627,0.05279,0.05549,0.07145,0.05503,0.05164,0.03541,0.03204,0.03202,0.0223,0.03801,0.03799,0.02837,0.01885,0.02497,0.02496,0.04044,0.02803,0.04364,0.03734,0.01863,0.03105,0.03105,0.03105,0.03107,0.04331,0.03716,0.02481,0.02791,0.03728,0.02489,0.04364,0.0343,0.05626,0.03137,0.0346,0.05044,0.02517,0.03166,0.04444,0.05423,0.07701,0.0483,0.04856,0.02271,0.06837,0.06541,0.07215,0.06585,0.07254,0.06644,0.04004,0.0505,0.05426,0.06816,0.08587,0.06208,0.07292,0.0629,0.03511,0.07101,0.05363,0.07567,0.05819,0.05159,0.04838,0.08674,0.06876,0.06561,0.05111,0.09186,0.1218,0.07044,0.04612,0.11581,0.11443,0.0499,0.11721,0.0487,0.1262,0.08969,0.13011,0.11385,0.11747,0.1514,0.29726,0.22598,0.37696,0.37542]},"PROCEDURES_BY_TYPE":{"CONCEPT_NAME":"Primary Procedure","COUNT_VALUE":1793},"AGE_AT_FIRST_OCCURRENCE":{"CATEGORY":["MALE","FEMALE"],"MIN_VALUE":[0,0],"P10_VALUE":[1,1],"P25_VALUE":[15,12],"MEDIAN_VALUE":[54,48],"P75_VALUE":[69,71],"P90_VALUE":[78,83],"MAX_VALUE":[94,100]}}
