{"PREVALENCE_BY_GENDER_AGE_YEAR":{"TRELLIS_NAME":["0-9","60-69","50-59","60-69","0-9","70-79","0-9","20-29","60-69","50-59","70-79","0-9","0-9","10-19","70-79","70-79","0-9","10-19","0-9","60-69","60-69","50-59","0-9","50-59"],"SERIES_NAME":["MALE","MALE","MALE","FEMALE","MALE","MALE","FEMALE","MALE","MALE","FEMALE","FEMALE","MALE","FEMALE","MALE","MALE","FEMALE","MALE","MALE","FEMALE","MALE","FEMALE","MALE","MALE","MALE"],"X_CALENDAR_YEAR":[2008,2009,2009,2009,2009,2009,2009,2010,2010,2010,2010,2010,2010,2010,2010,2011,2011,2011,2011,2011,2011,2012,2012,2014],"Y_PREVALENCE_1000PP":[0.34446,0.3283,0.49341,0.258,0.27217,0.93816,0.34265,0.30125,0.73595,0.23957,0.68957,0.54721,0.69895,0.36286,0.53018,0.43325,0.59236,0.27793,0.35402,0.36114,0.24895,0.40781,0.285,0.46734]},"PREVALENCE_BY_MONTH":{"X_CALENDAR_MONTH":["200603","200712","200901","200903","200904","200905","200909","201001","201003","201004","201005","201006","201007","201008","201009","201010","201011","201012","201101","201102","201103","201104","201105","201107","201110","201111","201112","201205","201208","201211","201301","201305","201312","201412"],"Y_PREVALENCE_1000PP":[0.02276,0.0231,0.02199,0.04058,0.05305,0.03112,0.03734,0.02484,0.04641,0.02478,0.03101,0.0248,0.03728,0.04977,0.0187,0.0343,0.01875,0.02823,0.04089,0.02837,0.03776,0.0285,0.03175,0.01925,0.01946,0.01953,0.01962,0.02336,0.02386,0.02778,0.02107,0.02546,0.02396,0.03595]},"PROCEDURES_BY_TYPE":{"CONCEPT_NAME":"Primary Procedure","COUNT_VALUE":613},"AGE_AT_FIRST_OCCURRENCE":{"CATEGORY":["MALE","FEMALE"],"MIN_VALUE":[0,0],"P10_VALUE":[1,1],"P25_VALUE":[13,8],"MEDIAN_VALUE":[48,51],"P75_VALUE":[67,70],"P90_VALUE":[79,79],"MAX_VALUE":[96,92]}}
