{"PREVALENCE_BY_GENDER_AGE_YEAR":{"TRELLIS_NAME":["40-49","10-19","20-29","20-29","10-19","10-19","20-29","20-29","10-19","10-19","20-29","20-29","10-19","10-19","20-29","20-29","10-19","30-39","20-29","10-19","10-19","20-29","20-29","20-29","10-19","10-19","0-9","10-19","40-49","20-29","20-29","20-29","10-19","10-19"],"SERIES_NAME":["MALE","FEMALE","FEMALE","FEMALE","MALE","FEMALE","MALE","FEMALE","FEMALE","MALE","MALE","FEMALE","FEMALE","MALE","MALE","FEMALE","FEMALE","MALE","MALE","FEMALE","MALE","FEMALE","MALE","FEMALE","MALE","FEMALE","MALE","FEMALE","MALE","MALE","FEMALE","MALE","FEMALE","MALE"],"X_CALENDAR_YEAR":[2005,2006,2006,2007,2007,2007,2008,2008,2008,2008,2009,2009,2009,2009,2010,2010,2010,2011,2011,2011,2011,2011,2012,2012,2012,2012,2013,2013,2013,2013,2014,2014,2014,2014],"Y_PREVALENCE_1000PP":[0.40153,0.40665,0.1729,0.16303,0.32969,0.3397,0.37367,0.17984,0.37178,0.36466,0.40827,0.22207,0.36736,0.26774,0.55229,0.15003,0.50004,0.54608,0.35225,0.47168,0.27793,0.26152,0.82368,0.27747,0.28329,0.26082,0.29912,0.46605,0.38787,0.38195,0.19874,0.68276,0.43164,0.41114]},"PREVALENCE_BY_MONTH":{"X_CALENDAR_MONTH":["200503","200608","200707","200711","200804","200809","200811","200901","200904","200906","201004","201009","201010","201011","201101","201102","201104","201105","201109","201201","201205","201208","201301","201304","201312","201412"],"Y_PREVALENCE_1000PP":[0.03224,0.02182,0.02029,0.01983,0.01942,0.0223,0.02533,0.01885,0.03745,0.01867,0.02168,0.02806,0.01871,0.02501,0.03774,0.02207,0.019,0.03492,0.02914,0.0328,0.03003,0.02386,0.02107,0.02162,0.02796,0.03595]},"PROCEDURES_BY_TYPE":{"CONCEPT_NAME":"Primary Procedure","COUNT_VALUE":560},"AGE_AT_FIRST_OCCURRENCE":{"CATEGORY":["FEMALE","MALE"],"MIN_VALUE":[1,0],"P10_VALUE":[7,6],"P25_VALUE":[16,17],"MEDIAN_VALUE":[20,23],"P75_VALUE":[29,32],"P90_VALUE":[37,45],"MAX_VALUE":[72,92]}}
