{"PREVALENCE_BY_GENDER_AGE_YEAR":{"TRELLIS_NAME":["30-39","20-29","30-39","20-29","40-49","10-19","20-29","30-39","10-19","40-49","30-39","20-29","20-29","10-19","20-29","60-69","30-39","20-29","30-39","10-19","30-39","10-19","20-29","20-29","30-39","20-29","30-39","50-59","40-49","70-79","20-29"],"SERIES_NAME":["MALE","MALE","MALE","MALE","MALE","MALE","MALE","MALE","MALE","MALE","MALE","FEMALE","MALE","MALE","MALE","FEMALE","MALE","MALE","MALE","MALE","MALE","MALE","MALE","MALE","MALE","MALE","MALE","MALE","MALE","FEMALE","MALE"],"X_CALENDAR_YEAR":[2006,2006,2007,2007,2007,2007,2008,2008,2008,2008,2009,2009,2009,2009,2010,2010,2010,2011,2011,2011,2012,2012,2012,2013,2013,2014,2014,2014,2014,2014,2015],"Y_PREVALENCE_1000PP":[0.47609,0.68048,0.69074,0.78339,0.32918,0.28259,0.85411,0.42628,0.31908,0.3248,0.7112,0.14805,0.66343,0.26774,0.85354,0.29345,0.52947,0.85548,0.97081,0.27793,0.68668,0.3305,0.72072,1.20041,0.45457,1.67587,0.72443,0.46734,0.59299,0.45071,1.66113]},"PREVALENCE_BY_MONTH":{"X_CALENDAR_MONTH":["200605","200606","200703","200707","200708","200801","200802","200807","200812","200901","200902","200904","200906","200908","201001","201004","201009","201010","201011","201012","201101","201106","201107","201108","201109","201112","201202","201203","201205","201209","201210","201301","201302","201304","201307","201401","201402","201405","201407","201408","201410","201411","201412","201501","201502","201503","201504","201505"],"Y_PREVALENCE_1000PP":[0.02603,0.02214,0.02073,0.02705,0.03699,0.02619,0.02285,0.02884,0.01891,0.01885,0.01882,0.02184,0.02178,0.02494,0.01863,0.01858,0.02182,0.0343,0.02501,0.0251,0.02516,0.02552,0.02246,0.02254,0.01942,0.02616,0.02634,0.02638,0.02336,0.02748,0.03794,0.02107,0.03195,0.02162,0.02977,0.02842,0.05387,0.04401,0.03751,0.03409,0.03693,0.05657,0.09587,0.05874,0.0793,0.05624,0.08843,0.09773]},"PROCEDURES_BY_TYPE":{"CONCEPT_NAME":"Primary Procedure","COUNT_VALUE":672},"AGE_AT_FIRST_OCCURRENCE":{"CATEGORY":["MALE","FEMALE"],"MIN_VALUE":[14,1],"P10_VALUE":[19,18],"P25_VALUE":[22,26],"MEDIAN_VALUE":[29,54],"P75_VALUE":[41,70],"P90_VALUE":[56,81],"MAX_VALUE":[97,100]}}
