{"PREVALENCE_BY_GENDER_AGE_YEAR":{"TRELLIS_NAME":["20-29","20-29","60-69","60-69","70-79","50-59","40-49","40-49","70-79","20-29","50-59","40-49","70-79","60-69","60-69","80-89","50-59","40-49","50-59","70-79","30-39","80-89","60-69","60-69","20-29","30-39","50-59","70-79","40-49","40-49","50-59","70-79","60-69","50-59","70-79","40-49","50-59","60-69","20-29","30-39"],"SERIES_NAME":["MALE","FEMALE","MALE","FEMALE","MALE","MALE","MALE","FEMALE","FEMALE","MALE","FEMALE","MALE","MALE","FEMALE","MALE","FEMALE","MALE","FEMALE","FEMALE","FEMALE","MALE","FEMALE","FEMALE","MALE","MALE","MALE","MALE","MALE","MALE","FEMALE","FEMALE","FEMALE","FEMALE","MALE","FEMALE","FEMALE","FEMALE","MALE","MALE","MALE"],"X_CALENDAR_YEAR":[2010,2011,2011,2011,2011,2011,2011,2011,2011,2011,2011,2012,2012,2012,2012,2012,2012,2012,2012,2012,2012,2013,2013,2013,2013,2013,2013,2013,2013,2013,2013,2013,2014,2014,2014,2014,2014,2014,2014,2014],"Y_PREVALENCE_1000PP":[0.30125,0.23537,0.77387,0.95432,0.44673,0.73725,0.39548,0.47233,0.8665,0.40258,0.69815,0.65931,0.82465,0.92651,0.901,1.06678,0.96855,0.50161,0.65643,1.04071,0.43698,0.77631,0.60366,0.53654,0.38195,0.45457,0.64014,0.6684,0.64645,0.58282,0.6494,0.72931,0.72543,0.58418,0.70826,0.66378,0.62756,0.9611,0.49656,0.43466]},"PREVALENCE_BY_MONTH":{"X_CALENDAR_MONTH":["200810","201005","201102","201108","201109","201110","201111","201112","201201","201202","201203","201204","201205","201209","201210","201211","201212","201301","201302","201303","201304","201307","201310","201311","201312","201401","201402","201403","201404","201405","201406","201409","201410","201411","201412","201505"],"Y_PREVALENCE_1000PP":[0.01901,0.02171,0.02207,0.02576,0.10683,0.14921,0.0879,0.06868,0.05575,0.05597,0.13849,0.01993,0.02669,0.04465,0.07243,0.07986,0.05242,0.04916,0.05681,0.05363,0.06846,0.02233,0.08491,0.07863,0.02796,0.06496,0.07459,0.07128,0.05576,0.08363,0.03176,0.03029,0.06331,0.03394,0.03595,0.08377]},"PROCEDURES_BY_TYPE":{"CONCEPT_NAME":"Primary Procedure","COUNT_VALUE":828},"AGE_AT_FIRST_OCCURRENCE":{"CATEGORY":["MALE","FEMALE"],"MIN_VALUE":[1,0],"P10_VALUE":[21,25],"P25_VALUE":[31,44],"MEDIAN_VALUE":[51,56],"P75_VALUE":[64,67],"P90_VALUE":[76,77],"MAX_VALUE":[95,98]}}
