{"PREVALENCE_BY_GENDER_AGE_YEAR":{"TRELLIS_NAME":["0-9","50-59","0-9","0-9","50-59","0-9"],"SERIES_NAME":["MALE","FEMALE","MALE","FEMALE","FEMALE","FEMALE"],"X_CALENDAR_YEAR":[2004,2006,2007,2007,2007,2011],"Y_PREVALENCE_1000PP":[0.33618,0.29656,0.28477,0.48432,0.25145,0.27535]},"PREVALENCE_BY_MONTH":{"X_CALENDAR_MONTH":["200408","200502","200603","200605","200705","200710","200712","200902","201012","201108","201111","201201"],"Y_PREVALENCE_1000PP":[0.04231,0.0285,0.03035,0.02231,0.03069,0.02652,0.0231,0.01882,0.01882,0.02254,0.01953,0.02296]},"PROCEDURES_BY_TYPE":{"CONCEPT_NAME":"Primary Procedure","COUNT_VALUE":377},"AGE_AT_FIRST_OCCURRENCE":{"CATEGORY":["FEMALE","MALE"],"MIN_VALUE":[0,0],"P10_VALUE":[1,0],"P25_VALUE":[17,8],"MEDIAN_VALUE":[43,29],"P75_VALUE":[61,51],"P90_VALUE":[74,70],"MAX_VALUE":[102,88]}}
