{"PREVALENCE_BY_GENDER_AGE_YEAR":{"TRELLIS_NAME":["50-59","70-79","70-79","60-69","60-69"],"SERIES_NAME":["MALE","FEMALE","FEMALE","FEMALE","FEMALE"],"X_CALENDAR_YEAR":[2005,2007,2008,2011,2012],"Y_PREVALENCE_1000PP":[0.45475,0.40169,0.51797,0.24895,0.2948]},"PREVALENCE_BY_MONTH":{"X_CALENDAR_MONTH":["200412","200502","200506","200602","200605","200705","200811","200903","200906","201003","201108","201207","201302","201401"],"Y_PREVALENCE_1000PP":[0.03013,0.0285,0.02583,0.02699,0.02231,0.02728,0.01899,0.01873,0.01867,0.01856,0.01932,0.02713,0.02485,0.02436]},"PROCEDURES_BY_TYPE":{"CONCEPT_NAME":"Primary Procedure","COUNT_VALUE":435},"AGE_AT_FIRST_OCCURRENCE":{"CATEGORY":["MALE","FEMALE"],"MIN_VALUE":[0,1],"P10_VALUE":[24,27],"P25_VALUE":[42,39],"MEDIAN_VALUE":[57,56],"P75_VALUE":[73,71],"P90_VALUE":[82,80],"MAX_VALUE":[100,89]}}
