{"PREVALENCE_BY_GENDER_AGE_YEAR":{"TRELLIS_NAME":["70-79","60-69","80-89","60-69","50-59","70-79","70-79","50-59","50-59","70-79","70-79","50-59","60-69","80-89","60-69","80-89","60-69","60-69","80-89","50-59","70-79","70-79","60-69","60-69","70-79","50-59","50-59","60-69","60-69","70-79","40-49","50-59","70-79","60-69","60-69","50-59","70-79","60-69","60-69","50-59","60-69","60-69","70-79","50-59","70-79","60-69","70-79","50-59","40-49","60-69","60-69"],"SERIES_NAME":["FEMALE","FEMALE","FEMALE","MALE","FEMALE","MALE","FEMALE","MALE","FEMALE","FEMALE","MALE","MALE","MALE","FEMALE","FEMALE","MALE","MALE","FEMALE","FEMALE","MALE","FEMALE","MALE","MALE","FEMALE","MALE","MALE","MALE","MALE","FEMALE","MALE","MALE","MALE","FEMALE","FEMALE","MALE","FEMALE","MALE","FEMALE","MALE","MALE","MALE","FEMALE","MALE","MALE","FEMALE","FEMALE","MALE","MALE","FEMALE","MALE","MALE"],"X_CALENDAR_YEAR":[2004,2005,2005,2005,2005,2005,2005,2005,2006,2006,2006,2006,2006,2006,2006,2007,2007,2007,2007,2007,2007,2007,2008,2008,2008,2008,2010,2010,2010,2011,2011,2011,2011,2011,2011,2011,2012,2012,2012,2012,2013,2013,2013,2013,2013,2014,2014,2014,2014,2014,2015],"Y_PREVALENCE_1000PP":[0.546,0.50412,1.39198,1.14802,0.28523,1.14976,0.83333,0.45475,0.25949,1.10383,1.13014,0.92166,1.20168,0.75882,0.55343,1.24334,1.163,0.28301,0.8287,0.7471,0.87032,1.06062,0.57156,0.27025,0.63037,0.50459,0.43694,0.57825,0.29345,0.96791,0.45198,0.73725,0.43325,0.29044,1.03183,0.34908,1.34943,0.63171,1.85499,1.0705,1.87788,0.60366,1.18827,0.69348,0.79008,0.27203,0.62554,0.52576,0.26551,1.46992,1.23668]},"PREVALENCE_BY_MONTH":{"X_CALENDAR_MONTH":["200412","200502","200504","200505","200506","200507","200508","200509","200511","200512","200602","200603","200605","200606","200607","200608","200609","200610","200611","200612","200701","200702","200703","200705","200706","200802","200807","200809","201004","201006","201009","201012","201103","201104","201105","201106","201107","201108","201110","201111","201112","201201","201202","201203","201204","201205","201206","201207","201208","201209","201210","201211","201212","201301","201302","201303","201304","201305","201306","201307","201308","201309","201310","201311","201312","201401","201402","201403","201404","201405","201406","201407","201409","201411","201501","201503","201504","201505"],"Y_PREVALENCE_1000PP":[0.03013,0.03325,0.03599,0.03077,0.03445,0.04668,0.04996,0.04512,0.02393,0.05133,0.05013,0.03794,0.02975,0.03321,0.03303,0.02546,0.03612,0.02503,0.0533,0.05309,0.05609,0.06286,0.08981,0.0341,0.02377,0.02612,0.02243,0.01911,0.01858,0.02791,0.0187,0.01882,0.02517,0.02533,0.02857,0.03509,0.0385,0.03864,0.04541,0.03256,0.06541,0.02624,0.03951,0.06265,0.04651,0.02669,0.02356,0.02713,0.03408,0.04465,0.02759,0.05903,0.02097,0.04214,0.06036,0.05363,0.03603,0.04,0.04422,0.03721,0.03771,0.0382,0.05789,0.0629,0.03594,0.04466,0.02486,0.02935,0.03002,0.03521,0.04083,0.07033,0.03534,0.0396,0.05221,0.08034,0.05895,0.11169]},"PROCEDURES_BY_TYPE":{"CONCEPT_NAME":"Primary Procedure","COUNT_VALUE":1231},"AGE_AT_FIRST_OCCURRENCE":{"CATEGORY":["MALE","FEMALE"],"MIN_VALUE":[2,9],"P10_VALUE":[49,44],"P25_VALUE":[58,57],"MEDIAN_VALUE":[64,66],"P75_VALUE":[70,75],"P90_VALUE":[77,81],"MAX_VALUE":[92,92]}}
