{"PREVALENCE_BY_GENDER_AGE_YEAR":{"TRELLIS_NAME":["0-9","50-59","0-9","0-9","0-9"],"SERIES_NAME":["MALE","MALE","MALE","MALE","MALE"],"X_CALENDAR_YEAR":[2005,2006,2006,2007,2008],"Y_PREVALENCE_1000PP":[0.78629,0.46083,1.97591,0.96109,0.24112]},"PREVALENCE_BY_MONTH":{"X_CALENDAR_MONTH":["200504","200604","200608","200609","200611","200612","200708"],"Y_PREVALENCE_1000PP":[0.03149,0.03391,0.04,0.0289,0.02487,0.02124,0.0269]},"PROCEDURES_BY_TYPE":{"CONCEPT_NAME":"Primary Procedure","COUNT_VALUE":156},"AGE_AT_FIRST_OCCURRENCE":{"CATEGORY":"MALE","MIN_VALUE":0,"P10_VALUE":0,"P25_VALUE":1,"MEDIAN_VALUE":2,"P75_VALUE":8,"P90_VALUE":59,"MAX_VALUE":83}}
