{"PREVALENCE_BY_GENDER_AGE_YEAR":{"TRELLIS_NAME":["20-29","10-19","20-29","30-39","10-19","20-29","30-39","20-29","10-19","30-39","20-29","10-19","40-49","30-39","20-29","30-39","40-49","10-19","10-19","20-29","30-39","20-29","30-39"],"SERIES_NAME":["FEMALE","FEMALE","FEMALE","FEMALE","FEMALE","FEMALE","FEMALE","FEMALE","FEMALE","FEMALE","FEMALE","FEMALE","FEMALE","FEMALE","FEMALE","FEMALE","FEMALE","FEMALE","FEMALE","FEMALE","FEMALE","FEMALE","FEMALE"],"X_CALENDAR_YEAR":[2008,2009,2009,2009,2010,2010,2010,2011,2011,2011,2012,2012,2012,2012,2013,2013,2013,2013,2014,2014,2014,2015,2015],"Y_PREVALENCE_1000PP":[0.48813,0.73472,1.45582,0.49559,0.4167,1.10025,0.3413,1.41221,0.47168,0.43628,1.44284,0.43471,0.39412,0.61687,1.35461,0.86865,0.23313,0.55926,0.37768,1.1262,0.59572,1.00902,0.3817]},"PREVALENCE_BY_MONTH":{"X_CALENDAR_MONTH":["200811","200901","200902","200903","200904","200907","200908","200909","200910","200911","200912","201001","201002","201006","201008","201009","201011","201012","201101","201102","201104","201106","201107","201108","201110","201111","201112","201201","201202","201203","201204","201205","201206","201208","201209","201210","201211","201212","201301","201303","201304","201306","201307","201308","201309","201310","201312","201401","201404","201407","201409","201503","201504"],"Y_PREVALENCE_1000PP":[0.01899,0.02199,0.02196,0.03434,0.01872,0.01869,0.04052,0.03111,0.03726,0.03416,0.03726,0.03105,0.02175,0.0186,0.02178,0.02494,0.01875,0.02196,0.02831,0.02207,0.03166,0.01914,0.01925,0.02254,0.01946,0.03256,0.03925,0.02624,0.02305,0.02638,0.0299,0.02669,0.0202,0.02726,0.03091,0.03449,0.02778,0.03495,0.0316,0.06078,0.02883,0.03316,0.03349,0.03017,0.02292,0.02702,0.03195,0.05684,0.03002,0.02813,0.03534,0.0482,0.05895]},"PROCEDURES_BY_TYPE":{"CONCEPT_NAME":"Primary Procedure","COUNT_VALUE":613},"AGE_AT_FIRST_OCCURRENCE":{"CATEGORY":"FEMALE","MIN_VALUE":13,"P10_VALUE":19,"P25_VALUE":21,"MEDIAN_VALUE":25,"P75_VALUE":30,"P90_VALUE":37,"MAX_VALUE":67}}
