{"PREVALENCE_BY_GENDER_AGE_YEAR":{"TRELLIS_NAME":["20-29","10-19","40-49","10-19","30-39","20-29","30-39","20-29","10-19","20-29","20-29","10-19","30-39","10-19","10-19","30-39","30-39","20-29","20-29"],"SERIES_NAME":["MALE","MALE","MALE","FEMALE","MALE","FEMALE","FEMALE","MALE","MALE","FEMALE","MALE","FEMALE","MALE","FEMALE","MALE","MALE","FEMALE","MALE","FEMALE"],"X_CALENDAR_YEAR":[2004,2005,2005,2005,2005,2005,2005,2005,2006,2006,2006,2006,2006,2007,2007,2007,2007,2007,2007],"Y_PREVALENCE_1000PP":[1.11961,0.51414,0.53537,0.35395,0.60441,0.28384,0.29164,1.36308,0.66033,0.23053,0.92793,0.5422,0.40808,0.38217,0.61228,0.75353,0.17123,1.17509,0.29889]},"PREVALENCE_BY_MONTH":{"X_CALENDAR_MONTH":["200408","200409","200412","200502","200503","200504","200505","200508","200509","200512","200601","200603","200606","200608","200609","200611","200612","200703","200705","200706","200707","200708","200709","200803"],"Y_PREVALENCE_1000PP":[0.04835,0.04004,0.05021,0.03325,0.03224,0.04499,0.03516,0.03331,0.03692,0.02369,0.02722,0.03035,0.0369,0.02182,0.03251,0.02487,0.02124,0.038,0.04091,0.02377,0.02029,0.05044,0.03013,0.02273]},"PROCEDURES_BY_TYPE":{"CONCEPT_NAME":"Primary Procedure","COUNT_VALUE":330},"AGE_AT_FIRST_OCCURRENCE":{"CATEGORY":["MALE","FEMALE"],"MIN_VALUE":[14,12],"P10_VALUE":[16,15],"P25_VALUE":[19,18],"MEDIAN_VALUE":[25,26],"P75_VALUE":[33,37],"P90_VALUE":[44,47],"MAX_VALUE":[60,63]}}
