{"PREVALENCE_BY_GENDER_AGE_YEAR":{"TRELLIS_NAME":["60-69","60-69","40-49","70-79","70-79","0-9","0-9","60-69","0-9","70-79","60-69","70-79","0-9","60-69","0-9","60-69","0-9","50-59","50-59"],"SERIES_NAME":["MALE","FEMALE","MALE","FEMALE","MALE","FEMALE","MALE","FEMALE","FEMALE","MALE","FEMALE","FEMALE","FEMALE","MALE","MALE","FEMALE","MALE","FEMALE","MALE"],"X_CALENDAR_YEAR":[2005,2005,2005,2007,2007,2007,2007,2008,2009,2009,2010,2010,2010,2011,2012,2012,2014,2014,2014],"Y_PREVALENCE_1000PP":[0.76535,0.33608,0.40153,0.40169,0.5711,0.4036,0.32036,0.27025,0.38072,0.46908,0.33537,0.37613,0.34947,0.30955,0.24938,0.25268,0.33055,0.29286,0.40893]},"PREVALENCE_BY_MONTH":{"X_CALENDAR_MONTH":["200501","200506","200510","200511","200610","200611","200704","200711","200712","200807","200901","200903","200906","201004","201007","201009","201012","201112","201212","201401","201404","201407","201408","201412","201501","201503","201504","201505"],"Y_PREVALENCE_1000PP":[0.03894,0.03445,0.03232,0.02393,0.03218,0.02487,0.02752,0.01983,0.02639,0.02243,0.02513,0.02185,0.01867,0.02168,0.02174,0.02494,0.01882,0.02943,0.02097,0.02436,0.04289,0.0422,0.02922,0.05393,0.04568,0.0482,0.06878,0.08377]},"PROCEDURES_BY_TYPE":{"CONCEPT_NAME":"Primary Procedure","COUNT_VALUE":538},"AGE_AT_FIRST_OCCURRENCE":{"CATEGORY":["FEMALE","MALE"],"MIN_VALUE":[0,0],"P10_VALUE":[0,0],"P25_VALUE":[24,22],"MEDIAN_VALUE":[52,53],"P75_VALUE":[67,69],"P90_VALUE":[82,78],"MAX_VALUE":[95,92]}}
