{"PREVALENCE_BY_GENDER_AGE_YEAR":{"TRELLIS_NAME":["60-69","50-59","70-79","70-79","60-69","0-9","10-19","50-59","50-59","60-69","50-59","60-69","60-69"],"SERIES_NAME":["MALE","FEMALE","FEMALE","MALE","MALE","MALE","MALE","FEMALE","FEMALE","MALE","MALE","FEMALE","MALE"],"X_CALENDAR_YEAR":[2004,2005,2005,2006,2006,2007,2007,2007,2010,2013,2014,2014,2015],"Y_PREVALENCE_1000PP":[0.56807,0.24448,0.5303,0.5216,0.73436,0.21358,0.28259,0.21553,0.20535,0.37558,0.35051,0.31737,0.57078]},"PREVALENCE_BY_MONTH":{"X_CALENDAR_MONTH":["200408","200409","200410","200412","200501","200503","200504","200505","200508","200509","200601","200605","200609","200612","200703","200708","200804","201306","201312","201404","201405","201503"],"Y_PREVALENCE_1000PP":[0.04231,0.03432,0.03257,0.04017,0.02921,0.03224,0.03149,0.03956,0.0458,0.02871,0.03111,0.02231,0.02529,0.02124,0.03109,0.02018,0.01942,0.02211,0.02396,0.03002,0.04401,0.06427]},"PROCEDURES_BY_TYPE":{"CONCEPT_NAME":"Primary Procedure","COUNT_VALUE":445},"AGE_AT_FIRST_OCCURRENCE":{"CATEGORY":["FEMALE","MALE"],"MIN_VALUE":[2,1],"P10_VALUE":[19,12],"P25_VALUE":[35,31],"MEDIAN_VALUE":[51,53],"P75_VALUE":[62,64],"P90_VALUE":[72,72],"MAX_VALUE":[88,93]}}
