{"PREVALENCE_BY_GENDER_AGE_YEAR":{"TRELLIS_NAME":["50-59","50-59","70-79","60-69","70-79","50-59","60-69","60-69","60-69","40-49","50-59","60-69","50-59","60-69","70-79","60-69","60-69","50-59"],"SERIES_NAME":["MALE","MALE","MALE","MALE","MALE","FEMALE","MALE","FEMALE","MALE","FEMALE","FEMALE","MALE","MALE","MALE","MALE","FEMALE","MALE","MALE"],"X_CALENDAR_YEAR":[2005,2007,2007,2007,2008,2008,2009,2009,2010,2010,2011,2011,2012,2012,2013,2013,2013,2014],"Y_PREVALENCE_1000PP":[0.38979,0.32019,0.48952,0.48969,0.63037,0.31364,0.6566,0.344,0.36798,0.22631,0.20945,0.6191,0.66269,0.53,0.4456,0.30183,0.59019,0.35051]},"PREVALENCE_BY_MONTH":{"X_CALENDAR_MONTH":["200408","200501","200705","200706","200707","200805","200807","200808","201008","201009","201106","201109","201201","201202","201206","201211","201301","201302","201305","201308","201404","201502","201504"],"Y_PREVALENCE_1000PP":[0.03626,0.03894,0.02046,0.02377,0.02029,0.02259,0.01922,0.01921,0.01866,0.02182,0.01914,0.02266,0.02296,0.02963,0.02356,0.02083,0.02107,0.0213,0.02182,0.0264,0.03431,0.05047,0.05895]},"PROCEDURES_BY_TYPE":{"CONCEPT_NAME":"Primary Procedure","COUNT_VALUE":545},"AGE_AT_FIRST_OCCURRENCE":{"CATEGORY":["MALE","FEMALE"],"MIN_VALUE":[6,1],"P10_VALUE":[39,24],"P25_VALUE":[51,41],"MEDIAN_VALUE":[62,55],"P75_VALUE":[72,68],"P90_VALUE":[81,77],"MAX_VALUE":[95,89]}}
