{"PREVALENCE_BY_GENDER_AGE_YEAR":{"TRELLIS_NAME":["60-69","50-59","0-9","60-69","60-69","0-9","40-49","50-59","0-9","50-59","40-49","60-69","60-69","0-9","40-49","70-79","0-9","50-59","50-59","40-49","30-39","70-79","50-59","40-49","50-59","70-79","40-49","0-9","60-69","60-69","80-89","50-59","40-49","50-59","70-79","60-69","20-29","60-69","30-39","50-59","40-49","50-59","40-49","70-79","70-79","60-69","60-69","50-59","70-79","40-49","0-9","10-19","70-79","60-69","50-59","40-49","70-79","0-9","60-69","30-39","50-59","50-59","20-29","40-49","50-59","60-69","50-59"],"SERIES_NAME":["MALE","MALE","MALE","MALE","MALE","MALE","MALE","MALE","FEMALE","FEMALE","FEMALE","MALE","FEMALE","MALE","MALE","MALE","FEMALE","MALE","FEMALE","FEMALE","MALE","FEMALE","FEMALE","FEMALE","MALE","MALE","MALE","MALE","FEMALE","MALE","FEMALE","MALE","MALE","FEMALE","MALE","FEMALE","FEMALE","MALE","MALE","FEMALE","MALE","MALE","FEMALE","FEMALE","MALE","FEMALE","MALE","MALE","FEMALE","FEMALE","MALE","MALE","MALE","MALE","FEMALE","MALE","MALE","MALE","MALE","MALE","MALE","FEMALE","MALE","MALE","MALE","MALE","MALE"],"X_CALENDAR_YEAR":[2004,2005,2005,2005,2006,2006,2006,2006,2006,2006,2006,2007,2007,2007,2007,2007,2007,2007,2007,2007,2007,2008,2008,2008,2008,2008,2008,2008,2008,2008,2008,2009,2009,2009,2009,2009,2009,2009,2010,2010,2010,2010,2010,2010,2010,2010,2010,2011,2011,2011,2011,2011,2011,2011,2011,2012,2012,2012,2012,2012,2012,2012,2013,2013,2014,2014,2015],"Y_PREVALENCE_1000PP":[0.56807,0.58468,0.37245,0.53574,0.93464,0.34198,0.47393,0.34562,0.34474,0.29656,0.23937,1.22421,0.42451,0.24917,0.6035,0.89745,0.24216,1.28075,0.28738,0.23393,0.43956,0.38848,0.34849,0.2591,1.05964,0.94555,0.3248,0.27557,0.49545,1.4289,0.67378,1.4309,0.48224,0.23928,0.7818,0.602,0.14805,1.14905,0.35298,0.23957,0.37912,1.16516,0.22631,0.43882,0.7574,0.29345,0.99879,0.93384,0.43325,0.23617,0.27876,0.32425,0.52118,1.13502,0.31417,0.41956,0.52478,0.21375,0.848,0.37456,0.81562,0.29175,0.32739,0.45252,0.46734,0.45228,0.64697]},"PREVALENCE_BY_MONTH":{"X_CALENDAR_MONTH":["200408","200409","200411","200502","200503","200504","200506","200509","200510","200601","200603","200604","200605","200606","200608","200609","200611","200612","200701","200702","200703","200704","200705","200706","200708","200709","200710","200711","200712","200801","200803","200804","200805","200806","200807","200808","200809","200810","200812","200901","200902","200903","200904","200905","200907","200908","200909","200910","200911","200912","201001","201002","201003","201004","201005","201006","201007","201008","201009","201011","201012","201101","201102","201103","201104","201105","201106","201107","201108","201109","201110","201111","201112","201201","201202","201204","201205","201206","201207","201208","201209","201211","201301","201303","201304","201312","201403","201501","201504","201505"],"Y_PREVALENCE_1000PP":[0.06044,0.04004,0.03121,0.03325,0.02763,0.03149,0.03445,0.02461,0.02828,0.02333,0.04173,0.03014,0.02603,0.0369,0.02909,0.02167,0.04264,0.05309,0.04207,0.05587,0.04836,0.04472,0.05796,0.02717,0.05717,0.04352,0.02983,0.04297,0.03299,0.04583,0.06495,0.04855,0.03873,0.02253,0.06408,0.06083,0.03823,0.04752,0.02206,0.02827,0.0596,0.02809,0.04057,0.04357,0.02803,0.04364,0.04356,0.04347,0.02484,0.03415,0.04347,0.03107,0.01856,0.04026,0.05271,0.03411,0.03417,0.04044,0.02806,0.01875,0.02823,0.04718,0.02522,0.0472,0.019,0.03492,0.0319,0.02246,0.04508,0.01942,0.03244,0.03581,0.02943,0.0328,0.02634,0.01993,0.04337,0.03703,0.02374,0.0409,0.05152,0.02778,0.02107,0.0286,0.02522,0.03195,0.03354,0.03916,0.08843,0.08377]},"PROCEDURES_BY_TYPE":{"CONCEPT_NAME":"Primary Procedure","COUNT_VALUE":1160},"AGE_AT_FIRST_OCCURRENCE":{"CATEGORY":["MALE","FEMALE"],"MIN_VALUE":[0,0],"P10_VALUE":[13,1],"P25_VALUE":[43,33],"MEDIAN_VALUE":[57,55],"P75_VALUE":[66,67],"P90_VALUE":[73,76],"MAX_VALUE":[88,97]}}
