{"PREVALENCE_BY_GENDER_AGE_YEAR":{"TRELLIS_NAME":["0-9","0-9","0-9","0-9","0-9","0-9","0-9","0-9","0-9"],"SERIES_NAME":["MALE","FEMALE","MALE","MALE","FEMALE","MALE","FEMALE","MALE","MALE"],"X_CALENDAR_YEAR":[2005,2006,2006,2007,2011,2012,2012,2013,2014],"Y_PREVALENCE_1000PP":[0.37245,0.30165,0.34198,0.21358,0.35402,0.285,0.28098,0.22434,0.28923]},"PREVALENCE_BY_MONTH":{"X_CALENDAR_MONTH":["201204","201207","201211","201412"],"Y_PREVALENCE_1000PP":[0.02658,0.02035,0.02431,0.04194]},"PROCEDURES_BY_TYPE":{"CONCEPT_NAME":"Primary Procedure","COUNT_VALUE":278},"AGE_AT_FIRST_OCCURRENCE":{"CATEGORY":["MALE","FEMALE"],"MIN_VALUE":[0,0],"P10_VALUE":[0,0],"P25_VALUE":[1,1],"MEDIAN_VALUE":[20,26],"P75_VALUE":[64,71],"P90_VALUE":[78,80],"MAX_VALUE":[90,92]}}
