{"PREVALENCE_BY_GENDER_AGE_YEAR":{"TRELLIS_NAME":["30-39","40-49","30-39","40-49","30-39","30-39","30-39","30-39","30-39","40-49","30-39","30-39"],"SERIES_NAME":["FEMALE","FEMALE","FEMALE","FEMALE","FEMALE","FEMALE","FEMALE","FEMALE","FEMALE","FEMALE","FEMALE","FEMALE"],"X_CALENDAR_YEAR":[2006,2007,2007,2008,2008,2009,2010,2011,2012,2012,2013,2014],"Y_PREVALENCE_1000PP":[0.26963,0.23393,0.31393,0.2591,0.37572,0.31301,0.28879,0.27267,0.32312,0.21498,0.4033,0.35042]},"PREVALENCE_BY_MONTH":{"X_CALENDAR_MONTH":"200902","Y_PREVALENCE_1000PP":0.01882},"PROCEDURES_BY_TYPE":{"CONCEPT_NAME":"Primary Procedure","COUNT_VALUE":194},"AGE_AT_FIRST_OCCURRENCE":{"CATEGORY":"FEMALE","MIN_VALUE":23,"P10_VALUE":28,"P25_VALUE":31,"MEDIAN_VALUE":35,"P75_VALUE":40,"P90_VALUE":43,"MAX_VALUE":53}}
