{"PREVALENCE_BY_GENDER_AGE_YEAR":{"TRELLIS_NAME":["80-89","80-89","70-79","60-69","80-89","70-79","70-79","70-79","70-79","80-89","60-69"],"SERIES_NAME":["FEMALE","MALE","MALE","MALE","FEMALE","FEMALE","MALE","MALE","FEMALE","FEMALE","MALE"],"X_CALENDAR_YEAR":[2006,2009,2009,2010,2011,2012,2013,2014,2014,2014,2014],"Y_PREVALENCE_1000PP":[0.88529,0.96154,0.46908,0.31541,0.73038,0.42853,0.59413,0.54735,0.5151,0.81633,0.33921]},"PREVALENCE_BY_MONTH":{"X_CALENDAR_MONTH":["200608","201006","201010","201109","201208","201403","201411"],"Y_PREVALENCE_1000PP":[0.02546,0.0186,0.01871,0.0259,0.02045,0.04612,0.03394]},"PROCEDURES_BY_TYPE":{"CONCEPT_NAME":"Primary Procedure","COUNT_VALUE":351},"AGE_AT_FIRST_OCCURRENCE":{"CATEGORY":["FEMALE","MALE"],"MIN_VALUE":[27,3],"P10_VALUE":[48,50],"P25_VALUE":[66,62],"MEDIAN_VALUE":[79,71],"P75_VALUE":[86,80],"P90_VALUE":[91,88],"MAX_VALUE":[103,95]}}
