{"PREVALENCE_BY_GENDER_AGE_YEAR":{"TRELLIS_NAME":["40-49","30-39","20-29","40-49","30-39","20-29","20-29","30-39","40-49","30-39","20-29","20-29","20-29","30-39"],"SERIES_NAME":["FEMALE","FEMALE","FEMALE","FEMALE","FEMALE","FEMALE","FEMALE","FEMALE","FEMALE","FEMALE","FEMALE","FEMALE","FEMALE","FEMALE"],"X_CALENDAR_YEAR":[2004,2004,2004,2005,2005,2005,2006,2006,2006,2007,2007,2012,2013,2014],"Y_PREVALENCE_1000PP":[0.32331,0.4357,0.6945,0.29687,1.36099,0.81998,0.57634,0.89877,0.23937,0.25685,0.27172,0.16648,0.20614,0.21025]},"PREVALENCE_BY_MONTH":{"X_CALENDAR_MONTH":["200408","200409","200410","200411","200502","200504","200505","200506","200508","200509","200510","200511","200512","200602","200603","200605","200709"],"Y_PREVALENCE_1000PP":[0.03626,0.04004,0.05971,0.05201,0.05225,0.03149,0.03516,0.03445,0.03331,0.02461,0.02828,0.02393,0.02369,0.04627,0.02276,0.03347,0.02009]},"PROCEDURES_BY_TYPE":{"CONCEPT_NAME":"Primary Procedure","COUNT_VALUE":268},"AGE_AT_FIRST_OCCURRENCE":{"CATEGORY":"FEMALE","MIN_VALUE":15,"P10_VALUE":21,"P25_VALUE":25,"MEDIAN_VALUE":31,"P75_VALUE":36,"P90_VALUE":40,"MAX_VALUE":48}}
