{"PREVALENCE_BY_GENDER_AGE_YEAR":{"TRELLIS_NAME":["50-59","40-49","40-49","50-59","70-79","70-79","30-39","30-39","80-89","60-69","60-69","80-89","30-39","80-89","40-49","70-79","70-79","50-59","40-49","50-59","60-69","60-69","60-69","80-89","60-69","50-59","70-79","70-79","80-89","50-59"],"SERIES_NAME":["FEMALE","FEMALE","MALE","MALE","MALE","FEMALE","FEMALE","MALE","FEMALE","FEMALE","MALE","MALE","MALE","MALE","MALE","MALE","FEMALE","FEMALE","FEMALE","MALE","MALE","FEMALE","MALE","MALE","FEMALE","MALE","FEMALE","MALE","MALE","MALE"],"X_CALENDAR_YEAR":[2006,2006,2006,2006,2006,2006,2006,2006,2006,2006,2006,2006,2007,2007,2007,2007,2007,2007,2007,2007,2007,2007,2008,2008,2008,2008,2008,2010,2011,2012],"Y_PREVALENCE_1000PP":[0.51898,0.30777,0.65166,0.57604,0.95627,0.6209,0.20971,0.40808,0.88529,0.4025,0.93464,1.14987,0.43956,1.42096,0.43891,0.97903,0.93727,0.28738,0.56811,1.06729,0.91816,0.70751,0.45725,1.00318,0.27025,0.35321,0.64746,0.45444,1.04493,0.30586]},"PREVALENCE_BY_MONTH":{"X_CALENDAR_MONTH":["200606","200607","200609","200611","200612","200701","200702","200703","200704","200705","200706","200708","200709","200802","200805","201001","201012","201204"],"Y_PREVALENCE_1000PP":[0.02952,0.03669,0.13005,0.1137,0.13096,0.07362,0.02794,0.05181,0.0688,0.09206,0.05094,0.04035,0.07031,0.0914,0.01937,0.01863,0.02196,0.01993]},"PROCEDURES_BY_TYPE":{"CONCEPT_NAME":"Primary Procedure","COUNT_VALUE":471},"AGE_AT_FIRST_OCCURRENCE":{"CATEGORY":["MALE","FEMALE"],"MIN_VALUE":[11,15],"P10_VALUE":[34,30],"P25_VALUE":[48,44],"MEDIAN_VALUE":[60,61],"P75_VALUE":[71,74],"P90_VALUE":[80,83],"MAX_VALUE":[88,92]}}
