{"PREVALENCE_BY_GENDER_AGE_YEAR":{"TRELLIS_NAME":["60-69","80-89","60-69","70-79","70-79","60-69","70-79","50-59","70-79","60-69","60-69","60-69","80-89","70-79","70-79","50-59","70-79","0-9","70-79","60-69","80-89","60-69","70-79","70-79","0-9","60-69","80-89","70-79","50-59","70-79","80-89","80-89","60-69","60-69","60-69","60-69","80-89","70-79","70-79","50-59","70-79","60-69"],"SERIES_NAME":["MALE","FEMALE","FEMALE","MALE","FEMALE","MALE","FEMALE","FEMALE","MALE","FEMALE","FEMALE","MALE","FEMALE","MALE","FEMALE","FEMALE","FEMALE","MALE","MALE","FEMALE","FEMALE","MALE","FEMALE","MALE","FEMALE","FEMALE","FEMALE","MALE","FEMALE","FEMALE","MALE","FEMALE","FEMALE","MALE","MALE","FEMALE","FEMALE","MALE","FEMALE","FEMALE","FEMALE","FEMALE"],"X_CALENDAR_YEAR":[2008,2008,2008,2008,2008,2009,2009,2009,2009,2009,2010,2010,2010,2010,2010,2011,2011,2011,2011,2011,2011,2011,2012,2012,2012,2012,2012,2013,2013,2013,2013,2013,2013,2013,2014,2014,2014,2014,2014,2014,2015,2015],"Y_PREVALENCE_1000PP":[0.68587,0.89837,0.7657,0.55157,0.58271,0.54717,1.07364,0.20509,0.93816,0.73099,0.3773,0.57825,0.63721,1.13611,1.50451,0.38398,0.74271,0.24391,0.67009,0.58089,1.04341,0.67069,1.22436,0.59975,0.24084,0.63171,0.74675,0.74267,0.2674,1.33706,0.90402,0.77631,0.51742,0.48288,0.73496,0.90678,1.39942,1.48565,1.5453,0.3347,0.82962,0.82169]},"PREVALENCE_BY_MONTH":{"X_CALENDAR_MONTH":["200710","200712","200802","200805","200807","200808","200809","200810","200812","200901","200902","200903","200905","200906","200909","200910","200911","201001","201003","201004","201007","201008","201010","201011","201102","201103","201104","201106","201107","201108","201110","201111","201112","201201","201202","201203","201204","201205","201206","201207","201208","201210","201211","201301","201302","201303","201304","201306","201308","201310","201311","201401","201402","201403","201404","201405","201406","201407","201408","201409","201410","201411","201412","201501","201502","201503","201504","201505"],"Y_PREVALENCE_1000PP":[0.01989,0.02969,0.03264,0.02259,0.01922,0.02561,0.01911,0.02851,0.02521,0.01885,0.01882,0.02185,0.02178,0.028,0.04045,0.02794,0.01863,0.02484,0.02784,0.02168,0.03106,0.03733,0.01871,0.01875,0.03153,0.01888,0.019,0.02552,0.03209,0.01932,0.03568,0.02604,0.02943,0.02296,0.02305,0.01978,0.02325,0.02669,0.0303,0.02374,0.02045,0.04139,0.0382,0.03862,0.02485,0.03218,0.03603,0.04053,0.04903,0.03088,0.02359,0.03654,0.02486,0.02935,0.03431,0.02641,0.04083,0.06095,0.04383,0.06562,0.05804,0.04525,0.10186,0.05221,0.05047,0.05624,0.1179,0.13961]},"PROCEDURES_BY_TYPE":{"CONCEPT_NAME":"Primary Procedure","COUNT_VALUE":732},"AGE_AT_FIRST_OCCURRENCE":{"CATEGORY":["FEMALE","MALE"],"MIN_VALUE":[0,0],"P10_VALUE":[45,2],"P25_VALUE":[60,58],"MEDIAN_VALUE":[69,68],"P75_VALUE":[76,76],"P90_VALUE":[81,80],"MAX_VALUE":[92,91]}}
