{"PREVALENCE_BY_GENDER_AGE_YEAR":{"TRELLIS_NAME":["0-9","0-9","0-9","0-9","10-19","0-9","0-9","10-19","0-9","10-19"],"SERIES_NAME":["MALE","FEMALE","FEMALE","MALE","MALE","MALE","FEMALE","MALE","MALE","FEMALE"],"X_CALENDAR_YEAR":[2004,2004,2005,2005,2006,2006,2007,2007,2007,2008],"Y_PREVALENCE_1000PP":[0.28816,0.33146,0.327,0.49661,0.40636,0.37998,0.4036,0.42389,0.24917,0.24785]},"PREVALENCE_BY_MONTH":{"X_CALENDAR_MONTH":["200408","200410","200411","200501","200503","200509","200602","200603","200604","200703","200705","200706"],"Y_PREVALENCE_1000PP":[0.06044,0.03257,0.03641,0.03407,0.03224,0.02461,0.02313,0.02656,0.03014,0.02073,0.02387,0.02717]},"PROCEDURES_BY_TYPE":{"CONCEPT_NAME":"Primary Procedure","COUNT_VALUE":297},"AGE_AT_FIRST_OCCURRENCE":{"CATEGORY":["MALE","FEMALE"],"MIN_VALUE":[0,0],"P10_VALUE":[2,2],"P25_VALUE":[8,10],"MEDIAN_VALUE":[26,36],"P75_VALUE":[58,58],"P90_VALUE":[70,71],"MAX_VALUE":[88,91]}}
