{"PREVALENCE_BY_GENDER_AGE_YEAR":{"TRELLIS_NAME":["40-49","50-59","70-79","10-19","50-59","70-79","0-9","40-49","30-39","30-39","60-69","80-89","90-99","10-19","0-9","60-69","80-89","90-99","20-29","20-29","30-39","30-39","80-89","20-29","20-29","40-49","0-9","70-79","10-19","50-59","70-79","40-49","50-59","0-9","10-19","60-69","90-99","60-69","90-99","80-89","90-99","60-69","20-29","90-99","80-89","20-29","80-89","30-39","30-39","60-69","0-9","70-79","40-49","10-19","10-19","0-9","50-59","40-49","50-59","70-79","40-49"],"SERIES_NAME":["FEMALE","FEMALE","FEMALE","FEMALE","MALE","MALE","FEMALE","MALE","FEMALE","MALE","FEMALE","FEMALE","FEMALE","MALE","MALE","MALE","MALE","MALE","FEMALE","MALE","MALE","FEMALE","MALE","MALE","FEMALE","MALE","FEMALE","MALE","FEMALE","MALE","FEMALE","FEMALE","FEMALE","MALE","MALE","MALE","MALE","FEMALE","FEMALE","FEMALE","MALE","MALE","FEMALE","FEMALE","FEMALE","MALE","MALE","MALE","FEMALE","FEMALE","MALE","MALE","MALE","MALE","FEMALE","FEMALE","FEMALE","FEMALE","MALE","FEMALE","MALE"],"X_CALENDAR_YEAR":[2006,2006,2006,2006,2006,2006,2006,2006,2006,2006,2006,2006,2006,2006,2006,2006,2006,2006,2006,2006,2007,2007,2007,2007,2007,2007,2007,2007,2007,2007,2007,2007,2007,2007,2007,2007,2007,2007,2007,2007,2008,2008,2008,2008,2008,2008,2008,2008,2008,2008,2008,2008,2008,2008,2008,2008,2008,2008,2008,2008,2009],"Y_PREVALENCE_1000PP":[10.19047,10.23132,12.69403,3.93096,10.82949,9.64966,1.98225,11.96682,9.25732,9.92995,9.20708,17.45289,18.15182,1.93021,2.43189,8.94586,11.49866,17.54386,11.15209,6.24807,15.63579,12.69977,15.80817,10.51984,17.71595,17.39178,5.69076,13.05377,7.38854,14.72864,15.5319,12.39808,13.1475,6.12252,4.56858,14.50695,27.23735,13.72577,37.13528,19.17841,23.31288,8.23045,9.30017,17.99486,13.02639,6.88624,7.35663,9.13464,7.89008,8.87307,4.16796,6.93405,12.23407,3.41873,4.58526,3.70542,7.56229,8.06452,10.89918,8.67595,0.32149]},"PREVALENCE_BY_MONTH":{"X_CALENDAR_MONTH":["200603","200605","200606","200607","200608","200609","200610","200611","200612","200701","200702","200703","200704","200705","200706","200707","200708","200709","200710","200711","200712","200801","200802","200803","200804","200805","200806","200807","200808","200809","200810","200811","200812","200904"],"Y_PREVALENCE_1000PP":[0.02656,1.10086,1.6864,1.13753,1.43277,1.14876,1.26565,1.55628,1.69899,1.95957,1.43528,1.64765,1.15929,0.97513,1.2735,1.36933,1.66464,1.1785,1.4485,1.17994,1.24056,1.09347,1.24374,1.32505,1.08432,0.82305,0.81122,0.57991,0.60829,0.93025,0.61453,0.54768,0.30256,0.1217]},"PROCEDURES_BY_TYPE":{"CONCEPT_NAME":"Primary Procedure","COUNT_VALUE":11659},"AGE_AT_FIRST_OCCURRENCE":{"CATEGORY":["FEMALE","MALE"],"MIN_VALUE":[0,0],"P10_VALUE":[20,12],"P25_VALUE":[27,30],"MEDIAN_VALUE":[42,46],"P75_VALUE":[61,61],"P90_VALUE":[77,74],"MAX_VALUE":[103,106]}}
