{"PREVALENCE_BY_GENDER_AGE_YEAR":{"TRELLIS_NAME":["0-9","0-9","0-9","0-9","0-9","0-9","0-9","0-9","0-9","0-9","0-9","0-9","50-59","60-69","20-29","60-69","0-9","70-79","0-9","50-59","70-79","50-59","30-39","40-49","0-9","0-9","60-69","60-69","20-29","0-9","0-9","50-59","70-79","40-49","40-49","70-79","50-59","20-29","60-69","60-69","30-39","30-39","60-69","20-29","30-39","30-39","0-9","60-69","70-79","50-59","40-49","0-9","40-49","50-59","50-59","20-29","60-69","70-79","0-9"],"SERIES_NAME":["MALE","MALE","FEMALE","FEMALE","MALE","MALE","FEMALE","FEMALE","MALE","FEMALE","MALE","FEMALE","MALE","MALE","FEMALE","FEMALE","FEMALE","MALE","MALE","MALE","FEMALE","MALE","FEMALE","MALE","FEMALE","MALE","FEMALE","MALE","FEMALE","MALE","FEMALE","MALE","MALE","MALE","FEMALE","FEMALE","FEMALE","FEMALE","MALE","FEMALE","FEMALE","MALE","MALE","MALE","FEMALE","MALE","MALE","FEMALE","MALE","MALE","MALE","FEMALE","FEMALE","FEMALE","MALE","FEMALE","MALE","MALE","MALE"],"X_CALENDAR_YEAR":[2004,2005,2005,2006,2006,2007,2007,2008,2009,2009,2010,2010,2010,2011,2011,2011,2011,2011,2011,2011,2012,2012,2012,2012,2012,2012,2012,2012,2012,2013,2013,2013,2013,2013,2013,2013,2013,2013,2013,2013,2013,2013,2014,2014,2014,2014,2014,2014,2014,2014,2014,2014,2014,2014,2015,2015,2015,2015,2015],"Y_PREVALENCE_1000PP":[0.33618,0.53799,0.327,0.51711,0.30399,0.35596,0.44396,0.30878,0.20413,0.30458,0.30781,0.46597,0.38839,0.56751,0.18306,0.24895,0.4327,0.52118,0.55751,0.44235,0.61218,0.71367,0.17625,0.77919,0.24084,0.4275,0.33691,0.742,0.22198,0.48607,0.54748,0.90686,0.51987,0.58181,0.27198,0.36465,0.3056,0.17669,0.80481,0.25871,0.27921,0.51951,1.18725,0.99311,0.28034,0.57954,0.95033,0.58941,0.54735,1.2852,1.11185,0.46455,0.48677,0.6694,0.7548,0.37838,1.42694,1.16732,0.7303]},"PREVALENCE_BY_MONTH":{"X_CALENDAR_MONTH":["200705","201001","201004","201005","201006","201007","201011","201012","201101","201102","201104","201105","201107","201108","201109","201110","201111","201112","201201","201202","201203","201204","201205","201206","201207","201208","201209","201210","201211","201212","201301","201302","201303","201304","201305","201306","201307","201308","201309","201310","201311","201312","201401","201402","201403","201404","201405","201406","201407","201408","201409","201410","201411","201412","201501","201502","201503","201504","201505"],"Y_PREVALENCE_1000PP":[0.02046,0.01863,0.01858,0.0186,0.0186,0.02796,0.02501,0.02196,0.02202,0.03153,0.03166,0.01905,0.02246,0.02898,0.03237,0.03244,0.02279,0.0327,0.03608,0.01976,0.01978,0.04319,0.03003,0.0303,0.03052,0.0443,0.05496,0.02414,0.04167,0.04892,0.03862,0.03905,0.0286,0.04684,0.05455,0.05527,0.03349,0.04148,0.0382,0.05017,0.03538,0.05591,0.06496,0.05801,0.09643,0.08578,0.04401,0.06351,0.07502,0.05845,0.08077,0.1108,0.05091,0.11984,0.11747,0.10093,0.14461,0.10808,0.19546]},"PROCEDURES_BY_TYPE":{"CONCEPT_NAME":"Primary Procedure","COUNT_VALUE":956},"AGE_AT_FIRST_OCCURRENCE":{"CATEGORY":["MALE","FEMALE"],"MIN_VALUE":[0,0],"P10_VALUE":[0,0],"P25_VALUE":[6,2],"MEDIAN_VALUE":[46,33],"P75_VALUE":[61,57],"P90_VALUE":[71,68],"MAX_VALUE":[90,87]}}
