{"PREVALENCE_BY_GENDER_AGE_YEAR":{"TRELLIS_NAME":["70-79","60-69","80-89","50-59","70-79","70-79","60-69","80-89","60-69","80-89","80-89","60-69","60-69","80-89","50-59","50-59","70-79","70-79","60-69","80-89","60-69","70-79","50-59","50-59","70-79","60-69","80-89","70-79","50-59","50-59","60-69","70-79","60-69","60-69","80-89","80-89","50-59","70-79","70-79","50-59","50-59","50-59","70-79","70-79","60-69","80-89","80-89","60-69","50-59","50-59","70-79","70-79","60-69","80-89","80-89","60-69","0-9","70-79","50-59","40-49","60-69","80-89","60-69","80-89","70-79","40-49","70-79","60-69"],"SERIES_NAME":["FEMALE","FEMALE","FEMALE","FEMALE","FEMALE","FEMALE","MALE","MALE","FEMALE","FEMALE","MALE","MALE","FEMALE","FEMALE","MALE","FEMALE","FEMALE","MALE","MALE","FEMALE","FEMALE","MALE","MALE","FEMALE","FEMALE","MALE","MALE","FEMALE","MALE","FEMALE","FEMALE","MALE","FEMALE","MALE","FEMALE","MALE","FEMALE","MALE","FEMALE","MALE","FEMALE","MALE","FEMALE","MALE","MALE","MALE","FEMALE","FEMALE","MALE","FEMALE","FEMALE","MALE","FEMALE","MALE","FEMALE","MALE","MALE","MALE","MALE","MALE","MALE","FEMALE","FEMALE","MALE","MALE","MALE","FEMALE","FEMALE"],"X_CALENDAR_YEAR":[2004,2005,2005,2005,2005,2006,2006,2006,2006,2006,2007,2007,2007,2007,2007,2007,2007,2007,2008,2008,2008,2008,2008,2008,2008,2009,2009,2009,2009,2009,2009,2009,2010,2010,2010,2010,2010,2010,2010,2010,2011,2011,2011,2011,2011,2011,2011,2011,2012,2012,2012,2012,2012,2012,2012,2012,2013,2013,2013,2013,2013,2013,2013,2013,2014,2014,2014,2014],"Y_PREVALENCE_1000PP":[0.546,0.39209,1.80958,0.24448,0.90909,1.17282,0.60084,1.14987,0.35218,1.39117,1.06572,0.73453,0.37734,1.06547,0.37355,0.21553,0.93727,0.89745,1.02881,1.45985,0.49545,0.94555,0.40367,0.24394,0.64746,0.38302,1.44231,0.75786,0.34539,0.20509,0.602,0.46908,0.25153,0.78852,0.84962,0.92436,0.30802,1.28759,1.19107,0.38839,0.20945,0.3932,1.23785,1.71246,0.87706,1.34348,1.14775,0.41492,0.50976,0.21881,0.85706,1.12452,0.8844,0.89485,2.4536,0.901,0.22434,0.81693,0.58679,0.38787,0.59019,1.33082,0.30183,0.90402,0.46915,0.44474,0.5151,0.36271]},"PREVALENCE_BY_MONTH":{"X_CALENDAR_MONTH":["200408","200409","200410","200411","200412","200503","200505","200506","200601","200605","200607","200608","200609","200610","200611","200612","200702","200705","200706","200707","200708","200709","200712","200801","200804","200805","200806","200807","200809","200810","200811","200812","200902","200903","200904","200905","200906","200907","200908","200911","200912","201001","201002","201003","201004","201005","201007","201008","201009","201010","201011","201012","201101","201102","201103","201104","201106","201107","201108","201110","201111","201112","201201","201202","201203","201204","201205","201206","201207","201208","201209","201212","201301","201302","201304","201305","201306","201307","201311","201312","201401","201402","201403","201404","201409"],"Y_PREVALENCE_1000PP":[0.04835,0.03432,0.03257,0.03641,0.03515,0.03685,0.05714,0.03445,0.02722,0.02231,0.02202,0.04364,0.02167,0.03218,0.02487,0.02832,0.02095,0.0341,0.02038,0.02367,0.12443,0.04018,0.02969,0.03274,0.04208,0.03228,0.03863,0.01922,0.0446,0.03168,0.03482,0.05358,0.01882,0.01873,0.03745,0.02489,0.01867,0.0218,0.02182,0.02795,0.03415,0.02484,0.02797,0.03094,0.04955,0.03411,0.03106,0.01866,0.04052,0.02806,0.03438,0.03137,0.03774,0.06305,0.03461,0.02216,0.05104,0.0385,0.02254,0.02919,0.02604,0.0556,0.04264,0.01976,0.06265,0.06644,0.07007,0.02693,0.02713,0.03067,0.07556,0.02446,0.02809,0.02485,0.02883,0.04728,0.04422,0.0521,0.03145,0.03994,0.02436,0.02486,0.03354,0.03002,0.05553]},"PROCEDURES_BY_TYPE":{"CONCEPT_NAME":"Primary Procedure","COUNT_VALUE":1105},"AGE_AT_FIRST_OCCURRENCE":{"CATEGORY":["MALE","FEMALE"],"MIN_VALUE":[0,0],"P10_VALUE":[22,35],"P25_VALUE":[52,60],"MEDIAN_VALUE":[65,71],"P75_VALUE":[74,80],"P90_VALUE":[82,86],"MAX_VALUE":[95,98]}}
