{"PREVALENCE_BY_GENDER_AGE_YEAR":{"TRELLIS_NAME":["50-59","30-39","60-69","60-69","40-49","50-59","70-79","40-49","50-59","40-49","50-59","70-79","70-79","50-59","30-39","60-69","60-69","80-89","30-39","70-79","70-79","40-49","50-59","50-59","60-69","80-89","60-69"],"SERIES_NAME":["MALE","FEMALE","MALE","FEMALE","MALE","MALE","FEMALE","FEMALE","FEMALE","FEMALE","FEMALE","FEMALE","MALE","MALE","FEMALE","MALE","FEMALE","MALE","FEMALE","MALE","FEMALE","FEMALE","MALE","FEMALE","MALE","FEMALE","FEMALE"],"X_CALENDAR_YEAR":[2004,2005,2005,2005,2005,2005,2005,2005,2005,2006,2006,2006,2006,2006,2006,2006,2006,2007,2007,2007,2007,2007,2007,2007,2007,2007,2007],"Y_PREVALENCE_1000PP":[0.66523,0.25924,0.76535,0.39209,0.46845,0.45475,1.36364,0.33398,0.36672,0.20518,0.63019,1.10383,1.39094,0.69124,0.17975,0.60084,0.80499,1.59858,0.22831,0.89745,0.40169,0.23393,0.7471,0.35922,0.91816,0.71031,0.56601]},"PREVALENCE_BY_MONTH":{"X_CALENDAR_MONTH":["200410","200412","200503","200504","200506","200507","200508","200509","200510","200512","200601","200602","200603","200604","200606","200607","200609","200610","200611","200612","200702","200703","200704","200705","200706","200707","200708","200709","200710","200712","200802","200803"],"Y_PREVALENCE_1000PP":[0.05429,0.04519,0.03224,0.06299,0.04306,0.06365,0.03331,0.02871,0.02424,0.04343,0.03889,0.03085,0.05312,0.04144,0.03321,0.04403,0.05057,0.06078,0.02132,0.06371,0.05587,0.04145,0.02752,0.0341,0.02377,0.04057,0.04372,0.03348,0.03978,0.02639,0.01959,0.02273]},"PROCEDURES_BY_TYPE":{"CONCEPT_NAME":"Primary Procedure","COUNT_VALUE":446},"AGE_AT_FIRST_OCCURRENCE":{"CATEGORY":["FEMALE","MALE"],"MIN_VALUE":[9,15],"P10_VALUE":[32,44],"P25_VALUE":[46,54],"MEDIAN_VALUE":[59,62],"P75_VALUE":[72,73],"P90_VALUE":[79,81],"MAX_VALUE":[91,95]}}
