{"PREVALENCE_BY_GENDER_AGE_YEAR":{"TRELLIS_NAME":["60-69","50-59","70-79","70-79","40-49","50-59","40-49","80-89","60-69","60-69","80-89","60-69","60-69","50-59","70-79","50-59","40-49","70-79","60-69","60-69","50-59","50-59","70-79","70-79","40-49","60-69","60-69","60-69","50-59","60-69","70-79","70-79"],"SERIES_NAME":["FEMALE","FEMALE","MALE","FEMALE","MALE","MALE","FEMALE","MALE","MALE","FEMALE","MALE","MALE","FEMALE","FEMALE","FEMALE","MALE","MALE","MALE","MALE","FEMALE","MALE","FEMALE","FEMALE","MALE","MALE","MALE","MALE","MALE","MALE","MALE","MALE","FEMALE"],"X_CALENDAR_YEAR":[2004,2005,2005,2005,2005,2005,2005,2005,2005,2005,2006,2006,2006,2006,2006,2006,2006,2006,2007,2007,2007,2007,2007,2007,2007,2008,2010,2012,2014,2014,2015,2015],"Y_PREVALENCE_1000PP":[0.41722,0.48896,1.34138,0.98485,0.86997,0.9095,0.29687,1.29618,1.76029,0.67216,2.29973,2.3366,1.10686,0.40777,1.58675,2.01613,1.12559,1.99948,1.46906,0.66035,1.49421,0.39514,0.73643,1.71331,0.71323,0.34294,0.47311,0.318,0.46734,0.33921,0.77821,0.72592]},"PREVALENCE_BY_MONTH":{"X_CALENDAR_MONTH":["200409","200411","200502","200503","200504","200505","200506","200507","200508","200509","200510","200511","200512","200601","200602","200603","200604","200605","200606","200607","200608","200609","200610","200611","200612","200701","200702","200703","200704","200705","200706","200708","200709","200710","200801","200804","201202","201411","201504"],"Y_PREVALENCE_1000PP":[0.03432,0.03121,0.04275,0.05527,0.04949,0.05714,0.03014,0.0297,0.03331,0.03281,0.05253,0.07576,0.04343,0.06222,0.06169,0.04553,0.05651,0.04463,0.08856,0.05871,0.06909,0.05057,0.06078,0.03908,0.07787,0.03506,0.02445,0.05872,0.04128,0.07842,0.03396,0.06053,0.04352,0.04309,0.02619,0.01942,0.01976,0.0396,0.10808]},"PROCEDURES_BY_TYPE":{"CONCEPT_NAME":"Primary Procedure","COUNT_VALUE":669},"AGE_AT_FIRST_OCCURRENCE":{"CATEGORY":["FEMALE","MALE"],"MIN_VALUE":[25,20],"P10_VALUE":[52,47],"P25_VALUE":[58,53],"MEDIAN_VALUE":[66,62],"P75_VALUE":[73,70],"P90_VALUE":[80,78],"MAX_VALUE":[92,94]}}
