{"PREVALENCE_BY_GENDER_AGE_YEAR":{"TRELLIS_NAME":["50-59","50-59","30-39","60-69","20-29","60-69","40-49","70-79","50-59","40-49","70-79","50-59","30-39","40-49","50-59","40-49","50-59","30-39","30-39","60-69","20-29","60-69","30-39","40-49","50-59","60-69","30-39","30-39","50-59","50-59","40-49","50-59","60-69","40-49","50-59","40-49","50-59","50-59","60-69","60-69"],"SERIES_NAME":["FEMALE","MALE","FEMALE","MALE","FEMALE","FEMALE","FEMALE","FEMALE","MALE","MALE","MALE","FEMALE","MALE","MALE","MALE","FEMALE","FEMALE","FEMALE","MALE","MALE","FEMALE","FEMALE","MALE","MALE","MALE","MALE","MALE","FEMALE","MALE","FEMALE","MALE","FEMALE","FEMALE","MALE","MALE","FEMALE","MALE","FEMALE","FEMALE","FEMALE"],"X_CALENDAR_YEAR":[2004,2004,2005,2005,2005,2005,2005,2005,2005,2005,2005,2005,2005,2006,2006,2006,2006,2006,2006,2006,2006,2006,2007,2007,2007,2007,2008,2008,2008,2008,2008,2010,2011,2011,2011,2011,2012,2012,2012,2013],"Y_PREVALENCE_1000PP":[0.45567,0.74838,0.35645,0.76535,0.2523,0.56013,0.51952,0.45455,0.97447,0.93689,0.7665,0.48896,0.60441,1.00711,0.51843,0.44455,0.40777,0.23967,0.81616,1.06816,0.25935,0.35218,0.50235,0.49377,0.48028,0.42848,0.36539,0.2147,0.40367,0.27879,0.54133,0.20535,0.29044,0.33898,0.2949,0.20243,0.30586,0.36468,0.2948,0.30183]},"PREVALENCE_BY_MONTH":{"X_CALENDAR_MONTH":["200408","200409","200410","200411","200501","200502","200503","200504","200505","200506","200508","200509","200510","200511","200512","200601","200602","200603","200604","200605","200606","200608","200609","200610","200611","200612","200702","200703","200704","200705","200706","200711","200801","200802","200803","200805","200807","200809","201007","201102","201103","201110","201111","201112","201201","201202","201203","201204","201210","201303","201305"],"Y_PREVALENCE_1000PP":[0.06044,0.0572,0.05971,0.06762,0.04381,0.09026,0.04145,0.04499,0.03516,0.06028,0.04996,0.04512,0.03636,0.02791,0.03554,0.03889,0.03856,0.04553,0.04898,0.04091,0.04797,0.02546,0.02167,0.0286,0.03908,0.0354,0.02095,0.03109,0.03096,0.0341,0.02038,0.02314,0.02946,0.02285,0.03248,0.02905,0.01922,0.01911,0.02174,0.02207,0.02203,0.02595,0.0293,0.02289,0.01968,0.02305,0.01978,0.02658,0.02759,0.0286,0.02182]},"PROCEDURES_BY_TYPE":{"CONCEPT_NAME":"Primary Procedure","COUNT_VALUE":697},"AGE_AT_FIRST_OCCURRENCE":{"CATEGORY":["MALE","FEMALE"],"MIN_VALUE":[11,9],"P10_VALUE":[28,27],"P25_VALUE":[37,36],"MEDIAN_VALUE":[49,50],"P75_VALUE":[60,60],"P90_VALUE":[68,68],"MAX_VALUE":[88,86]}}
