{"PREVALENCE_BY_GENDER_AGE_YEAR":{"TRELLIS_NAME":["70-79","40-49","50-59","70-79","50-59","60-69","80-89","80-89","60-69","50-59","70-79","70-79","40-49","50-59","40-49","80-89","80-89","60-69","60-69","60-69","80-89","60-69","80-89","70-79","50-59","70-79"],"SERIES_NAME":["MALE","MALE","MALE","FEMALE","FEMALE","MALE","MALE","FEMALE","FEMALE","FEMALE","MALE","FEMALE","FEMALE","MALE","MALE","FEMALE","MALE","MALE","FEMALE","MALE","MALE","FEMALE","FEMALE","MALE","MALE","FEMALE"],"X_CALENDAR_YEAR":[2004,2004,2004,2004,2004,2004,2004,2004,2004,2005,2005,2005,2005,2005,2005,2005,2005,2005,2005,2006,2006,2006,2006,2006,2006,2006],"Y_PREVALENCE_1000PP":[1.25916,0.50835,0.58207,1.729,0.30378,1.42019,2.44499,2.0185,0.62583,0.44821,1.62882,1.89394,0.29687,0.58468,0.80305,2.36637,2.37632,1.53069,1.2883,1.20168,2.10809,0.4025,1.77058,1.56481,0.57604,0.96585]},"PREVALENCE_BY_MONTH":{"X_CALENDAR_MONTH":["200408","200409","200410","200411","200412","200501","200502","200503","200504","200505","200506","200507","200508","200509","200510","200511","200512","200602","200603","200605","200606","200607","200609","200610","200611","200612","200701"],"Y_PREVALENCE_1000PP":[0.16923,0.16587,0.038,0.06762,0.0954,0.09735,0.13301,0.10133,0.04499,0.04395,0.06459,0.03819,0.0458,0.05332,0.02828,0.04386,0.04343,0.04627,0.05312,0.03719,0.03321,0.03303,0.06502,0.06078,0.02487,0.02124,0.04557]},"PROCEDURES_BY_TYPE":{"CONCEPT_NAME":"Primary Procedure","COUNT_VALUE":442},"AGE_AT_FIRST_OCCURRENCE":{"CATEGORY":["FEMALE","MALE"],"MIN_VALUE":[13,1],"P10_VALUE":[47,48],"P25_VALUE":[60,57],"MEDIAN_VALUE":[72,69],"P75_VALUE":[80,77],"P90_VALUE":[86,83],"MAX_VALUE":[97,93]}}
