{"PREVALENCE_BY_GENDER_AGE_YEAR":{"TRELLIS_NAME":["40-49","30-39","40-49","50-59","30-39","60-69","40-49","30-39","50-59","40-49","30-39","40-49","30-39","40-49","50-59","30-39","40-49","30-39","40-49","50-59","30-39","40-49","30-39","40-49","50-59","40-49","30-39","40-49"],"SERIES_NAME":["FEMALE","FEMALE","FEMALE","FEMALE","FEMALE","FEMALE","FEMALE","FEMALE","FEMALE","FEMALE","FEMALE","FEMALE","FEMALE","FEMALE","FEMALE","FEMALE","FEMALE","FEMALE","FEMALE","FEMALE","FEMALE","FEMALE","FEMALE","FEMALE","FEMALE","FEMALE","FEMALE","FEMALE"],"X_CALENDAR_YEAR":[2004,2004,2005,2005,2005,2006,2006,2006,2007,2007,2007,2008,2008,2009,2009,2009,2010,2010,2011,2011,2011,2012,2013,2013,2013,2014,2014,2015],"Y_PREVALENCE_1000PP":[0.87756,0.23765,0.8535,0.40746,0.48607,0.30187,0.54714,0.20971,0.35922,0.70178,0.34247,0.5182,0.18786,0.73943,0.30764,0.20867,0.6466,0.21003,0.57355,0.41889,0.27267,0.50161,0.18614,0.38855,0.3056,0.35401,0.31538,0.65306]},"PREVALENCE_BY_MONTH":{"X_CALENDAR_MONTH":["200408","200409","200411","200503","200505","200509","200510","200608","200712","200803","200808","200812","200903","200909","200910","200911","201101","201103","201108","201110","201409"],"Y_PREVALENCE_1000PP":[0.03626,0.04004,0.03641,0.02763,0.03077,0.04102,0.02424,0.02909,0.02639,0.01949,0.01921,0.01891,0.01873,0.02178,0.01863,0.02174,0.02202,0.02203,0.02576,0.01946,0.03029]},"PROCEDURES_BY_TYPE":{"CONCEPT_NAME":"Primary Procedure","COUNT_VALUE":492},"AGE_AT_FIRST_OCCURRENCE":{"CATEGORY":"FEMALE","MIN_VALUE":2,"P10_VALUE":29,"P25_VALUE":38,"MEDIAN_VALUE":44,"P75_VALUE":50,"P90_VALUE":62,"MAX_VALUE":88}}
