{"PREVALENCE_BY_GENDER_AGE_YEAR":{"TRELLIS_NAME":["60-69","60-69","70-79","50-59","60-69","40-49","50-59"],"SERIES_NAME":["MALE","MALE","MALE","FEMALE","MALE","FEMALE","FEMALE"],"X_CALENDAR_YEAR":[2007,2013,2013,2014,2014,2015,2015],"Y_PREVALENCE_1000PP":[0.36726,0.42923,0.74267,0.29286,0.67843,0.4898,0.44134]},"PREVALENCE_BY_MONTH":{"X_CALENDAR_MONTH":["200803","201405","201503","201505"],"Y_PREVALENCE_1000PP":[0.02273,0.02641,0.0482,0.08377]},"PROCEDURES_BY_TYPE":{"CONCEPT_NAME":"Primary Procedure","COUNT_VALUE":187},"AGE_AT_FIRST_OCCURRENCE":{"CATEGORY":["FEMALE","MALE"],"MIN_VALUE":[29,5],"P10_VALUE":[38,57],"P25_VALUE":[46,62],"MEDIAN_VALUE":[56,66],"P75_VALUE":[69,71],"P90_VALUE":[79,76],"MAX_VALUE":[86,86]}}
