{"PREVALENCE_BY_GENDER_AGE_YEAR":{"TRELLIS_NAME":["40-49","50-59","10-19","70-79","50-59","40-49","30-39","30-39","20-29","20-29","60-69","10-19","30-39","20-29","20-29","30-39","40-49","10-19","40-49","50-59","50-59","10-19","20-29","20-29","30-39","30-39","40-49","50-59","50-59","70-79","60-69","10-19","10-19","40-49","30-39","30-39","20-29","20-29","60-69","10-19","10-19","40-49","50-59","40-49","50-59","60-69","20-29","20-29","30-39","50-59","40-49","10-19","40-49","10-19","30-39","10-19","20-29","30-39","40-49","50-59","20-29","10-19","10-19","50-59","40-49","10-19","10-19","30-39","30-39","20-29","20-29","10-19","30-39","50-59"],"SERIES_NAME":["FEMALE","FEMALE","FEMALE","FEMALE","MALE","MALE","MALE","FEMALE","MALE","FEMALE","FEMALE","MALE","FEMALE","FEMALE","MALE","MALE","MALE","FEMALE","FEMALE","FEMALE","MALE","MALE","MALE","FEMALE","MALE","FEMALE","FEMALE","MALE","FEMALE","FEMALE","FEMALE","FEMALE","MALE","MALE","MALE","FEMALE","FEMALE","MALE","FEMALE","MALE","FEMALE","MALE","MALE","FEMALE","FEMALE","FEMALE","FEMALE","MALE","FEMALE","FEMALE","MALE","FEMALE","FEMALE","MALE","MALE","MALE","FEMALE","FEMALE","FEMALE","FEMALE","MALE","MALE","FEMALE","FEMALE","FEMALE","MALE","FEMALE","MALE","FEMALE","MALE","FEMALE","MALE","MALE","MALE"],"X_CALENDAR_YEAR":[2006,2006,2006,2006,2006,2006,2006,2006,2006,2006,2006,2006,2007,2007,2007,2007,2007,2007,2007,2007,2007,2007,2008,2008,2008,2008,2008,2008,2008,2008,2008,2008,2008,2008,2009,2009,2009,2009,2009,2009,2009,2009,2009,2009,2009,2010,2010,2010,2010,2010,2010,2010,2010,2010,2011,2012,2012,2012,2012,2012,2013,2013,2013,2013,2013,2014,2014,2014,2014,2014,2014,2015,2015,2015],"Y_PREVALENCE_1000PP":[0.58134,0.59312,0.2711,0.75888,0.74885,1.12559,1.83636,0.44938,1.23724,0.60515,0.35218,0.60954,0.39954,0.43475,1.17509,1.25589,0.98755,0.72187,0.33418,0.6466,0.69374,1.55426,1.38793,0.5909,1.15705,0.45623,0.64775,0.55505,0.76668,0.38848,0.45041,0.61963,1.54982,0.92026,0.88899,0.28692,0.2961,1.17377,0.258,0.71397,0.57145,0.85731,0.39473,0.45009,0.27346,0.25153,0.27506,0.6025,0.3413,0.30802,0.48744,0.25002,0.29097,0.40822,0.54608,0.37771,0.19423,0.29375,0.32247,0.21881,0.32739,0.45671,0.27963,0.2292,0.27198,0.5286,0.37768,0.43466,0.21025,0.68276,0.26499,0.64935,0.88067,0.7548]},"PREVALENCE_BY_MONTH":{"X_CALENDAR_MONTH":["200605","200606","200607","200608","200609","200610","200611","200612","200701","200702","200703","200704","200705","200706","200707","200708","200709","200710","200711","200712","200801","200802","200803","200804","200805","200806","200807","200808","200809","200810","200811","200812","200901","200902","200903","200904","200905","200906","200907","200908","200909","200910","200911","200912","201001","201002","201003","201004","201005","201006","201007","201008","201009","201010","201011","201101","201105","201202","201204","201208","201210","201303","201304","201307","201308","201310","201401","201404","201405","201406","201408","201409","201410","201412","201501","201502","201503","201504","201505"],"Y_PREVALENCE_1000PP":[0.06323,0.15868,0.07339,0.11273,0.06141,0.07866,0.09238,0.05309,0.09465,0.05238,0.06218,0.04128,0.03069,0.02377,0.05072,0.07062,0.07031,0.08287,0.04958,0.05939,0.05893,0.05549,0.08444,0.04531,0.04841,0.0676,0.06087,0.03202,0.07009,0.12037,0.08548,0.02837,0.04398,0.03451,0.05619,0.05617,0.03423,0.04977,0.04361,0.03741,0.03734,0.01863,0.04037,0.02794,0.02174,0.02486,0.02166,0.04026,0.03411,0.03721,0.04349,0.01866,0.0187,0.02495,0.01875,0.02202,0.01905,0.02963,0.02325,0.02726,0.02069,0.02145,0.02883,0.02233,0.0264,0.02316,0.02436,0.02573,0.02641,0.0499,0.04383,0.03029,0.03166,0.0779,0.04568,0.06489,0.05624,0.05895,0.11169]},"PROCEDURES_BY_TYPE":{"CONCEPT_NAME":"Primary Procedure","COUNT_VALUE":1272},"AGE_AT_FIRST_OCCURRENCE":{"CATEGORY":["MALE","FEMALE"],"MIN_VALUE":[2,6],"P10_VALUE":[14,17],"P25_VALUE":[20,25],"MEDIAN_VALUE":[32,40],"P75_VALUE":[45,55],"P90_VALUE":[56,68],"MAX_VALUE":[88,96]}}
