{"PREVALENCE_BY_GENDER_AGE_YEAR":{"TRELLIS_NAME":["30-39","30-39","50-59","40-49","20-29","60-69","50-59"],"SERIES_NAME":["FEMALE","MALE","MALE","MALE","FEMALE","MALE","MALE"],"X_CALENDAR_YEAR":[2005,2005,2005,2006,2006,2007,2007],"Y_PREVALENCE_1000PP":[0.29164,0.45331,0.38979,0.35545,0.1729,0.42848,0.32019]},"PREVALENCE_BY_MONTH":{"X_CALENDAR_MONTH":["200411","200502","200508","200510","200601","200603","200606","200610","200703","200704","200705","200801","200803"],"Y_PREVALENCE_1000PP":[0.03121,0.038,0.03331,0.02424,0.03111,0.03035,0.02214,0.02145,0.02763,0.02064,0.02046,0.01964,0.01949]},"PROCEDURES_BY_TYPE":{"CONCEPT_NAME":"Primary Procedure","COUNT_VALUE":195},"AGE_AT_FIRST_OCCURRENCE":{"CATEGORY":["FEMALE","MALE"],"MIN_VALUE":[12,11],"P10_VALUE":[25,28],"P25_VALUE":[32,36],"MEDIAN_VALUE":[43,49],"P75_VALUE":[57,59],"P90_VALUE":[71,68],"MAX_VALUE":[76,87]}}
