{"PREVALENCE_BY_GENDER_AGE_YEAR":{"TRELLIS_NAME":["70-79","70-79","80-89","60-69","80-89","80-89","60-69","70-79","70-79"],"SERIES_NAME":["MALE","FEMALE","FEMALE","FEMALE","MALE","FEMALE","FEMALE","FEMALE","MALE"],"X_CALENDAR_YEAR":[2006,2006,2006,2006,2007,2007,2007,2007,2007],"Y_PREVALENCE_1000PP":[0.5216,0.82787,0.88529,0.30187,1.59858,1.18385,0.70751,1.00422,1.1422]},"PREVALENCE_BY_MONTH":{"X_CALENDAR_MONTH":["200608","200609","200610","200612","200701","200703","200705","200706","200708","200801"],"Y_PREVALENCE_1000PP":[0.02546,0.02167,0.03218,0.03894,0.02454,0.03109,0.04091,0.03736,0.07398,0.01964]},"PROCEDURES_BY_TYPE":{"CONCEPT_NAME":"Primary Procedure","COUNT_VALUE":185},"AGE_AT_FIRST_OCCURRENCE":{"CATEGORY":["FEMALE","MALE"],"MIN_VALUE":[27,32],"P10_VALUE":[53,47],"P25_VALUE":[63,60],"MEDIAN_VALUE":[75,75],"P75_VALUE":[80,81],"P90_VALUE":[84,87],"MAX_VALUE":[92,95]}}
