{"PREVALENCE_BY_GENDER_AGE_YEAR":{"TRELLIS_NAME":["60-69","50-59","50-59","70-79","60-69"],"SERIES_NAME":["FEMALE","FEMALE","MALE","FEMALE","FEMALE"],"X_CALENDAR_YEAR":[2006,2006,2006,2007,2011],"Y_PREVALENCE_1000PP":[0.35218,0.25949,0.34562,0.53558,0.33194]},"PREVALENCE_BY_MONTH":{"X_CALENDAR_MONTH":["200512","200606","200611","200708","201005","201211"],"Y_PREVALENCE_1000PP":[0.03159,0.03321,0.02843,0.02018,0.02481,0.02083]},"PROCEDURES_BY_TYPE":{"CONCEPT_NAME":"Primary Procedure","COUNT_VALUE":332},"AGE_AT_FIRST_OCCURRENCE":{"CATEGORY":["MALE","FEMALE"],"MIN_VALUE":[6,0],"P10_VALUE":[14,11],"P25_VALUE":[33,24],"MEDIAN_VALUE":[55,57],"P75_VALUE":[69,69],"P90_VALUE":[78,79],"MAX_VALUE":[89,97]}}
