{"PREVALENCE_BY_GENDER_AGE_YEAR":{"TRELLIS_NAME":["20-29","30-39","40-49","50-59","20-29","30-39","20-29","40-49","50-59","30-39","40-49","30-39","20-29","50-59","40-49","30-39","20-29","40-49","50-59","60-69","20-29","30-39","40-49","50-59","30-39","20-29","40-49","20-29","50-59","40-49","30-39","20-29","60-69","40-49","50-59","50-59","40-49","30-39","50-59"],"SERIES_NAME":["FEMALE","FEMALE","FEMALE","FEMALE","FEMALE","FEMALE","FEMALE","FEMALE","FEMALE","FEMALE","FEMALE","FEMALE","FEMALE","FEMALE","FEMALE","FEMALE","FEMALE","FEMALE","FEMALE","FEMALE","FEMALE","FEMALE","FEMALE","FEMALE","FEMALE","FEMALE","FEMALE","FEMALE","FEMALE","FEMALE","FEMALE","FEMALE","FEMALE","FEMALE","FEMALE","FEMALE","FEMALE","FEMALE","FEMALE"],"X_CALENDAR_YEAR":[2004,2004,2005,2005,2005,2005,2006,2006,2006,2006,2007,2007,2007,2008,2008,2008,2008,2009,2009,2009,2009,2009,2010,2010,2010,2010,2011,2011,2012,2012,2013,2013,2013,2013,2013,2014,2014,2014,2015],"Y_PREVALENCE_1000PP":[0.42442,0.31687,0.81639,0.44821,0.47307,0.68049,0.37462,0.37616,0.40777,0.32955,0.43443,0.25685,0.54343,0.24394,0.35626,0.5099,0.48813,0.54654,0.23928,0.258,0.17272,0.26084,0.42029,0.30802,0.23628,0.37508,0.37112,0.20922,0.25528,0.28664,0.18614,0.23559,0.25871,0.31084,0.3056,0.29286,0.30976,0.2453,0.44134]},"PREVALENCE_BY_MONTH":{"X_CALENDAR_MONTH":["200408","200410","200411","200501","200502","200504","200506","200507","200509","200510","200512","200601","200603","200606","200611","200701","200712","200801","200805","200806","200807","200810","200812","200903","200907","200908","201006","201007","201008","201011","201101","201208"],"Y_PREVALENCE_1000PP":[0.04231,0.03257,0.06242,0.02921,0.03325,0.02699,0.02583,0.0297,0.04102,0.05253,0.03554,0.03889,0.02276,0.02214,0.02843,0.02454,0.0198,0.02292,0.02259,0.02575,0.01922,0.01901,0.02521,0.02185,0.01869,0.02494,0.0186,0.01864,0.02178,0.01875,0.01887,0.02045]},"PROCEDURES_BY_TYPE":{"CONCEPT_NAME":"Primary Procedure","COUNT_VALUE":596},"AGE_AT_FIRST_OCCURRENCE":{"CATEGORY":["MALE","FEMALE"],"MIN_VALUE":[13,16],"P10_VALUE":[13,21],"P25_VALUE":[17,28],"MEDIAN_VALUE":[19,39],"P75_VALUE":[23,49],"P90_VALUE":[43,59],"MAX_VALUE":[71,82]}}
