{"PREVALENCE_BY_GENDER_AGE_YEAR":{"TRELLIS_NAME":["50-59","60-69","60-69","70-79","50-59","70-79","60-69","50-59","50-59","60-69","60-69","70-79","40-49","50-59","70-79","60-69","60-69","50-59","70-79","60-69","60-69","70-79","50-59","60-69","60-69","70-79","50-59","70-79","50-59","50-59","70-79","70-79","80-89","60-69","60-69"],"SERIES_NAME":["MALE","MALE","MALE","FEMALE","MALE","MALE","MALE","MALE","MALE","MALE","FEMALE","MALE","MALE","MALE","FEMALE","FEMALE","MALE","FEMALE","MALE","FEMALE","MALE","FEMALE","MALE","MALE","FEMALE","MALE","MALE","FEMALE","FEMALE","MALE","MALE","FEMALE","MALE","MALE","MALE"],"X_CALENDAR_YEAR":[2006,2006,2007,2007,2007,2007,2008,2008,2010,2010,2010,2011,2011,2011,2011,2011,2011,2011,2012,2012,2012,2012,2012,2013,2013,2013,2013,2013,2013,2014,2014,2014,2014,2014,2015],"Y_PREVALENCE_1000PP":[0.69124,0.53408,0.5509,0.40169,0.69374,0.48952,0.5144,0.35321,0.33984,0.63082,0.29345,0.819,0.50847,0.88469,0.43325,0.24895,1.28979,0.31417,1.6493,0.63171,2.06699,0.42853,1.17245,2.0925,0.68989,1.5596,0.9602,0.85086,0.2674,0.6426,0.70373,0.5151,0.95359,1.86567,1.52207]},"PREVALENCE_BY_MONTH":{"X_CALENDAR_MONTH":["200607","200609","200611","200612","200701","200702","200703","200706","200809","201004","201006","201103","201104","201105","201106","201107","201108","201109","201110","201111","201112","201201","201202","201203","201204","201205","201206","201207","201208","201209","201210","201211","201212","201301","201302","201303","201304","201305","201306","201307","201308","201309","201310","201311","201312","201401","201402","201404","201405","201406","201407","201408","201409","201411","201412","201501","201502","201503","201504","201505","201506"],"Y_PREVALENCE_1000PP":[0.02569,0.0289,0.04619,0.02478,0.04557,0.02794,0.02763,0.02377,0.02549,0.02168,0.03101,0.03147,0.03483,0.03492,0.03828,0.03209,0.0483,0.0259,0.06488,0.04232,0.07195,0.03608,0.0461,0.06595,0.06312,0.04004,0.0505,0.05087,0.0443,0.07556,0.06208,0.06597,0.03844,0.05267,0.09586,0.0715,0.05765,0.06182,0.06633,0.04466,0.06034,0.06876,0.06561,0.09042,0.05991,0.05278,0.02901,0.02573,0.07482,0.0499,0.08908,0.03896,0.05553,0.0792,0.0719,0.07179,0.05047,0.11248,0.09825,0.16754,0.32178]},"PROCEDURES_BY_TYPE":{"CONCEPT_NAME":"Primary Procedure","COUNT_VALUE":1806},"AGE_AT_FIRST_OCCURRENCE":{"CATEGORY":["MALE","FEMALE"],"MIN_VALUE":[21,25],"P10_VALUE":[50,42],"P25_VALUE":[57,55],"MEDIAN_VALUE":[62,62],"P75_VALUE":[68,70],"P90_VALUE":[75,76],"MAX_VALUE":[88,92]}}
