{"PREVALENCE_BY_GENDER_AGE_YEAR":{"TRELLIS_NAME":["60-69","50-59","50-59","60-69","50-59","40-49","50-59","70-79","40-49","50-59","40-49","50-59","70-79","60-69","80-89","20-29","60-69","30-39","60-69","60-69","40-49","70-79","50-59","60-69","50-59","60-69","40-49","60-69","50-59","60-69","80-89","50-59","50-59","50-59","40-49","50-59","70-79","70-79","60-69","60-69","50-59","50-59","40-49","70-79","60-69","60-69","50-59","70-79","40-49","50-59","60-69","60-69","60-69","60-69","50-59","50-59","50-59","60-69"],"SERIES_NAME":["MALE","MALE","FEMALE","MALE","FEMALE","MALE","MALE","MALE","FEMALE","FEMALE","MALE","MALE","MALE","MALE","MALE","FEMALE","FEMALE","MALE","MALE","FEMALE","MALE","MALE","MALE","MALE","MALE","FEMALE","MALE","MALE","MALE","MALE","FEMALE","FEMALE","MALE","FEMALE","MALE","MALE","FEMALE","MALE","MALE","FEMALE","MALE","FEMALE","MALE","MALE","FEMALE","MALE","MALE","MALE","MALE","FEMALE","MALE","FEMALE","MALE","FEMALE","MALE","FEMALE","MALE","MALE"],"X_CALENDAR_YEAR":[2004,2004,2004,2005,2005,2005,2005,2005,2006,2006,2006,2006,2006,2006,2006,2006,2006,2007,2007,2007,2007,2007,2007,2008,2008,2008,2008,2009,2009,2010,2010,2010,2010,2011,2011,2011,2011,2011,2011,2011,2012,2012,2012,2012,2012,2012,2013,2013,2013,2013,2013,2013,2014,2014,2014,2014,2015,2015],"Y_PREVALENCE_1000PP":[0.75743,0.58207,0.35441,1.30109,0.32597,0.40153,0.58468,0.57488,0.37616,0.29656,0.7109,1.03687,0.95627,1.13492,1.34151,0.23053,0.4025,0.37677,0.36726,0.33017,0.38405,0.65269,0.53365,0.5144,0.50459,0.31529,0.43306,0.60188,0.54275,0.52568,0.63721,0.34224,0.77677,0.20945,0.39548,0.44235,0.43325,0.59564,0.82547,0.24895,0.45879,0.25528,0.4795,0.97459,0.42114,0.583,0.64014,0.59413,0.58181,0.3056,0.6975,0.30183,0.67843,0.36271,0.70102,0.37654,0.97046,0.85616]},"PREVALENCE_BY_MONTH":{"X_CALENDAR_MONTH":["200408","200409","200410","200411","200412","200502","200505","200506","200508","200509","200511","200512","200601","200603","200604","200605","200607","200608","200609","200611","200612","200702","200703","200705","200708","200801","200805","200806","200809","200810","200901","200904","200905","200906","200912","201004","201005","201009","201011","201012","201102","201106","201107","201108","201109","201110","201111","201112","201203","201204","201205","201207","201209","201210","201212","201301","201302","201303","201304","201305","201306","201307","201309","201311","201403","201404","201406","201408","201410","201411","201501","201502","201503","201504","201505"],"Y_PREVALENCE_1000PP":[0.04231,0.06292,0.03257,0.07802,0.03515,0.038,0.03516,0.04736,0.02915,0.02871,0.03589,0.03948,0.04278,0.06829,0.03014,0.04463,0.02936,0.06182,0.03974,0.03908,0.06017,0.02095,0.02418,0.04091,0.04708,0.02292,0.02582,0.02575,0.0223,0.02217,0.02199,0.02808,0.02489,0.02178,0.02794,0.01858,0.02481,0.02494,0.02501,0.02196,0.02522,0.02552,0.02888,0.05796,0.03237,0.01946,0.03581,0.02289,0.03957,0.04651,0.0367,0.0407,0.02748,0.03449,0.02796,0.05618,0.0213,0.02503,0.03243,0.03273,0.0479,0.02605,0.04584,0.03145,0.05031,0.02573,0.05898,0.03409,0.03166,0.05091,0.04568,0.0793,0.09641,0.08843,0.19546]},"PROCEDURES_BY_TYPE":{"CONCEPT_NAME":"Primary Procedure","COUNT_VALUE":1010},"AGE_AT_FIRST_OCCURRENCE":{"CATEGORY":["FEMALE","MALE"],"MIN_VALUE":[0,0],"P10_VALUE":[28,28],"P25_VALUE":[45,47],"MEDIAN_VALUE":[58,58],"P75_VALUE":[67,68],"P90_VALUE":[79,76],"MAX_VALUE":[90,90]}}
