{"PREVALENCE_BY_GENDER_AGE_YEAR":{"TRELLIS_NAME":["30-39","20-29","30-39","30-39","20-29","10-19","40-49","20-29","30-39","20-29","30-39","40-49","30-39","20-29","30-39"],"SERIES_NAME":["FEMALE","FEMALE","FEMALE","FEMALE","FEMALE","FEMALE","FEMALE","FEMALE","FEMALE","FEMALE","FEMALE","FEMALE","FEMALE","FEMALE","FEMALE"],"X_CALENDAR_YEAR":[2005,2006,2006,2009,2010,2011,2011,2011,2011,2012,2012,2012,2013,2014,2014],"Y_PREVALENCE_1000PP":[0.25924,0.1729,0.17975,0.20867,0.15003,0.47168,0.37112,1.33375,1.30883,0.9434,0.82249,0.32247,0.18614,0.39748,0.42051]},"PREVALENCE_BY_MONTH":{"X_CALENDAR_MONTH":["200708","201104","201105","201106","201107","201108","201109","201110","201111","201112","201201","201202","201203","201206","201208","201209","201401","201404"],"Y_PREVALENCE_1000PP":[0.02018,0.038,0.01905,0.02233,0.05134,0.02898,0.06798,0.08109,0.04232,0.02616,0.03608,0.03951,0.02638,0.05723,0.0409,0.02748,0.05278,0.03002]},"PROCEDURES_BY_TYPE":{"CONCEPT_NAME":"Primary Procedure","COUNT_VALUE":340},"AGE_AT_FIRST_OCCURRENCE":{"CATEGORY":"FEMALE","MIN_VALUE":14,"P10_VALUE":20,"P25_VALUE":24,"MEDIAN_VALUE":30,"P75_VALUE":36,"P90_VALUE":39,"MAX_VALUE":45}}
