{"PREVALENCE_BY_GENDER_AGE_YEAR":{"TRELLIS_NAME":["30-39","40-49","30-39","40-49","40-49","30-39","30-39","20-29","40-49","30-39","20-29","10-19","40-49","30-39","20-29","30-39","40-49","10-19","20-29","30-39","20-29","30-39"],"SERIES_NAME":["FEMALE","FEMALE","FEMALE","FEMALE","FEMALE","FEMALE","FEMALE","FEMALE","FEMALE","FEMALE","FEMALE","FEMALE","FEMALE","FEMALE","FEMALE","FEMALE","FEMALE","FEMALE","FEMALE","FEMALE","FEMALE","FEMALE"],"X_CALENDAR_YEAR":[2005,2005,2006,2006,2007,2007,2010,2011,2011,2011,2012,2012,2012,2012,2013,2013,2013,2013,2014,2014,2015,2015],"Y_PREVALENCE_1000PP":[0.25924,0.22265,0.44938,0.27357,0.20051,0.17123,0.15752,0.67995,0.20243,0.76348,1.44284,0.43471,0.6091,2.0856,2.20861,3.93994,0.89366,0.46605,1.62305,2.62817,0.63064,1.59043]},"PREVALENCE_BY_MONTH":{"X_CALENDAR_MONTH":["200601","200603","200604","200605","200609","200703","201006","201109","201110","201111","201112","201201","201202","201203","201204","201205","201207","201208","201209","201210","201211","201212","201301","201302","201303","201304","201305","201306","201307","201308","201310","201311","201312","201401","201402","201404","201405","201406","201407","201408","201409","201410","201411","201501","201502","201504"],"Y_PREVALENCE_1000PP":[0.02333,0.02656,0.03014,0.02231,0.02167,0.02073,0.0217,0.04532,0.07136,0.02279,0.02943,0.05575,0.03293,0.07584,0.02658,0.07674,0.03052,0.0409,0.02748,0.06208,0.03472,0.04194,0.14396,0.13846,0.13585,0.09368,0.04364,0.09212,0.03349,0.03017,0.04245,0.02752,0.08387,0.02842,0.02486,0.07292,0.04401,0.06351,0.13597,0.07793,0.06562,0.05276,0.05657,0.09137,0.05047,0.09825]},"PROCEDURES_BY_TYPE":{"CONCEPT_NAME":"Primary Procedure","COUNT_VALUE":861},"AGE_AT_FIRST_OCCURRENCE":{"CATEGORY":"FEMALE","MIN_VALUE":0,"P10_VALUE":21,"P25_VALUE":26,"MEDIAN_VALUE":32,"P75_VALUE":37,"P90_VALUE":46,"MAX_VALUE":107}}
