{"PREVALENCE_BY_GENDER_AGE_YEAR":{"TRELLIS_NAME":["30-39","20-29","10-19","40-49","30-39","20-29","10-19","40-49","30-39","10-19","40-49","20-29","30-39","20-29","10-19","40-49","30-39","20-29","10-19","40-49","20-29","30-39","10-19","40-49","20-29","30-39","10-19","40-49","30-39","20-29","10-19","40-49","40-49","30-39","20-29","10-19","40-49","10-19","20-29","30-39","20-29","30-39","10-19","40-49","30-39","40-49","10-19","20-29"],"SERIES_NAME":["FEMALE","FEMALE","FEMALE","FEMALE","FEMALE","FEMALE","FEMALE","FEMALE","FEMALE","FEMALE","FEMALE","FEMALE","FEMALE","FEMALE","FEMALE","FEMALE","FEMALE","FEMALE","FEMALE","FEMALE","FEMALE","FEMALE","FEMALE","FEMALE","FEMALE","FEMALE","FEMALE","FEMALE","FEMALE","FEMALE","FEMALE","FEMALE","FEMALE","FEMALE","FEMALE","FEMALE","FEMALE","FEMALE","FEMALE","FEMALE","FEMALE","FEMALE","FEMALE","FEMALE","FEMALE","FEMALE","FEMALE","FEMALE"],"X_CALENDAR_YEAR":[2004,2004,2004,2004,2005,2005,2005,2005,2006,2006,2006,2006,2007,2007,2007,2007,2008,2008,2008,2008,2009,2009,2009,2009,2010,2010,2010,2010,2011,2011,2011,2011,2012,2012,2012,2012,2013,2013,2013,2013,2014,2014,2014,2014,2015,2015,2015,2015],"Y_PREVALENCE_1000PP":[13.94225,16.3207,5.16309,1.89368,25.98833,29.36168,7.78682,3.45109,25.46511,6.8227,3.11186,25.09942,27.59703,27.49776,7.89809,3.74282,27.02485,26.69304,7.97257,3.69219,25.8593,27.20538,7.79624,4.40444,29.10655,28.93148,8.41737,4.17057,28.90331,29.81327,6.68925,5.16194,5.58939,32.31208,31.3818,5.73813,6.64413,5.40616,31.12669,37.44493,40.87446,44.78396,6.52854,6.81476,34.9895,5.38776,3.43119,27.62187]},"PREVALENCE_BY_MONTH":{"X_CALENDAR_MONTH":["200407","200408","200409","200410","200411","200412","200501","200502","200503","200504","200505","200506","200507","200508","200509","200510","200511","200512","200601","200602","200603","200604","200605","200606","200607","200608","200609","200610","200611","200612","200701","200702","200703","200704","200705","200706","200707","200708","200709","200710","200711","200712","200801","200802","200803","200804","200805","200806","200807","200808","200809","200810","200811","200812","200901","200902","200903","200904","200905","200906","200907","200908","200909","200910","200911","200912","201001","201002","201003","201004","201005","201006","201007","201008","201009","201010","201011","201012","201101","201102","201103","201104","201105","201106","201107","201108","201109","201110","201111","201112","201201","201202","201203","201204","201205","201206","201207","201208","201209","201210","201211","201212","201301","201302","201303","201304","201305","201306","201307","201308","201309","201310","201311","201312","201401","201402","201403","201404","201405","201406","201407","201408","201409","201410","201411","201412","201501","201502","201503","201504","201505","201506"],"Y_PREVALENCE_1000PP":[0.07692,1.06376,1.10389,0.87399,0.89983,0.93392,0.75935,0.68881,0.91654,0.77385,0.71207,0.75782,0.62376,0.79941,0.70141,0.64242,0.60212,0.60015,0.49387,0.54753,0.54634,0.5538,0.62481,0.70113,0.61647,0.70911,0.56716,0.6936,0.63957,0.53447,0.67306,0.4924,0.65629,0.66392,0.76033,0.58751,0.69988,0.80037,0.58255,0.48725,0.72053,0.60379,0.53037,0.61044,0.68851,0.64088,0.69071,0.64705,0.66962,0.56667,0.61167,0.60503,0.60466,0.69337,0.70996,0.48938,0.68985,0.699,0.48856,0.80571,0.64477,0.62966,0.55384,0.73585,0.59001,0.50608,0.74834,0.58416,0.77656,0.6318,0.54264,0.64493,0.78591,0.74037,0.81672,0.62051,0.68456,0.49876,0.7611,0.57376,0.59475,0.56677,0.6254,0.83573,0.64493,0.73412,0.68306,0.67471,0.57298,0.77182,0.67561,0.65853,0.6232,0.64779,0.68065,0.73387,0.78679,0.76681,0.55986,0.84153,0.96184,0.5836,0.86729,0.68522,0.73646,0.64136,0.72372,0.72223,0.93036,0.79951,0.86719,0.95327,0.68405,0.8906,0.88917,0.9572,0.76309,1.17951,0.80984,0.97086,1.25654,1.0228,1.16103,1.5459,1.10874,1.7197,1.50102,1.43469,1.61486,1.98465,2.68059,3.59326]},"PROCEDURES_BY_TYPE":{"CONCEPT_NAME":"Primary Procedure","COUNT_VALUE":28767},"AGE_AT_FIRST_OCCURRENCE":{"CATEGORY":"FEMALE","MIN_VALUE":12,"P10_VALUE":20,"P25_VALUE":23,"MEDIAN_VALUE":29,"P75_VALUE":34,"P90_VALUE":37,"MAX_VALUE":57}}
