{"PREVALENCE_BY_GENDER_AGE_YEAR":{"TRELLIS_NAME":["80-89","80-89","60-69","60-69","70-79","70-79","50-59","80-89","80-89","60-69","60-69","50-59","70-79","70-79","50-59","70-79","50-59","40-49","70-79","60-69","80-89","60-69","80-89","80-89","60-69","80-89","60-69","50-59","70-79","50-59","40-49","70-79","60-69","80-89","80-89","60-69","70-79","40-49","50-59","70-79","60-69","80-89","80-89","70-79","50-59","60-69","70-79","60-69","80-89","80-89","60-69","70-79","70-79","50-59","70-79","50-59","40-49","40-49","70-79","80-89","60-69","80-89","60-69","50-59","70-79","70-79","40-49","60-69","80-89","60-69","80-89","50-59","70-79","40-49","50-59","70-79","60-69","80-89","60-69","80-89","60-69","80-89","60-69","80-89","50-59","70-79","40-49","70-79","50-59","70-79","60-69","70-79","60-69","80-89"],"SERIES_NAME":["FEMALE","MALE","MALE","FEMALE","MALE","FEMALE","MALE","FEMALE","MALE","MALE","FEMALE","FEMALE","MALE","FEMALE","MALE","MALE","MALE","MALE","FEMALE","MALE","MALE","FEMALE","FEMALE","MALE","MALE","FEMALE","FEMALE","MALE","FEMALE","FEMALE","MALE","MALE","MALE","FEMALE","MALE","FEMALE","MALE","MALE","MALE","FEMALE","MALE","MALE","FEMALE","FEMALE","MALE","FEMALE","MALE","MALE","MALE","FEMALE","FEMALE","MALE","FEMALE","MALE","MALE","MALE","MALE","FEMALE","FEMALE","MALE","MALE","FEMALE","FEMALE","MALE","FEMALE","MALE","MALE","FEMALE","FEMALE","MALE","MALE","MALE","MALE","MALE","FEMALE","FEMALE","MALE","FEMALE","FEMALE","MALE","MALE","MALE","FEMALE","FEMALE","MALE","MALE","MALE","FEMALE","MALE","FEMALE","FEMALE","MALE","MALE","MALE"],"X_CALENDAR_YEAR":[2004,2004,2004,2004,2004,2004,2004,2005,2005,2005,2005,2005,2005,2005,2005,2006,2006,2006,2006,2006,2006,2006,2006,2007,2007,2007,2007,2007,2007,2007,2007,2007,2008,2008,2008,2008,2008,2008,2008,2008,2009,2009,2009,2009,2009,2009,2009,2010,2010,2010,2010,2010,2010,2010,2011,2011,2011,2011,2011,2011,2011,2011,2011,2012,2012,2012,2012,2012,2012,2012,2012,2013,2013,2013,2013,2013,2013,2013,2013,2013,2014,2014,2014,2014,2014,2014,2014,2014,2015,2015,2015,2015,2015,2015],"Y_PREVALENCE_1000PP":[1.51388,2.17332,2.36698,0.55629,2.17491,0.819,1.16414,1.67038,2.59235,3.36752,0.78418,0.24448,3.54508,2.04545,1.55915,3.39042,1.09447,0.77014,1.03484,2.06956,5.36604,0.35218,2.27646,4.08526,3.55022,1.77578,0.80185,1.22739,1.47285,0.25145,0.71323,2.52917,2.34339,2.02134,4.84869,0.45041,3.38823,0.3248,1.26148,0.7122,2.13395,4.48718,3.02311,1.45257,1.72695,0.85999,2.42358,1.99758,3.38931,1.38063,0.50306,3.1811,0.68957,1.16516,3.64828,1.27789,0.56497,0.20243,1.23785,4.62756,3.0439,2.71285,0.4979,1.22343,1.59167,4.87293,0.35963,0.80017,2.34692,2.59699,4.9217,1.12024,4.75306,0.51716,0.2292,2.06637,2.41442,3.21615,0.86237,3.31475,3.22252,4.60903,0.8161,1.2828,2.04463,4.30057,0.51886,1.48091,1.07828,1.34813,0.4482,3.89105,1.80746,1.80972]},"PREVALENCE_BY_MONTH":{"X_CALENDAR_MONTH":["200408","200409","200410","200411","200412","200501","200502","200503","200504","200505","200506","200507","200508","200509","200510","200511","200512","200601","200602","200603","200604","200605","200606","200607","200608","200609","200610","200611","200612","200701","200702","200703","200704","200705","200706","200707","200708","200709","200710","200711","200712","200801","200802","200803","200804","200805","200806","200807","200808","200809","200810","200811","200812","200901","200902","200903","200904","200905","200906","200907","200908","200909","200910","200911","200912","201001","201003","201004","201005","201006","201007","201008","201009","201010","201011","201012","201101","201102","201103","201104","201105","201106","201107","201108","201109","201110","201111","201112","201201","201202","201203","201204","201205","201206","201207","201208","201209","201210","201211","201212","201301","201302","201303","201304","201305","201306","201307","201308","201309","201310","201311","201312","201401","201402","201403","201404","201405","201406","201407","201408","201409","201410","201411","201412","201501","201502","201503","201504","201505"],"Y_PREVALENCE_1000PP":[0.10879,0.12583,0.05971,0.14564,0.0954,0.07301,0.06651,0.0829,0.08098,0.06593,0.10334,0.05516,0.03747,0.07793,0.04444,0.04386,0.05528,0.07,0.06555,0.04932,0.04898,0.04835,0.06642,0.04403,0.05091,0.0578,0.05363,0.04619,0.04955,0.04207,0.07683,0.07945,0.04816,0.06819,0.05434,0.03719,0.0639,0.06361,0.07624,0.06941,0.04949,0.03601,0.0457,0.07794,0.07445,0.06133,0.0676,0.04485,0.07043,0.03823,0.03801,0.03799,0.04412,0.04712,0.05333,0.06243,0.04993,0.0529,0.05911,0.05918,0.05299,0.05912,0.07141,0.04968,0.05899,0.01863,0.06807,0.04336,0.03411,0.07131,0.03728,0.05911,0.05611,0.0343,0.03126,0.06587,0.03774,0.0599,0.05035,0.05699,0.06032,0.07656,0.08984,0.06762,0.06798,0.04866,0.09441,0.08503,0.08527,0.06915,0.07254,0.05647,0.05672,0.07406,0.05765,0.06475,0.04465,0.10692,0.08681,0.07688,0.08427,0.08876,0.09653,0.06125,0.10547,0.08844,0.09304,0.07543,0.06112,0.09263,0.03538,0.04792,0.07308,0.05801,0.07128,0.1201,0.07482,0.09073,0.08439,0.05845,0.09591,0.18994,0.12445,0.13782,0.124,0.16582,0.15265,0.1179,0.1815]},"PROCEDURES_BY_TYPE":{"CONCEPT_NAME":"Primary Procedure","COUNT_VALUE":2455},"AGE_AT_FIRST_OCCURRENCE":{"CATEGORY":["MALE","FEMALE"],"MIN_VALUE":[23,27],"P10_VALUE":[53,59],"P25_VALUE":[61,66],"MEDIAN_VALUE":[69,74],"P75_VALUE":[77,81],"P90_VALUE":[83,86],"MAX_VALUE":[97,93]}}
