{"PREVALENCE_BY_GENDER_AGE_YEAR":{"TRELLIS_NAME":["0-9","30-39","60-69","50-59","70-79","40-49","70-79","70-79","60-69","60-69","70-79","50-59","50-59","30-39","30-39","80-89","90-99","60-69","60-69","20-29","80-89","50-59","70-79","40-49","40-49","70-79","50-59","60-69","50-59","70-79","70-79","40-49","50-59","60-69","60-69","60-69","80-89","50-59","70-79"],"SERIES_NAME":["MALE","FEMALE","FEMALE","FEMALE","MALE","FEMALE","FEMALE","MALE","FEMALE","MALE","FEMALE","FEMALE","MALE","FEMALE","MALE","FEMALE","FEMALE","FEMALE","MALE","FEMALE","MALE","MALE","MALE","MALE","FEMALE","FEMALE","FEMALE","FEMALE","MALE","FEMALE","MALE","FEMALE","FEMALE","MALE","FEMALE","MALE","FEMALE","MALE","FEMALE"],"X_CALENDAR_YEAR":[2009,2010,2010,2010,2010,2010,2010,2012,2012,2012,2012,2012,2012,2013,2013,2013,2013,2013,2013,2013,2013,2013,2013,2013,2013,2013,2013,2014,2014,2014,2014,2014,2014,2014,2015,2015,2015,2015,2015],"Y_PREVALENCE_1000PP":[0.27217,0.15752,0.41922,0.34224,0.45444,0.25864,0.5015,0.52478,0.67383,0.318,0.55096,0.32822,0.30586,0.37228,0.51951,3.99246,9.30626,0.86237,1.66327,0.20614,3.16408,1.28027,1.70813,1.16362,0.46625,2.06637,1.2224,0.68009,0.40893,0.77265,0.46915,0.39827,0.37654,0.73496,0.5229,0.57078,1.29342,0.64697,0.93332]},"PREVALENCE_BY_MONTH":{"X_CALENDAR_MONTH":["200711","200807","200809","200811","200901","201005","201006","201007","201011","201012","201102","201104","201112","201207","201208","201209","201210","201211","201212","201301","201302","201303","201304","201305","201306","201307","201308","201309","201310","201311","201312","201401","201402","201403","201404","201405","201406","201408","201409","201410","201502","201503","201504","201505"],"Y_PREVALENCE_1000PP":[0.01983,0.02243,0.01911,0.01899,0.02199,0.04341,0.03721,0.03106,0.02188,0.04392,0.01892,0.02216,0.02616,0.03052,0.03067,0.03435,0.03449,0.02778,0.05941,0.1861,0.16332,0.1144,0.14773,0.04728,0.07738,0.0521,0.1056,0.11843,0.08877,0.03538,0.05991,0.0406,0.04972,0.04193,0.05576,0.02641,0.03629,0.03409,0.03029,0.04221,0.12256,0.17675,0.05895,0.12565]},"PROCEDURES_BY_TYPE":{"CONCEPT_NAME":"Primary Procedure","COUNT_VALUE":758},"AGE_AT_FIRST_OCCURRENCE":{"CATEGORY":["MALE","FEMALE"],"MIN_VALUE":[0,0],"P10_VALUE":[9,25],"P25_VALUE":[43,47],"MEDIAN_VALUE":[61,62],"P75_VALUE":[72,75],"P90_VALUE":[81,86],"MAX_VALUE":[102,103]}}
