{"PREVALENCE_BY_GENDER_AGE_YEAR":{"TRELLIS_NAME":["0-9","0-9","0-9","0-9","0-9","0-9","0-9","10-19","0-9","0-9","0-9","0-9","10-19","0-9","0-9","10-19"],"SERIES_NAME":["MALE","FEMALE","MALE","MALE","FEMALE","MALE","FEMALE","FEMALE","MALE","FEMALE","MALE","FEMALE","MALE","MALE","FEMALE","FEMALE"],"X_CALENDAR_YEAR":[2005,2006,2006,2007,2007,2009,2009,2009,2010,2010,2011,2012,2012,2013,2013,2014],"Y_PREVALENCE_1000PP":[0.2483,0.43092,0.22799,0.35596,0.28252,0.23815,0.2665,0.32654,0.20521,0.27181,0.3136,0.52182,0.28329,0.22434,0.25268,0.32373]},"PREVALENCE_BY_MONTH":{"X_CALENDAR_MONTH":["200609","201503"],"Y_PREVALENCE_1000PP":[0.02167,0.0482]},"PROCEDURES_BY_TYPE":{"CONCEPT_NAME":"Primary Procedure","COUNT_VALUE":268},"AGE_AT_FIRST_OCCURRENCE":{"CATEGORY":["FEMALE","MALE"],"MIN_VALUE":[0,0],"P10_VALUE":[2,2],"P25_VALUE":[3,4],"MEDIAN_VALUE":[6,8],"P75_VALUE":[15,14],"P90_VALUE":[58,55],"MAX_VALUE":[91,87]}}
