{"PREVALENCE_BY_GENDER_AGE_YEAR":{"TRELLIS_NAME":["10-19","0-9","0-9","10-19","0-9","10-19","0-9","10-19","10-19","0-9","0-9","10-19","0-9","10-19","10-19","0-9","0-9","10-19","0-9","10-19","0-9","10-19","0-9","10-19"],"SERIES_NAME":["MALE","MALE","MALE","MALE","MALE","MALE","MALE","MALE","MALE","MALE","MALE","MALE","MALE","MALE","MALE","MALE","MALE","MALE","MALE","MALE","MALE","MALE","MALE","MALE"],"X_CALENDAR_YEAR":[2004,2004,2005,2005,2006,2006,2007,2007,2008,2008,2009,2009,2010,2010,2011,2011,2012,2012,2013,2013,2014,2014,2015,2015],"Y_PREVALENCE_1000PP":[1.05248,2.73749,5.04883,1.31391,4.55979,1.42226,5.12583,1.50716,1.41307,4.51242,3.77641,1.07095,4.27511,1.36073,0.8338,2.71786,3.02814,0.75543,4.03814,1.06567,2.89232,0.88101,2.11787,0.8658]},"PREVALENCE_BY_MONTH":{"X_CALENDAR_MONTH":["200408","200409","200410","200411","200412","200501","200502","200503","200504","200505","200506","200507","200508","200509","200510","200511","200512","200601","200602","200603","200604","200605","200606","200607","200608","200609","200610","200611","200612","200701","200702","200703","200704","200705","200706","200707","200708","200709","200710","200711","200712","200801","200802","200803","200804","200805","200806","200807","200808","200809","200810","200811","200812","200901","200902","200903","200904","200905","200906","200907","200908","200909","200910","200911","200912","201001","201002","201003","201004","201005","201006","201007","201008","201009","201010","201011","201012","201102","201103","201104","201105","201106","201107","201108","201109","201110","201111","201112","201201","201202","201203","201205","201207","201208","201209","201210","201211","201212","201301","201302","201303","201304","201305","201306","201307","201308","201309","201310","201311","201312","201401","201402","201403","201405","201406","201407","201408","201409","201410","201412","201501","201503","201504"],"Y_PREVALENCE_1000PP":[0.09066,0.07435,0.08143,0.04161,0.10042,0.04868,0.06176,0.06448,0.04949,0.02637,0.08181,0.05092,0.07078,0.06973,0.05253,0.04386,0.04738,0.05833,0.05398,0.0607,0.03767,0.04463,0.04428,0.0477,0.02182,0.04696,0.0572,0.04974,0.0354,0.04908,0.05587,0.07945,0.03784,0.0716,0.03396,0.03719,0.05717,0.05692,0.04641,0.03966,0.04619,0.03929,0.04244,0.04872,0.04855,0.04196,0.03541,0.05447,0.06083,0.04142,0.02851,0.05065,0.05043,0.02199,0.02196,0.05307,0.02808,0.02801,0.04044,0.04049,0.03429,0.03111,0.02794,0.0559,0.05589,0.02174,0.02175,0.06497,0.06194,0.06202,0.05581,0.03106,0.03111,0.05299,0.04677,0.04064,0.02823,0.03468,0.02832,0.02533,0.03175,0.02552,0.0385,0.0322,0.01942,0.02919,0.02604,0.02943,0.03936,0.01976,0.04616,0.04671,0.02713,0.03067,0.04122,0.02414,0.03125,0.02796,0.0316,0.04615,0.05005,0.06125,0.04728,0.04053,0.02605,0.0528,0.0382,0.05017,0.03931,0.04393,0.0406,0.02486,0.03354,0.05282,0.02722,0.04689,0.03896,0.03534,0.04221,0.04194,0.04568,0.05624,0.1179]},"PROCEDURES_BY_TYPE":{"CONCEPT_NAME":"Primary Procedure","COUNT_VALUE":1822},"AGE_AT_FIRST_OCCURRENCE":{"CATEGORY":"MALE","MIN_VALUE":0,"P10_VALUE":1,"P25_VALUE":1,"MEDIAN_VALUE":3,"P75_VALUE":9,"P90_VALUE":14,"MAX_VALUE":81}}
