{"PREVALENCE_BY_GENDER_AGE_YEAR":{"TRELLIS_NAME":["10-19","40-49","30-39","20-29","10-19","40-49","30-39","20-29","20-29","30-39","10-19","40-49","10-19","40-49","30-39","20-29","40-49","30-39","20-29","40-49","20-29","30-39","40-49","20-29","30-39","20-29","40-49","30-39","20-29","40-49","30-39","20-29","30-39","10-19","40-49","40-49","20-29","30-39","20-29","30-39","40-49"],"SERIES_NAME":["FEMALE","FEMALE","FEMALE","FEMALE","FEMALE","FEMALE","FEMALE","FEMALE","FEMALE","FEMALE","FEMALE","FEMALE","FEMALE","FEMALE","FEMALE","FEMALE","FEMALE","FEMALE","FEMALE","FEMALE","FEMALE","FEMALE","FEMALE","FEMALE","FEMALE","FEMALE","FEMALE","FEMALE","FEMALE","FEMALE","FEMALE","FEMALE","FEMALE","FEMALE","FEMALE","FEMALE","FEMALE","FEMALE","FEMALE","FEMALE","FEMALE"],"X_CALENDAR_YEAR":[2004,2004,2004,2004,2005,2005,2005,2005,2006,2006,2006,2006,2007,2007,2007,2007,2008,2008,2008,2009,2009,2009,2010,2010,2010,2011,2011,2011,2012,2012,2012,2013,2013,2013,2013,2014,2014,2014,2015,2015,2015],"Y_PREVALENCE_1000PP":[1.03262,1.24706,2.97065,1.73625,0.65733,1.89253,5.24951,3.65838,1.95954,3.83475,0.45183,1.47044,0.46709,0.63494,2.25457,1.03252,0.5182,1.2345,0.51382,0.32149,0.5922,0.91293,0.38796,0.47511,0.7351,0.7061,0.74224,1.85417,0.77691,0.53744,1.49811,1.06013,1.83037,0.27963,0.50511,0.30976,0.89434,1.61194,0.50451,1.65405,0.57143]},"PREVALENCE_BY_MONTH":{"X_CALENDAR_MONTH":["200408","200409","200410","200411","200412","200501","200502","200503","200504","200505","200506","200507","200508","200509","200510","200511","200512","200601","200602","200603","200604","200605","200606","200607","200608","200609","200610","200611","200612","200701","200702","200703","200704","200705","200706","200707","200708","200709","200710","200711","200712","200801","200802","200803","200805","200807","200809","200811","200904","200905","200906","200908","200911","200912","201003","201006","201007","201011","201012","201101","201102","201103","201104","201105","201106","201107","201108","201109","201110","201111","201112","201201","201202","201203","201204","201205","201208","201209","201211","201212","201301","201302","201303","201304","201305","201306","201307","201308","201309","201310","201312","201401","201403","201404","201405","201406","201407","201408","201409","201410","201411","201412","201502","201503","201504","201505"],"Y_PREVALENCE_1000PP":[0.21759,0.21735,0.19543,0.16644,0.10544,0.1509,0.19002,0.11975,0.12148,0.12307,0.16362,0.0976,0.14156,0.07383,0.12525,0.10368,0.09081,0.105,0.08097,0.08726,0.09418,0.08926,0.0738,0.07706,0.06909,0.05419,0.07866,0.06751,0.06371,0.08413,0.04191,0.05527,0.03784,0.08524,0.03736,0.03381,0.03699,0.03013,0.01989,0.01983,0.02639,0.03274,0.03917,0.03248,0.02259,0.02884,0.03504,0.02216,0.02184,0.02178,0.02178,0.02494,0.03105,0.01863,0.03713,0.0186,0.02174,0.01875,0.01882,0.02202,0.02522,0.02832,0.03483,0.0381,0.03828,0.02567,0.02898,0.03885,0.04541,0.0293,0.04252,0.0328,0.02963,0.03957,0.01993,0.02669,0.03408,0.03778,0.02083,0.03495,0.0316,0.0284,0.0429,0.03963,0.05455,0.05159,0.04094,0.02263,0.02674,0.03473,0.03594,0.02842,0.02516,0.03002,0.02641,0.03176,0.03282,0.05358,0.04543,0.04748,0.0396,0.03595,0.04326,0.07231,0.1179,0.11169]},"PROCEDURES_BY_TYPE":{"CONCEPT_NAME":"Primary Procedure","COUNT_VALUE":1704},"AGE_AT_FIRST_OCCURRENCE":{"CATEGORY":"FEMALE","MIN_VALUE":12,"P10_VALUE":22,"P25_VALUE":27,"MEDIAN_VALUE":33,"P75_VALUE":37,"P90_VALUE":41,"MAX_VALUE":53}}
