{"PREVALENCE_BY_GENDER_AGE_YEAR":{"TRELLIS_NAME":["0-9","0-9","0-9","0-9","10-19","0-9","10-19","0-9","0-9","0-9","0-9","0-9"],"SERIES_NAME":["MALE","FEMALE","MALE","FEMALE","FEMALE","FEMALE","FEMALE","FEMALE","MALE","FEMALE","FEMALE","MALE"],"X_CALENDAR_YEAR":[2009,2009,2010,2010,2010,2011,2012,2012,2013,2013,2014,2014],"Y_PREVALENCE_1000PP":[0.20413,0.64722,0.30781,0.62129,0.25002,0.35402,0.26082,0.52182,0.3739,0.50537,0.65038,0.41319]},"PREVALENCE_BY_MONTH":{"X_CALENDAR_MONTH":["200907","201005","201306","201408"],"Y_PREVALENCE_1000PP":[0.01869,0.0186,0.02579,0.03409]},"PROCEDURES_BY_TYPE":{"CONCEPT_NAME":"Primary Procedure","COUNT_VALUE":235},"AGE_AT_FIRST_OCCURRENCE":{"CATEGORY":["MALE","FEMALE"],"MIN_VALUE":[0,1],"P10_VALUE":[1,2],"P25_VALUE":[2,5],"MEDIAN_VALUE":[4,9],"P75_VALUE":[22,42],"P90_VALUE":[72,59],"MAX_VALUE":[88,85]}}
