{"PREVALENCE_BY_GENDER_AGE_YEAR":{"TRELLIS_NAME":["60-69","60-69","40-49","50-59","50-59","50-59","70-79","50-59","40-49","70-79","30-39","60-69","60-69","40-49","50-59","70-79","50-59","60-69","20-29","30-39","60-69","40-49","50-59","50-59","40-49","30-39","60-69","50-59","50-59","60-69","50-59","50-59","50-59","30-39","50-59","40-49","60-69","60-69","50-59","50-59","40-49","60-69","40-49","60-69","50-59","50-59","60-69","30-39","20-29","10-19","10-19","40-49","50-59","10-19"],"SERIES_NAME":["MALE","FEMALE","MALE","MALE","FEMALE","FEMALE","MALE","MALE","MALE","FEMALE","MALE","MALE","FEMALE","MALE","MALE","FEMALE","FEMALE","FEMALE","MALE","FEMALE","FEMALE","MALE","MALE","FEMALE","FEMALE","MALE","FEMALE","FEMALE","MALE","FEMALE","MALE","FEMALE","FEMALE","MALE","MALE","MALE","FEMALE","MALE","MALE","FEMALE","FEMALE","FEMALE","MALE","MALE","MALE","FEMALE","FEMALE","FEMALE","MALE","MALE","FEMALE","FEMALE","MALE","MALE"],"X_CALENDAR_YEAR":[2005,2005,2005,2005,2005,2006,2006,2006,2006,2006,2006,2006,2006,2007,2007,2007,2007,2007,2008,2008,2008,2008,2008,2008,2008,2009,2009,2009,2009,2010,2010,2010,2011,2011,2011,2011,2011,2011,2012,2012,2012,2012,2012,2012,2013,2013,2013,2014,2014,2014,2014,2014,2015,2015],"Y_PREVALENCE_1000PP":[0.61228,0.56013,0.40153,0.64965,0.57045,0.33363,0.5216,0.34562,0.65166,0.48293,0.40808,0.53408,0.55343,0.43891,0.69374,0.60253,0.39514,0.51884,0.32029,0.18786,0.31529,0.43306,0.30276,0.45304,0.19433,0.47413,0.258,0.23928,0.34539,0.41922,0.48548,0.41069,0.48871,0.42473,0.4915,0.50847,0.62238,0.41273,0.61171,0.29175,0.39412,0.42114,0.35963,0.318,0.53345,0.2674,0.43118,0.28034,0.43449,0.41114,0.37768,0.26551,0.64697,0.64935]},"PREVALENCE_BY_MONTH":{"X_CALENDAR_MONTH":["200409","200410","200412","200501","200502","200505","200506","200507","200509","200510","200601","200602","200603","200604","200606","200610","200611","200612","200701","200702","200703","200704","200705","200706","200708","200711","200712","200801","200802","200803","200804","200805","200806","200807","200808","200812","200902","200903","200905","200908","200911","200912","201003","201004","201006","201007","201008","201009","201102","201105","201106","201107","201108","201111","201112","201202","201205","201206","201207","201208","201209","201210","201211","201301","201303","201305","201307","201310","201311","201312","201405","201406","201410","201411","201412","201501","201502","201504","201505"],"Y_PREVALENCE_1000PP":[0.06292,0.04343,0.03013,0.03894,0.038,0.02637,0.03014,0.02546,0.03281,0.0404,0.04278,0.0347,0.03794,0.02637,0.02583,0.02503,0.03198,0.02478,0.02804,0.0454,0.02073,0.02752,0.02387,0.03056,0.02354,0.03305,0.0198,0.02619,0.01959,0.02598,0.0356,0.01937,0.02253,0.02563,0.01921,0.02837,0.02196,0.03121,0.02801,0.02182,0.02174,0.02173,0.02166,0.02478,0.02791,0.01864,0.02178,0.02494,0.01892,0.04762,0.03828,0.02888,0.02576,0.03256,0.03597,0.01976,0.03003,0.0303,0.03052,0.03067,0.03091,0.04139,0.02431,0.02458,0.0286,0.02546,0.02233,0.02316,0.02359,0.02796,0.03521,0.03176,0.04221,0.04525,0.0719,0.05874,0.04326,0.0786,0.13961]},"PROCEDURES_BY_TYPE":{"CONCEPT_NAME":"Primary Procedure","COUNT_VALUE":909},"AGE_AT_FIRST_OCCURRENCE":{"CATEGORY":["FEMALE","MALE"],"MIN_VALUE":[0,1],"P10_VALUE":[21,20],"P25_VALUE":[39,35],"MEDIAN_VALUE":[55,50],"P75_VALUE":[65,60],"P90_VALUE":[73,71],"MAX_VALUE":[100,93]}}
