{"PREVALENCE_BY_GENDER_AGE_YEAR":{"TRELLIS_NAME":["70-79","80-89","70-79","50-59","70-79","80-89","80-89","90-99","60-69","80-89","80-89","90-99","70-79","70-79","80-89","60-69","70-79","70-79","80-89"],"SERIES_NAME":["FEMALE","FEMALE","MALE","MALE","FEMALE","MALE","FEMALE","FEMALE","MALE","MALE","FEMALE","FEMALE","MALE","FEMALE","FEMALE","MALE","FEMALE","MALE","MALE"],"X_CALENDAR_YEAR":[2004,2004,2005,2005,2005,2005,2005,2005,2006,2006,2006,2006,2006,2006,2007,2007,2007,2007,2007],"Y_PREVALENCE_1000PP":[0.637,1.17746,1.82045,0.38979,0.90909,3.45647,2.08797,4.85732,0.60084,4.59946,1.77058,8.25083,1.56481,0.96585,1.42062,0.42848,0.60253,1.1422,2.84192]},"PREVALENCE_BY_MONTH":{"X_CALENDAR_MONTH":["200408","200409","200410","200411","200502","200503","200504","200505","200506","200508","200509","200510","200511","200512","200601","200602","200603","200604","200607","200608","200609","200610","200611","200612","200702","200703","200705","200706","200707","200708","200709","200711","200811"],"Y_PREVALENCE_1000PP":[0.0544,0.03432,0.076,0.03121,0.0285,0.03224,0.04499,0.04395,0.02583,0.0458,0.02871,0.07273,0.04386,0.03948,0.05444,0.0347,0.05312,0.0226,0.02569,0.06546,0.03612,0.02503,0.03553,0.06017,0.04191,0.02418,0.02046,0.04075,0.02367,0.03363,0.03013,0.02314,0.01899]},"PROCEDURES_BY_TYPE":{"CONCEPT_NAME":"Primary Procedure","COUNT_VALUE":414},"AGE_AT_FIRST_OCCURRENCE":{"CATEGORY":["MALE","FEMALE"],"MIN_VALUE":[3,6],"P10_VALUE":[41,26],"P25_VALUE":[65,64],"MEDIAN_VALUE":[77,79],"P75_VALUE":[84,86],"P90_VALUE":[88,93],"MAX_VALUE":[101,100]}}
