{"PREVALENCE_BY_GENDER_AGE_YEAR":{"TRELLIS_NAME":["70-79","0-9","0-9","0-9","0-9","0-9","0-9","0-9","0-9","0-9","0-9"],"SERIES_NAME":["FEMALE","MALE","MALE","FEMALE","MALE","FEMALE","FEMALE","MALE","FEMALE","MALE","FEMALE"],"X_CALENDAR_YEAR":[2005,2006,2008,2009,2010,2010,2011,2012,2012,2013,2013],"Y_PREVALENCE_1000PP":[0.45455,0.22799,0.20668,0.22843,0.20521,0.23298,0.35402,0.24938,0.32112,0.44868,0.2948]},"PREVALENCE_BY_MONTH":{"X_CALENDAR_MONTH":["200701","201109","201302","201303","201304","201308"],"Y_PREVALENCE_1000PP":[0.02454,0.0259,0.0213,0.0286,0.02522,0.02263]},"PROCEDURES_BY_TYPE":{"CONCEPT_NAME":"Primary Procedure","COUNT_VALUE":344},"AGE_AT_FIRST_OCCURRENCE":{"CATEGORY":["MALE","FEMALE"],"MIN_VALUE":[0,0],"P10_VALUE":[1,1],"P25_VALUE":[1,3],"MEDIAN_VALUE":[22,38],"P75_VALUE":[62,65],"P90_VALUE":[76,79],"MAX_VALUE":[88,90]}}
