{"CONCEPT_ID":[9202,9203,9201],"CONCEPT_PATH":["Outpatient Visit","Emergency Room Visit","Inpatient Visit"],"NUM_PERSONS":[957074,639604,403637],"PERCENT_PERSONS":[0.735794762192145,0.49172506313738,0.310314552925846],"RECORDS_PER_PERSON":[11.0972380401098,3.07613773522367,1.79469919754631]}
